states,replicate,family,kernel,pi_min,gamma_ps,gamma_ps_best_k,gamma_ps_tested_k,finite_tail_upper,paper_C_P,exact_poisson_operator_norm,sign_witness_norm,bound_slack,direct_n0_max,minimum_n0_margin,n0_repair_pass,paper_bound_pass
2,0,dense,"[[0.06516138640612675,0.9348386135938732],[0.9641252899588864,0.03587471004111365]]",0.49228877486554096,0.19186390010918475,1,6,0.14285714285714285,24.575940047946162,0.5347244612544613,0.5347244612544613,24.0412155866917,1.0154224502689182,1.4604754730168839,True,True
2,0,sticky,"[[0.9252129109124901,0.07478708908750986],[0.0771300231967109,0.9228699768032891]]",0.4922887748655406,0.2807554155636649,1,4,0.2,16.872256355860657,6.684055765680767,6.684055765680767,10.188200590179889,1.0154224502689186,1.5393765102313575,True,True
2,0,cycle,"[[0.007819366368735209,0.9921806336312647],[0.9956950347950664,0.004304965204933638]]",0.49911604100306134,0.024101663731229572,1,42,0.023255813953488372,193.66373273087154,0.5039389202781029,0.5039389202781029,193.15979381059344,1.0017679179938774,1.345663742366168,True,True
2,0,reversible,"[[0.4931942960144667,0.5068057039855334],[0.45520726056953253,0.5447927394304675]]",0.47318204363292266,0.9985569851381053,1,2,0.3333333333333333,39.968892493092085,1.0952408663447326,1.0952408663447326,38.87365162674735,1.0536359127341548,35.49435031119722,True,True
2,0,skewed,"[[0.8661713009833731,0.1338286990166269],[0.01617130098337311,0.9838286990166268]]",0.10780867322248724,0.27749999999999997,1,4,0.2,36.46935680705558,11.895884357033506,11.895884357033506,24.573472450022077,1.7843826535550256,1.6859740995646315,True,True
2,1,dense,"[[0.36426842545386373,0.6357315745461363],[0.6824210556076077,0.31757894439239226]]",0.48228980468823784,0.8987789039262549,1,2,0.3333333333333333,7.551562144058881,0.785508724056301,0.785508724056301,6.76605342000258,1.0354203906235244,4.005171646082111,True,True
2,1,sticky,"[[0.9491414740363091,0.0508585259636909],[0.05459368444860862,0.9454063155513914]]",0.48228980468823784,0.19978425214375906,1,6,0.14285714285714285,23.85249727506726,9.81885905070377,9.81885905070377,14.033638224363491,1.0354203906235244,1.4631494919223784,True,True
2,1,cycle,"[[0.04371221105446364,0.9562877889455363],[0.961890526672913,0.03810947332708707]]",0.4985395680678492,0.15694858072806728,1,7,0.125,29.818973163098597,0.5228506941707061,0.5228506941707061,29.29612246892789,1.0029208638643015,1.4356434155067939,True,True
2,1,reversible,"[[0.34367209542584726,0.6563279045741527],[0.5449182141503427,0.4550817858496573]]",0.4536274504087026,0.9594999996983263,1,2,0.3333333333333333,9.883235509927,0.9096762787819798,0.9096762787819798,8.97355923114502,1.0927450991825949,6.2858658953127815,True,True
2,1,skewed,"[[0.8523098274939804,0.14769017250601957],[0.0023098274939804264,0.9976901725060195]]",0.01539884995986986,0.27749999999999997,1,4,0.2,96.49633323118105,13.128015333868401,13.128015333868401,83.36831789731265,1.9692023000802603,1.7793584673357556,True,True
3,0,dense,"[[0.3071012444743126,0.5208895828032398,0.17200917272244745],[0.40911293959279776,0.07462915124211178,0.5162579091650904],[0.9211696112674173,0.026847481754687135,0.051982906977895406]]",0.23916427222588166,0.714850379424057,1,2,0.3333333333333333,10.553781470979294,1.122400786891018,1.122400786891018,9.431380684088275,1.5216714555482367,2.4277788734837786,True,True
3,0,sticky,"[[0.9445680995579451,0.04167116662425919,0.013760733817795797],[0.03272903516742382,0.925970332099369,0.041300632733207235],[0.07369356890139338,0.0021477985403749707,0.9241586325582317]]",0.23916427222588255,0.18553055937594165,1,6,0.14285714285714285,36.45411015989502,14.030009836137719,14.030009836137719,22.424100323757305,1.521671455548235,1.4679647127546587,True,True
3,0,cycle,"[[0.03685214933691751,0.9425067499363888,0.020641100726693694],[0.04909355275113573,0.008955498149053413,0.9419509490998108],[0.9905403533520901,0.003221697810562456,0.006237948837347448]]",0.3213032528469109,0.10697656865988721,3,10,0.09090909090909091,54.42974747058151,0.7124767319130305,0.7124767319130305,53.71727073866848,1.3573934943061783,1.5739900068455652,True,True
3,0,reversible,"[[0.23413357956306965,0.5933572367808622,0.17250918365606824],[0.29431447098070807,0.42388720908302996,0.281798319936262],[0.1334974856300038,0.43964677612344716,0.42685573824654915]]",0.23211046794699342,0.9558632751056124,1,2,0.3333333333333333,13.441927456589365,1.72714226355935,1.72714226355935,11.714785193030014,1.5357790641060132,6.413948038481617,True,True
3,0,skewed,"[[0.8658091470125089,0.045599580796554406,0.08859127219093664],[0.01580914701250894,0.8955995807965544,0.08859127219093664],[0.01580914701250894,0.045599580796554406,0.9385912721909366]]",0.10539431341672681,0.27749999999999975,1,4,0.2,36.8847093070768,11.928075821110305,11.928075821110305,24.956633485966492,1.7892113731665464,1.5184196338829241,True,True
3,1,dense,"[[0.5962918642519315,0.306227037070949,0.0974810986771196],[0.07242684086726761,0.49602960973110677,0.43154354940162554],[0.3248984159914392,0.02670112716460656,0.6484004568439543]]",0.24117798001439944,0.7546354902296346,1,2,0.3333333333333333,10.23594843990886,1.9753925233017318,1.9753925233017318,8.260555916607128,1.5176440399712012,2.8218380847407563,True,True
3,1,sticky,"[[0.9677033491401545,0.02449816296567592,0.007798487894169568],[0.005794147269381409,0.9596823687784886,0.03452348395213004],[0.025991873279315136,0.002136090173168525,0.9718720365475164]]",0.24117798001439963,0.09051237757193331,1,12,0.07692307692307693,74.23102204308603,24.69240654127169,24.69240654127169,49.538615501814334,1.5176440399712008,1.4752219953840315,True,True
3,1,cycle,"[[0.07155502371023177,0.9167472444485139,0.011697731841254352],[0.008691220904072114,0.05952355316773281,0.931785225928195],[0.9189878099189727,0.003204135259752787,0.07780805482127451]]",0.32833415122939885,0.20389260639227647,1,5,0.16666666666666666,28.3310736611918,0.7256122329239593,0.7256122329239593,27.60546142826784,1.3433316975412022,1.689672214633326,True,True
3,1,reversible,"[[0.21276637748370894,0.49039746528652184,0.29683615722976914],[0.25603944053328725,0.35775616137019983,0.38620439809651297],[0.18559587921750062,0.4624982471496796,0.3519058736328198]]",0.22149923545475522,0.9860154603398386,1,2,0.3333333333333333,21.003778518975373,1.5477034163215588,1.5477034163215588,19.456075102653813,1.5570015290904895,12.230426001750551,True,True
3,1,skewed,"[[0.8919877944337886,0.025734467336180757,0.08227773823003068],[0.04198779443378859,0.8757344673361808,0.08227773823003068],[0.04198779443378859,0.025734467336180757,0.9322777382300307]]",0.1715631155745382,0.27749999999999986,1,4,0.2,28.909660554297364,11.045825125672824,11.045825125672824,17.86383542862454,1.6568737688509236,1.522253883855008,True,True
5,0,dense,"[[0.11346743420470522,0.5319793985861462,0.15974157607026182,0.006305570800014758,0.18850602033887198],[0.6254067535273176,0.1177104647478883,0.023287751278251573,0.19850640972633896,0.03508862072020365],[0.014424876018302488,0.45197913957566627,0.23731477287877634,0.055231207473898536,0.24105000405335653],[0.037396880627520446,0.12448066385526935,0.4963913453393537,0.3202547797856436,0.02147633039221289],[0.06098040090440565,0.13744418366424319,0.31572825253107273,0.11102114346428023,0.37482601943599814]]",0.1280186422101743,0.5376199259384047,1,2,0.3333333333333333,17.895867240842833,2.600426058043439,2.600426058043439,15.295441182799394,1.7439627155796513,2.425639208450699,True,True
5,0,sticky,"[[0.9290773947363764,0.04255835188689169,0.012779326085620947,0.0005044456640011807,0.01508048162710976],[0.05003254028218541,0.9294168371798311,0.0018630201022601259,0.015880512778107116,0.0028070896576162917],[0.001153990081464199,0.036158331166053305,0.9389851818303021,0.004418496597911883,0.01928400032426852],[0.0029917504502016356,0.009958453108421549,0.0397113076271483,0.9456203823828515,0.0017181064313770312],[0.004878432072352452,0.010995534693139455,0.025258260202485817,0.008881691477142418,0.9499860815548798]]",0.12801864221017423,0.09079027735424217,1,12,0.07692307692307693,101.57530324231402,32.50532572554302,32.505325725543024,69.069977516771,1.7439627155796515,1.7469367464000851,True,True
5,0,cycle,"[[0.013616092104564626,0.9438375278303376,0.01916898912843142,0.000756668496001771,0.022620722440664636],[0.0750488104232781,0.014125255769746594,0.8827945301533902,0.023820769167160673,0.004210634486424438],[0.0017309851221962984,0.05423749674907995,0.02847777274545316,0.8866277448968678,0.028926000486402783],[0.004487625675302453,0.014937679662632321,0.05956696144072244,0.03843057357427723,0.8825771596470655],[0.8873176481085286,0.016493302039709182,0.03788739030372872,0.013322537215713626,0.04497912233231977]]",0.19327856742572083,0.16767557928688404,1,6,0.14285714285714285,44.84166840132926,1.369046354262359,1.369046354262359,43.4726220470669,1.6134428651485584,2.2062618994240086,True,True
5,0,reversible,"[[0.1973140777831962,0.23297729307763368,0.18680438676977176,0.19283620038596197,0.1900680419834364],[0.19990567641765017,0.35765099502950826,0.17869315048731904,0.0681096067838376,0.19564057128168502],[0.17768413396330293,0.19808790264717424,0.2916525050529377,0.2884592420094412,0.04411621632714407],[0.21089421526764873,0.08681063708638773,0.3316644935987526,0.0407106603319031,0.32991999371530784],[0.19268691291470424,0.231148196386167,0.04701969378893377,0.3058268782241833,0.22331831868601168]]",0.17867427674552872,0.9017354759466369,1,2,0.3333333333333333,12.474202448177673,1.8851462999864552,1.885146299986455,10.589056148191217,1.6426514465089426,6.041049056649388,True,True
5,0,skewed,"[[0.8585727204039405,0.009571907561304995,0.03523748362815045,0.03391606685010381,0.06270182155650017],[0.008572720403940562,0.859571907561305,0.03523748362815045,0.03391606685010381,0.06270182155650017],[0.008572720403940562,0.009571907561304995,0.8852374836281505,0.03391606685010381,0.06270182155650017],[0.008572720403940562,0.009571907561304995,0.03523748362815045,0.8839160668501038,0.06270182155650017],[0.008572720403940562,0.009571907561304995,0.03523748362815045,0.03391606685010381,0.9127018215565001]]",0.057151469359603344,0.2774999999999995,1,4,0.2,50.08887232423357,12.57131374187195,12.57131374187195,37.517558582361616,1.8856970612807933,1.6141491700237718,True,True
5,1,dense,"[[0.15449090869370125,0.10291416888424174,0.006827485531498739,0.35413601063258165,0.38163142625797664],[0.10436466369967139,0.5217979594058908,0.057258810363547075,0.2234215388090164,0.0931570277218743],[0.07605050213725834,0.44420096318184954,0.2199854739643312,0.10346335098868294,0.15629970972787796],[0.03617610871013598,0.7176516229854071,0.06897512755358076,0.008191539011759055,0.169005601739117],[0.14671943392752904,0.6100013365643023,0.02837629748512518,0.035423817766384695,0.17947911425665874]]",0.05924413967952576,0.8661628585184545,1,2,0.3333333333333333,20.685593463881794,2.266707300158009,2.266707300158009,18.418886163723784,1.8815117206409484,3.468037148368329,True,True
5,1,sticky,"[[0.9323592726954961,0.00823313351073934,0.0005461988425198991,0.028330880850606532,0.03053051410063813],[0.008349173095973711,0.9617438367524713,0.004580704829083766,0.017873723104721313,0.007452562217749944],[0.006084040170980667,0.03553607705454796,0.9375988379171465,0.008277068079094636,0.012503976778230237],[0.002894088696810879,0.057412129838832565,0.005518010204286461,0.9206553231209408,0.01352044813912936],[0.011737554714202323,0.048800106925144186,0.0022701037988100145,0.0028339054213107756,0.9343583291405327]]",0.0592441396795253,0.11953213392765116,1,9,0.1,113.47049299460758,28.333841251975134,28.333841251975134,85.13665174263245,1.8815117206409493,1.4019204424903011,True,True
5,1,cycle,"[[0.018538909043244147,0.892349700266109,0.0008192982637798486,0.0424963212759098,0.0457957711509572],[0.012523759643960566,0.06261575512870689,0.8868710572436257,0.026810584657081967,0.011178843326624915],[0.009126060256471,0.053304115581821944,0.026398256875719745,0.8924156021186419,0.018755965167345356],[0.004341133045216318,0.08611819475824885,0.008277015306429691,0.0009829846814110865,0.900280672208694],[0.8976063320713035,0.07320016038771628,0.003405155698215022,0.004250858131966163,0.02153749371079905]]",0.18444472864992748,0.1617680943500774,3,7,0.125,47.570408422920096,1.3641265991524252,1.3641265991524252,46.20628182376767,1.631110542700145,2.1155723474791257,True,True
5,1,reversible,"[[0.06695662226413594,0.22515622851406486,0.22270551468583655,0.3059711701875923,0.1792104643483703],[0.20593469801922681,0.3349234762195047,0.1906235494684492,0.15024966587284652,0.11826861041997279],[0.2184461582915289,0.20442990661539304,0.03951831346470271,0.23457743540478623,0.30302818622358907],[0.2769585122848898,0.1486969851533049,0.21647462899419623,0.10937547452031943,0.24849439904728965],[0.16521638152387927,0.11921027050277769,0.2848126845795286,0.25308833883861115,0.17767232455520318]]",0.18859766834494854,0.9444155618629997,1,2,0.3333333333333333,13.914286058115705,1.912624566876136,1.912624566876136,12.001661491239568,1.622804663310103,8.533802513295381,True,True
5,1,skewed,"[[0.858258544842621,0.020459980207641015,0.0054717325534663,0.09025958847495531,0.025550153921316373],[0.008258544842621013,0.870459980207641,0.0054717325534663,0.09025958847495531,0.025550153921316373],[0.008258544842621013,0.020459980207641015,0.8554717325534663,0.09025958847495531,0.025550153921316373],[0.008258544842621013,0.020459980207641015,0.0054717325534663,0.9402595884749553,0.025550153921316373],[0.008258544842621013,0.020459980207641015,0.0054717325534663,0.09025958847495531,0.8755501539213163]]",0.03647821702310851,0.27749999999999986,1,4,0.2,62.69575738851951,12.846957106358555,12.846957106358555,49.84880028216095,1.927043565953783,1.5189632232618826,True,True
10,0,dense,"[[0.009228013639436112,0.12145946076605034,0.3945493071445213,0.04402053629866991,0.12772839944204875,0.033560058147393934,0.09091767368947998,0.00884032906730698,0.0399959460880174,0.12970027571707532],[0.10314167402962524,0.010471620975455254,0.1375450874445183,0.17867881648440673,0.1828100533436777,0.1595681713526948,0.020891382640726663,0.038206334703556034,0.10977074280087405,0.058916116224465326],[0.009502022089093497,0.21147118993528558,0.13300931300917612,0.03979295885185007,0.050323445845768255,0.011484195568383714,0.20868628516708376,0.10636385378770116,0.10096015027458664,0.1284065854710712],[0.01897980724930615,0.0030086222126496686,0.029863128135257287,0.11099419408052005,0.041644150098958686,0.20298444717435554,0.28978263046475233,0.25035692113341634,0.017353100409181695,0.03503299904160242],[0.004349779462136518,0.05963199260388987,0.09522022106229244,0.03278023796351139,0.14543522126712538,0.3230369690074979,0.16337195788552308,0.13111906991180453,0.014379190379279792,0.030675360456939346],[0.08381367976378082,0.2537844052415536,0.0900664562274314,0.11097278544561125,0.1333067519555333,0.044793664112449144,0.13287767754993332,0.005552050726686875,0.08437246843260508,0.06046006054441524],[0.15255450369809231,0.05071686543743603,0.07088773800796744,0.25334060007224496,0.06297626084862008,0.016884785370867215,0.028881120640345537,0.04355252058767722,0.29906088164136185,0.0211447236953873],[0.08611887990444836,0.23464262496831514,0.06854356745538469,0.10166663963187697,0.046127344581915704,0.15876639128832232,0.006025401591825741,0.07947016691784807,0.09836138074954738,0.12027760291051562],[0.0413367393754197,0.16905435492126922,0.1041064558803819,0.1582716234616524,0.007911370352571622,0.12780940004151758,0.05438880902052145,0.0836158830876515,0.17073080336972554,0.082774560489289],[0.10190162798604237,0.008558867992139202,0.009041142767510365,0.1848568578764218,0.25128341163963125,0.05004079984304033,0.037239014599637445,0.06731300381361356,0.20571543254113336,0.08404984094083023]]",0.061940644899631456,0.7702954523316838,1,2,0.3333333333333333,20.04793102413795,2.117356328178634,2.1173563281786336,17.930574695959315,1.876118710200737,5.6030612702311435,True,True
10,0,sticky,"[[0.9207382410911549,0.009716756861284027,0.031563944571561704,0.0035216429038935925,0.0102182719553639,0.0026848046517915147,0.007273413895158398,0.0007072263253845584,0.0031996756870413924,0.010376022057366025],[0.008251333922370018,0.9208377296780365,0.011003606995561464,0.014294305318752538,0.014624804267494216,0.012765453708215585,0.0016713106112581332,0.003056506776284483,0.008781659424069924,0.0047132892979572264],[0.0007601617671274798,0.016917695194822845,0.9306407450407341,0.003183436708148006,0.004025875667661461,0.0009187356454706971,0.0166949028133667,0.008509108303016093,0.008076812021966931,0.010272526837685696],[0.001518384579944492,0.0002406897770119735,0.002389050250820583,0.9288795355264416,0.003331532007916695,0.016238755773948444,0.023182610437180187,0.020028553690673308,0.0013882480327345357,0.0028026399233281934],[0.00034798235697092145,0.00477055940831119,0.007617617684983396,0.0026224190370809117,0.93163481770137,0.025842957520599834,0.013069756630841848,0.010489525592944362,0.0011503352303423833,0.0024540288365551477],[0.0067050943811024655,0.020302752419324287,0.0072053164981945115,0.0088778228356489,0.010664540156442663,0.923583493128996,0.010630214203994666,0.00044416405813495,0.0067497974746084065,0.00483680484355322],[0.012204360295847386,0.004057349234994883,0.005671019040637395,0.020267248005779597,0.005038100867889607,0.0013507828296693773,0.9223104896512276,0.0034842016470141776,0.02392487053130895,0.001691577895630984],[0.006889510392355869,0.01877140999746521,0.005483485396430775,0.008133331170550158,0.0036901875665532563,0.012701311303065786,0.0004820321273460593,0.9263576133534279,0.00786891045996379,0.00962220823284125],[0.003306939150033576,0.013524348393701537,0.008328516470430553,0.012661729876932194,0.0006329096282057298,0.010224752003321408,0.004351104721641716,0.00668927064701212,0.9336584642695781,0.00662196483914312],[0.00815213023888339,0.0006847094393711362,0.0007232914214008292,0.014788548630113744,0.0201026729311705,0.004003263987443226,0.0029791211679709956,0.005385040305089085,0.01645723460329067,0.9267239872752665]]",0.06194064489963155,0.12125761976644989,1,9,0.1,109.39799018245724,26.46695410223292,26.46695410223292,82.93103608022432,1.8761187102007368,3.0725488235069447,True,True
10,0,cycle,"[[0.0011073616367323334,0.894575135291926,0.04734591685734255,0.005282464355840389,0.01532740793304585,0.004027206977687272,0.010910120842737597,0.0010608394880768377,0.004799513530562088,0.015564033086049037],[0.012377000883555029,0.0012565945170546304,0.8965054104933422,0.021441457978128808,0.021937206401241322,0.019148180562323376,0.0025069659168871993,0.004584760164426724,0.013172489136104885,0.007069933946935839],[0.0011402426506912195,0.02537654279223427,0.015961117561101135,0.884775155062222,0.00603881350149219,0.0013781034682060456,0.02504235422005005,0.012763662454524139,0.012115218032950396,0.015408790256528544],[0.002277576869916738,0.0003610346655179602,0.0035835753762308744,0.013319303289662406,0.8849972980118751,0.024358133660922664,0.03477391565577028,0.03004283053600996,0.0020823720491018032,0.00420395988499229],[0.0005219735354563822,0.007155839112466784,0.011426426527475093,0.003933628555621367,0.017452226552055045,0.9187644362808998,0.01960463494626277,0.015734288389416543,0.001725502845513575,0.0036810432548327215],[0.010057641571653697,0.03045412862898643,0.010807974747291766,0.013316734253473348,0.015996810234663993,0.005375239693493897,0.895945321305992,0.000666246087202425,0.01012469621191261,0.007255207265329828],[0.01830654044377108,0.0060860238524923236,0.008506528560956092,0.030400872008669394,0.00755715130183441,0.002026174244504066,0.003465734476841464,0.8852263024705213,0.03588730579696342,0.002537366843446476],[0.010334265588533802,0.028157114996197816,0.008225228094646162,0.012199996755825235,0.005535281349829884,0.019051966954598678,0.0007230481910190889,0.009536420030141768,0.8918033656899457,0.014433312349261873],[0.004960408725050364,0.020286522590552306,0.012492774705645828,0.01899259481539829,0.0009493644423085947,0.01533712800498211,0.006526657082462574,0.010033905970518179,0.020487696404367064,0.8899329472587146],[0.8922281953583251,0.0010270641590567043,0.0010849371321012438,0.022182822945170617,0.03015400939675575,0.006004895981164839,0.004468681751956493,0.008077560457633626,0.024685851904936003,0.010085980912899627]]",0.09441723484314908,0.16205354189432375,2,7,0.125,66.37163468879386,2.596687980895734,2.5966879808957346,63.774946707898124,1.8111655303137018,3.5805851894097036,True,True
10,0,reversible,"[[0.11662932118024487,0.031464731666078605,0.07563136605110625,0.09990970245761668,0.06711117647252868,0.15020531124358835,0.1431072508032789,0.13823040865897424,0.10983864053671312,0.06787209092987036],[0.044794581325300835,0.07476094708166553,0.07501058499022532,0.14391408884687368,0.16755157577324456,0.17894176407479043,0.06915197905757803,0.05401009843067018,0.12764605013313593,0.06421833028651548],[0.08612538126047649,0.0599998708860199,0.07923424662963824,0.09282919533920059,0.1028997234407047,0.11957064818794774,0.05314606630322061,0.15487679385935402,0.09037830614200432,0.1609397679514334],[0.10306522634634004,0.10428128132638025,0.08409300441504217,0.16997788245707532,0.04373059291787009,0.06626783230490017,0.15707671835215972,0.1412593144090874,0.08383034301241991,0.04641780445872503],[0.0790628887727861,0.13865160251532294,0.10645420500267244,0.04994116811484077,0.12779703976212614,0.15170633127795027,0.06505626757813307,0.06471170128174082,0.13033199592469993,0.08628679976972749],[0.14937136580590338,0.12499490983284679,0.10441849594314999,0.06388226872015317,0.12805836192487852,0.05472649857074862,0.08641419765072432,0.10624920358166992,0.11598313771736615,0.06590156025255917],[0.15580041083638105,0.05288227425568251,0.05080996223178563,0.1657731857052666,0.06011990378073379,0.09460410888136452,0.1340909570324469,0.11928908160055503,0.05775629607671458,0.10887381959906944],[0.12000764079649275,0.03293660455209391,0.1180762204046967,0.11888249319605042,0.04768813053267756,0.09275747693402553,0.0951259575142987,0.1318306771539228,0.14546129823464993,0.09723350068109177],[0.10632777385630579,0.08679555878554925,0.07682924352810422,0.07866622676592439,0.10709391425178262,0.11290270921619962,0.05135514342658138,0.16219360449245282,0.10311241421095481,0.11472341146614513],[0.0871333775112073,0.0579096420015373,0.1814376775138055,0.05776614937580489,0.09402857530452585,0.08507597880405018,0.12838367983989313,0.14378180645674682,0.15214363937728384,0.012339473815145163]]",0.07563736256167587,0.9559101500818924,1,2,0.3333333333333333,23.555156653606165,1.9599253375149037,1.9599253375149037,21.59523131609126,1.8487252748766483,12.780160785448139,True,True
10,0,skewed,"[[0.8525727672341344,0.002047837720327682,0.019277526058530184,0.003428131953204094,0.0030698469608546053,0.035023776184870965,0.015242423301593564,0.006646867495491732,0.0391261056629285,0.023564717428064236],[0.0025727672341344402,0.8520478377203277,0.019277526058530184,0.003428131953204094,0.0030698469608546053,0.035023776184870965,0.015242423301593564,0.006646867495491732,0.0391261056629285,0.023564717428064236],[0.0025727672341344402,0.002047837720327682,0.8692775260585301,0.003428131953204094,0.0030698469608546053,0.035023776184870965,0.015242423301593564,0.006646867495491732,0.0391261056629285,0.023564717428064236],[0.0025727672341344402,0.002047837720327682,0.019277526058530184,0.8534281319532041,0.0030698469608546053,0.035023776184870965,0.015242423301593564,0.006646867495491732,0.0391261056629285,0.023564717428064236],[0.0025727672341344402,0.002047837720327682,0.019277526058530184,0.003428131953204094,0.8530698469608546,0.035023776184870965,0.015242423301593564,0.006646867495491732,0.0391261056629285,0.023564717428064236],[0.0025727672341344402,0.002047837720327682,0.019277526058530184,0.003428131953204094,0.0030698469608546053,0.8850237761848709,0.015242423301593564,0.006646867495491732,0.0391261056629285,0.023564717428064236],[0.0025727672341344402,0.002047837720327682,0.019277526058530184,0.003428131953204094,0.0030698469608546053,0.035023776184870965,0.8652424233015935,0.006646867495491732,0.0391261056629285,0.023564717428064236],[0.0025727672341344402,0.002047837720327682,0.019277526058530184,0.003428131953204094,0.0030698469608546053,0.035023776184870965,0.015242423301593564,0.8566468674954917,0.0391261056629285,0.023564717428064236],[0.0025727672341344402,0.002047837720327682,0.019277526058530184,0.003428131953204094,0.0030698469608546053,0.035023776184870965,0.015242423301593564,0.006646867495491732,0.8891261056629285,0.023564717428064236],[0.0025727672341344402,0.002047837720327682,0.019277526058530184,0.003428131953204094,0.0030698469608546053,0.035023776184870965,0.015242423301593564,0.006646867495491732,0.0391261056629285,0.8735647174280642]]",0.013652251468850688,0.2774999999999992,1,4,0.2,102.48323241152576,13.151303313748656,13.151303313748656,89.3319290977771,1.9726954970622985,2.0385693570348136,True,True
10,1,dense,"[[0.33566874238258987,0.10691041314646478,0.01943639915814933,0.04253799882889177,0.07330033546144521,0.012829424676017763,0.03756885737211043,0.1859467020977413,0.09946164202115017,0.08633948485543949],[0.10643777686405793,0.017510189058212895,0.0383759874177676,0.14070890428561114,0.0456897796709766,0.14373231834103403,0.022665142912098937,0.15860889372457745,0.29780960289799824,0.02846140482766526],[0.0269415310520291,0.09217202498298041,0.03417152983965823,0.07702018272903938,0.003927486103990121,0.251988123089811,0.2962946961883022,0.06562580557626117,0.054977953755278024,0.09688066668265025],[0.02002994305454316,0.03642964068131833,0.08464080902266237,0.15872099765066128,0.11259051055778943,0.048945882654488355,0.006553932713528638,0.2821167987431178,0.08543394894528286,0.16453753597660786],[0.014001432426658451,0.10645448724734632,0.04334872021664708,0.18241800856103393,0.2613867276560571,0.2541763145233716,0.030020700089657553,0.02274728920415563,0.03024114368493427,0.05520517639013792],[0.03872899376514678,0.20059450958173317,0.2337188424796077,0.050424562943655944,0.15762982402897818,0.10968352913546771,0.045071663845820516,0.045132464386816305,0.03405329091381829,0.08496231891895542],[0.007954820857543331,0.19510892263366436,0.3709951134954744,0.04086475972191006,0.004760552816346046,0.2645593234204225,0.0008521809313158716,0.10677637823427377,0.001459990453178396,0.0066679574358714895],[0.08974471484114703,0.0007586986899832353,0.2782390589074155,0.03791778184278831,0.09435013378555564,0.04914069273738964,0.2043768375772427,0.061260283890971864,0.1273855506215796,0.056826247105926264],[0.19402606773976377,0.10632271943549175,0.1397207005679758,0.12925645063885524,0.04071689116481244,0.09772230401934454,0.14497605842179323,0.09129836418113312,0.03149690995720031,0.024463533873629748],[0.014489681680148659,0.13337684305995645,0.0016301426868991285,0.03454189049139318,0.10388333319086057,0.05406074653437432,0.07479232334410908,0.37201060155050936,0.05135865306878527,0.15985578439296408]]",0.07477398291135101,0.7964064670845632,1,2,0.3333333333333333,18.10060635018767,2.6256765214484714,2.6256765214484714,15.4749298287392,1.850452034177298,5.662777704085511,True,True
10,1,sticky,"[[0.9468534993906073,0.008552833051717182,0.0015549119326519465,0.0034030399063113416,0.005864026836915617,0.001026353974081421,0.0030055085897688345,0.014875736167819304,0.007956931361692014,0.006907158788435159],[0.008515022149124635,0.9214008151246571,0.003070078993421408,0.011256712342848892,0.0036551823736781282,0.011498585467282723,0.0018132114329679151,0.012688711497966196,0.02382476823183986,0.0022769123862132206],[0.002155322484162328,0.007373761998638433,0.9227337223871727,0.006161614618323151,0.0003141988883192097,0.02015904984718488,0.023703575695064174,0.005250064446100894,0.004398236300422242,0.0077504533346120195],[0.0016023954443634529,0.0029143712545054664,0.0067712647218129895,0.932697679812053,0.009007240844623154,0.003915670612359068,0.0005243146170822911,0.022569343899449423,0.006834715915622629,0.013163002878128629],[0.0011201145941326762,0.008516358979787706,0.0034678976173317666,0.014593440684882716,0.9409109382124846,0.020334105161869728,0.0024016560071726044,0.0018197831363324505,0.0024192914947947417,0.004416414111211033],[0.0030983195012117427,0.016047560766538654,0.018697507398368615,0.004033965035492476,0.012610385922318255,0.9287746823308375,0.0036057331076656414,0.0036105971509453045,0.0027242632731054634,0.0067969855135164335],[0.0006363856686034665,0.01560871381069315,0.029679609079637955,0.003269180777752805,0.00038084422530768367,0.0211647458736338,0.9200681744745053,0.008542110258741901,0.00011679923625427168,0.0005334365948697192],[0.007179577187291762,6.069589519865883e-05,0.022259124712593243,0.003033422547423065,0.007548010702844451,0.0039312554189911714,0.016350147006179417,0.9249008227112778,0.010190844049726368,0.004546099768474101],[0.015522085419181103,0.00850581755483934,0.011177656045438064,0.010340516051108419,0.0032573512931849953,0.007817784321547562,0.011598084673743458,0.00730386913449065,0.922519752796576,0.0019570827098903797],[0.0011591745344118928,0.010670147444796517,0.00013041141495193027,0.0027633512393114546,0.008310666655268846,0.004324859722749946,0.005983385867528727,0.02976084812404075,0.004108692245502822,0.9327884627514371]]",0.07477398291135101,0.0984649989540175,1,11,0.08333333333333333,122.56325938226249,32.82095651810599,32.82095651810598,89.7423028641565,1.850452034177298,2.877142352874955,True,True
10,1,cycle,"[[0.04028024908591078,0.8928292495775758,0.0023323678989779196,0.005104559859467012,0.008796040255373425,0.0015395309611221316,0.0045082628846532516,0.022313604251728954,0.01193539704253802,0.010360738182652738],[0.012772533223686952,0.0021012226869855473,0.8846051184901321,0.016885068514273335,0.0054827735605171915,0.017247878200924084,0.0027198171494518726,0.019033067246949295,0.03573715234775979,0.003415368579319831],[0.003232983726243492,0.01106064299795765,0.0041005835807589874,0.8892424219274847,0.00047129833247881454,0.030238574770777318,0.03555536354259626,0.00787509666915134,0.006597354450633363,0.01162568000191803],[0.002403593166545179,0.004371556881758199,0.010156897082719484,0.019046519718079354,0.8935108612669347,0.005873505918538602,0.0007864719256234366,0.033854015849174135,0.010252073873433944,0.01974450431719294],[0.0016801718911990142,0.012774538469681558,0.00520184642599765,0.021890161027324072,0.03136640731872685,0.9105011577428046,0.0036024840107589063,0.0027296747044986756,0.0036289372421921123,0.00662462116681655],[0.004647479251817614,0.024071341149807978,0.028046261097552923,0.006050947553238713,0.01891557888347738,0.013162023496256125,0.8854085996614984,0.005415895726417957,0.004086394909658195,0.01019547827027465],[0.0009545785029051997,0.02341307071603972,0.04451941361945693,0.004903771166629207,0.0005712663379615255,0.0317471188104507,0.00010226171175790458,0.8928131653881128,0.00017519885438140753,0.0008001548923045787],[0.010769365780937644,9.104384279798823e-05,0.03338868706888986,0.0045501338211345966,0.011322016054266675,0.005896883128486757,0.024525220509269124,0.007351234066916623,0.8952862660745896,0.006819149652711152],[0.023283128128771653,0.01275872633225901,0.016766484068157096,0.015510774076662629,0.004886026939777493,0.011726676482321344,0.017397127010615188,0.010955803701735973,0.003779629194864037,0.8829356240648356],[0.8817387618016178,0.016005221167194772,0.0001956171224278954,0.004145026858967182,0.012465999982903268,0.006487289584124919,0.00897507880129309,0.04464127218606112,0.006163038368254233,0.01918269412715569]]",0.0970287137968033,0.16460723554284185,2,7,0.125,64.46174587831466,2.734453635981768,2.7344536359817675,61.727292242332894,1.8059425724063933,3.5464967975615895,True,True
10,1,reversible,"[[0.1419291656561565,0.1139623284623611,0.07419179141039638,0.08222393066871836,0.0726121314681859,0.07031423836021604,0.11302126078668977,0.11021809717578365,0.08895427720968299,0.13257277880180943],[0.15323576826477658,0.17929208492811935,0.07177003757470432,0.05031840488712762,0.02138361777809027,0.0889421868691496,0.1250769242574803,0.18635990044504538,0.03790895237608225,0.08571212261942408],[0.10557666857018669,0.07595501152881413,0.06455714314202428,0.11526155884812966,0.1109984663300673,0.06275132546762165,0.05623555681134325,0.1571387075406584,0.10989547160323884,0.14163009015791575],[0.11421258492678876,0.051980895388454094,0.11250922139852328,0.16306131185064535,0.06449690705748828,0.08579137795689384,0.06228413842897695,0.16172935813762543,0.05605504319731319,0.12787916165729105],[0.10492903649204433,0.022980995978030175,0.11271750873594688,0.06709801333076373,0.13901180076271386,0.14109080402733112,0.10894520329688877,0.12133844756079666,0.13479790602672054,0.04709028378876407],[0.09794371723355555,0.09213874092006577,0.06142485120116328,0.08603223837873349,0.13600206872645543,0.022333423052248707,0.1326907420660104,0.10490219462422634,0.10456612496791517,0.161965898829626],[0.14354993048815015,0.11814659124975999,0.05019283683315259,0.05695142214642671,0.0957556597316044,0.12099018921808274,0.13862380899938387,0.07854008754623513,0.06013104849099484,0.13711842529620963],[0.11134656438223196,0.140015961194471,0.11155652892111259,0.11762429909844155,0.08482733962898119,0.07608081925812205,0.062470136442343525,0.13381453850101083,0.10093447715811749,0.06132933541516782],[0.11912308022669953,0.03775478715445863,0.10341815370877107,0.05404158080089135,0.1249182022865084,0.10052794107552213,0.06339938093250341,0.13379648522195303,0.16119665707721,0.10182373151548234],[0.1575653534348432,0.0757617125154845,0.11829048264198853,0.10941841572073285,0.03873032814174834,0.13819637401388998,0.12830965780052955,0.07215238889818194,0.09037041935093482,0.0712048674816663]]",0.08713766121406437,0.9581127828487518,1,2,0.3333333333333333,22.30620622112869,2.0363352143354185,2.0363352143354185,20.26987100679327,1.8257246775718712,13.010035035172695,True,True
10,1,skewed,"[[0.8622981484167147,0.011288847427423853,0.009565685601904994,0.004263067635896848,0.013350437125977424,0.016544414793733326,0.019014197141591437,0.009212150187809687,0.03311805638258536,0.02134499528636234],[0.012298148416714734,0.8612888474274238,0.009565685601904994,0.004263067635896848,0.013350437125977424,0.016544414793733326,0.019014197141591437,0.009212150187809687,0.03311805638258536,0.02134499528636234],[0.012298148416714734,0.011288847427423853,0.8595656856019049,0.004263067635896848,0.013350437125977424,0.016544414793733326,0.019014197141591437,0.009212150187809687,0.03311805638258536,0.02134499528636234],[0.012298148416714734,0.011288847427423853,0.009565685601904994,0.8542630676358969,0.013350437125977424,0.016544414793733326,0.019014197141591437,0.009212150187809687,0.03311805638258536,0.02134499528636234],[0.012298148416714734,0.011288847427423853,0.009565685601904994,0.004263067635896848,0.8633504371259774,0.016544414793733326,0.019014197141591437,0.009212150187809687,0.03311805638258536,0.02134499528636234],[0.012298148416714734,0.011288847427423853,0.009565685601904994,0.004263067635896848,0.013350437125977424,0.8665444147937333,0.019014197141591437,0.009212150187809687,0.03311805638258536,0.02134499528636234],[0.012298148416714734,0.011288847427423853,0.009565685601904994,0.004263067635896848,0.013350437125977424,0.016544414793733326,0.8690141971415914,0.009212150187809687,0.03311805638258536,0.02134499528636234],[0.012298148416714734,0.011288847427423853,0.009565685601904994,0.004263067635896848,0.013350437125977424,0.016544414793733326,0.019014197141591437,0.8592121501878096,0.03311805638258536,0.02134499528636234],[0.012298148416714734,0.011288847427423853,0.009565685601904994,0.004263067635896848,0.013350437125977424,0.016544414793733326,0.019014197141591437,0.009212150187809687,0.8831180563825853,0.02134499528636234],[0.012298148416714734,0.011288847427423853,0.009565685601904994,0.004263067635896848,0.013350437125977424,0.016544414793733326,0.019014197141591437,0.009212150187809687,0.03311805638258536,0.8713449952863623]]",0.028420450905979028,0.2774999999999991,1,4,0.2,71.0296169496442,12.954393987920286,12.954393987920284,58.07522296172391,1.943159098188042,2.2641790767493264,True,True
25,0,dense,"[[0.002598579016490665,0.09668845423794326,0.011874385431368715,0.006533243941924391,0.003073190510307233,0.03551724024350074,0.034880364138977785,0.004883100601618775,0.026134165172536434,0.06029162036855957,0.08848348759042585,0.08270853680747264,0.011752752935562953,0.04643689569536011,0.015078660775241804,0.04302893175712183,0.10257428264890724,0.037077202832853394,0.06390660613853713,0.03190004681438112,0.10453697020344238,0.05206488653182483,0.004705884557521379,0.017231955671023345,0.016038555377096392],[0.008432153099338823,0.05869234327802597,0.08986146167763097,0.02760652681890338,0.02257270451377137,0.0794891761547388,0.006249252216758831,0.0035029465713242057,0.023299365091068797,0.0232521393273068,0.044117169380330945,0.028336197483148882,0.02040221809406134,0.021783309043191652,0.008903886679211237,0.003188091796026206,0.00840841276615685,0.0865708881672113,0.06153528373608914,0.030507642114517612,0.016553592687700684,0.022972058308532956,0.2768549609716137,0.006736918665312862,0.020171301358026906],[0.030206097698442996,0.0685259396939046,0.05485245533685013,0.14218204844508456,0.03896280266322336,0.03587444463356028,0.025507570023634265,0.0031959312372452924,0.051317515651287775,0.001977182461744868,0.003722054712460327,0.028863898792040654,0.02706658735629763,0.0280114788992175,0.013066697341462381,0.03188739343244693,0.00863590012525147,0.024054909040086406,0.032860354169423,0.07529352708897273,0.1211052083150895,0.11468502802769448,0.0018457501129793428,0.01886866343540298,0.017430561306196413],[0.018220619796974702,0.030142011491309708,0.0326588999654873,0.00371432211002031,0.0004012948787947534,0.03544107822438673,0.07590286607279247,0.0738665338089382,0.025746590386332306,0.05206001581149718,0.022986401460958462,0.016312119802976796,0.0029003928328952323,0.025629754492948905,0.056045028061840814,0.11227367735493111,0.0012963820738115658,0.004176759148011094,0.10189991132469775,0.01664136334357438,0.010963890168771596,0.11007405217306025,0.0006793243673762926,0.12471675889692169,0.045249951950690384],[0.04856683579740629,0.18313679997356913,0.04189490929555768,0.030149791893111032,0.04231725458300051,0.04379318591309047,0.17191062769042756,0.04213674720926174,0.005024072770599419,0.03472477163358443,0.002233904246288836,0.03012031617327488,0.0007372585030832935,0.003163026524239225,0.004081542800868955,0.048262697757494866,0.03196040733539724,0.002539751216814208,0.016562262138853343,0.07439348400813567,0.039896956322655906,0.01259978051627955,0.014996045537178425,0.05418665483641223,0.02061091532341507],[0.012496968977779053,0.03878583981556992,0.04689402726952969,0.03987430819622232,0.16753562802819652,0.027938326597240108,0.03436373219202422,0.07015805256275388,0.05316609750689963,0.14053222367549156,0.034306957199789226,0.00021137234114381186,0.00853872371453454,0.1398911567265256,0.0009858089314486408,0.0011198798716042853,0.004407272569687278,0.01999185030152004,0.003515226751305146,0.05720622640321934,0.050148628513079364,0.0005192815012416907,0.04362585241311415,0.0005822534732813998,0.0032043044667985706],[0.19471372956546007,0.06874031035735594,0.005497937841648292,0.0793165255395519,0.038815927974051374,0.004605306652539038,0.005181032580748531,0.003780049058541463,0.07918770312398353,0.054858567460195996,0.0009467902367140684,0.04228001526895209,0.011291456696953663,0.006384140743361053,0.12037942130727504,0.015217819592139109,0.04363988313918025,0.0734825279998396,0.024738838794542337,0.0036828753669617287,0.007494790984028969,0.028325169093181325,0.056685810910481846,0.01762132976485678,0.013132039947456167],[0.16862822533167834,0.023683028733984483,0.005010705920727776,0.014947967785042145,0.10642427650743737,0.006931076785605079,0.02028333222114921,0.12423095753661288,0.024594043063524643,0.06457176266353823,0.022369601665526775,0.005494665869706861,0.0064290796418855775,0.011908900500528266,0.00810082969573256,0.09114856143751174,0.053962639794983516,0.015318134648391725,0.033949421923015935,0.030303457083622035,0.033872382808306296,0.00973053988808294,0.004538797912862144,0.09436007148113723,0.01920753909940612],[0.062211852646611235,0.05101781174943068,0.004025565770351566,0.04849850135211404,0.021815099671429226,0.008199968686453934,0.05263275308030766,0.08314215549946465,0.054585657039597,0.00938386567578904,0.013664650621415383,0.011683406659785265,0.08261898584007735,0.016614317906956413,0.052724546951489364,0.0341680792127516,0.040762247963420144,0.020821963027005154,0.012096503511384435,0.04624266229691362,0.07058827085413676,0.012714916526068244,0.11163995284439822,0.026630552719289283,0.05151571189335965],[0.06420807614538968,0.028443236781587108,0.0009633569818309224,0.08637799593914254,0.06774206077286722,0.02401642696876054,0.012106360072633153,0.033972017952210096,0.0747808226403712,0.25225755811011097,0.036598896516711055,0.01080314728307273,0.00916136476838732,0.008128213567252648,0.06392972002244067,0.001977235960784732,0.009961326956614022,0.017740880070567386,0.07649498640046729,0.06067632283280528,0.0032761602221802,0.001099176139608027,0.019870991705185654,0.011792139399707748,0.02362152578931185],[0.034649998275347406,0.11024528491334258,0.029837336714335375,0.01126987313883228,0.03435873593669985,0.002645401916494103,0.012777175031054732,0.04730517404725446,0.0032188507442339263,0.01857689245631934,0.029726640628712584,0.021309796776611076,0.010367549285227881,0.07585486813884568,0.0776821310802303,0.016535954411843985,0.03720052118204592,0.025695181007398964,0.014406689738502733,0.022632397214922297,0.01956487405204465,0.15158370926075104,0.034775828478853764,0.1238384374732594,0.03394069809683552],[0.046446163629055646,0.024724289066840315,0.014051557458957517,0.04294967959219425,0.10095573920992654,0.0010347605370428867,0.00017550755993600152,0.03714520890149032,0.0022316763579003653,0.14161387690814528,0.1890393788293849,0.033854349831476414,0.008725120359010923,0.004962847820362369,0.0016049309119030692,0.04239265031512311,0.04677300361847373,0.05146403465902229,0.0082000770679973,0.022587779990300517,0.01852622239674085,0.08000873673351655,0.02652169625967398,0.026412091442326955,0.02759862054319781],[0.030968064339364523,0.005998313291437528,0.010615507631950547,0.02898425641444008,0.027200956879897896,0.09594265531347601,0.10505677718867758,0.006441579001781886,0.06552733403683611,0.07445035010339747,0.14677784456236584,0.004890237578589371,0.0021493277764013745,0.019779106211850424,0.028207111775172697,0.00653405257731282,0.1496771103575463,0.019408171367829036,0.0517147272189655,0.004913808325217984,0.0164173982916477,0.027368968819741605,0.03694656253539657,0.01150396364081448,0.022525814759888543],[0.003669122544605999,0.006834273402405153,0.0021279409489612204,0.06994926670511867,0.0023703947663279105,0.0781064926833665,0.09478340263584212,0.028830778116244547,0.005989354550060006,0.003534432705860068,0.01452653155460048,0.02913707217772912,0.1240299345099916,0.016645273968011708,0.004326122514575321,0.02991304305987133,0.01622101725639654,0.005788496455849199,0.18096046912067848,0.0027017913193603162,0.08479042131641693,0.014402925958054995,0.001776407137362707,0.09623960650800174,0.08234542808430736],[0.023914255601590873,0.04921394259688709,0.1626999832442602,0.22695657783493253,0.03523227206986103,0.02343814068907405,0.044664638639430126,0.002028618216545644,0.04216660446698949,0.0004895648062037777,0.037847257272913284,0.012980256385811201,0.014162362353836997,0.013242813237410821,0.03453257341075883,0.03319136068698974,0.011167354584320641,0.018076101421377604,0.016843631584459354,0.008275025227035543,0.14669219065437547,0.004187200640802095,0.022387006705569864,0.0044580398802086885,0.01115222778835537],[0.03674767918930164,0.0047897464675046445,0.010419724004985009,0.11821823308202713,0.11789865717572653,0.04613561699849726,0.02108653003361802,0.04866164918784358,0.0026875031490995356,0.027931459703437196,0.012535450904672419,0.04802357229607064,0.005633532922272225,0.04454248082612088,0.04668213896761809,0.05813238295248068,0.028245541102681654,0.09273153854012885,0.06584907993648581,0.018308648753776916,0.024428948557070465,0.06053411850761539,0.021466015983888885,0.025190239521045203,0.013119511236031048],[0.012993665567139706,0.024705000054635034,0.03903815801599076,0.03968413800132478,0.02632744027735955,0.11739662023826525,0.11014744094893054,0.02223307987446545,0.014746627552565506,0.050521675096974215,0.08372456408001254,0.008145333503962519,0.08550456796191673,0.024549522529314857,0.029248386757088494,0.03437213229208778,0.008292425603803513,0.03841168570080618,0.07382042569369766,0.0823272679961772,0.015894477682099103,0.007475717526590116,0.010223418266844742,0.005537597914540473,0.03467863086340706],[0.05838149280516708,0.07192319920262996,0.004804561737862146,0.02695725800943837,0.043401981338072895,0.02051822544753365,0.03415458069808265,0.0019040799740156775,0.02213492502883646,0.06796316368907447,0.007887237943291181,0.05487858629390247,0.11411273941751239,0.01387642593438833,0.06808474537420112,0.006419271762267866,0.035500291818189686,0.021970288258999892,0.005469041346213889,0.05292562352298559,0.030637646123495826,0.0855116723036702,0.09132826514447688,0.03978647609828082,0.019468220727410137],[0.08979483510201075,0.04014287975201793,0.019830932821302133,0.03572745134663677,0.03169089314716412,0.048418091243190124,0.01283468703907006,0.02682053215330609,0.003052457666435802,0.01994961970761884,0.10507589201536817,0.005774734992730937,0.017847766943803144,0.0022083844580545065,0.030370358198188303,0.19305067925254457,0.0498959086266802,0.030468662881704717,0.14449257860616965,0.007134133929924895,0.0024849604287849577,0.0005464290769822127,0.006597359970263225,0.027274356143120165,0.04851541449692782],[0.034475591914605884,0.05784375937846759,0.052111191856902335,0.01992774476611002,0.03154942482700379,0.0005318763086881495,0.020531453317582972,0.11468000307396682,0.03139647643456619,0.0030782132908944906,0.00915860781006557,0.09099882935399613,0.06997059215589414,0.0028448414504771446,0.06193963607202274,0.029525466172821813,0.016458677479840894,0.07933691566471468,0.01978883142555369,0.06176537828908139,0.006506158691219245,0.08528632404301173,0.013593450493983151,0.018898895880681707,0.0678016598478476],[0.13460558262636557,0.028332615758909,0.002895654459765244,0.02223297698932551,0.014242988661919722,0.03574887967411841,0.08529471810001422,0.018113521474570744,0.10710289875913732,0.0011214346234484614,0.04110398397656425,0.013588031432248656,0.016828482727859043,0.0605285969494998,0.03127532588975974,0.0015750802690462887,0.14518567422909776,0.004138616310062225,0.02189536890528663,0.05542934494570562,0.06492132841847825,0.007924465855808945,0.04625838232797269,0.0035068093523488242,0.03614923728268712],[0.012979205823573906,0.04824294365360652,0.0024761780074400255,0.029039880573871912,0.0680762803145382,0.040240555289224586,0.002753680834136257,0.02374645447208557,0.01032396562756043,0.004200971133773839,0.006368772678932194,0.021975503058754915,0.09628995656140821,0.0762517184102608,0.0018217530112751977,0.006902586121687472,0.03232874709363253,0.016167915142490885,0.15554588731324087,0.12025985276780152,0.0011900509840650471,0.028575372517908926,0.04608622542987392,0.04659947609037593,0.10155606708848036],[0.035879579591136725,0.030731978920998774,0.10085823893418101,0.022430320163520565,0.034475567770089824,0.00016067768522225805,0.12445644234886585,0.01559926689563835,0.0506156893903542,0.03550675927721787,0.006697097872792683,0.010941722172633358,0.044034174938588015,0.02043450687894702,0.05045970694154784,0.11010836335123471,0.0052502172848916525,0.02930818098942275,0.03595954095352857,0.13768696212156178,0.0014957781616528722,0.04824388683258751,0.044214191132833106,0.0009309003548913145,0.0035202490356613684],[0.035131547508145615,0.027659039448365667,0.08093127005735849,0.02769942677924985,0.0004136386258265316,0.06363370419121832,0.0013449474216524367,0.04244082026434593,0.031240240568626648,0.0026206696094551248,0.01666263989946882,0.033793473970172995,0.1189906297301428,0.03911115153096819,0.018605901763372745,0.016736004943420674,0.03689404807854899,0.056945634082836705,0.006729849566943001,0.11313860307506439,0.02161980238922432,0.010159584162608764,0.06172161452122593,0.1256987932569685,0.010076964554788778],[0.025356618969430367,0.033822682107151364,0.030439080439575612,0.007154876503468379,0.036925280934628636,0.12832339718442662,0.014800063173156481,0.003316249457422548,0.018931806278909617,0.057050290206579896,0.013000215440943229,0.03091343765545849,0.07248070330571277,0.10963750061360268,0.05187952728110637,0.0051708357920804485,0.017562387568899693,0.02146526990536707,0.02640255517820279,0.03972080716916608,0.14633086999948375,0.035668470405119765,0.056723845362233065,0.014668665758894065,0.002254563308980104]]",0.027750246446673486,0.8641275700390918,1,2,0.3333333333333333,30.175472569183427,2.558644893895376,2.5586448938953756,27.61682767528805,1.944499507106653,11.95933663620958,True,True
25,0,sticky,"[[0.9202078863213193,0.007735076339035461,0.0009499508345094972,0.0005226595153539513,0.00024585524082457866,0.0028413792194800593,0.0027904291311182227,0.000390648048129502,0.0020907332138029146,0.004823329629484766,0.0070786790072340676,0.006616682944597812,0.0009402202348450363,0.003714951655628809,0.0012062928620193442,0.0034423145405697467,0.008205942611912579,0.0029661762266282718,0.00511252849108297,0.0025520037451504897,0.00836295761627539,0.004165190922545987,0.00037647076460171035,0.0013785564536818676,0.0012830844301677114],[0.0006745722479471059,0.9246953874622421,0.007188916934210477,0.0022085221455122703,0.0018058163611017098,0.006359134092379104,0.0004999401773407065,0.00028023572570593647,0.0018639492072855038,0.0018601711461845442,0.003529373550426476,0.0022668957986519108,0.0016321774475249072,0.0017426647234553322,0.000712310934336899,0.0002550473436820965,0.0006726730212925481,0.006925671053376904,0.004922822698887131,0.002440611369161409,0.0013242874150160547,0.0018377646646826366,0.0221483968777291,0.000538953493225029,0.0016137041086421524],[0.00241648781587544,0.005482075175512368,0.924388196426948,0.011374563875606765,0.003117024213057869,0.0028699555706848223,0.0020406056018907413,0.0002556744989796234,0.004105401252103022,0.00015817459693958944,0.0002977643769968262,0.0023091119033632522,0.0021653269885038105,0.0022409183119374,0.0010453357873169906,0.0025509914745957545,0.0006908720100201177,0.0019243927232069126,0.00262882833355384,0.006023482167117819,0.00968841666520716,0.00917480224221556,0.00014766000903834744,0.0015094930748322383,0.001394444904495713],[0.001457649583757976,0.002411360919304777,0.002612711997238984,0.9202971457688016,3.210359030358027e-05,0.0028352862579509386,0.006072229285823397,0.005909322704715057,0.0020597272309065846,0.004164801264919775,0.001838912116876677,0.0013049695842381438,0.0002320314266316186,0.0020503803594359125,0.004483602244947265,0.00898189418839449,0.00010371056590492526,0.00033414073184088756,0.00815199290597582,0.0013313090674859503,0.0008771112135017277,0.00880592417384482,5.434594939010341e-05,0.009977340711753735,0.0036199961560552307],[0.0038853468637925033,0.01465094399788553,0.0033515927436446142,0.0024119833514488825,0.9233853803666401,0.003503454873047238,0.013752850215234204,0.0033709397767409392,0.0004019258216479536,0.0027779817306867543,0.0001787123397031069,0.0024096252938619906,5.898068024666348e-05,0.000253042121939138,0.00032652342406951643,0.0038610158205995893,0.002556832586831779,0.00020318009734513663,0.0013249809711082675,0.005951478720650854,0.0031917565058124727,0.001007982441302364,0.001199683642974274,0.004334932386912979,0.0016488732258732057],[0.0009997575182223242,0.0031028671852455936,0.003751522181562375,0.0031899446556977857,0.013402850242255722,0.9222350661277793,0.0027490985753619375,0.005612644205020311,0.004253287800551971,0.011242577894039325,0.002744556575983138,1.690978729150495e-05,0.0006830978971627633,0.011191292538122049,7.886471451589126e-05,8.959038972834283e-05,0.00035258180557498224,0.0015993480241216032,0.0002812181401044117,0.004576498112257547,0.004011890281046349,4.154252009933526e-05,0.0034900681930491316,4.658027786251198e-05,0.00025634435734388564],[0.015577098365236805,0.005499224828588475,0.0004398350273318634,0.006345322043164152,0.00310527423792411,0.0003684245322031231,0.92041448260646,0.00030240392468331703,0.006335016249918683,0.00438868539681568,7.574321893712546e-05,0.003382401221516167,0.0009033165357562931,0.0005107312594688843,0.009630353704582003,0.0012174255673711287,0.0034911906511344197,0.005878602239987168,0.001979107103563387,0.0002946300293569383,0.0005995832787223176,0.002266013527454506,0.0045348648728385475,0.0014097063811885425,0.0010505631957964934],[0.013490258026534268,0.0018946422987187587,0.00040085647365822207,0.0011958374228033717,0.008513942120594989,0.0005544861428484064,0.0016226665776919369,0.929938476602929,0.0019675234450819714,0.005165741013083059,0.001789568133242142,0.0004395732695765489,0.0005143263713508462,0.0009527120400422614,0.0006480663756586049,0.007291884915000939,0.004317011183598681,0.001225450771871338,0.0027159537538412747,0.0024242765666897628,0.002709790624664504,0.0007784431910466353,0.0003631038330289715,0.007548805718490979,0.0015366031279524899],[0.004976948211728899,0.004081424939954455,0.0003220452616281253,0.003879880108169123,0.001745207973714338,0.0006559974949163147,0.004210620246424613,0.006651372439957171,0.9243668525631678,0.0007507092540631232,0.0010931720497132306,0.0009346725327828212,0.006609518867206188,0.001329145432556513,0.004217963756119149,0.002733446337020128,0.0032609798370736116,0.0016657570421604124,0.0009677202809107548,0.00369941298375309,0.00564706166833094,0.0010171933220854597,0.008931196227551858,0.002130444217543143,0.004121256951468772],[0.005136646091631174,0.0022754589425269685,7.706855854647379e-05,0.006910239675131403,0.005419364861829378,0.0019213141575008432,0.0009685088058106522,0.0027177614361768077,0.005982465811229696,0.9401806046488089,0.0029279117213368844,0.0008642517826458184,0.0007329091814709857,0.0006502570853802119,0.005114377601795254,0.00015817887686277857,0.0007969061565291218,0.0014192704056453908,0.006119598912037383,0.004854105826624423,0.000262092817774416,8.793409116864216e-05,0.0015896793364148524,0.0009433711519766199,0.001889722063144948],[0.0027719998620277927,0.008819622793067406,0.00238698693714683,0.0009015898511065824,0.002748698874935988,0.00021163215331952825,0.0010221740024843786,0.0037844139237803573,0.0002575080595387141,0.0014861513965055474,0.922378131250297,0.0017047837421288862,0.0008294039428182305,0.006068389451107654,0.006214570486418424,0.0013228763529475188,0.0029760416945636735,0.0020556144805919173,0.0011525351790802186,0.0018105917771937838,0.0015651899241635719,0.012126696740860084,0.002782066278308301,0.009907074997860752,0.0027152558477468412],[0.003715693090324452,0.001977943125347225,0.0011241245967166015,0.00343597436737554,0.008076459136794122,8.278084296343094e-05,1.4040604794880122e-05,0.0029716167121192254,0.00017853410863202923,0.011329110152651622,0.015123150306350792,0.9227083479865181,0.0006980096287208738,0.0003970278256289895,0.00012839447295224553,0.003391412025209849,0.0037418402894778984,0.004117122772721783,0.000656006165439784,0.0018070223992240413,0.001482097791739268,0.006400698938681324,0.0021217357007739185,0.0021129673153861563,0.002207889643455825],[0.0024774451471491618,0.0004798650633150022,0.0008492406105560438,0.0023187405131552064,0.002176076550391832,0.007675412425078081,0.008404542175094206,0.0005153263201425509,0.005242186722946889,0.005956028008271798,0.011742227564989268,0.0003912190062871497,0.9201719462221122,0.001582328496948034,0.002256568942013816,0.0005227242061850257,0.011974168828603705,0.001552653709426323,0.0041371781775172405,0.0003931046660174387,0.0013133918633318159,0.0021895175055793286,0.0029557250028317255,0.0009203170912651584,0.0018020651807910835],[0.00029352980356847993,0.0005467418721924123,0.00017023527591689765,0.005595941336409493,0.00018963158130623283,0.006248519414669321,0.00758267221086737,0.0023064622492995636,0.00047914836400480046,0.00028275461646880544,0.0011621225243680384,0.0023309657742183296,0.009922394760799327,0.921331621917441,0.00034608980116602566,0.0023930434447897064,0.0012976813805117232,0.00046307971646793595,0.014476837529654278,0.0002161433055488253,0.006783233705313354,0.0011522340766443996,0.00014211257098901655,0.00769916852064014,0.006587634246744589],[0.00191314044812727,0.003937115407750967,0.013015998659540815,0.018156526226794603,0.0028185817655888823,0.001875051255125924,0.0035731710911544104,0.00016228945732365153,0.0033733283573591593,3.916518449630222e-05,0.003027780581833063,0.0010384205108648961,0.0011329889883069598,0.0010594250589928656,0.9227626058728607,0.0026553088549591793,0.0008933883667456514,0.0014460881137102082,0.0013474905267567483,0.0006620020181628435,0.011735375252350038,0.0003349760512641676,0.0017909605364455892,0.0003566431904166951,0.0008921782230684296],[0.0029398143351441314,0.00038317971740037157,0.0008335779203988007,0.00945745864656217,0.009431892574058123,0.003690849359879781,0.0016869224026894417,0.0038929319350274865,0.00021500025192796286,0.002234516776274976,0.0010028360723737936,0.0038418857836856513,0.000450682633781778,0.0035633984660896705,0.003734571117409447,0.9246505906361985,0.0022596432882145325,0.007418523083210308,0.005267926394918865,0.0014646919003021533,0.001954315884565637,0.004842729480609232,0.0017172812787111108,0.002015219161683616,0.0010495608988824838],[0.0010394932453711766,0.001976400004370803,0.003123052641279261,0.0031747310401059824,0.002106195222188764,0.00939172961906122,0.008811795275914443,0.001778646389957236,0.0011797302042052405,0.0040417340077579375,0.0066979651264010035,0.0006516266803170015,0.006840365436953338,0.0019639618023451887,0.0023398709405670795,0.002749770583367022,0.9206633940483043,0.0030729348560644943,0.0059056340554958136,0.006586181439694177,0.0012715582145679282,0.0005980574021272093,0.0008178734613475794,0.0004430078331632378,0.002774290469072565],[0.004670519424413366,0.005753855936210397,0.0003843649390289717,0.0021565806407550696,0.003472158507045832,0.0016414580358026921,0.002732366455846612,0.0001523263979212542,0.0017707940023069168,0.005437053095125958,0.0006309790354632946,0.0043902869035121975,0.009129019153400992,0.0011101140747510664,0.005446779629936089,0.0005135417409814293,0.002840023345455175,0.9217576230607201,0.00043752330769711116,0.004234049881838848,0.0024510116898796663,0.006840933784293616,0.007306261211558151,0.003182918087862466,0.001557457658192811],[0.00718358680816086,0.003211430380161435,0.0015864746257041706,0.0028581961077309417,0.0025352714517731297,0.00387344729945521,0.001026774963125605,0.0021456425722644872,0.0002441966133148642,0.0015959695766095074,0.008406071361229454,0.0004619787994184749,0.0014278213555042516,0.00017667075664436053,0.0024296286558550644,0.015444054340203565,0.003991672690134416,0.0024374930305363775,0.9315594062884937,0.0005707307143939916,0.0001987968343027966,4.3714326158577016e-05,0.000527788797621058,0.002181948491449613,0.0038812331597542255],[0.0027580473531684706,0.004627500750277408,0.004168895348552187,0.0015942195812888016,0.0025239539861603034,4.255010469505196e-05,0.0016425162654066378,0.009174400245917346,0.002511718114765295,0.00024625706327155927,0.0007326886248052455,0.00727990634831969,0.005597647372471532,0.00022758731603817156,0.004955170885761819,0.002362037293825745,0.0013166941983872717,0.006346953253177174,0.0015831065140442951,0.9249412302631266,0.0005204926952975396,0.006822905923440939,0.0010874760395186522,0.0015119116704545366,0.005424132787827808],[0.010768446610109245,0.0022666092607127202,0.00023165235678121953,0.0017786381591460407,0.0011394390929535777,0.002859910373929473,0.006823577448001138,0.0014490817179656596,0.008568231900730985,8.971476987587692e-05,0.0032883187181251402,0.0010870425145798925,0.0013462786182287234,0.0048422877559599845,0.0025020260711807792,0.0001260064215237031,0.011614853938327821,0.00033108930480497804,0.0017516295124229302,0.00443434759565645,0.9251937062734783,0.0006339572684647156,0.0037006705862378153,0.0002805447481879059,0.0028919389826149696],[0.0010383364658859125,0.0038594354922885216,0.00019809424059520205,0.002323190445909753,0.005446102425163056,0.003219244423137967,0.00022029446673090057,0.0018997163577668455,0.0008259172502048344,0.00033607769070190713,0.0005095018143145755,0.0017580402447003932,0.007703196524912657,0.0061001374728208635,0.00014574024090201583,0.0005522068897349978,0.0025862997674906026,0.0012934332113992708,0.01244367098505927,0.009620788221424122,9.520407872520377e-05,0.9222860298014327,0.0036868980343899137,0.0037279580872300743,0.00812448536707843],[0.002870366367290938,0.002458558313679902,0.008068659114734481,0.0017944256130816452,0.002758045421607186,1.2854214817780644e-05,0.009956515387909268,0.001247941351651068,0.004049255151228336,0.0028405407421774297,0.0005357678298234147,0.0008753377738106687,0.003522733995087041,0.0016347605503157618,0.0040367765553238275,0.008808669068098776,0.00042001738279133223,0.00234465447915382,0.0028767632762822853,0.011014956969724944,0.00011966225293222977,0.003859510946607001,0.9235371352906266,7.447202839130516e-05,0.0002816199228529095],[0.0028105238006516492,0.0022127231558692535,0.006474501604588679,0.0022159541423399883,3.309109006612253e-05,0.005090696335297466,0.00010759579373219494,0.0033952656211476747,0.0024992192454901317,0.00020965356875641,0.0013330111919575055,0.0027034779176138397,0.009519250378411424,0.003128892122477455,0.0014884721410698197,0.001338880395473654,0.0029515238462839194,0.004555650726626936,0.0005383879653554401,0.00905108824600515,0.0017295841911379457,0.0008127667330087012,0.004937729161698074,0.9300559034605576,0.0008061571643831022],[0.0020285295175544293,0.002705814568572109,0.002435126435166049,0.0005723901202774704,0.002954022474770291,0.01026587177475413,0.0011840050538525185,0.0002652999565938038,0.0015145445023127693,0.004564023216526392,0.0010400172352754583,0.002473075012436679,0.005798456264457022,0.008771000049088215,0.00415036218248851,0.0004136668633664359,0.0014049910055119756,0.0017172215924293657,0.0021122044142562234,0.0031776645735332866,0.0117064695999587,0.0028534776324095814,0.004537907628978645,0.0011734932607115251,0.9201803650647185]]",0.027750246446673454,0.11412649265571762,1,9,0.1,173.62900568774958,31.98306117369222,31.983061173692228,141.64594451405736,1.944499507106653,5.527814606337177,True,True
25,0,cycle,"[[0.0003118294819788798,0.8916026145085532,0.0014249262517642457,0.0007839892730309269,0.00036878286123686796,0.004262068829220088,0.004185643696677334,0.000585972072194253,0.003136099820704372,0.007234994444227148,0.010618018510851101,0.009925024416896716,0.0014103303522675543,0.005572427483443213,0.0018094392930290163,0.00516347181085462,0.012308913917868867,0.004449264339942407,0.007668792736624456,0.003828005617725734,0.012544436424413085,0.006247786383818979,0.0005647061469025655,0.0020678346805228015,0.001924626645251567],[0.0010118583719206588,0.007043081193363116,0.8907833754013157,0.0033127832182684052,0.0027087245416525644,0.009538701138568655,0.0007499102660110597,0.0004203535885589047,0.0027959238109282556,0.002790256719276816,0.005294060325639713,0.0034003436979778657,0.0024482661712873603,0.002613997085182998,0.0010684664015053484,0.0003825710155231447,0.001009009531938822,0.010388506580065356,0.007384234048330696,0.0036609170537421133,0.001986431122524082,0.0027566469970239545,0.03322259531659365,0.0008084302398375433,0.0024205561629632288],[0.0036247317238131595,0.00822311276326855,0.006582294640422016,0.8970618458134102,0.004675536319586803,0.004304933356027233,0.0030609084028361115,0.0003835117484694351,0.006158101878154533,0.00023726189540938417,0.0004466465654952392,0.0034636678550448784,0.0032479904827557153,0.0033613774679060997,0.0015680036809754857,0.003826487211893632,0.0010363080150301764,0.0028865890848103685,0.00394324250033076,0.009035223250676728,0.01453262499781074,0.013762203363323337,0.00022149001355752112,0.0022642396122483574,0.0020916673567435693],[0.002186474375636964,0.003617041378957165,0.003919067995858476,0.0004457186532024372,0.8800481553854553,0.0042529293869264075,0.009108343928735095,0.008863984057072585,0.0030895908463598764,0.006247201897379662,0.0027583681753150153,0.0019574543763572153,0.00034804713994742787,0.0030755705391538684,0.006725403367420897,0.013472841282591734,0.0001555658488573879,0.0005012110977613313,0.01222798935896373,0.0019969636012289256,0.0013156668202525914,0.01320888626076723,8.15189240851551e-05,0.014966011067630602,0.005429994234082846],[0.0058280202956887545,0.021976415996828296,0.005027389115466921,0.0036179750271733238,0.005078070549960061,0.8852551823095709,0.020629275322851307,0.005056409665111409,0.0006028887324719303,0.004166972596030131,0.00026806850955466034,0.0036144379407929855,8.847102036999521e-05,0.00037956318290870703,0.0004897851361042746,0.005791523730899383,0.003835248880247669,0.0003047701460177049,0.0019874714566624012,0.00892721808097628,0.004787634758718708,0.001511973661953546,0.001799525464461411,0.006502398580369467,0.0024733098388098084],[0.0014996362773334862,0.0046543007778683905,0.005627283272343562,0.004784916983546678,0.02010427536338358,0.0033525991916688127,0.8841236478630429,0.008418966307530466,0.006379931700827955,0.016863866841058988,0.004116834863974707,2.5364680937257423e-05,0.0010246468457441448,0.01678693880718307,0.00011829707177383688,0.00013438558459251423,0.0005288727083624733,0.0023990220361824045,0.0004218272101566175,0.0068647471683863205,0.006017835421569523,6.231378014900289e-05,0.005235102289573698,6.987041679376798e-05,0.00038451653601582846],[0.02336564754785521,0.008248837242882712,0.0006597525409977951,0.009517983064746228,0.0046579113568861645,0.0005526367983046846,0.0006217239096898237,0.8804536058870249,0.009502524374878023,0.0065830280952235195,0.0001136148284056882,0.00507360183227425,0.0013549748036344395,0.0007660968892033264,0.014445530556873004,0.001826138351056693,0.005236785976701629,0.008817903359980752,0.0029686606553450804,0.00044194504403540744,0.0008993749180834762,0.003399020291181759,0.006802297309257821,0.0021145595717828136,0.00157584479369474],[0.020235387039801402,0.002841963448078138,0.0006012847104873331,0.0017937561342050573,0.012770913180892483,0.0008317292142726094,0.0024339998665379053,0.014907714904393545,0.882951285167623,0.007748611519624587,0.002684352199863213,0.0006593599043648234,0.0007714895570262693,0.001429068060063392,0.0009720995634879072,0.010937827372501409,0.006475516775398022,0.0018381761578070068,0.004073930630761912,0.003636414850034644,0.0040646859369967555,0.0011676647865699527,0.0005446557495434573,0.011323208577736468,0.0023049046919287343],[0.007465422317593348,0.006122137409931681,0.00048306789244218786,0.005819820162253684,0.002617811960571507,0.000983996242374472,0.006315930369636919,0.009977058659935758,0.00655027884475164,0.8811260638810947,0.001639758074569846,0.0014020087991742317,0.00991427830080928,0.0019937181488347694,0.006326945634178723,0.004100169505530191,0.004891469755610417,0.0024986355632406186,0.0014515804213661321,0.0055491194756296346,0.00847059250249641,0.0015257899831281892,0.013396794341327786,0.0031956663263147137,0.006181885427203157],[0.0077049691374467605,0.003413188413790453,0.00011560283781971068,0.010365359512697105,0.008129047292744065,0.0028819712362512647,0.0014527632087159782,0.004076642154265211,0.008973698716844542,0.030270906973213316,0.8843918675820053,0.0012963776739687274,0.0010993637722064784,0.0009753856280703177,0.00767156640269288,0.00023726831529416784,0.0011953592347936825,0.002128905608468086,0.009179398368056074,0.007281158739936633,0.000393139226661624,0.00013190113675296325,0.0023845190046222786,0.0014150567279649297,0.0028345830947174217],[0.004157999793041689,0.013229434189601109,0.0035804804057202448,0.0013523847766598737,0.004123048312403982,0.00031744822997929235,0.0015332610037265678,0.0056766208856705355,0.00038626208930807115,0.002229227094758321,0.00356719687544551,0.8825571756131934,0.0012441059142273456,0.009102584176661481,0.009321855729627635,0.001984314529421278,0.00446406254184551,0.0030834217208878757,0.001728802768620328,0.0027158876657906754,0.002347784886245358,0.018190045111290125,0.004173099417462451,0.014860612496791128,0.004072883771620262],[0.005573539635486678,0.0029669146880208375,0.001686186895074902,0.00515396155106331,0.012114688705191183,0.0001241712644451464,2.1060907192320182e-05,0.004457425068178838,0.0002678011629480438,0.016993665228977432,0.022684725459526187,0.0040625219797771695,0.8810470144430813,0.0005955417384434842,0.0001925917094283683,0.005087118037814773,0.005612760434216848,0.006175684159082674,0.000984009248159676,0.002710533598836062,0.002223146687608902,0.009601048408021985,0.0031826035511608778,0.0031694509730792347,0.003311834465183737],[0.0037161677207237427,0.0007197975949725033,0.0012738609158340656,0.0034781107697328096,0.0032641148255877473,0.011513118637617122,0.01260681326264131,0.0007729894802138262,0.007863280084420332,0.008934042012407696,0.0176133413474839,0.0005868285094307246,0.00025791933316816494,0.8823734927454221,0.0033848534130207237,0.0007840863092775384,0.017961253242905557,0.0023289805641394843,0.00620576726627586,0.0005896569990261581,0.0019700877949977236,0.0032842762583689925,0.004433587504247588,0.0013804756368977376,0.002703097771186625],[0.0004402947053527199,0.0008201128082886183,0.0002553529138753464,0.00839391200461424,0.00028444737195934924,0.00937277912200398,0.011374008316301054,0.0034596933739493457,0.0007187225460072007,0.00042413192470320817,0.0017431837865520576,0.003496448661327494,0.014883592141198991,0.0019974328761614047,0.880519134701749,0.0035895651671845595,0.0019465220707675847,0.0006946195747019038,0.021715256294481417,0.00032421495832323795,0.01017485055797003,0.0017283511149665993,0.00021316885648352483,0.011548752780960209,0.009881451370116883],[0.0028697106721909046,0.0059056731116264504,0.01952399798931122,0.0272347893401919,0.004227872648383323,0.002812576882688886,0.005359756636731615,0.0002434341859854773,0.005059992536038739,5.874777674445333e-05,0.004541670872749594,0.001557630766297344,0.0016994834824604396,0.0015891375884892985,0.0041439088092910595,0.8839829632824387,0.0013400825501184768,0.002169132170565312,0.0020212357901351224,0.0009930030272442651,0.017603062878525057,0.0005024640768962514,0.0026864408046683836,0.0005349647856250426,0.0013382673346026444],[0.004409721502716197,0.0005747695761005573,0.001250366880598201,0.014186187969843255,0.014147838861087184,0.005536274039819671,0.0025303836040341623,0.00583939790254123,0.0003225003778919443,0.0033517751644124632,0.0015042541085606902,0.005762828675528476,0.000676023950672667,0.0053450976991345055,0.00560185667611417,0.006975885954297681,0.8833894649323218,0.011127784624815461,0.007901889592378296,0.0021970378504532297,0.0029314738268484556,0.007264094220913847,0.002575921918066666,0.0030228287425254244,0.0015743413483237257],[0.0015592398680567647,0.002964600006556204,0.004684578961918891,0.004762096560158973,0.003159292833283146,0.014087594428591829,0.013217692913871665,0.002667969584935854,0.0017695953063078607,0.006062601011636906,0.010046947689601505,0.0009774400204755021,0.010260548155430007,0.0029459427035177827,0.003509806410850619,0.004124655875050533,0.0009950910724564215,0.8846094022840968,0.008858451083243719,0.009879272159541264,0.0019073373218518924,0.0008970861031908139,0.0012268101920213691,0.0006645117497448567,0.004161435703608847],[0.00700577913662005,0.008630783904315596,0.0005765474085434575,0.0032348709611326044,0.005208237760568747,0.002462187053704038,0.004098549683769918,0.00022848959688188128,0.0026561910034603752,0.008155579642688936,0.0009464685531949417,0.006585430355268296,0.013693528730101486,0.0016651711121265995,0.008170169444904134,0.0007703126114721439,0.004260035018182762,0.002636434591079987,0.8806562849615457,0.00635107482275827,0.003676517534819499,0.010261400676440423,0.010959391817337225,0.004774377131793698,0.0023361864872892164],[0.01077538021224129,0.004817145570242152,0.002379711938556256,0.004287294161596412,0.003802907177659694,0.005810170949182815,0.0015401624446884073,0.003218463858396731,0.00036629491997229623,0.002393954364914261,0.01260910704184418,0.0006929681991277123,0.002141732033256377,0.0002650061349665408,0.003644442983782596,0.023166081510305348,0.005987509035201623,0.003656239545804566,0.01733910943274036,0.880856096071591,0.0002981952514541949,6.557148923786552e-05,0.000791683196431587,0.0032729227371744198,0.0058218497396313375],[0.004137071029752706,0.0069412511254161105,0.00625334302282828,0.0023913293719332023,0.0037859309792404546,6.382515704257794e-05,0.0024637743981099566,0.013761600368876019,0.0037675771721479424,0.00036938559490733885,0.0010990329372078682,0.010919859522479534,0.008396471058707297,0.00034138097405725734,0.007432756328642729,0.0035430559407386175,0.0019750412975809073,0.00952042987976576,0.002374659771066443,0.007411845394689766,0.8807807390429463,0.010234358885161407,0.0016312140592779781,0.002267867505681805,0.008136199181741712],[0.01615266991516387,0.0033999138910690797,0.0003474785351718293,0.002667957238719061,0.0017091586394303666,0.004289865560894209,0.010235366172001707,0.002173622576948489,0.012852347851096478,0.00013457215481381537,0.00493247807718771,0.0016305637718698387,0.002019417927343085,0.007263431633939976,0.0037530391067711684,0.00018900963228555464,0.01742228090749173,0.0004966339572074671,0.002627444268634395,0.006651521393484674,0.00779055941021739,0.8809509359026971,0.005551005879356722,0.0004208171222818589,0.004337908473922454],[0.0015575046988288686,0.005789153238432782,0.00029714136089280306,0.0034847856688646293,0.008169153637744585,0.00482886663470695,0.00033044170009635085,0.002849574536650268,0.0012388758753072516,0.0005041165360528606,0.0007642527214718633,0.0026370603670505897,0.011554794787368984,0.009150206209231295,0.00021861036135302373,0.0008283103346024966,0.0038794496512359034,0.001940149817098906,0.018665506477588904,0.014431182332136182,0.00014280611808780566,0.003429044702149071,0.8855303470515848,0.005591937130845112,0.012186728050617643],[0.004305549550936406,0.003687837470519853,0.012102988672101722,0.0026916384196224675,0.004137068132410778,1.9281322226670965e-05,0.014934773081863901,0.001871912027476602,0.006073882726842504,0.0042608111132661445,0.0008036517447351219,0.001313006660716003,0.005284100992630562,0.0024521408254736424,0.00605516483298574,0.013213003602148164,0.0006300260741869982,0.00351698171873073,0.0043151449144234275,0.016522435454587415,0.00017949337939834466,0.005789266419910502,0.005305702935939972,0.880111708042587,0.0004224298842793642],[0.004215785700977474,0.00331908473380388,0.00971175240688302,0.003323931213509982,4.9636635099183785e-05,0.0076360445029461975,0.00016139369059829238,0.005092898431721511,0.0037488288682351978,0.000314480353134615,0.001999516787936258,0.004055216876420759,0.014278875567617135,0.004693338183716183,0.0022327082116047293,0.002008320593210481,0.004427285769425879,0.006833476089940405,0.00080758194803316,0.013576632369007727,0.0025943762867069184,0.0012191500995130517,0.007406593742547112,0.01508385519083622,0.8812092357465746],[0.8830427942763317,0.004058721852858164,0.0036526896527490733,0.0008585851804162054,0.004431033712155436,0.015398807662131194,0.0017760075807787777,0.00039794993489070574,0.002271816753469154,0.006846034824789587,0.0015600258529131874,0.003709612518655019,0.008697684396685532,0.01315650007363232,0.006225543273732764,0.0006205002950496538,0.0021074865082679633,0.0025758323886440485,0.0031683066213843347,0.00476649686029993,0.01755970439993805,0.004280216448614371,0.006806861443467967,0.0017602398910672877,0.00027054759707761245]]",0.03747186025832562,0.171452191245276,2,6,0.14285714285714285,99.60960700542614,6.223549313148615,6.223549313148615,93.38605769227753,1.9250562794833488,6.5382990725782815,True,True
25,0,reversible,"[[0.009597663533574842,0.03141609766959017,0.0636081685244802,0.0599568042240275,0.027617160367524186,0.05974255645714603,0.05938143934899269,0.03478483851935676,0.011613433963218655,0.05347571746761348,0.033140915713562306,0.04441174777618771,0.045800900164270346,0.033508137584093864,0.040401960156654,0.050222772347934846,0.06612076315933613,0.04910941310799732,0.033128072279806624,0.038219277316245095,0.018098804563465958,0.012449667028523303,0.056456815129407194,0.034384828230001184,0.03335204536698954],[0.03163378475477134,0.013537189593600873,0.022225032269256283,0.010205772114174063,0.05614257508707471,0.015648359928809617,0.05435061261985061,0.05658696107891653,0.02253836574656531,0.03171122705391339,0.02515218533788889,0.06366339002156433,0.04505206473628906,0.03599135609560179,0.052934727899224536,0.023438030289036026,0.044867981171685015,0.05744251360153639,0.039116997870263695,0.0356988774934092,0.05753552349341176,0.047780431964223755,0.04058269837140325,0.04864228241824542,0.06752105898928412],[0.06352749420402291,0.022044097213757146,0.05656332834348777,0.033062829469520855,0.036005474786813596,0.02524530575794897,0.04213376064220042,0.04674925752432124,0.037450668035129184,0.045215538045699624,0.01542522305292213,0.04702460874827777,0.029004170064114654,0.061303683293810966,0.01961021922557033,0.03819612496027337,0.028744521349164484,0.02977572675489653,0.04300622856258117,0.05325601219035997,0.057570663563449365,0.038881624271478996,0.04198683744558677,0.05263911475246753,0.035577487742144275],[0.06451704411827527,0.01090643801140366,0.035622727472153864,0.06354152671973909,0.05893229250194957,0.01762349416496805,0.04901091716930859,0.034596969035042995,0.02484358312064612,0.02331693650481779,0.04118626794105208,0.04258371361220494,0.018960529125107612,0.057942181384978544,0.03702815260150762,0.062199022655478504,0.023521018437178683,0.05290622811280225,0.051231044669224964,0.03116831431348932,0.04575325453848797,0.038470524923359437,0.023167733536097846,0.05521732155792933,0.03575276377279603],[0.026699704769637966,0.05390398206135511,0.03485356008850083,0.05294741815696836,0.026117493282234398,0.056770075452041185,0.018055493659470904,0.03471903406350517,0.04026839844483701,0.0655907619737033,0.03785106014454228,0.047346744050935995,0.05559197072904419,0.05765531314195619,0.060021060740638156,0.025263623610498824,0.007696225222633253,0.03376151037133776,0.06212659203511001,0.04557086279429006,0.037795350367415076,0.007143149754682064,0.04777394339988043,0.032819912491352576,0.031656759193428814],[0.05953982189729439,0.015487939323159344,0.025191587097525312,0.016322240105815067,0.058521542220682565,0.04358688645993335,0.04846949666730835,0.06498585810248897,0.03727072472545694,0.03725686218062542,0.04238861699911159,0.03941415390840705,0.022104499945281353,0.05428589788759141,0.05142041060737826,0.02749761441173922,0.05738660664438298,0.016039502660085938,0.061370388827572675,0.057184512166483535,0.03963876077988419,0.04830184092096842,0.015083104636571296,0.006932815569263168,0.05431831525498926],[0.06512734583353622,0.0591995200973559,0.04626941928597813,0.04995391190582293,0.020483048292526503,0.05334054399197631,0.07591763937143084,0.03158623907757697,0.017040502038466993,0.02600574812785532,0.032114221538458235,0.008824609939855487,0.034408119623313124,0.03579325280034229,0.023236637621052093,0.05340214875490707,0.05543683869176658,0.045309028782890934,0.043929576495282334,0.06479590048741798,0.03897316621607337,0.029796239123064103,0.036435757598472576,0.009000166176171455,0.043620418128406176],[0.03806770446025035,0.061501279626847156,0.05122625192784161,0.03518590816539129,0.03930129799460088,0.0713611478027515,0.031517514143704316,0.00738142962524821,0.05288571216879663,0.03023596781938839,0.03735242147473513,0.05315014168004935,0.024749166004046395,0.04060746589757952,0.06853746811380894,0.03381582665318356,0.05422726269294872,0.03466248854887492,0.049615807982331034,0.05413920126801262,0.026144459750341593,0.05860807303877884,0.01399526042737628,0.017163008940026914,0.014567733793085796],[0.011248776967213329,0.02168044323328595,0.03632079835029911,0.022362631062662692,0.040344243001079846,0.03622336235674382,0.015049233392034431,0.046807593211274354,0.061164557580615356,0.028330943076493257,0.06466517233121084,0.026337873674460808,0.05924211076557306,0.04632477623468971,0.017598670782598906,0.04569655310551481,0.037521949509573674,0.06619030095330833,0.0562584415665485,0.04728244897469403,0.05633484136198994,0.06196403413539295,0.02304698067470696,0.034319766390474814,0.03768349730756052],[0.051896988383385786,0.03056325933542602,0.04393639348932324,0.02102911716682707,0.06584166047032097,0.03628006720218044,0.023011356930085138,0.026812833610359674,0.028385850843590167,0.03752739160007735,0.06519684956272365,0.037164630453577194,0.037532484839821176,0.03231028145961445,0.04640535363342455,0.0569696934116163,0.0430598258388424,0.03826408324361125,0.0309111955127786,0.0366965963108635,0.03820380507985436,0.04220535736119363,0.02160943535700545,0.047143879935488554,0.06104160896800911],[0.03346773458978913,0.025225432421813705,0.015597120614913352,0.03865256036780961,0.03953779292423909,0.04295238964406454,0.029569675037933844,0.03446782474234443,0.06741982177428614,0.06784266291489899,0.03837839917864957,0.041315208025331264,0.0438478379117377,0.020163538805349962,0.05239867672213394,0.05520950450430082,0.05106095642276178,0.03177486818572265,0.024311025939063625,0.036077003768374395,0.034459539537933584,0.05517520043099639,0.05228125047735684,0.04599031661835303,0.022823658439841764],[0.043491895922449106,0.061915775847482764,0.046109119823971687,0.0387541327324983,0.04795933545688917,0.03872923823830958,0.007879403375781644,0.0475606963377949,0.026628489664672975,0.03750202837089936,0.040064396676881116,0.06166609248873133,0.027899098802460685,0.025377739721163126,0.04774157737829501,0.05134814114255359,0.02961257301354429,0.02333348111333293,0.02171306862391507,0.05609688317007735,0.0343396788058482,0.04394364230081065,0.04302956146362038,0.047651232683914434,0.04965271684410243],[0.050438851024600564,0.04927276728146192,0.03198179094329304,0.01940464217964773,0.06332508828411036,0.024425762916387733,0.03454931582203155,0.024904913782440533,0.06735611719791608,0.04259052103342461,0.04781647344722886,0.03137407069793422,0.015503271059359548,0.04473137918997833,0.06465997134313425,0.07029775382691383,0.019673160689385454,0.013715167214928705,0.03276870379999662,0.045425777541576,0.05593811135965488,0.037517749145300296,0.02643871206062584,0.0622096369023507,0.023680291256318257],[0.036296304954799304,0.038717866570665,0.06648900898986558,0.05832718018478445,0.06459873640921512,0.059003180449485236,0.03535091291578793,0.04019308263773126,0.05180608862276497,0.03606345492016366,0.021628035239225064,0.028070786989309083,0.04399803113308521,0.031203551109690007,0.039957628708895084,0.043479262864018355,0.04144071240179614,0.038644614361517116,0.0208059974957712,0.03819248832202835,0.04372844988939287,0.015253321322136864,0.021171942908219176,0.05042871582337712,0.035150644776275955],[0.03975635253499928,0.05173040341287858,0.01932136084994216,0.033861029370168876,0.06109143491473439,0.05077102235970701,0.020848015578394954,0.06162620955955878,0.01787883897018629,0.0470529273140597,0.05105785955694884,0.04797228283982754,0.057776128029825555,0.03629875076508902,0.0058911325032724345,0.04247816283629912,0.038757510682324435,0.01862742049090088,0.06187723393623656,0.04932933349756556,0.05083941700136221,0.02649614735579109,0.05734788879514785,0.0398805962051926,0.011432540639586266],[0.04487981106339519,0.020800440474958305,0.03417596676925047,0.05165328095364696,0.023351702138992965,0.024655943524169187,0.04351073407071277,0.027612367732413424,0.04215888619603549,0.052457632174246795,0.04885425273863153,0.046855932817309966,0.05704277103927718,0.0358690921531554,0.03857553569952703,0.04972820834823889,0.021041637721834053,0.03430328825565017,0.05084159971287625,0.032893545797195375,0.040595529356454794,0.03312000179614415,0.03543155067650887,0.049807846704752495,0.059782442084622425],[0.06776285135650689,0.04566583748882641,0.029495791976974994,0.02240133762146134,0.008158384052093133,0.05901204040836964,0.05180117511559301,0.050781415186982884,0.039700370349869035,0.04547163262097949,0.05181803594403692,0.030989850689710087,0.018307826269599262,0.039207477525835456,0.04036505913421995,0.024131427653655887,0.025134023595843925,0.035331233662251424,0.05756502508044498,0.03513220741103339,0.05501187337181983,0.0353714290442407,0.024308302543497882,0.04209561204799124,0.06497977984816236],[0.05198713922840379,0.06039009244984153,0.03156056080945309,0.05204775363166074,0.0369679701898233,0.017037204834759435,0.04373239572154158,0.0335292791982381,0.07234039570387807,0.04173851102886528,0.033308350119684776,0.025223203047140257,0.013183815328969102,0.037766612141603595,0.020039173104053974,0.0406365276529219,0.03649523486045324,0.03371992956621844,0.04928477237453402,0.06043589010765827,0.04727097630696679,0.039879505389819304,0.04517722017984775,0.03502564680248166,0.04122184022118197],[0.0309236731654145,0.036262814559825954,0.04019549988094744,0.04444185068205196,0.059985323184442205,0.057481759833708,0.03738860544030581,0.04232025542291423,0.054217308694834,0.029732071971733633,0.022471723584893997,0.02069691609510669,0.027775571328762516,0.01792962994861822,0.05869778375138993,0.05310846866268825,0.05243240674040261,0.04345867579602119,0.027495672848263927,0.014715594744929146,0.02114350509101928,0.04922032773800635,0.05227455660338717,0.05136428775424264,0.054265716476090256],[0.03776504234122431,0.035031856150613126,0.05268989272572969,0.028621002037067356,0.046576550263353694,0.0566972764330389,0.05837708104059435,0.04888241479838626,0.048235059272348536,0.03736351735630723,0.03530011782020541,0.05660251932379351,0.040758547952358205,0.03483961398949547,0.049534599483855045,0.036372056667432026,0.033873426362014125,0.05641196821236886,0.015577236547674468,0.022500150233057323,0.03774900841214729,0.055842770805935804,0.021472204596887295,0.01806174385292193,0.03486434332118976],[0.0179600590492526,0.05670156187476883,0.05720187581842276,0.04219333718729254,0.03879437933578246,0.039468826136677494,0.03526232146041518,0.023706685833889504,0.05771521187092627,0.03906420175408555,0.033861448157328444,0.03479714582093623,0.05040510196959395,0.04005989689170562,0.05126893953921154,0.04508019035945237,0.05326727619016824,0.04431199124722504,0.02247708277673995,0.03791018578139255,0.03922598161270206,0.012320120206105723,0.055881087561329625,0.051513761731467426,0.019551329833127924],[0.01296103192007849,0.04940068817727593,0.04053007515110819,0.03721979448597089,0.00769208654131188,0.05045704338508187,0.028283336182549867,0.055753558172579425,0.06660040609761565,0.04527556615960108,0.056880571521573595,0.04671619036594736,0.03546724442503878,0.01466000565785162,0.028032412640132003,0.038585297957543285,0.035931937490841614,0.03921935362466076,0.05489482888623221,0.058835750520958824,0.012925249030930152,0.04724069742665849,0.049847063127415506,0.04960962582607383,0.03698018522496865],[0.0592862228516642,0.04232328907302521,0.0441470549246642,0.022609188326455365,0.05189207780622071,0.01589294654462993,0.03488611050786055,0.013429248004408112,0.024986578673653854,0.02338273406197557,0.054365271579583735,0.04614172769776436,0.025210794421372477,0.02052513377448753,0.06119990453900386,0.041636789006635457,0.02490796378679076,0.044815241019186214,0.05880751873450918,0.022819521777100837,0.059134970880506475,0.05027998495858725,0.054906656570630125,0.053548571893532466,0.04886449858575149],[0.03272506059062427,0.04597572943233774,0.050161826650385065,0.04883744679706439,0.03230900485022131,0.006620633064353159,0.007810007826682751,0.014925893258218248,0.033721995955590854,0.04623313955684082,0.04334292212956319,0.04631026483583643,0.053762579201643367,0.044307718099566906,0.03857191006314476,0.053047024605779994,0.03909278525505724,0.03148970474528804,0.0523696849214566,0.017396655922490737,0.0494059205044197,0.045352131957677774,0.04853154148530005,0.06496567829412409,0.052732739996332524],[0.033855319024848694,0.06806827832921883,0.03616020477786001,0.03372702788741695,0.03323865585770196,0.05532571057894804,0.04037212439279572,0.013512314253522803,0.03949216912890593,0.0638476436779835,0.02294182090343368,0.051467962882370655,0.02182731450274063,0.032940152720785966,0.011793510406223066,0.06790906517850513,0.06436190036562262,0.0395276174542327,0.05901128472054811,0.0358161105700491,0.019999671867534867,0.036057173184828775,0.04723462557858933,0.056243349346558516,0.0152689924087744]]",0.036632745812086115,0.9779467648786278,1,2,0.3333333333333333,43.13441899673711,2.0203761688559734,2.020376168855973,41.114042827881136,1.9267345083758278,31.175698260698933,True,True
25,0,skewed,"[[0.8513442432726689,0.0007771999604762231,0.004573468969601964,0.004826918978405061,0.007596971822743595,0.0006396148024849958,0.005481984738650312,0.0020717312837452893,0.011425104020473349,0.0015937274605689056,0.0019621076246120256,0.00707593128474098,0.0065171436831413495,0.004667364966771516,0.0017164578699400835,0.0012734508931278767,0.024424192970649607,0.011099601216614121,0.004697451178327601,0.004079227983381753,0.008178721998644674,0.013271860524516621,0.0055816067176859725,0.010772738122238884,0.004351177655788288],[0.0013442432726689616,0.8507771999604762,0.004573468969601964,0.004826918978405061,0.007596971822743595,0.0006396148024849958,0.005481984738650312,0.0020717312837452893,0.011425104020473349,0.0015937274605689056,0.0019621076246120256,0.00707593128474098,0.0065171436831413495,0.004667364966771516,0.0017164578699400835,0.0012734508931278767,0.024424192970649607,0.011099601216614121,0.004697451178327601,0.004079227983381753,0.008178721998644674,0.013271860524516621,0.0055816067176859725,0.010772738122238884,0.004351177655788288],[0.0013442432726689616,0.0007771999604762231,0.854573468969602,0.004826918978405061,0.007596971822743595,0.0006396148024849958,0.005481984738650312,0.0020717312837452893,0.011425104020473349,0.0015937274605689056,0.0019621076246120256,0.00707593128474098,0.0065171436831413495,0.004667364966771516,0.0017164578699400835,0.0012734508931278767,0.024424192970649607,0.011099601216614121,0.004697451178327601,0.004079227983381753,0.008178721998644674,0.013271860524516621,0.0055816067176859725,0.010772738122238884,0.004351177655788288],[0.0013442432726689616,0.0007771999604762231,0.004573468969601964,0.854826918978405,0.007596971822743595,0.0006396148024849958,0.005481984738650312,0.0020717312837452893,0.011425104020473349,0.0015937274605689056,0.0019621076246120256,0.00707593128474098,0.0065171436831413495,0.004667364966771516,0.0017164578699400835,0.0012734508931278767,0.024424192970649607,0.011099601216614121,0.004697451178327601,0.004079227983381753,0.008178721998644674,0.013271860524516621,0.0055816067176859725,0.010772738122238884,0.004351177655788288],[0.0013442432726689616,0.0007771999604762231,0.004573468969601964,0.004826918978405061,0.8575969718227435,0.0006396148024849958,0.005481984738650312,0.0020717312837452893,0.011425104020473349,0.0015937274605689056,0.0019621076246120256,0.00707593128474098,0.0065171436831413495,0.004667364966771516,0.0017164578699400835,0.0012734508931278767,0.024424192970649607,0.011099601216614121,0.004697451178327601,0.004079227983381753,0.008178721998644674,0.013271860524516621,0.0055816067176859725,0.010772738122238884,0.004351177655788288],[0.0013442432726689616,0.0007771999604762231,0.004573468969601964,0.004826918978405061,0.007596971822743595,0.850639614802485,0.005481984738650312,0.0020717312837452893,0.011425104020473349,0.0015937274605689056,0.0019621076246120256,0.00707593128474098,0.0065171436831413495,0.004667364966771516,0.0017164578699400835,0.0012734508931278767,0.024424192970649607,0.011099601216614121,0.004697451178327601,0.004079227983381753,0.008178721998644674,0.013271860524516621,0.0055816067176859725,0.010772738122238884,0.004351177655788288],[0.0013442432726689616,0.0007771999604762231,0.004573468969601964,0.004826918978405061,0.007596971822743595,0.0006396148024849958,0.8554819847386503,0.0020717312837452893,0.011425104020473349,0.0015937274605689056,0.0019621076246120256,0.00707593128474098,0.0065171436831413495,0.004667364966771516,0.0017164578699400835,0.0012734508931278767,0.024424192970649607,0.011099601216614121,0.004697451178327601,0.004079227983381753,0.008178721998644674,0.013271860524516621,0.0055816067176859725,0.010772738122238884,0.004351177655788288],[0.0013442432726689616,0.0007771999604762231,0.004573468969601964,0.004826918978405061,0.007596971822743595,0.0006396148024849958,0.005481984738650312,0.8520717312837452,0.011425104020473349,0.0015937274605689056,0.0019621076246120256,0.00707593128474098,0.0065171436831413495,0.004667364966771516,0.0017164578699400835,0.0012734508931278767,0.024424192970649607,0.011099601216614121,0.004697451178327601,0.004079227983381753,0.008178721998644674,0.013271860524516621,0.0055816067176859725,0.010772738122238884,0.004351177655788288],[0.0013442432726689616,0.0007771999604762231,0.004573468969601964,0.004826918978405061,0.007596971822743595,0.0006396148024849958,0.005481984738650312,0.0020717312837452893,0.8614251040204733,0.0015937274605689056,0.0019621076246120256,0.00707593128474098,0.0065171436831413495,0.004667364966771516,0.0017164578699400835,0.0012734508931278767,0.024424192970649607,0.011099601216614121,0.004697451178327601,0.004079227983381753,0.008178721998644674,0.013271860524516621,0.0055816067176859725,0.010772738122238884,0.004351177655788288],[0.0013442432726689616,0.0007771999604762231,0.004573468969601964,0.004826918978405061,0.007596971822743595,0.0006396148024849958,0.005481984738650312,0.0020717312837452893,0.011425104020473349,0.8515937274605689,0.0019621076246120256,0.00707593128474098,0.0065171436831413495,0.004667364966771516,0.0017164578699400835,0.0012734508931278767,0.024424192970649607,0.011099601216614121,0.004697451178327601,0.004079227983381753,0.008178721998644674,0.013271860524516621,0.0055816067176859725,0.010772738122238884,0.004351177655788288],[0.0013442432726689616,0.0007771999604762231,0.004573468969601964,0.004826918978405061,0.007596971822743595,0.0006396148024849958,0.005481984738650312,0.0020717312837452893,0.011425104020473349,0.0015937274605689056,0.851962107624612,0.00707593128474098,0.0065171436831413495,0.004667364966771516,0.0017164578699400835,0.0012734508931278767,0.024424192970649607,0.011099601216614121,0.004697451178327601,0.004079227983381753,0.008178721998644674,0.013271860524516621,0.0055816067176859725,0.010772738122238884,0.004351177655788288],[0.0013442432726689616,0.0007771999604762231,0.004573468969601964,0.004826918978405061,0.007596971822743595,0.0006396148024849958,0.005481984738650312,0.0020717312837452893,0.011425104020473349,0.0015937274605689056,0.0019621076246120256,0.8570759312847409,0.0065171436831413495,0.004667364966771516,0.0017164578699400835,0.0012734508931278767,0.024424192970649607,0.011099601216614121,0.004697451178327601,0.004079227983381753,0.008178721998644674,0.013271860524516621,0.0055816067176859725,0.010772738122238884,0.004351177655788288],[0.0013442432726689616,0.0007771999604762231,0.004573468969601964,0.004826918978405061,0.007596971822743595,0.0006396148024849958,0.005481984738650312,0.0020717312837452893,0.011425104020473349,0.0015937274605689056,0.0019621076246120256,0.00707593128474098,0.8565171436831414,0.004667364966771516,0.0017164578699400835,0.0012734508931278767,0.024424192970649607,0.011099601216614121,0.004697451178327601,0.004079227983381753,0.008178721998644674,0.013271860524516621,0.0055816067176859725,0.010772738122238884,0.004351177655788288],[0.0013442432726689616,0.0007771999604762231,0.004573468969601964,0.004826918978405061,0.007596971822743595,0.0006396148024849958,0.005481984738650312,0.0020717312837452893,0.011425104020473349,0.0015937274605689056,0.0019621076246120256,0.00707593128474098,0.0065171436831413495,0.8546673649667715,0.0017164578699400835,0.0012734508931278767,0.024424192970649607,0.011099601216614121,0.004697451178327601,0.004079227983381753,0.008178721998644674,0.013271860524516621,0.0055816067176859725,0.010772738122238884,0.004351177655788288],[0.0013442432726689616,0.0007771999604762231,0.004573468969601964,0.004826918978405061,0.007596971822743595,0.0006396148024849958,0.005481984738650312,0.0020717312837452893,0.011425104020473349,0.0015937274605689056,0.0019621076246120256,0.00707593128474098,0.0065171436831413495,0.004667364966771516,0.8517164578699401,0.0012734508931278767,0.024424192970649607,0.011099601216614121,0.004697451178327601,0.004079227983381753,0.008178721998644674,0.013271860524516621,0.0055816067176859725,0.010772738122238884,0.004351177655788288],[0.0013442432726689616,0.0007771999604762231,0.004573468969601964,0.004826918978405061,0.007596971822743595,0.0006396148024849958,0.005481984738650312,0.0020717312837452893,0.011425104020473349,0.0015937274605689056,0.0019621076246120256,0.00707593128474098,0.0065171436831413495,0.004667364966771516,0.0017164578699400835,0.8512734508931279,0.024424192970649607,0.011099601216614121,0.004697451178327601,0.004079227983381753,0.008178721998644674,0.013271860524516621,0.0055816067176859725,0.010772738122238884,0.004351177655788288],[0.0013442432726689616,0.0007771999604762231,0.004573468969601964,0.004826918978405061,0.007596971822743595,0.0006396148024849958,0.005481984738650312,0.0020717312837452893,0.011425104020473349,0.0015937274605689056,0.0019621076246120256,0.00707593128474098,0.0065171436831413495,0.004667364966771516,0.0017164578699400835,0.0012734508931278767,0.8744241929706495,0.011099601216614121,0.004697451178327601,0.004079227983381753,0.008178721998644674,0.013271860524516621,0.0055816067176859725,0.010772738122238884,0.004351177655788288],[0.0013442432726689616,0.0007771999604762231,0.004573468969601964,0.004826918978405061,0.007596971822743595,0.0006396148024849958,0.005481984738650312,0.0020717312837452893,0.011425104020473349,0.0015937274605689056,0.0019621076246120256,0.00707593128474098,0.0065171436831413495,0.004667364966771516,0.0017164578699400835,0.0012734508931278767,0.024424192970649607,0.8610996012166141,0.004697451178327601,0.004079227983381753,0.008178721998644674,0.013271860524516621,0.0055816067176859725,0.010772738122238884,0.004351177655788288],[0.0013442432726689616,0.0007771999604762231,0.004573468969601964,0.004826918978405061,0.007596971822743595,0.0006396148024849958,0.005481984738650312,0.0020717312837452893,0.011425104020473349,0.0015937274605689056,0.0019621076246120256,0.00707593128474098,0.0065171436831413495,0.004667364966771516,0.0017164578699400835,0.0012734508931278767,0.024424192970649607,0.011099601216614121,0.8546974511783276,0.004079227983381753,0.008178721998644674,0.013271860524516621,0.0055816067176859725,0.010772738122238884,0.004351177655788288],[0.0013442432726689616,0.0007771999604762231,0.004573468969601964,0.004826918978405061,0.007596971822743595,0.0006396148024849958,0.005481984738650312,0.0020717312837452893,0.011425104020473349,0.0015937274605689056,0.0019621076246120256,0.00707593128474098,0.0065171436831413495,0.004667364966771516,0.0017164578699400835,0.0012734508931278767,0.024424192970649607,0.011099601216614121,0.004697451178327601,0.8540792279833818,0.008178721998644674,0.013271860524516621,0.0055816067176859725,0.010772738122238884,0.004351177655788288],[0.0013442432726689616,0.0007771999604762231,0.004573468969601964,0.004826918978405061,0.007596971822743595,0.0006396148024849958,0.005481984738650312,0.0020717312837452893,0.011425104020473349,0.0015937274605689056,0.0019621076246120256,0.00707593128474098,0.0065171436831413495,0.004667364966771516,0.0017164578699400835,0.0012734508931278767,0.024424192970649607,0.011099601216614121,0.004697451178327601,0.004079227983381753,0.8581787219986446,0.013271860524516621,0.0055816067176859725,0.010772738122238884,0.004351177655788288],[0.0013442432726689616,0.0007771999604762231,0.004573468969601964,0.004826918978405061,0.007596971822743595,0.0006396148024849958,0.005481984738650312,0.0020717312837452893,0.011425104020473349,0.0015937274605689056,0.0019621076246120256,0.00707593128474098,0.0065171436831413495,0.004667364966771516,0.0017164578699400835,0.0012734508931278767,0.024424192970649607,0.011099601216614121,0.004697451178327601,0.004079227983381753,0.008178721998644674,0.8632718605245167,0.0055816067176859725,0.010772738122238884,0.004351177655788288],[0.0013442432726689616,0.0007771999604762231,0.004573468969601964,0.004826918978405061,0.007596971822743595,0.0006396148024849958,0.005481984738650312,0.0020717312837452893,0.011425104020473349,0.0015937274605689056,0.0019621076246120256,0.00707593128474098,0.0065171436831413495,0.004667364966771516,0.0017164578699400835,0.0012734508931278767,0.024424192970649607,0.011099601216614121,0.004697451178327601,0.004079227983381753,0.008178721998644674,0.013271860524516621,0.8555816067176859,0.010772738122238884,0.004351177655788288],[0.0013442432726689616,0.0007771999604762231,0.004573468969601964,0.004826918978405061,0.007596971822743595,0.0006396148024849958,0.005481984738650312,0.0020717312837452893,0.011425104020473349,0.0015937274605689056,0.0019621076246120256,0.00707593128474098,0.0065171436831413495,0.004667364966771516,0.0017164578699400835,0.0012734508931278767,0.024424192970649607,0.011099601216614121,0.004697451178327601,0.004079227983381753,0.008178721998644674,0.013271860524516621,0.0055816067176859725,0.8607727381222389,0.004351177655788288],[0.0013442432726689616,0.0007771999604762231,0.004573468969601964,0.004826918978405061,0.007596971822743595,0.0006396148024849958,0.005481984738650312,0.0020717312837452893,0.011425104020473349,0.0015937274605689056,0.0019621076246120256,0.00707593128474098,0.0065171436831413495,0.004667364966771516,0.0017164578699400835,0.0012734508931278767,0.024424192970649607,0.011099601216614121,0.004697451178327601,0.004079227983381753,0.008178721998644674,0.013271860524516621,0.0055816067176859725,0.010772738122238884,0.8543511776557883]]",0.004264098683233296,0.2774999999999983,1,4,0.2,183.37550848751823,13.276478684223553,13.276478684223553,170.09902980329468,1.9914718026335334,2.776903294721734,True,True
25,1,dense,"[[0.03442129920217122,0.03144522356048408,0.0008395994416196125,0.10732802397826087,0.0035051173799863153,0.1276413941568772,0.016273095946506475,0.04608813650305743,0.028708509185524988,0.029496034436747427,0.011503063828040543,0.018057117138630285,0.050307738244966614,0.03721391923571824,0.03568239468769719,0.07898805617262017,0.07734144398381897,0.02727774742863129,0.021363505020729052,0.08416207141286526,0.04776362785158229,0.01205558946490022,0.007952456619240043,0.05141763942302418,0.013167195696300172],[0.04424591883714701,0.025099068384532092,0.11823659097025901,0.024402598088093072,0.008108541418502733,0.03902741432732911,0.007949703130769899,0.003478981183852951,0.08182596947045845,0.035249864675527674,0.06660595871783238,0.05572386746274731,0.12634646656579732,0.0966235462271927,0.022588996744226788,0.022143696358406868,0.015409005379735555,0.033957833956200674,0.049122744939751654,0.037181614619610705,0.04505561870089602,0.014387718878033865,0.0007797601855338848,0.022243904031365145,0.004204616746197135],[0.07329919345503536,0.03758654517618107,0.0288951785141904,0.02449086404293766,0.007838602217179714,0.10589577455362019,0.019209745023486803,0.005111656328514645,0.0715096332194232,0.07141245748482257,0.06293419676941231,0.025772933470070526,0.05482866887251859,0.03780229080852968,0.014266416911179953,0.028766077110138413,0.043086451895780906,0.03863705908913371,0.018963129137706973,0.044299579440279443,0.02105369443975861,0.04482164597409963,0.05016507008897403,0.010562328129905044,0.058790807847120576],[0.0971606448376464,0.03793330683547939,0.07605371292376051,0.01737485032795281,0.0307115860437619,0.0018570899189126594,0.050406773008728915,0.17166721806539578,0.0010905319341213034,0.019410017309416272,0.010394510710820749,0.00117247610394494,0.03853412300476975,0.14422030426161836,0.004182088260904207,0.026675833259355172,0.015047635512882525,0.008192103813526844,0.046799489283223784,0.031593067195248715,0.007962816711779888,0.010760216286017346,0.05086437439198857,0.04820635311200163,0.05172887688674139],[0.053772814485386636,0.10202719610835731,0.04165785560833845,0.008342500842815294,0.0020722611429845224,0.08789145976159436,0.06967448381323717,0.01852033803322594,0.009397244983704076,0.017981158363201865,0.08203976896043721,0.03944365743379158,0.006542954689592609,0.009429689192037403,0.023735808341349803,0.006668738653296297,0.013701430565180157,0.08224379866541633,0.013769300299075422,0.0008827067859840834,0.01671923238431425,0.045599161545777755,0.014149163046630317,0.18548104362280946,0.048256232671461785],[0.0068474793334440025,0.042571037545322564,0.041380910620935525,0.0005598694269761561,0.0032427897733017593,0.08195415242351284,0.013051247277883225,0.10122453752450485,0.04116942420702613,0.07709677754460817,0.07079916892296054,0.013620863667600062,0.0015438900420234225,0.02804446300204079,0.0009194752141147953,0.0974580617027278,0.00678540015956935,0.024836679058811217,0.0937899683171725,0.10408126527472215,0.009861703726492463,0.022341927422838498,0.08860558180245093,0.001683595377049978,0.026529730631910216],[0.01768388111586204,0.020660582130167797,0.005121972617964518,0.00826781720287514,0.026999444075946583,0.07705933708964166,0.007631404918020585,0.04805051428235109,0.03607477991835391,0.10726157428713581,0.008519486249204409,0.03811675987566891,0.006190054180699828,0.04372914294163313,0.029508319186505174,0.01017581637940661,0.10624392573901349,0.02081238096174789,0.05109333356874794,0.069608906450304,0.021132561441396254,0.018581466586373142,0.03725743454646285,0.10739717884613428,0.07682192540838298],[0.14931182878721722,0.0029975668182281763,0.07827819116780536,0.012792608278894542,0.054523797310507494,0.07149840221512604,0.00026615134374549394,0.06236410517457906,0.003046041449690997,6.585201804945483e-05,0.05287328524292918,0.09017809474583399,0.006674500582756035,0.08126272486950788,0.023465092989285147,0.058802468176479945,0.02864347146375341,0.01635630915035462,0.0953522380978398,0.043202514751155684,0.008616537959976344,0.008792553162016293,0.006400309738491947,0.03592993962056914,0.008305414885206483],[0.047975667882941206,0.06377558140609063,0.011694488455636098,0.041369952202003527,0.0021740875723823155,0.013540232903918809,0.005661111493330262,0.11270084718486016,0.005990626094142185,0.026927958443631207,0.003173197194276295,0.0010781490922651194,0.03272043265270775,0.04237761841561511,0.05401695110031123,0.07532145780023136,0.08551158966754076,0.05095212862224489,0.015286549929920635,0.004788573471906033,0.023768724446082398,0.14328671730558115,0.010498580660949153,0.09864706342936583,0.026761712572065804],[0.023169058353111324,0.03798649719562885,0.030668693370982752,0.0011691432971956078,0.0034330635253406296,0.0656396779874365,0.02669146393530506,0.12084442372062779,0.0006901733965467055,0.019655086836508275,0.013014718843705394,0.02095583608041471,0.03693844140360078,0.016088032067114507,0.09886066994495733,0.07906024185039845,0.022241792531228426,0.042187546187419926,0.051525667798895135,0.017780165919334408,0.06874316146357907,0.0153973765859551,0.1407133426625035,0.00895118268451108,0.0375945423576987],[0.06492792240641346,0.09324878436851287,0.07495683532938612,0.0737152991833054,0.008726021640056734,0.07370444621865616,0.123324618885724,0.03101613438931208,0.006496811948313352,0.012057193246385009,0.07876360966291145,0.008977526816083423,0.005139548684247872,0.08953129920909764,0.010730797793771781,0.013514675598951377,0.019862167427775537,0.02397330892335353,0.027952770429421427,0.05206614558608188,0.028334685371406074,0.0024666565569660412,0.049852801699999644,0.024930776455242682,0.001729162168624535],[0.056574117426201095,0.0013401568937701845,0.059638351509392284,0.00981012933524608,0.019997689619585403,0.21575512923872292,0.04733259369634497,0.10040723236662889,0.056412568408926646,0.03478267806652354,0.03736472932426438,0.022233816089478196,0.02574656877908432,0.009636666695666063,0.05893607335994879,0.019578093073717107,0.01854243603667551,0.0022425054567545696,0.037284334764124655,0.034277811484379174,0.002616931443273572,0.00901312930723515,0.026865570732199518,0.013539588150038988,0.08007109874181823],[0.03595589904185852,0.020164981837350823,0.004467818654517601,0.037047821888220915,0.0008572635832969351,0.02536597889299065,0.03809552844438332,0.03233862732649762,0.01264797621755216,0.00017118548602032004,0.010241867622506267,0.18668551429987723,0.020159696893933706,0.008949945812606093,0.11008399441282711,0.029675688985062336,0.011679132558378486,0.030110713172615204,0.011292081487778223,0.10134778964984835,0.07683485578590096,0.04648068501817936,0.1114094947909623,0.018170178738652433,0.019765279398182834],[0.06338232528712527,0.0046628425813058086,0.006010053677205117,0.00525461512150162,0.0770455608636678,0.01844555254421033,0.022855608557355384,0.06474183618381077,0.009578617430938276,0.08594584982678662,0.04844831344336856,0.008670627212233077,0.03865619509666009,0.04430798651321606,0.015232497236818715,0.00916627978574008,0.0513528835767027,0.04162947390786694,0.03481092687330077,0.19814365431416409,0.03519660608815617,0.08667210190288405,0.0006195541825501263,0.012703244037201442,0.016466793755230247],[0.0013744334361715561,0.0024246616525640525,0.039795993474207605,0.010420342225299577,0.03915247963141039,0.03353733464272929,0.006359696497469133,0.09489365625954198,0.0021557402446450665,0.06940277756497866,0.059760478154555506,0.08167579541852672,0.031566542859183616,0.01534813461738969,0.004665514986494311,0.04338593758920654,0.012531407202856394,0.25543536622524476,0.022299726609816523,0.060474505353682755,0.0291137165756929,0.00737277615195704,0.0577020705784788,0.01814265001333933,0.0010082620345577633],[0.08853469337030559,0.03139354589832349,0.009126585591711301,0.07405979192848622,0.010926237540885843,0.054928553670237995,0.06095697074321311,0.1159349434550483,0.04532931525210039,0.004210682107658661,0.0041786329143656455,0.012153443571366837,0.09624365092551833,0.05744402866978293,0.047911450997841096,0.04272362736186289,0.014983909741848416,0.04058466269043266,0.02193361281192338,0.053074428150594356,0.035423127375737294,0.010634095753785395,0.014816205449600566,0.04579670152591308,0.006697102501456075],[0.0174132892856973,0.0004430372697432938,0.029187927916997484,0.006825703412676013,0.030386154104723586,0.06225095732896372,0.04855389699706107,0.02504126933045701,0.010548954855940406,0.012698566505753184,0.035479314252289,0.11846602456258833,0.005183262006892558,0.09790616721420059,0.012363352433323165,0.0336528478711353,0.001955399553855277,0.14931984910762122,0.011645269635149521,0.04093627154641854,0.04543310497198069,0.07786879967516454,0.03016859359493717,0.01777059435881512,0.07850139220761586],[0.03958445100616698,0.03905250377750494,0.047929739174825486,0.038540141052129384,0.0372600697329177,0.025243290206052774,0.04710885980948801,0.00034273836610756525,0.10856019840488866,0.0627501018448257,0.08938888979361855,0.013140142734598842,0.004637808027580873,0.011913125198101815,0.17672182027963232,0.004543809182877505,0.0506101683312509,0.004494914619192961,0.07300054478506021,0.005756571474688356,0.09094926158918896,0.00197303306121841,0.00430312124494815,0.014989887466154367,0.007204808836980543],[0.009419235437942375,0.051020609174557016,0.015442337528270036,0.14584214753012367,0.015174608220619102,0.02559963531530416,0.014830238509973207,0.01884880719420375,0.07575166528066815,0.09045186760217669,0.0609600962089114,0.001730177808346954,0.05353503159106171,0.06360694103938642,0.03751231134554899,0.014325017769908419,0.0019768886189169897,0.11531779178516316,0.021873098158114807,0.04943190214635146,0.017604907125781034,0.04402400449003174,0.035813215224846,0.019780282884804126,0.0001271820089886382],[0.039750247722544464,0.02881825592017253,0.05140017095935781,0.005673195846803237,0.0029024140663127,0.0016549835804570933,0.0033397590847775173,0.003170870628474301,0.04380468387327973,0.03123149668386679,0.010986630835566408,0.009792586547321515,0.13673156053738042,0.06075499520774941,0.036262674744231525,0.05095064936654162,0.008303820896252975,0.009233647096515337,0.042933601118830926,0.026646369755679005,0.23577130951670525,0.004892822306388139,0.12181315524298596,0.02228150216616858,0.010898596295636456],[0.021416177049631113,0.028732287570666426,0.033607057633583196,0.017569235654137955,0.02336453363341608,0.017225193757728446,0.006599884310675476,0.006846111462135576,0.05974663339963107,0.03237870292128988,0.046940355518125323,0.009743310850155961,0.030190057145255425,0.01584256956069023,0.05833466568174948,0.010822028531777075,0.10534018099663639,0.00813337499616402,0.03696451312834423,0.01652806561395278,0.07859120751103489,0.005054808808724812,0.026580616809319342,0.13571666070020816,0.1677317667549665],[0.08230410745427644,0.005713401528036225,0.07044928199875629,0.0036969105202870863,0.029138066357453987,0.10412764893025366,0.032013627726498295,0.045047600196625584,0.10971199607377902,0.014583893707298257,0.011215549054622024,0.08130313294895164,0.053796760946342545,0.010678012748532712,0.03646749103128936,0.011296474307205553,0.046528164736800624,0.043312087459862425,0.00930139184561838,0.01806206688683007,0.08737608932528936,0.009510903173742397,0.00036311592280131367,0.0176826698363527,0.06631955528249427],[0.014404134092643024,0.14190968396398074,0.05087627934552629,0.004168105705492988,0.01759598750089709,0.07550499985160944,0.06641576592983371,0.024964385519129495,0.021798337946779833,0.0005536635876806972,0.001659709996501548,0.1025451814012871,0.04918917340680155,0.015964806055103163,0.004704884614694993,0.033311843633969454,0.018781236292894864,0.032680354232231416,0.04487943501795838,0.06978375136706452,0.05477820437871975,0.06869807190942805,0.023680178158647876,0.005428576951771947,0.05572324913935196],[0.04238412043553955,0.0019452226199754628,0.05610070071423112,0.004389587858253192,0.03305038907662197,0.011790625606412312,0.012127622022292978,0.08026819291998728,0.06748342013431424,0.002358917338355261,0.024335469405353617,0.022309815666112426,0.08561793999630757,0.030208247116435175,0.03520585027998127,0.06039230830410317,0.08325110928007054,0.012667703157629115,0.020230727727390253,0.04098070553296148,0.04258645451118429,0.02455570030095846,0.13162922120386397,0.027257278290561755,0.046872670501103726],[0.02127827334986381,0.09227485414525916,0.06372200058028954,0.034920682355016365,0.005058499880892879,0.013261655587651987,0.003259260830399924,0.056795140432941114,0.01623572931080443,0.012613860687623647,0.02786433519916295,0.1000787724887979,0.06550953759352587,0.016230864062889497,0.05619288541776267,0.0015167849373533325,0.01678855338804281,0.009037863426372436,0.05994973294568508,0.07678502913741263,0.09199290780137513,0.030635838063445626,0.0037955828181206355,0.0355816653706838,0.08861969018862655]]",0.019967120773947973,0.8786001200313039,1,2,0.3333333333333333,36.06096552104398,2.384228097320839,2.384228097320839,33.67673742372315,1.960065758452104,12.033588333598813,True,True
25,1,sticky,"[[0.9227537039361737,0.002515617884838726,6.716795532956901e-05,0.00858624191826087,0.0002804093903989052,0.010211311532550177,0.001301847675720518,0.0036870509202445944,0.002296680734841999,0.0023596827549397944,0.0009202451062432435,0.0014445693710904229,0.004024619059597329,0.0029771135388574595,0.002854591575015775,0.006319044493809614,0.006187315518705517,0.0021822197942905036,0.0017090804016583242,0.006732965713029221,0.0038210902281265832,0.0009644471571920175,0.0006361965295392035,0.004113411153841935,0.0010533756557040137],[0.0035396735069717607,0.9220079254707626,0.009458927277620722,0.0019522078470474457,0.0006486833134802186,0.003122193146186329,0.0006359762504615919,0.0002783184947082361,0.006546077557636676,0.002819989174042214,0.005328476697426591,0.004457909397019785,0.010107717325263785,0.007729883698175416,0.001807119739538143,0.0017714957086725493,0.0012327204303788444,0.002716626716496054,0.003929819595180133,0.0029745291695688564,0.0036044494960716816,0.0011510175102427093,6.238081484271078e-05,0.0017795123225092116,0.0003363693396957708],[0.0058639354764028285,0.0030069236140944857,0.9223116142811353,0.001959269123435013,0.000627088177374377,0.008471661964289615,0.0015367796018789443,0.00040893250628117164,0.005720770657553857,0.005712996598785805,0.005034735741552985,0.002061834677605642,0.004386293509801487,0.0030241832646823747,0.0011413133528943964,0.0023012861688110732,0.0034469161516624725,0.0030909647271306967,0.001517050331016558,0.0035439663552223554,0.0016842955551806887,0.0035857316779279703,0.0040132056071179225,0.0008449862503924036,0.0047032646277696466],[0.007772851587011713,0.003034664546838351,0.006084297033900841,0.9213899880262363,0.002456926883500952,0.00014856719351301275,0.004032541840698314,0.013733377445231662,8.724255472970427e-05,0.0015528013847533018,0.0008315608568656599,9.37980883155952e-05,0.00308272984038158,0.011537624340929468,0.00033456706087233655,0.002134066660748414,0.001203810841030602,0.0006553683050821475,0.0037439591426579027,0.0025274453756198973,0.000637025336942391,0.0008608173028813878,0.0040691499513590855,0.0038565082489601305,0.0041383101509393115],[0.004301825158830931,0.008162175688668585,0.003332628448667076,0.0006674000674252236,0.9201657808914389,0.007031316780927549,0.005573958705058973,0.0014816270426580753,0.0007517795986963261,0.0014384926690561492,0.006563181516834977,0.0031554925947033263,0.0005234363751674087,0.0007543751353629922,0.0018988646673079844,0.0005334990922637037,0.0010961144452144125,0.006579503893233306,0.0011015440239260338,7.061654287872668e-05,0.0013375385907451402,0.0036479329236622205,0.0011319330437304254,0.014838483489824757,0.0038604986137169427],[0.0005477983466755202,0.003405683003625805,0.0033104728496748423,4.478955415809249e-05,0.00025942318186414077,0.9265563321938811,0.001044099782230658,0.008097963001960388,0.0032935539365620903,0.006167742203568654,0.005663933513836843,0.001089669093408005,0.0001235112033618738,0.002243557040163263,7.355801712918363e-05,0.007796644936218225,0.0005428320127655481,0.001986934324704897,0.0075031974653738,0.008326501221977773,0.0007889362981193971,0.00178735419382708,0.0070884465441960745,0.00013468763016399825,0.0021223784505528176],[0.0014147104892689632,0.0016528465704134239,0.00040975780943716146,0.0006614253762300112,0.0021599555260757267,0.006164746967171333,0.9206105123934417,0.003844041142588087,0.0028859823934683127,0.008580925942970866,0.0006815588999363527,0.0030493407900535133,0.0004952043344559862,0.0034983314353306504,0.002360665534920414,0.0008140653103525287,0.00849951405912108,0.0016649904769398313,0.004087466685499835,0.0055687125160243205,0.0016906049153117004,0.0014865173269098513,0.0029805947637170285,0.008591774307690743,0.0061457540326706386],[0.011944946302977377,0.0002398053454582541,0.006262255293424429,0.0010234086623115634,0.0043619037848406,0.005719872177210083,2.1292107499639516e-05,0.9249891284139664,0.00024368331597527976,5.268161443956386e-06,0.004229862819434335,0.007214247579666719,0.0005339600466204829,0.00650101798956063,0.0018772074391428118,0.004704197454118396,0.002291477717100273,0.0013085047320283696,0.007628179047827184,0.0034562011800924547,0.0006893230367981075,0.0007034042529613034,0.0005120247790793557,0.002874395169645531,0.0006644331908165187],[0.0038380534306352966,0.00510204651248725,0.0009355590764508878,0.0033095961761602823,0.00017392700579058523,0.0010832186323135047,0.00045288891946642095,0.009016067774788814,0.9204792500875314,0.0021542366754904968,0.0002538557755421036,8.625192738120956e-05,0.00261763461221662,0.003390209473249209,0.004321356088024898,0.006025716624018509,0.006840927173403261,0.0040761702897795914,0.0012229239943936509,0.0003830858777524827,0.001901497955686592,0.011462937384446493,0.0008398864528759323,0.007891765074349267,0.0021409370057652644],[0.001853524668248906,0.003038919775650308,0.00245349546967862,9.353146377564863e-05,0.0002746450820272504,0.00525117423899492,0.002135317114824405,0.009667553897650224,5.5213871723736444e-05,0.9215724069469207,0.0010411775074964315,0.001676466886433177,0.0029550753122880623,0.0012870425653691605,0.007908853595596586,0.0063248193480318765,0.0017793434024982741,0.003375003694993594,0.004122053423911611,0.0014224132735467527,0.005499452917086326,0.001231790126876408,0.011257067413000279,0.0007160946147608864,0.003007563388615896],[0.005194233792513076,0.00745990274948103,0.005996546826350889,0.005897223934664432,0.0006980817312045387,0.005896355697492492,0.00986596951085792,0.0024812907511449663,0.0005197449558650682,0.0009645754597108007,0.926301088773033,0.0007182021452866738,0.00041116389473982973,0.007162503936727811,0.0008584638235017426,0.0010811740479161102,0.001588973394222043,0.0019178647138682824,0.002236221634353714,0.00416529164688655,0.002266774829712486,0.0001973325245572833,0.003988224135999972,0.0019944621164194147,0.00013833297348996278],[0.004525929394096088,0.00010721255150161476,0.004771068120751383,0.0007848103468196864,0.0015998151695668322,0.017260410339097833,0.0037866074957075974,0.008032578589330312,0.004513005472714131,0.002782614245321883,0.00298917834594115,0.9217787052871583,0.0020597255023267454,0.0007709333356532851,0.0047148858687959035,0.0015662474458973685,0.0014833948829340408,0.00017940043654036557,0.0029827467811299724,0.0027422249187503338,0.00020935451546188574,0.0007210503445788121,0.0021492456585759617,0.0010831670520031192,0.0064056878993454585],[0.002876471923348682,0.0016131985469880659,0.0003574254923614081,0.0029638257510576733,6.858108666375481e-05,0.0020292783114392522,0.0030476422755506653,0.00258709018611981,0.0010118380974041728,1.3694838881625604e-05,0.0008193494098005014,0.014934841143990178,0.9216127757515148,0.0007159956650084874,0.00880671955302617,0.002374055118804987,0.0009343306046702788,0.0024088570538092166,0.0009033665190222579,0.008107823171987869,0.006146788462872077,0.003718454801454349,0.008912759583276983,0.0014536142990921946,0.0015812223518546268],[0.005070586022970022,0.0003730274065044647,0.0004808042941764094,0.00042036920972012964,0.006163644869093424,0.0014756442035368264,0.0018284486845884307,0.005179346894704862,0.0007662893944750621,0.00687566798614293,0.0038758650754694844,0.0006936501769786461,0.003092495607732807,0.9235446389210573,0.0012185997789454972,0.0007333023828592064,0.0041082306861362165,0.0033303579126293553,0.002784874149864062,0.01585149234513313,0.0028157284870524934,0.0069337681522307236,4.95643346040101e-05,0.0010162595229761154,0.0013173435004184197],[0.0001099546748937245,0.0001939729322051242,0.0031836794779366087,0.0008336273780239662,0.0031321983705128315,0.0026829867714183433,0.0005087757197975307,0.007591492500763359,0.00017245921957160533,0.005552222205198293,0.004780838252364441,0.006534063633482138,0.002525323428734689,0.0012278507693911753,0.9203732411989196,0.003470875007136523,0.0010025125762285116,0.020434829298019583,0.001783978128785322,0.004837960428294621,0.0023290973260554322,0.0005898220921565632,0.0046161656462783045,0.0014514120010671464,8.066096276462107e-05],[0.007082775469624447,0.002511483671865879,0.0007301268473369041,0.005924783354278897,0.0008740990032708674,0.00439428429361904,0.004876557659457049,0.009274795476403865,0.0036263452201680314,0.0003368545686126929,0.00033429063314925167,0.000972275485709347,0.007699492074041466,0.004595522293582634,0.0038329160798272876,0.923417890188949,0.0011987127793478733,0.003246773015234613,0.0017546890249538706,0.004245954252047548,0.0028338501900589835,0.0008507276603028316,0.0011852964359680453,0.0036637361220730465,0.000535768200116486],[0.0013930631428557842,3.544298157946351e-05,0.0023350342333597987,0.000546056273014081,0.002430892328377887,0.004980076586317098,0.0038843117597648857,0.002003301546436561,0.0008439163884752326,0.0010158853204602547,0.0028383451401831203,0.009477281965007066,0.00041466096055140466,0.007832493377136047,0.0009890681946658532,0.0026922278296908245,0.9201564319643084,0.011945587928609698,0.0009316215708119617,0.003274901723713483,0.0036346483977584554,0.0062295039740131635,0.0024134874875949737,0.0014216475487052096,0.006280111376609269],[0.0031667560804933587,0.003124200302200395,0.003834379133986039,0.0030832112841703506,0.002980805578633416,0.002019463216484222,0.0037687087847590407,2.741906928860522e-05,0.008684815872391094,0.005020008147586056,0.007151111183489484,0.0010512114187679073,0.0003710246422064698,0.0009530500158481452,0.014137745622370586,0.00036350473463020043,0.004048813466500072,0.9203595931695355,0.005840043582804817,0.0004605257179750685,0.007275940927135118,0.0001578426448974728,0.00034424969959585204,0.0011991909972923493,0.0005763847069584435],[0.00075353883503539,0.004081648733964561,0.001235387002261603,0.011667371802409895,0.001213968657649528,0.002047970825224333,0.0011864190807978567,0.0015079045755363,0.006060133222453452,0.007236149408174135,0.0048768076967129126,0.00013841422466775633,0.004282802527284937,0.005088555283150914,0.0030009849076439196,0.0011460014215926735,0.0001581510895133592,0.009225423342813052,0.9217498478526492,0.0039545521717081165,0.0014083925700624827,0.0035219203592025397,0.00286505721798768,0.0015824226307843301,1.0174560719091056e-05],[0.003180019817803557,0.0023054604736138023,0.004112013676748625,0.00045385566774425895,0.00023219312530501602,0.00013239868643656746,0.00026718072678220137,0.00025366965027794405,0.0035043747098623783,0.002498519734709343,0.0008789304668453127,0.0007834069237857213,0.010938524842990434,0.004860399616619953,0.002901013979538522,0.00407605194932333,0.000664305671700238,0.000738691767721227,0.0034346880895064743,0.9221317095804543,0.01886170476133642,0.0003914257845110511,0.009745052419438877,0.0017825201732934864,0.0008718877036509165],[0.001713294163970489,0.002298583005653314,0.002688564610686656,0.0014055388523310365,0.0018691626906732865,0.0013780155006182756,0.0005279907448540381,0.0005476889169708461,0.004779730671970486,0.0025902962337031907,0.003755228441450026,0.0007794648680124769,0.002415204571620434,0.0012674055648552185,0.0046667732545399585,0.0008657622825421659,0.008427214479730912,0.0006506699996931216,0.002957161050267538,0.0013222452491162223,0.9262872966008828,0.00040438470469798495,0.0021264493447455475,0.010857332856016652,0.01341854134039732],[0.006584328596342115,0.000457072122242898,0.005635942559900503,0.0002957528416229669,0.002331045308596319,0.008330211914420292,0.0025610902181198636,0.0036038080157300466,0.008776959685902322,0.0011667114965838606,0.000897243924369762,0.006504250635916131,0.004303740875707404,0.000854241019882617,0.0029173992825031487,0.0009037179445764443,0.00372225317894405,0.003464966996788994,0.0007441113476494704,0.0014449653509464055,0.006990087146023148,0.9207608722538995,2.9049273824105093e-05,0.0014146135869082161,0.005305564422599542],[0.0011523307274114419,0.01135277471711846,0.004070102347642103,0.00033344845643943906,0.0014076790000717672,0.006040399988128755,0.005313261274386697,0.0019971508415303598,0.0017438670357423866,4.429308701445578e-05,0.00013277679972012384,0.008203614512102967,0.003935133872544124,0.001277184484408253,0.00037639076917559945,0.0026649474907175564,0.0015024989034315892,0.0026144283385785136,0.0035903548014366705,0.005582700109365162,0.00438225635029758,0.0054958457527542436,0.9218944142526919,0.00043428615614175576,0.0044578599311481575],[0.0033907296348431645,0.00015561780959803703,0.00448805605713849,0.00035116702866025537,0.002644031126129758,0.0009432500485129849,0.0009702097617834382,0.006421455433598983,0.00539867361074514,0.0001887133870684209,0.0019468375524282894,0.001784785253288994,0.006849435199704605,0.002416659769314814,0.002816468022398502,0.004831384664328254,0.006660088742405644,0.0010134162526103292,0.0016184582181912202,0.0032784564426369183,0.0034069163608947436,0.0019644560240766767,0.010530337696309119,0.922180582263245,0.003749813640088298],[0.0017022618679891047,0.0073819883316207325,0.005097760046423163,0.0027936545884013095,0.0004046799904714303,0.001060932447012159,0.00026074086643199394,0.004543611234635289,0.0012988583448643545,0.0010091088550098918,0.002229146815933036,0.008006301799103832,0.00524076300748207,0.0012984691250311597,0.0044954308334210135,0.0001213427949882666,0.001343084271043425,0.0007230290741097948,0.004795978635654806,0.00614280233099301,0.007359432624110011,0.00245086704507565,0.00030364662544965086,0.002846533229654704,0.9270895752150902]]",0.019967120773947963,0.11624041384899386,1,9,0.1,200.97674607452933,29.80285121651051,29.80285121651052,171.17389485801883,1.9600657584521042,5.247462140829831,True,True
25,1,cycle,"[[0.004130555904260546,0.8837734268272581,0.0001007519329943535,0.012879362877391304,0.0004206140855983578,0.015316967298825264,0.001952771513580777,0.005530576380366891,0.0034450211022629984,0.0035395241324096913,0.0013803676593648652,0.0021668540566356343,0.006036928589395993,0.004465670308286189,0.004281887362523663,0.00947856674071442,0.009280973278058276,0.0032733296914357547,0.002563620602487486,0.010099448569543831,0.005731635342189874,0.0014466707357880262,0.0009542947943088051,0.006170116730762901,0.0015800634835560206],[0.005309510260457641,0.003011888206143851,0.8941883909164311,0.0029283117705711684,0.0009730249702203279,0.004683289719279493,0.0009539643756923879,0.0004174777420623541,0.009819116336455014,0.0042299837610633205,0.007992715046139886,0.006686864095529677,0.015161575987895677,0.011594825547263123,0.0027106796093072146,0.002657243563008824,0.0018490806455682665,0.004074940074744081,0.005894729392770198,0.004461793754353284,0.005406674244107523,0.0017265262653640638,9.357122226406618e-05,0.0026692684837638174,0.0005045540095436562],[0.008795903214604243,0.004510385421141728,0.0034674214217028476,0.8829389036851525,0.0009406322660615656,0.012707492946434423,0.0023051694028184164,0.0006133987594217574,0.008581155986330784,0.008569494898178707,0.007552103612329477,0.003092752016408463,0.00657944026470223,0.004536274897023562,0.0017119700293415944,0.0034519292532166094,0.005170374227493708,0.0046364470906960446,0.0022755754965248366,0.005315949532833533,0.002526443332771033,0.005378597516891955,0.006019808410676883,0.0012674793755886053,0.0070548969416544685],[0.011659277380517568,0.004551996820257526,0.00912644555085126,0.0020849820393543375,0.8836853903252514,0.00022285079026951912,0.00604881276104747,0.020600066167847493,0.0001308638320945564,0.0023292020771299524,0.0012473412852984898,0.0001406971324733928,0.00462409476057237,0.017306436511394203,0.0005018505913085047,0.0032010999911226204,0.001805716261545903,0.0009830524576232213,0.005615938713986854,0.0037911680634298457,0.0009555380054135865,0.0012912259543220814,0.006103724927038629,0.005784762373440195,0.006207465226408967],[0.006452737738246396,0.012243263533002877,0.004998942673000614,0.0010011001011378353,0.00024867133715814266,0.8905469751713914,0.00836093805758846,0.0022224405639871127,0.001127669398044489,0.0021577390035842237,0.009844772275252465,0.00473323889205499,0.000785154562751113,0.0011315627030444883,0.0028482970009619762,0.0008002486383955556,0.0016441716678216188,0.009869255839849959,0.0016523160358890507,0.00010592481431809001,0.00200630788611771,0.0054718993854933305,0.001697899565595638,0.022257725234737135,0.005790747920575414],[0.0008216975200132803,0.005108524505438707,0.004965709274512263,6.718433123713872e-05,0.0003891347727962111,0.009834498290821541,0.881566149673346,0.012146944502940581,0.004940330904843135,0.00925161330535298,0.008495900270755264,0.0016345036401120075,0.0001852668050428107,0.003365335560244895,0.00011033702569377543,0.011694967404327336,0.000814248019148322,0.002980401487057346,0.011254796198060699,0.012489751832966658,0.0011834044471790955,0.0026810312907406195,0.010632669816294111,0.00020203144524599736,0.003183567675829226],[0.0021220657339034448,0.0024792698556201356,0.0006146367141557421,0.0009921380643450168,0.00323993328911359,0.009247120450756999,0.0009157685901624702,0.8857660617138822,0.004328973590202469,0.012871388914456296,0.001022338349904529,0.004574011185080269,0.0007428065016839793,0.0052474971529959755,0.0035409983023806206,0.001221097965528793,0.012749271088681619,0.002497485715409747,0.006131200028249753,0.008353068774036479,0.0025359073729675505,0.002229775990364777,0.004470892145575542,0.012887661461536113,0.009218631049005957],[0.017917419454466066,0.00035970801818738116,0.009393382940136643,0.001535112993467345,0.006542855677260899,0.008579808265815125,3.193816124945927e-05,0.007483692620949487,0.8803655249739629,7.90224216593458e-06,0.0063447942291515015,0.010821371369500078,0.0008009400699307242,0.009751526984340946,0.0028158111587142176,0.007056296181177593,0.003437216575650409,0.0019627570980425544,0.011442268571740775,0.005184301770138682,0.0010339845551971612,0.0010551063794419552,0.0007680371686190336,0.004311592754468296,0.000996649786224778],[0.0057570801459529445,0.007653069768730875,0.0014033386146763316,0.004964394264240423,0.0002608905086858779,0.001624827948470257,0.0006793333791996314,0.013524101662183218,0.0007188751312970622,0.8832313550132358,0.0003807836633131554,0.00012937789107181434,0.00392645191832493,0.005085314209873813,0.0064820341320373474,0.009038574936027763,0.010261390760104891,0.006114255434669386,0.0018343859915904762,0.0005746288166287239,0.0028522469335298876,0.01719440607666974,0.0012598296793138984,0.011837647611523899,0.0032114055086478964],[0.0027802870023733587,0.004558379663475462,0.00368024320451793,0.00014029719566347295,0.0004119676230408755,0.00787676135849238,0.0032029756722366074,0.014501330846475334,8.282080758560466e-05,0.0023586104203809927,0.8815617662612446,0.0025147003296497653,0.004432612968432093,0.0019305638480537407,0.01186328039339488,0.009487229022047813,0.002669015103747411,0.005062505542490391,0.006183080135867416,0.002133619910320129,0.008249179375629488,0.001847685190314612,0.016885601119500417,0.0010741419221413295,0.004511345082923844],[0.007791350688769615,0.011189854124221545,0.008994820239526333,0.008845835901996647,0.0010471225968068081,0.008844533546238738,0.01479895426628688,0.0037219361267174494,0.0007796174337976023,0.001446863189566201,0.009451633159549373,0.88107730321793,0.0006167458421097446,0.010743755905091716,0.0012876957352526137,0.001621761071874165,0.0023834600913330644,0.0028767970708024238,0.003354332451530571,0.006247937470329825,0.003400162244568729,0.00029599878683592493,0.005982336203999957,0.0029916931746291216,0.0002074994602349442],[0.0067888940911441315,0.00016081882725242213,0.007156602181127074,0.0011772155202295295,0.0023997227543502485,0.02589061550864675,0.005679911243561396,0.012048867883995467,0.0067695082090711975,0.0041739213679828245,0.004483767518911725,0.0026680579307373836,0.8830895882534902,0.0011564000034799276,0.007072328803193854,0.002349371168846053,0.002225092324401061,0.0002691006548105483,0.004474120171694958,0.0041133373781255,0.0003140317731928286,0.001081575516868218,0.003223868487863942,0.0016247505780046785,0.009608531849018187],[0.004314707885023023,0.0024197978204820985,0.0005361382385421121,0.0044457386265865095,0.00010287162999563221,0.003043917467158878,0.004571463413325998,0.0038806352791797144,0.0015177571461062593,2.0542258322438406e-05,0.001229024114700752,0.022402261715985267,0.002419163627272045,0.8810739934975127,0.013210079329539253,0.0035610826782074803,0.0014014959070054183,0.003613285580713824,0.0013550497785333867,0.012161734757981801,0.009220182694308115,0.005577682202181523,0.013369139374915474,0.002180421448638292,0.00237183352778194],[0.007605879034455032,0.000559541109756697,0.000721206441264614,0.0006305538145801944,0.009245467303640136,0.0022134663053052397,0.002742673026882646,0.007769020342057292,0.001149434091712593,0.010313501979214393,0.005813797613204227,0.0010404752654679691,0.00463874341159921,0.005316958381585927,0.8818278996684182,0.0010999535742888095,0.006162346029204324,0.004995536868944033,0.004177311224796093,0.023777238517699688,0.00422359273057874,0.010400652228346085,7.434650190601516e-05,0.001524389284464173,0.0019760152506276296],[0.00016493201234058674,0.0002909593983076863,0.004775519216904912,0.0012504410670359492,0.004698297555769247,0.0040244801571275145,0.0007631635796962959,0.011387238751145038,0.000258688829357408,0.008328333307797439,0.0071712573785466605,0.009801095450223207,0.003787985143102034,0.001841776154086763,0.0005598617983793172,0.8852063125107048,0.0015037688643427672,0.03065224394702937,0.0026759671931779827,0.00725694064244193,0.003493645989083148,0.0008847331382348448,0.0069242484694174555,0.0021771180016007196,0.0001209914441469316],[0.01062416320443667,0.003767225507798818,0.0010951902710053562,0.008887175031418346,0.001311148504906301,0.006591426440428559,0.007314836489185573,0.013912193214605796,0.005439517830252046,0.0005052818529190393,0.0005014359497238774,0.0014584132285640203,0.0115492381110622,0.006893283440373952,0.005749374119740931,0.0051268352834235465,0.8817980691690218,0.0048701595228519195,0.002632033537430806,0.006368931378071323,0.0042507752850884754,0.0012760914904542473,0.001777944653952068,0.0054956041831095695,0.000803652300174729],[0.0020895947142836762,5.3164472369195254e-05,0.0035025513500396978,0.0008190844095211215,0.00364633849256683,0.007470114879475646,0.005826467639647328,0.003004952319654841,0.0012658745827128486,0.001523827980690382,0.00425751771027468,0.014215922947510598,0.0006219914408271069,0.011748740065704071,0.0014836022919987796,0.0040383417445362365,0.00023464794646263325,0.8979183818929145,0.0013974323562179424,0.004912352585570224,0.005451972596637683,0.009344255961019744,0.00362023123139246,0.0021324713230578144,0.009420167064913903],[0.004750134120740038,0.004686300453300592,0.005751568700979058,0.004624816926255526,0.0044712083679501234,0.0030291948247263326,0.005653063177138561,4.112860393290783e-05,0.01302722380858664,0.0075300122213790835,0.010726666775234225,0.001576817128151861,0.0005565369633097047,0.0014295750237722177,0.02120661843355588,0.0005452571019453006,0.006073220199750108,0.0005393897543031552,0.8887600653742073,0.0006907885769626027,0.010913911390702675,0.00023676396734620918,0.000516374549393778,0.0017987864959385239,0.0008645770604376651],[0.001130308252553085,0.006122473100946842,0.0018530805033924042,0.01750105770361484,0.0018209529864742923,0.003071956237836499,0.0017796286211967847,0.0022618568633044497,0.009090199833680177,0.010854224112261203,0.0073152115450693675,0.00020762133700163448,0.006424203790927405,0.007632832924726371,0.004501477361465879,0.0017190021323890102,0.00023722663427003875,0.013838135014219578,0.0026247717789737767,0.8859318282575622,0.002112588855093724,0.005282880538803809,0.004297585826981519,0.002373633946176495,1.5261841078636583e-05],[0.004770029726705336,0.0034581907104207035,0.006168020515122937,0.0006807835016163884,0.000348289687957524,0.0001985980296548512,0.00040077109017330205,0.0003805044754169161,0.005256562064793567,0.0037477796020640147,0.001318395700267969,0.0011751103856785818,0.01640778726448565,0.007290599424929929,0.004351520969307783,0.006114077923984993,0.000996458507550357,0.0011080376515818404,0.005152032134259711,0.0031975643706814807,0.9082925571420046,0.0005871386767665767,0.014617578629158315,0.0026737802599402297,0.0013078315554763747],[0.0025699412459557337,0.003447874508479971,0.004032846916029983,0.0021083082784965545,0.0028037440360099294,0.0020670232509274133,0.0007919861172810571,0.0008215333754562691,0.007169596007955728,0.0038854443505547853,0.005632842662175039,0.0011691973020187152,0.003622806857430651,0.0019011083472828276,0.007000159881809937,0.001298643423813249,0.012640821719596367,0.0009760049995396823,0.004435741575401307,0.0019833678736743336,0.009430944901324187,0.880606577057047,0.003189674017118321,0.01628599928402498,0.02012781201059598],[0.009876492894513172,0.0006856081833643469,0.008453913839850754,0.00044362926243445033,0.0034965679628944785,0.012495317871630439,0.0038416353271797953,0.0054057120235950695,0.013165439528853481,0.0017500672448757908,0.0013458658865546428,0.009756375953874196,0.006455611313561105,0.0012813615298239254,0.004376098923754723,0.0013555769168646663,0.005583379768416075,0.005197450495183491,0.0011161670214742056,0.002167448026419608,0.010485130719034723,0.0011413083808490875,0.8800435739107362,0.002121920380362324,0.007958346633899311],[0.0017284960911171628,0.017029162075677687,0.006105153521463155,0.0005001726846591585,0.0021115185001076508,0.009060599982193133,0.007969891911580046,0.0029957262622955392,0.0026158005536135796,6.643963052168366e-05,0.00019916519958018575,0.012305421768154452,0.005902700808816185,0.0019157767266123795,0.0005645861537633992,0.003997421236076334,0.0022537483551473836,0.00392164250786777,0.005385532202155006,0.008374050164047742,0.006573384525446369,0.008243768629131365,0.002841621379037745,0.8806514292342127,0.006686789896722235],[0.005086094452264746,0.00023342671439705552,0.0067320840857077345,0.000526750542990383,0.003966046689194636,0.0014148750727694774,0.0014553146426751573,0.009632183150398474,0.008098010416117709,0.00028307008060263135,0.002920256328642434,0.002677177879933491,0.010274152799556908,0.003624989653972221,0.0042247020335977525,0.007247076996492381,0.009990133113608465,0.0015201243789154937,0.0024276873272868304,0.004917684663955377,0.005110374541342115,0.002946684036115015,0.015795506544463676,0.0032708733948674106,0.8856247204601324],[0.8825533928019836,0.011072982497431098,0.007646640069634745,0.004190481882601964,0.0006070199857071454,0.0015913986705182383,0.00039111129964799086,0.006815416851952934,0.0019482875172965317,0.0015136632825148376,0.003343720223899554,0.012009452698655748,0.007861144511223104,0.0019477036875467394,0.00674314625013152,0.0001820141924823999,0.0020146264065651373,0.0010845436111646923,0.007193967953482209,0.009214203496489515,0.011039148936165016,0.003676300567613475,0.00045546993817447627,0.004269799844482056,0.010634362822635185]]",0.03708507734768588,0.16636156927557155,1,7,0.125,103.17455003349043,6.1152131426813865,6.115213142681387,97.05933689080905,1.9258298453046283,6.5178473088361155,True,True
25,1,reversible,"[[0.012505551369735104,0.02157705915568621,0.0437471356134661,0.03595760854676604,0.025109351736043294,0.051558883561198324,0.0573530286334595,0.05633149147866242,0.0639256344141168,0.03615539311004598,0.04758073120161665,0.03337721978825134,0.04718054955148863,0.05008978971694068,0.059049563271347145,0.07705616310359173,0.02008398302496213,0.009799290873014559,0.061385337108021985,0.03330175576785556,0.017867095714977514,0.027854514634844525,0.05330629972958212,0.026017359693653364,0.03182920920067221],[0.020209443993518622,0.0519164458038523,0.0413926827131509,0.03919453815582294,0.023627857867867936,0.06531570075472388,0.05390289917255889,0.05566300966994641,0.016823657180718397,0.01820723781490109,0.0534896740163875,0.04210149081914357,0.04100034261370995,0.04292888509199797,0.028030511270442128,0.04107920881986007,0.054552850997809085,0.038315556361896076,0.034710761167319464,0.03742550515201542,0.034640424596838464,0.056018766654293825,0.045460399202077575,0.021486663266115362,0.04250548684303217],[0.043525734478896794,0.043970150023900374,0.07806879317688205,0.0758560777626398,0.039073237445201345,0.04723311439502099,0.0077567024605501855,0.035492395081970406,0.05638116978516411,0.047485772618434036,0.06241826406549431,0.05747473951770548,0.011368799546156603,0.01685916170618423,0.03950000552274668,0.04032404207317178,0.03888269787545773,0.032135913970425437,0.020921394657926695,0.02329227912107069,0.025188775487469662,0.05268674858838603,0.04978875548122551,0.029574723747704833,0.024740551410214293],[0.0326644941114174,0.038014438027714,0.06925944922286797,0.0661686249089166,0.029756702640588852,0.033467862655119,0.037407741740033265,0.03375590827784703,0.037446483108919924,0.03696630306856104,0.058128253763374674,0.02899613161902644,0.039984707320281386,0.03229636019541999,0.040924882684928394,0.04311070673593042,0.058829023384949115,0.03421231366229697,0.015212798695855359,0.025255904245213803,0.03517835239898262,0.04353121558966587,0.04725362254888472,0.06956012357725054,0.012617595815954417],[0.024191655140607546,0.024304814967213217,0.03783667747761976,0.031559473635642654,0.04695566763484777,0.06816372265376697,0.03828451606348162,0.04641981426775035,0.052608858880622465,0.07278057985195077,0.04003039595509399,0.015101745046206436,0.03917120882585084,0.029717119178516927,0.0268854160834724,0.06923057243628712,0.04554736721420776,0.0603543891728801,0.04216175697611354,0.03527659933434916,0.023551285953590146,0.015341462688760295,0.03370073884664043,0.0463561961459246,0.034467965568603216],[0.04453947592566292,0.06024168009059261,0.04101018178504642,0.031826174497989065,0.06111739233373209,0.009952840157664433,0.0339095423651121,0.046092403211919146,0.04980508523637345,0.056616017566413206,0.026557947139782382,0.05298935872369283,0.0397171803715678,0.044094437532378496,0.030104142754375455,0.04166071070048535,0.0352715314511991,0.035866230086888065,0.04056878208185283,0.03782576025557564,0.01949077354712075,0.04829862351838467,0.03087401282926342,0.033283123643190006,0.048286592193737696],[0.050609714910446,0.050784074906563836,0.0068795206883299756,0.03633740330849241,0.035064739240661384,0.034638403352590844,0.06603268138489107,0.011286369225677093,0.045683010058737705,0.05558643375080631,0.03456752201831648,0.01799734332766042,0.06212691856683477,0.05969547488446834,0.04796127758928918,0.038112886057743385,0.02752925190228947,0.009983854820185737,0.033987368072191666,0.01957989816419988,0.04932983511098661,0.062118597006804555,0.05345640179702337,0.052021246554307655,0.038629773300501984],[0.052364506330690314,0.05524466381810616,0.0331607683407734,0.03454223426615339,0.04478773288653707,0.04959906823587695,0.011889469658466888,0.05501869893467786,0.028570185932608756,0.0657788225627632,0.047244568299552904,0.056853097064499286,0.02725926950854806,0.057224385463700456,0.030414339488242473,0.024674112811140476,0.012131313303093222,0.05381964718513029,0.04045390633990644,0.033578572454830063,0.03499286373926216,0.0235228303034917,0.022980566028275574,0.06377477002088468,0.04011960702278824],[0.06101279908046318,0.017143685847252416,0.054085830042170525,0.039343392219672826,0.05211643521001366,0.055027273213160394,0.04941093594002443,0.02933412958035271,0.036372925123844636,0.00767673424634233,0.017872750190797437,0.03732712211341734,0.044178879941257826,0.05506821450645363,0.06291316414222368,0.04258942335278394,0.030785033590404756,0.02859185595076734,0.031500039528255745,0.015035923152173107,0.04773940688993799,0.02646778528184021,0.06557639146994097,0.04190091937885639,0.0509289500075926],[0.03370584892246023,0.01812233414187659,0.044493769907188896,0.037936133537871196,0.0704235008794703,0.06109840900575674,0.05872505870695255,0.06596787794121953,0.007498299541670779,0.02809748898151162,0.018097194755739586,0.04190887016253765,0.016483163887185025,0.050146273597188255,0.045173998014497826,0.06457694872676954,0.043033022248389584,0.020789146649888988,0.059601200883312895,0.02473088784954407,0.062028304261592296,0.03676281380772235,0.022153353158418296,0.04460510925426875,0.023840991176966364],[0.04716485018669634,0.05661026470345373,0.06218742119032833,0.06342923705610284,0.04118576630500728,0.030474757030603924,0.03883095407764358,0.05037945545984241,0.018562344560238756,0.019242718456536332,0.06534042022966943,0.03884139547403232,0.03177458791660455,0.01759442615716716,0.03459449236941912,0.028267578241737125,0.01830356416499041,0.05585736289913627,0.024971929808726867,0.0354386942491293,0.03797529775633239,0.06446139082699631,0.0521839990164516,0.024353845495621917,0.04197324636753163],[0.028402571779572026,0.038251006654426885,0.049157301391320116,0.027162043075522488,0.013338425244266287,0.05219808537197558,0.017355549748094678,0.05204462359123237,0.03328021415289618,0.038254389743731354,0.03334379173275391,0.03895698116629857,0.04398442396823457,0.0350311157589849,0.046461613646315916,0.032337923034702266,0.03638919085808236,0.04620595435410847,0.043287427569243066,0.05655871097945214,0.04891600983203762,0.048385051187115134,0.06161518675118067,0.04493467594821508,0.034147732460237334],[0.04251059356567082,0.0394420561119552,0.010295615070800814,0.039659109544830415,0.03663288017819787,0.041425807726077214,0.06343609678487513,0.0264218135663543,0.041706425730023415,0.01593098279309609,0.02888196605521553,0.04657207358531855,0.04864534994319881,0.059521206701803456,0.049049657629608945,0.02349150936093325,0.03593298202210254,0.03738302189748784,0.02891516968901708,0.03802932091137596,0.049982675390767874,0.022874913968910247,0.056562248452960706,0.05037041774341827,0.0663261055759996],[0.047058879556104376,0.043060579552461786,0.01591958948514594,0.03340110370840056,0.028978039342597944,0.04795507598197784,0.06355595535388038,0.05783460159742388,0.054206013243305894,0.0505357665990481,0.016675548720779095,0.03867575823173818,0.062062594581600496,0.01484903231714304,0.05573052699572351,0.03480579116515393,0.05337687586053416,0.04709681039352794,0.03463768850555669,0.022399536894752863,0.032244768326452546,0.047690688686506874,0.05758031571034681,0.028702155246401618,0.010966303943435469],[0.04951893466269048,0.025097098149307502,0.0332931795760906,0.03777956122587506,0.023401369956620753,0.029223973793397594,0.04557931687425749,0.027437670019364313,0.05527773354882772,0.04063599978589609,0.0292667311229218,0.04578691516378313,0.045651642687020724,0.04974568076358472,0.010261577829305094,0.028688871319339754,0.047427731925211984,0.05294323542718149,0.06451460803236794,0.0628757805249094,0.042905814398264165,0.057096746311817645,0.03204031758241861,0.041272684785630634,0.02227682453391515],[0.06461029885195173,0.03677513936171746,0.033983017796157436,0.039791872454606546,0.060250715658575454,0.040437048247872816,0.03621501520422586,0.02225615576998355,0.037415385722135076,0.05808175203796023,0.02391088359174034,0.03186390402075735,0.02186105503443038,0.031063723049431575,0.02868489267639538,0.06107844025263671,0.04176897972380862,0.05249895887607707,0.02978851619967163,0.06042120241748123,0.035613180452156765,0.05629386317711926,0.019833723780022502,0.030802092772793034,0.04470018287029199],[0.021169805844190048,0.061393496558060215,0.041193333146587074,0.06826113918285705,0.049831071445002484,0.04303776879358959,0.03288394436489588,0.013755902370722549,0.03399857842384139,0.04865603278470383,0.019463249409479248,0.04507460407199708,0.04203645804849137,0.0598863447567999,0.05961352226797139,0.052508126963431316,0.005542897209808336,0.022623582571637244,0.04100673078052719,0.035156335594307676,0.042811931044020896,0.0415113656527721,0.03828872142483619,0.04694721464984232,0.03334784263962764],[0.00992465233635644,0.041431788043654376,0.03271258192684863,0.0381432734930216,0.06344529625546844,0.04204988239633486,0.011458859012012776,0.05863753918390675,0.030340106263824034,0.02258526205761251,0.05707077024025189,0.054993465767866075,0.04202046795144814,0.05077147431521665,0.06394057366136062,0.06341280648540909,0.02173777067763153,0.039617367988689735,0.04256310668093248,0.020191131688329107,0.05402416065985196,0.0110748354085101,0.04807661148612877,0.02133812451842448,0.05843809150090903],[0.06211327057415289,0.037499180491877476,0.021277171713566967,0.016945084332785548,0.04428007732385021,0.04751930984543752,0.03897263345829973,0.04403464035202501,0.03339526918080588,0.06469080876899022,0.025490861334596937,0.05147235309663777,0.03247217089697668,0.03730579338154023,0.07784365380759754,0.035947960333317916,0.039364783758696356,0.04252383446239037,0.007278839644536603,0.054525396464004505,0.04791280351132614,0.02089516047665207,0.054901488659996854,0.030786441887148568,0.03055101224278986],[0.032382668605868324,0.03885537116788494,0.022764651379594224,0.02703480802623565,0.03560427395502941,0.04257861903795762,0.021576370866086395,0.035125455870434516,0.01531897469008414,0.025796039309461914,0.034764490457663826,0.06463049757619896,0.041042130838106504,0.023184202920085738,0.07290784984430833,0.0700713521544674,0.0324326231769144,0.019385879645093033,0.052399191216322985,0.052406292828036126,0.05936714512199474,0.03419791116937486,0.05313619471197184,0.05239429247884945,0.040642712951974566],[0.016861453969966245,0.03490295127157359,0.023891951631028002,0.03654529030531996,0.023068831690676958,0.021292592134267756,0.05275616122632632,0.03552505668342196,0.04720327959290556,0.06279120014301263,0.036153878786238165,0.05424810518438307,0.052351168790100815,0.03238977596619111,0.04828392917603488,0.04008274427356101,0.03833000229487836,0.05033944608094507,0.044686144781443476,0.05761581614434644,0.06062305744732757,0.027605395696318907,0.035605281432590216,0.026939382861132732,0.03990710243600904],[0.025694223855187617,0.05517106126167438,0.04884777881139659,0.044203388942830095,0.01468847112793366,0.05157426698387021,0.06493577261754375,0.023342303973244865,0.025580651920480344,0.03637612812958692,0.059986321720888636,0.05244977210750316,0.023418830528533798,0.046825360327315345,0.06280535370363163,0.061930785975862816,0.03632786709573614,0.010086872600044781,0.01904872300917406,0.03244098140910123,0.02698316118118591,0.03407977863690921,0.04911182176238845,0.05619634778336362,0.03789397453461276],[0.04381904468480178,0.03989840185775797,0.04113572472255762,0.0427596695023062,0.028753698069482643,0.029378921622543325,0.04979738719690372,0.02032166679927295,0.05647886754397465,0.019534021308308433,0.043274731111288614,0.05952023398409246,0.051603226825237165,0.050380913264450156,0.03140700889085146,0.01944438713077561,0.029859889969744383,0.03902092546009773,0.04460142518802494,0.04491892083081435,0.031013996514997415,0.043765359901475724,0.0599365598478642,0.054691485850316086,0.024683531922060287],[0.023493645264728195,0.020715434668912,0.026841785191255317,0.06914525686981808,0.04344751032951083,0.03479122065215719,0.053234160075718476,0.06195128564769852,0.03964284690165776,0.04320555729012462,0.022185406201220597,0.047682749768649745,0.050481071510082215,0.02758730781792531,0.044442174833377875,0.033172105709944284,0.040218881391657635,0.019024917305760527,0.027474318717318723,0.04865479666051779,0.025777083060035625,0.055011738403923344,0.06007897850730153,0.017022653779840663,0.06471711344086327],[0.03178725779596854,0.045322107561803764,0.024833624170905726,0.01387134873917171,0.03572833545690444,0.0558228716590477,0.043719163175893375,0.04310206945211716,0.05329003863741675,0.025539908702763306,0.042287540661511434,0.04007574255520602,0.07351526710235998,0.011657223412681186,0.026529306459174687,0.0532405024690213,0.03159569621734576,0.05762389180303228,0.03015317631763245,0.04174114916302335,0.04223148508935961,0.041025838503546595,0.02998818279267605,0.07157463927726232,0.03374363282417465]]",0.03531583838935985,0.9817727227625807,1,2,0.3333333333333333,47.29202466491005,2.023349971519814,2.0233499715198136,45.26867469339024,1.9293683232212804,34.21561895782992,True,True
25,1,skewed,"[[0.8549565411217211,0.0005634159522548638,0.003896773396346684,0.004018464783904997,0.0047541330827538175,0.003872044681011536,6.276883569955583e-05,0.014759588705204501,0.009974251108391825,0.004407787748449449,0.004897534719315118,0.010446442013438256,0.0007715517693385226,0.009219368146432925,0.003943700884785339,0.0025174709730513907,0.0041968184239621386,0.004020633839187503,0.011166453953647659,0.022523488143396508,0.00423421497736381,0.003126433996561492,0.004998595776099619,0.0056521080618035366,0.007019414905877772],[0.004956541121721147,0.8505634159522548,0.003896773396346684,0.004018464783904997,0.0047541330827538175,0.003872044681011536,6.276883569955583e-05,0.014759588705204501,0.009974251108391825,0.004407787748449449,0.004897534719315118,0.010446442013438256,0.0007715517693385226,0.009219368146432925,0.003943700884785339,0.0025174709730513907,0.0041968184239621386,0.004020633839187503,0.011166453953647659,0.022523488143396508,0.00423421497736381,0.003126433996561492,0.004998595776099619,0.0056521080618035366,0.007019414905877772],[0.004956541121721147,0.0005634159522548638,0.8538967733963466,0.004018464783904997,0.0047541330827538175,0.003872044681011536,6.276883569955583e-05,0.014759588705204501,0.009974251108391825,0.004407787748449449,0.004897534719315118,0.010446442013438256,0.0007715517693385226,0.009219368146432925,0.003943700884785339,0.0025174709730513907,0.0041968184239621386,0.004020633839187503,0.011166453953647659,0.022523488143396508,0.00423421497736381,0.003126433996561492,0.004998595776099619,0.0056521080618035366,0.007019414905877772],[0.004956541121721147,0.0005634159522548638,0.003896773396346684,0.854018464783905,0.0047541330827538175,0.003872044681011536,6.276883569955583e-05,0.014759588705204501,0.009974251108391825,0.004407787748449449,0.004897534719315118,0.010446442013438256,0.0007715517693385226,0.009219368146432925,0.003943700884785339,0.0025174709730513907,0.0041968184239621386,0.004020633839187503,0.011166453953647659,0.022523488143396508,0.00423421497736381,0.003126433996561492,0.004998595776099619,0.0056521080618035366,0.007019414905877772],[0.004956541121721147,0.0005634159522548638,0.003896773396346684,0.004018464783904997,0.8547541330827538,0.003872044681011536,6.276883569955583e-05,0.014759588705204501,0.009974251108391825,0.004407787748449449,0.004897534719315118,0.010446442013438256,0.0007715517693385226,0.009219368146432925,0.003943700884785339,0.0025174709730513907,0.0041968184239621386,0.004020633839187503,0.011166453953647659,0.022523488143396508,0.00423421497736381,0.003126433996561492,0.004998595776099619,0.0056521080618035366,0.007019414905877772],[0.004956541121721147,0.0005634159522548638,0.003896773396346684,0.004018464783904997,0.0047541330827538175,0.8538720446810115,6.276883569955583e-05,0.014759588705204501,0.009974251108391825,0.004407787748449449,0.004897534719315118,0.010446442013438256,0.0007715517693385226,0.009219368146432925,0.003943700884785339,0.0025174709730513907,0.0041968184239621386,0.004020633839187503,0.011166453953647659,0.022523488143396508,0.00423421497736381,0.003126433996561492,0.004998595776099619,0.0056521080618035366,0.007019414905877772],[0.004956541121721147,0.0005634159522548638,0.003896773396346684,0.004018464783904997,0.0047541330827538175,0.003872044681011536,0.8500627688356995,0.014759588705204501,0.009974251108391825,0.004407787748449449,0.004897534719315118,0.010446442013438256,0.0007715517693385226,0.009219368146432925,0.003943700884785339,0.0025174709730513907,0.0041968184239621386,0.004020633839187503,0.011166453953647659,0.022523488143396508,0.00423421497736381,0.003126433996561492,0.004998595776099619,0.0056521080618035366,0.007019414905877772],[0.004956541121721147,0.0005634159522548638,0.003896773396346684,0.004018464783904997,0.0047541330827538175,0.003872044681011536,6.276883569955583e-05,0.8647595887052045,0.009974251108391825,0.004407787748449449,0.004897534719315118,0.010446442013438256,0.0007715517693385226,0.009219368146432925,0.003943700884785339,0.0025174709730513907,0.0041968184239621386,0.004020633839187503,0.011166453953647659,0.022523488143396508,0.00423421497736381,0.003126433996561492,0.004998595776099619,0.0056521080618035366,0.007019414905877772],[0.004956541121721147,0.0005634159522548638,0.003896773396346684,0.004018464783904997,0.0047541330827538175,0.003872044681011536,6.276883569955583e-05,0.014759588705204501,0.8599742511083918,0.004407787748449449,0.004897534719315118,0.010446442013438256,0.0007715517693385226,0.009219368146432925,0.003943700884785339,0.0025174709730513907,0.0041968184239621386,0.004020633839187503,0.011166453953647659,0.022523488143396508,0.00423421497736381,0.003126433996561492,0.004998595776099619,0.0056521080618035366,0.007019414905877772],[0.004956541121721147,0.0005634159522548638,0.003896773396346684,0.004018464783904997,0.0047541330827538175,0.003872044681011536,6.276883569955583e-05,0.014759588705204501,0.009974251108391825,0.8544077877484494,0.004897534719315118,0.010446442013438256,0.0007715517693385226,0.009219368146432925,0.003943700884785339,0.0025174709730513907,0.0041968184239621386,0.004020633839187503,0.011166453953647659,0.022523488143396508,0.00423421497736381,0.003126433996561492,0.004998595776099619,0.0056521080618035366,0.007019414905877772],[0.004956541121721147,0.0005634159522548638,0.003896773396346684,0.004018464783904997,0.0047541330827538175,0.003872044681011536,6.276883569955583e-05,0.014759588705204501,0.009974251108391825,0.004407787748449449,0.8548975347193151,0.010446442013438256,0.0007715517693385226,0.009219368146432925,0.003943700884785339,0.0025174709730513907,0.0041968184239621386,0.004020633839187503,0.011166453953647659,0.022523488143396508,0.00423421497736381,0.003126433996561492,0.004998595776099619,0.0056521080618035366,0.007019414905877772],[0.004956541121721147,0.0005634159522548638,0.003896773396346684,0.004018464783904997,0.0047541330827538175,0.003872044681011536,6.276883569955583e-05,0.014759588705204501,0.009974251108391825,0.004407787748449449,0.004897534719315118,0.8604464420134382,0.0007715517693385226,0.009219368146432925,0.003943700884785339,0.0025174709730513907,0.0041968184239621386,0.004020633839187503,0.011166453953647659,0.022523488143396508,0.00423421497736381,0.003126433996561492,0.004998595776099619,0.0056521080618035366,0.007019414905877772],[0.004956541121721147,0.0005634159522548638,0.003896773396346684,0.004018464783904997,0.0047541330827538175,0.003872044681011536,6.276883569955583e-05,0.014759588705204501,0.009974251108391825,0.004407787748449449,0.004897534719315118,0.010446442013438256,0.8507715517693385,0.009219368146432925,0.003943700884785339,0.0025174709730513907,0.0041968184239621386,0.004020633839187503,0.011166453953647659,0.022523488143396508,0.00423421497736381,0.003126433996561492,0.004998595776099619,0.0056521080618035366,0.007019414905877772],[0.004956541121721147,0.0005634159522548638,0.003896773396346684,0.004018464783904997,0.0047541330827538175,0.003872044681011536,6.276883569955583e-05,0.014759588705204501,0.009974251108391825,0.004407787748449449,0.004897534719315118,0.010446442013438256,0.0007715517693385226,0.8592193681464328,0.003943700884785339,0.0025174709730513907,0.0041968184239621386,0.004020633839187503,0.011166453953647659,0.022523488143396508,0.00423421497736381,0.003126433996561492,0.004998595776099619,0.0056521080618035366,0.007019414905877772],[0.004956541121721147,0.0005634159522548638,0.003896773396346684,0.004018464783904997,0.0047541330827538175,0.003872044681011536,6.276883569955583e-05,0.014759588705204501,0.009974251108391825,0.004407787748449449,0.004897534719315118,0.010446442013438256,0.0007715517693385226,0.009219368146432925,0.8539437008847853,0.0025174709730513907,0.0041968184239621386,0.004020633839187503,0.011166453953647659,0.022523488143396508,0.00423421497736381,0.003126433996561492,0.004998595776099619,0.0056521080618035366,0.007019414905877772],[0.004956541121721147,0.0005634159522548638,0.003896773396346684,0.004018464783904997,0.0047541330827538175,0.003872044681011536,6.276883569955583e-05,0.014759588705204501,0.009974251108391825,0.004407787748449449,0.004897534719315118,0.010446442013438256,0.0007715517693385226,0.009219368146432925,0.003943700884785339,0.8525174709730514,0.0041968184239621386,0.004020633839187503,0.011166453953647659,0.022523488143396508,0.00423421497736381,0.003126433996561492,0.004998595776099619,0.0056521080618035366,0.007019414905877772],[0.004956541121721147,0.0005634159522548638,0.003896773396346684,0.004018464783904997,0.0047541330827538175,0.003872044681011536,6.276883569955583e-05,0.014759588705204501,0.009974251108391825,0.004407787748449449,0.004897534719315118,0.010446442013438256,0.0007715517693385226,0.009219368146432925,0.003943700884785339,0.0025174709730513907,0.8541968184239621,0.004020633839187503,0.011166453953647659,0.022523488143396508,0.00423421497736381,0.003126433996561492,0.004998595776099619,0.0056521080618035366,0.007019414905877772],[0.004956541121721147,0.0005634159522548638,0.003896773396346684,0.004018464783904997,0.0047541330827538175,0.003872044681011536,6.276883569955583e-05,0.014759588705204501,0.009974251108391825,0.004407787748449449,0.004897534719315118,0.010446442013438256,0.0007715517693385226,0.009219368146432925,0.003943700884785339,0.0025174709730513907,0.0041968184239621386,0.8540206338391875,0.011166453953647659,0.022523488143396508,0.00423421497736381,0.003126433996561492,0.004998595776099619,0.0056521080618035366,0.007019414905877772],[0.004956541121721147,0.0005634159522548638,0.003896773396346684,0.004018464783904997,0.0047541330827538175,0.003872044681011536,6.276883569955583e-05,0.014759588705204501,0.009974251108391825,0.004407787748449449,0.004897534719315118,0.010446442013438256,0.0007715517693385226,0.009219368146432925,0.003943700884785339,0.0025174709730513907,0.0041968184239621386,0.004020633839187503,0.8611664539536477,0.022523488143396508,0.00423421497736381,0.003126433996561492,0.004998595776099619,0.0056521080618035366,0.007019414905877772],[0.004956541121721147,0.0005634159522548638,0.003896773396346684,0.004018464783904997,0.0047541330827538175,0.003872044681011536,6.276883569955583e-05,0.014759588705204501,0.009974251108391825,0.004407787748449449,0.004897534719315118,0.010446442013438256,0.0007715517693385226,0.009219368146432925,0.003943700884785339,0.0025174709730513907,0.0041968184239621386,0.004020633839187503,0.011166453953647659,0.8725234881433965,0.00423421497736381,0.003126433996561492,0.004998595776099619,0.0056521080618035366,0.007019414905877772],[0.004956541121721147,0.0005634159522548638,0.003896773396346684,0.004018464783904997,0.0047541330827538175,0.003872044681011536,6.276883569955583e-05,0.014759588705204501,0.009974251108391825,0.004407787748449449,0.004897534719315118,0.010446442013438256,0.0007715517693385226,0.009219368146432925,0.003943700884785339,0.0025174709730513907,0.0041968184239621386,0.004020633839187503,0.011166453953647659,0.022523488143396508,0.8542342149773637,0.003126433996561492,0.004998595776099619,0.0056521080618035366,0.007019414905877772],[0.004956541121721147,0.0005634159522548638,0.003896773396346684,0.004018464783904997,0.0047541330827538175,0.003872044681011536,6.276883569955583e-05,0.014759588705204501,0.009974251108391825,0.004407787748449449,0.004897534719315118,0.010446442013438256,0.0007715517693385226,0.009219368146432925,0.003943700884785339,0.0025174709730513907,0.0041968184239621386,0.004020633839187503,0.011166453953647659,0.022523488143396508,0.00423421497736381,0.8531264339965615,0.004998595776099619,0.0056521080618035366,0.007019414905877772],[0.004956541121721147,0.0005634159522548638,0.003896773396346684,0.004018464783904997,0.0047541330827538175,0.003872044681011536,6.276883569955583e-05,0.014759588705204501,0.009974251108391825,0.004407787748449449,0.004897534719315118,0.010446442013438256,0.0007715517693385226,0.009219368146432925,0.003943700884785339,0.0025174709730513907,0.0041968184239621386,0.004020633839187503,0.011166453953647659,0.022523488143396508,0.00423421497736381,0.003126433996561492,0.8549985957760996,0.0056521080618035366,0.007019414905877772],[0.004956541121721147,0.0005634159522548638,0.003896773396346684,0.004018464783904997,0.0047541330827538175,0.003872044681011536,6.276883569955583e-05,0.014759588705204501,0.009974251108391825,0.004407787748449449,0.004897534719315118,0.010446442013438256,0.0007715517693385226,0.009219368146432925,0.003943700884785339,0.0025174709730513907,0.0041968184239621386,0.004020633839187503,0.011166453953647659,0.022523488143396508,0.00423421497736381,0.003126433996561492,0.004998595776099619,0.8556521080618035,0.007019414905877772],[0.004956541121721147,0.0005634159522548638,0.003896773396346684,0.004018464783904997,0.0047541330827538175,0.003872044681011536,6.276883569955583e-05,0.014759588705204501,0.009974251108391825,0.004407787748449449,0.004897534719315118,0.010446442013438256,0.0007715517693385226,0.009219368146432925,0.003943700884785339,0.0025174709730513907,0.0041968184239621386,0.004020633839187503,0.011166453953647659,0.022523488143396508,0.00423421497736381,0.003126433996561492,0.004998595776099619,0.0056521080618035366,0.8570194149058777]]",0.00041845890466372704,0.2774999999999985,1,4,0.2,585.3674207148603,13.32775388127115,13.327753881271152,572.0396668335891,1.9991630821906725,2.935572311092975,True,True
50,0,dense,"[[0.0028587010647422267,0.007571837786586177,0.012216947448526791,0.03370907086637205,0.00543252595173771,0.044059821799473396,0.02503288688998494,0.01886988690285722,0.011413108606821147,0.026384515912556167,0.029678962701920622,0.008047899478658686,0.010941150819095288,0.009986509109576701,0.0006405467859966554,0.00012128816095086111,0.009896198981682305,0.05512010019184483,0.009782897170807046,0.0004966534721332858,0.006404430275075996,0.027944505265877155,0.011691455303005142,0.0021905407010784695,0.03168331368320272,0.0841797072344058,0.10558337293881336,0.01739728095479773,0.03724827997672773,0.0053057359305730785,0.02462559511071003,0.02843085915285684,0.007292087920979355,0.005199324098545546,0.0041833431247438125,0.01923084934533144,0.0044489391786943,0.011247025619780126,0.0634982083751543,0.0435630732981678,0.025630560250694778,0.016165839937693,0.013313599241220763,0.007592848369743783,0.0012324759350923278,0.021768919373813804,0.003304242482123135,0.0007432152236822331,0.018423730698756056,0.028215130896335275],[0.002561668940253579,0.0402620711127756,0.005269042651902172,0.11661629831854539,0.013414595893811236,0.09498942301674344,0.032722251035623984,0.025604698109903526,0.0003592766728801194,0.02234216469929717,0.042698932513266126,0.01626175685238026,0.0030272960626935783,0.006816155852331574,0.014076525209064474,0.0024261902771277825,0.02878949025758188,0.015931530575041906,0.009680405973572316,0.07138991098450928,0.012570808663892255,0.016452079901916387,0.009167547093027473,0.0012630706765825769,0.0020530375837265816,0.021018520358574426,0.003187384756065449,0.010506137058938481,0.0020676874894194424,0.008960470661617384,0.000693463999885885,0.025476071979189302,0.004836422457635227,0.004897919805684326,0.026848920511757895,0.003279271473099755,0.018336543810987798,0.040498176863706145,0.02004231548566985,0.0038504698039621326,0.020866386260856844,0.0012650910118967777,0.02345078270107207,0.0020629713154678964,0.05033694616844515,0.025985928692196587,0.02811127138011381,0.016402326948284383,0.022135203708005185,0.008137086369017027],[0.053606673493221006,0.0032440304674627514,0.09926709131523587,0.07268195794538973,0.010603133797772597,0.0003680933176975551,0.03253989836116999,0.07211498024238991,0.008575566682427756,0.004458763134428699,0.015764658816794185,0.0006336037284358397,0.0026441406643411265,0.039921033141021155,0.015251227959075853,0.003764397088252733,0.0020723941728137563,0.0059282721437778985,0.006096974507363411,0.0042500680489789945,0.001412860171531839,0.008731920114062958,0.018066264042591273,0.003879717662175742,0.013468587348523454,0.001957957093300898,0.033187396247240694,0.007671289268039162,0.02564576578512296,0.023102445083394308,0.0031013665583803037,0.04551963713390116,0.030792185133993528,0.006311285800331558,0.0346651855057607,0.027189054811118614,0.022604399387416138,0.01010086767184841,0.03443591862517972,0.07309442155717949,0.0016395034296849604,0.006270302866045583,0.025740898075334646,0.0066346591796397495,0.019191494331073037,0.0410713213094025,0.005597984663783385,0.0020351946918759495,0.010151218188020216,0.002941939235996224],[0.030396653252698313,0.005543869291374765,0.0006039627946827816,0.02010383959644779,0.00021875500799728892,0.005097344648381389,0.01973294465276117,0.0069470617578000745,0.00982922227818449,0.026128316604660744,0.004601862082865891,0.005211967189149128,0.0479378269948042,0.011944479463076972,0.009828124253852972,0.05465495716993815,0.03054225128289593,0.03306503464142915,0.023952376288156378,0.006101586251399198,0.004123735028784547,0.0005435698445876394,0.03530615698845457,0.03310103428688754,0.05033221455609117,0.009850988145799426,0.07052180798412165,0.003681149729491318,0.004394074717927377,0.025872087063118707,0.0032786684489806072,0.08442711458543793,0.07054687435616065,0.0003186019018951708,0.04528691701114757,0.0027265348390450115,0.0029980564023069506,0.025930203297715036,0.01936471260748061,0.023294908623937616,0.014383665530549606,0.01840415528207436,0.004741239543114958,0.017822603110449108,0.014911484172188641,0.007380465220028323,0.003936928971271004,0.0317232571641264,0.008413731417881164,0.009940623666388607],[0.0053941550668100725,0.015222261276018412,0.027771352531816187,0.02858512534053231,0.0391856663583299,0.0003791158642148579,0.0020556998901395704,0.0154607173254113,0.014963321904423626,0.0801366905833432,0.013627113603067086,0.024840772630627485,0.0015377878060697737,0.003117348702535605,0.036204239480248965,0.029761324568899555,0.000464166460082002,0.04939344858147794,0.052257163385466564,0.025210652168739193,0.011810512710621607,0.010160218196108873,0.04386072753145241,0.019508142802645793,0.004408685063332561,0.004178071567111452,0.010604452170785802,0.027178998193339535,0.004054493700050396,0.026749203317291116,0.06928870058582173,0.001566930520225246,0.028138441706210403,0.006626992865197461,0.015990933954555576,0.0008413306959347002,0.002825806266661735,0.009841838131218469,0.011729380961309365,0.030756117928046448,0.01264722398598562,0.022584420342912224,0.005911966348561008,0.07171320854302289,0.00018590359627470684,0.021135235994210418,0.00014060832468114993,0.014524231944000496,0.0032098769398106264,0.04225922158436664],[0.02981691642223398,0.006191398674566978,0.007107424963858668,0.011689903592122452,0.019285279560132533,0.004931429501590706,0.005903984011933327,0.011588811096621365,0.005481349173148252,0.004654913997607538,0.025410197335287203,0.01769951053321886,0.03625112941849783,0.008073858490277972,0.03606596173385214,0.010736810593605794,0.016677759739419547,0.025099905422663906,0.028999874949976762,0.011458224976007883,0.004799954565879161,0.06880466528437308,0.0017098916556467785,0.024373617987197862,0.0017229118051685622,0.039873776984084834,0.0410043380822607,0.006920031545126316,0.02099568825339601,0.027389068950448552,0.0032263619445465916,0.09727341425699185,0.006696826100244296,0.013311643743421912,0.002198589673226615,0.03330132963171923,0.007683223610628043,0.01139639835153738,0.00016981489734048922,0.0789438212654472,0.006700319425064429,0.016927860516682637,0.02639232673996087,0.006472978035372173,0.003192818326289659,0.0408223614429694,0.0019563867169074657,0.0329613999410762,0.025341184377522013,0.0243123517028459],[0.003759510741660914,0.027207345842889932,0.0132893037100317,0.05556930724360832,0.0013490303761111125,0.03187318778037922,0.04170033182185667,0.003199445721791964,0.06426338163265728,0.10603876461758273,0.0057226864639866246,0.023292948002114604,0.01934379377430184,0.00028262131418085363,0.0003391639501456094,0.003236848004519329,0.0033757301655866997,0.03851329207002273,0.014884841042200376,0.0018450905544622328,0.036342941256864165,0.019679842048699023,0.009522227867964911,0.011053249791235625,0.015361992032561536,0.017346336388496798,0.033807268690045654,0.002450588312512058,0.0005808376003807548,0.02861671607272465,0.006599884984567108,0.0022046280543555168,0.02381182439230736,0.05237681661245645,0.02972097519031485,0.03222973935295643,0.004863224375659131,0.03651672259390587,0.023669843265362433,0.002248257050769033,0.028136947311892414,0.007480982439113522,0.00010663017407150462,0.015990124452799594,0.027703684730491267,0.006280549048593,0.0492133072469008,0.007338277598713746,0.0007843020584126128,0.008874654174781494],[0.013869882129600355,0.0021703778500495735,0.05286632164861572,0.0017110457448725387,0.04667102201919989,0.05376256182533443,0.0037996561425485396,0.01137003321668501,0.03504183242014757,0.019117795698048622,0.0140495982209842,0.007279764486044737,0.011432730086172566,0.0005585166121742989,0.040925754256712556,0.025853463088329327,0.049160346939184855,0.0008084986485482118,0.0014015791269571393,0.01031802320550104,0.011837510831256785,0.0737907733176893,0.019320792128617332,0.053782039314030264,0.029291151134283062,0.013676660355724266,0.011801569661929839,0.020003397844587465,0.0011024898190056353,0.05410205061709666,0.020477142948979694,0.0022545313096418666,0.009583462632975676,2.9558229545269715e-05,0.03410319363857471,0.008618789379096986,0.009429226185849692,0.0004974687648546768,0.04380426293380432,0.015080795155373401,0.018251957006921535,0.034071713336754704,0.029136772006521205,0.0012565416739509663,0.002408081465420142,0.008691073915698521,0.011026976713026757,0.017226194365348998,0.0017422385807273986,0.04143278136700178],[0.017158274190473877,0.002344443243214261,0.014027337419024061,0.023825895361624237,0.07244591230677898,0.047385238326593936,0.011221689947732748,0.006007283583226446,0.014202733117250461,0.011626495051635663,0.01339275134085075,0.02937414971335191,0.006773655732353736,0.0034758060896590316,0.034598101431755145,0.014344450694656702,0.01713329342282122,0.023478591854457026,0.028636869723036303,0.05334333707703529,0.008074047441605165,0.0044580425246642285,0.017425081680978158,0.005857828930269141,0.06546961517897952,0.01706119370697559,0.02904314306051138,0.0011167998467841685,0.008082132855184257,0.017547541429416443,0.008175593210591749,0.015242158894891313,0.0005783023101265793,0.049899452607447235,0.0120282702910817,0.0023609182808973957,0.0025280068619525776,0.05431012187674617,0.004814817778659125,0.04033888134926966,0.054124420228735426,0.007810007622930784,0.022127489324240558,0.048580688889033344,0.006729926372103045,0.004657069309584244,0.0055385487629684895,0.025390919859328405,0.014182257073533919,0.0016504128129785213],[0.005855855746432039,0.009144554813522453,0.014817760472696496,0.01434020970815397,0.01879685532963011,0.005166401782380583,0.0003229940033365304,0.015586125889635954,0.006948262493187208,0.009827842896239933,0.030431233675796452,0.01056218816600377,0.047163402577777694,0.0007582073504525143,0.047713014153262005,0.011519719438962003,0.02228145466341212,0.0062496345027971915,0.013719785315005483,0.029876613228770273,0.00937993375273025,0.005456011954550549,0.061074422591734456,0.015221389749741842,0.016428217863291496,0.010703779925715974,0.018430707973474986,0.03758665406313615,0.04332218330167698,0.0444946798104654,0.0589260682562124,0.0015867984105654668,0.04025461775232538,0.003171451313853632,0.02272522425830038,0.021052735733649207,0.001375082972735164,0.013141638854446008,0.014113467817370341,0.01705549293100681,0.013719526694885823,0.0345170224981177,0.11209515791342137,0.016639856092939314,0.007733978864607562,0.005780846594667372,0.002291376206814891,0.02078682195064546,0.00031590064000757567,0.009536837049455281],[0.009098189584408998,0.010506980787802558,0.0445344475690069,0.0015667865490002354,0.011059690396138822,0.018859001623711277,0.007939936624001385,0.011883831712862733,0.01325692536768526,0.008036219616887452,0.015899780781083218,0.022795343709743014,0.0014223704654980017,0.029394807072327327,0.024833446764552996,0.04245648348080096,0.013681626301200718,0.008748470268621649,0.02737385006172183,0.008878133234546235,0.02202041576527393,0.0019559668106614624,0.006001314668735859,0.027596873276983323,0.03396715523953003,0.04451927452254942,0.030545482731867718,0.010717343867044492,0.032415546842169796,0.0005037673636343033,0.015866719818579768,0.11872108861693079,0.015976784809051812,0.016527784984658428,0.01630406549733444,0.008959381761720564,0.022328114401943062,0.02252606518881039,0.015063573594936664,0.021902372361183788,0.0436191561456181,0.005344990698367535,0.015230254923646205,0.0007636077680621218,0.011319173094870115,0.017609645766458456,0.032791604338165345,0.014068333112375082,0.026725948729757917,0.015881871327477603],[0.07215273653876786,0.04843270277196194,0.016832021523070152,0.0037911095744219744,0.004990352002351102,0.0033029162288670637,0.0026104187719874026,0.011906042934680427,0.004351956946859263,0.0022131305559548848,0.0493094591188477,0.013724924348814567,0.009336098054182644,0.062241208415937055,0.0040111537628267175,0.02611145425261837,0.051981266626625174,0.0025949778126544204,0.006394009996899489,0.013237145519220771,0.006503359550089812,0.0289587735796506,0.009833766134212375,0.0012090475541101336,0.006736607105903977,0.0306820581928687,0.01602757795028875,0.004672233373071008,0.0022474656484988667,0.018830002023334205,0.004333472577734675,0.016941158937587245,0.009125827743030184,0.04715495049383472,0.015854027780537232,0.01727481743851573,0.07881039865491395,0.013563881243881767,0.043755184756024745,0.03655012932868293,0.0015449823525179036,0.04567924104936327,0.00161115030999873,0.007181566042533032,0.041763513928952674,0.0017445217717211782,0.024568383446079856,0.025258160983462192,0.025230303488921656,0.006828350802128779],[0.018118102082895084,0.013041484486616751,0.027211099866837944,0.013025176169044871,0.009639610809114593,0.0018481798892382732,0.0315232317308213,0.022823934676419633,0.0005451309755482701,0.013028425047757008,0.03505986920413255,0.042686992273895975,0.008401541336870154,0.005555585921937084,0.004338829668186724,0.04373460020906502,0.05963068171776357,0.022169834047821694,0.043820443802082505,0.006481199722621378,0.020919843801031436,0.012688715083404845,0.014618075159029544,0.033813233745075104,0.02900803522639273,0.03428968674841948,0.014439232330982687,0.002637658314837494,0.0179355718539143,0.007586718774582991,0.03546533831712087,0.00656475236829844,0.021591559759043158,0.055531640081248,0.028550180114961663,0.0027028055415793746,0.030603622994602356,0.0020494957776183184,0.00860200991164566,0.006196664736863486,0.02077255853494482,0.015762996866463024,0.024136540798634767,0.00671126733178163,0.02352424796460528,0.003910999029135571,0.04432371826790834,0.010110091997512508,0.028134125012542078,0.014134659917149732],[0.036741147626366946,0.007828225583675666,0.038612228519267724,0.025695364842012975,0.016785756543173602,0.017822721409326354,0.014861388572020635,0.05942328809817434,0.0032352900182307876,0.016072225479764574,0.006513111585358737,0.04139915072447437,0.007409394531216721,0.022466071642695484,0.01775421617234142,0.0015181714774365445,0.04296924778054159,0.019217323530235534,0.004323916907046792,0.0018750189949343545,0.0042220215751057055,0.009960249552566521,0.00767668235659903,0.005701488561179675,0.004741549585291635,0.0444370318368352,0.006390140228461288,0.004056466534972139,0.025793820468812876,0.004149096139017895,0.0007682790515456322,0.049647629771728354,0.006469696626124609,0.0013569525426372255,0.014896166002906096,0.031675602007206954,0.12981584441292085,0.019587080509570712,0.00314987512112805,0.02413637684405179,0.02055000512301624,0.007190991192658176,0.048183050226988246,0.018723173620703564,0.04516438530182499,0.006714177860306166,0.0011054573461382286,0.017825706178889112,0.0008514963291454096,0.032536247053372526],[0.036435982352861024,0.005073702999022464,0.015682703779842887,0.00013144702232205423,0.011383724552974,0.026444800745956218,0.012513956639590365,0.007323818032125888,0.011006673697533654,0.028198576549113872,0.0031807589503669645,0.004992943156537331,0.0008663094840855399,0.02160604264383605,0.0009721293849998694,0.019175423435646877,0.018800078232861686,0.02559915721784774,0.05222814105278883,0.021286249488502117,0.01526970285830294,0.038696775351166564,0.07132580642935174,0.01639560307029421,0.013547640971269667,0.00616817210566539,0.0446839705029813,0.021624877948892708,0.021985278520176038,0.04636401373792897,0.013210497918757884,0.05713553848828761,0.0005731917502046315,0.01822265674254224,0.01956109111813928,0.0472030401150142,0.01933554119360945,0.004491691885857064,0.008690667875120647,0.023092355921441928,0.03629005489090716,0.017978134500828122,0.010484339237892486,0.03844304128238064,0.00876508763513178,0.0048067397338817635,0.00860888337565519,0.023309146996675755,0.002020641656199239,0.018813196766628085],[0.010609004663599299,0.008282487010611805,0.005163745846664945,0.005899561900157448,0.0018123414394755973,0.026174658064353064,0.00797082809704291,0.00699188039927826,0.023359960699158033,0.047643161352390405,0.022984267578741894,0.018630451499929354,0.037635739657702616,0.002039920028997638,0.002206436018144614,0.0016275635904510987,0.03876810586554967,0.060141026599865824,0.05317846691928819,0.003921026846614127,0.0468587074530539,0.0031701910488938713,0.04985588812421476,0.06122392436160388,0.0026038794477044264,0.0038843749869384844,0.007876453220569247,0.01684321092092992,0.013020471160517461,0.029927946654174257,0.0012948445021504693,0.05440270041055025,0.003529601683123882,0.00965563523449761,0.0031021996457953073,0.045109961737870324,0.012046246269737172,0.028093657895671944,0.03402405000376946,0.01699970060783645,0.013816993400173946,0.017766535156887267,0.017688331397664427,0.011920296784788235,0.0053787349079675514,0.014594891368798565,0.004579536753576664,0.05281765801957341,0.000500170447667559,0.03237257231528218],[0.00114414829464445,0.02737333543662434,0.015738251842447606,0.031809676039251965,0.023065015442227662,0.022422822654387446,0.01930821151287039,0.02893656883197379,0.006222976971879901,0.04114946068841547,0.0071823191770703084,0.019403624289799973,0.03319361588696032,0.02417239726357285,0.02234408874426645,0.04928366599901355,0.0033550658747173836,0.0019657634095485705,0.004388069203138077,0.030961444360394788,0.015927184171403628,0.01646682852999617,0.026750468565342314,0.0029419775981020004,0.03208836317539129,0.006298921977355398,0.02418499663835943,0.027884175368628045,0.021220271659615268,0.07117110018121334,0.025198845113437576,0.007135181771327419,0.017839307767714488,0.023137939094986272,0.00579159694303668,0.012775403201025503,0.015501245832317309,0.015295716481899362,0.013712668195540416,0.007050554642753687,0.004288557491174024,0.04575722483652043,0.02471829032926967,0.001931547356034416,0.022899671170070617,0.0064743695524215085,0.007714543417296012,0.022639220784291536,0.05147191721012186,0.010311389020148855],[0.024891120577993593,0.007511723465940658,0.004597838118901555,0.012444002971598216,0.042248859305178535,0.0028397854424939764,0.0386206354740505,0.034396276932018334,0.049645945037262926,0.013725697936694146,0.0299636559877426,0.0001999973350266834,0.03230305630929921,0.049286760912580586,0.03427273972912915,0.011827277235376512,0.019832856479503592,0.007035090850427778,0.002436468692543287,0.0377423766403833,0.0074009323148831315,0.002712118077536762,0.011246237130890204,0.09828173846385567,0.003530845776560856,0.006181026620074061,0.03066636300427937,0.008034614754269911,0.014067492754590755,0.006185258173057461,0.028264019837904202,0.07478655789893504,0.014339821371691137,0.004429561837721206,0.0330250829857967,0.008044330959750278,0.013367468298078125,0.011966730575783893,0.0021593047870009665,0.0006716435041347219,0.04820253585656051,0.0010067333977514458,0.007425206908341026,0.009553321407042386,0.036744490858500914,0.00855745022997788,0.02145498206620432,0.013698307810160742,0.007650252113408786,0.010523404791112414],[0.005726795389100698,0.006380318749066493,0.056278876736040095,0.05818133252835328,0.003698090987134366,0.004071431545182596,0.013185733482704546,0.022788751049063336,0.0092339487197612,0.010861811091427967,0.006758415168615445,0.03229749023633283,0.005674125071749071,0.06123406639876036,0.02548760734807849,0.06992914094705305,0.007786950597496781,0.0048988881771844794,0.006365359337147546,0.012996413526447863,0.01461753557700927,0.009402179310426383,0.0367419819313908,0.019492205458546418,0.021477395593997025,0.05611666013443165,0.016578745141042732,0.03856698931402137,0.000603617143736166,0.03517494736081712,0.028964672583417773,0.002191227908659584,0.0033542034317008374,0.00027640641434948526,0.0009454026644427786,0.0025360228697263593,0.010563892529460203,0.003540484202248201,0.002587894013474962,0.07961183498299831,0.0381779354010013,0.0056400979533979155,0.018389856558837885,0.0016197686801629793,0.006694316504103603,0.06550720745136433,0.005747862451481944,0.011829243141150686,0.03555557254730077,0.003658293658600808],[0.0203598552484027,0.012534693080040382,0.007080875707269079,0.056232752514043575,0.04992305756863757,0.007903662394817695,0.0034023110235286897,0.06432636882062355,0.0010862387805966032,0.010856506070473598,0.037249408726564175,0.03606203722633412,0.0008376854683691062,0.03579694652600414,0.0024930782453776675,0.02182272296488709,0.019197783353235787,0.03427192161984198,0.01781200871499466,0.010801327310897694,0.030788301403746582,0.02142454598483985,0.011299339890199628,0.0001467560491561283,0.00721028096899725,0.0014231474875409033,0.0008940775861943953,0.010564155229759859,0.03350647037491667,0.003866411190606108,0.009478304462502371,0.026448443875637526,0.01256162530487213,0.019241008634081944,0.003551636231549488,0.01892739264768522,0.013005326198403097,0.0050327591799037685,0.009653866301707533,0.009307061249120592,0.042696996285872875,0.08631369615975781,0.01654030304207804,0.021100254338636083,0.07920256325132333,0.0012592329155585902,0.006091093707556897,0.04265284900089344,0.0029479585717554677,0.0028129011102066624],[0.009426271941770023,0.010864798751398425,0.009820255126490282,0.02009217133955447,0.018549255180486512,0.03914070846176245,0.0015585030838536522,0.009711779696494366,0.03364884941605914,0.01031917635694234,0.05503591689393336,0.008374305216579244,0.02461887465571163,0.0019281179077852329,0.01223146452691389,0.0019098504136809515,0.003757704097123459,0.01069873919720079,0.0438149982924308,0.04329245435158321,0.10103727072626455,0.023495338164107652,0.006393987921216325,0.0007746971290026929,0.005886602578446883,0.024720093423797142,0.03133602296115408,0.018219414034908035,0.003641986370712079,0.04619127764518369,0.00433957389878987,0.009140372086466056,0.0022047492111047645,0.008481291539236015,0.0391136545264359,0.0012534137154639343,0.11461531695019715,0.019292740232813927,0.002343743476495108,0.016079405031701303,0.029805992852511377,0.013568825767600866,0.010249613255337062,0.00642991642542002,0.0020320188811222676,0.02700290319000113,0.013800079851413079,0.011106444526844885,0.026147509517615925,0.012501549200882365],[0.0077603046091799304,0.08441193399895411,0.014488054189531032,0.00624973988943607,0.030147113552338588,0.0059220308900727395,0.000793260976673307,0.043505141434091045,0.018749264644513517,0.01571713716789533,0.06806039445632793,0.025669668167480845,0.01974428196861447,0.06731220458021504,0.011623639016831125,0.007555561909656566,0.03680747078380351,0.014188589633979912,0.02738695907573949,0.06153552203838322,0.004711102613311825,0.002628098754339293,0.025672726273819235,0.004044556594998144,0.006874546100019992,0.02295781386047458,0.013662093593411372,0.012396656055035978,0.007541344304729879,0.12251669011560992,0.003326076254859428,0.01864791144568416,0.004753918878217568,0.004719072213145779,0.017652173163842228,0.014689897571636792,0.016058591301941448,0.02464872418974735,0.00018193753571350645,0.00634295678592888,0.0046420824389399795,0.015470552501020394,0.010755021494616275,0.0005044442929617703,0.0013619997034843882,0.004685899141655861,0.04113426663235384,0.012136839613703064,0.0028165344878112526,0.004837199103267975],[0.002053682413218901,0.027567926045378447,0.03130157359397502,0.015448500919073807,0.017711255975007015,0.005816109941144483,0.006639817380724818,0.0053220562784184605,0.019637009868094885,0.04670112745715857,0.02296590536109962,0.014833029519663707,0.025102093869762174,0.016851462631732934,0.003952349578662199,0.026857347998673294,0.03325784427341417,0.010496406925005794,0.008965476148979473,0.029923270065262242,0.012876654585046955,0.00678860562777926,0.013232457266690088,0.04579183604407606,0.0027827418432968295,0.001730041272882853,0.011436286715408533,0.02792354640811878,0.019107128702374424,0.020802838187400564,0.008825019518795787,0.006572671750910116,0.07553737249314009,0.03246096409525045,0.078231771688364,0.016207536922545417,0.0070138600493081125,0.006305390624352075,0.01143353180834079,0.01283140131970475,0.03267849181972644,0.007094216066063007,0.004578525337901015,0.034456844607534405,0.015460715040027032,0.013177651281045878,0.029849528873671465,0.045962454876317844,0.022203780834999867,0.005241888094476945],[0.0037686597455057935,0.04533005560957075,0.006554552303438784,0.003354080484920894,0.0037297528869397532,0.022727469092791983,0.013464129370607751,0.046102672758221185,0.020723909808658108,0.025908277818559394,0.013894734029644,0.05989705584784494,0.02566818805280579,0.0077806689855197874,0.030466886198188395,0.01604261780420669,0.00042992813833889464,0.026886821467825513,0.012440404031110474,0.008922921906416992,0.0008633978199227929,0.0001150230855314142,0.0022871538453462393,0.01822821302536997,0.0459933525200101,0.02018092972597809,0.0068942047111291435,0.009221529651463424,0.0036803020046717603,0.011765945030904671,0.08701987378593702,0.01278900080836341,0.00012474488421332746,0.02725640870785374,0.01566519612420949,0.022113545036049988,0.00047669696588019395,0.007272060912694005,0.03242249498182467,0.005461842790916877,0.0809490774383582,0.007556859736691215,0.012577172483427932,0.030193090395490903,0.05125887114179863,0.000318279444728614,0.024239568575691015,0.034871076397261856,0.02113537200876619,0.012974929618399429],[0.04601792970372219,0.06470994874909584,0.05116487129953022,0.017333381777525497,0.006108283537320432,0.025721142977695788,0.015074840019885774,0.062236299315366915,0.0004826226728826633,0.004804585329001671,0.02385267339585974,0.018042717322486607,0.01696394312890957,0.07725941360471923,0.0013511917127078763,0.007594041381134525,0.012955553377271148,0.0009951294650136083,0.007070376693435392,0.021411223275891626,0.0028651760883443094,0.0031953273692636053,0.01930295575424283,0.02532429359591377,0.0259777740475746,0.0006108919256739144,0.014911532821140779,0.012389178237984537,0.004479516000593793,0.0684829435640187,0.02174504709779309,0.00556296657848927,0.02151580800116083,0.010137362556287796,0.026054599871098573,0.01790357005524648,0.039340484239468565,0.018847263658419246,0.005575868447467454,0.0035068339968632764,0.020435304325940443,0.007306823299621686,0.00849208661210173,0.013565726668561368,0.007226275254787052,0.09951198121673037,0.0010296579975072045,0.005319359053499876,0.002393343272640402,0.0058398796521085365],[0.022020651824441576,0.006508817237804411,0.05243193042211665,0.0062361227025385,0.005016497541127941,0.00365603776463077,0.01681211777774639,0.030931820246508496,0.02792470910972767,0.01135779718367165,0.05058714098984571,0.02738475475694487,0.00481464671128743,0.01574151346824446,0.007641782370122757,0.008532182199518967,0.01312350801769998,0.05288742896372708,0.0096054574068839,0.005692720722704869,0.02284654138875865,0.01786225944906783,0.007193051752314265,0.024655121382775154,0.02436096698207959,0.0303517312349425,0.01588455087283267,0.060770912128711135,0.005636073101483597,0.0481317141592644,0.020984007386218476,0.014027678521952348,0.0188558041276818,0.03717634599105522,0.0006784357173550056,0.030697352172914957,0.008238354087868065,0.0034782593334311126,0.012159267738620567,0.03414032892756,0.006625722946084193,0.006890264058877752,0.01132743752200366,0.06862541773058627,0.012388571508032258,0.02859282312666599,0.015604988400509508,0.007249420236869089,0.010869683970997577,0.014789276625192449],[0.04964761507421242,0.004955919075698197,0.008852372608975805,0.03908871012354544,0.0010646461095134903,0.023925869261239397,0.004187714806474226,0.016491877664804575,0.012191518547734495,0.0027213067387182946,0.007061133014505697,0.011800692095431041,0.054362791365066485,0.07427685357272648,0.0121334409333684,0.06903280376417838,0.015693333241090648,0.01973811997293485,0.008940892505369325,0.012854526119723295,0.03883570135466028,0.0037611816732151704,0.009212775919645535,0.005476400867911045,0.005463242224327271,0.024361913734809983,0.013700769078960496,0.03037970202313816,0.025739723152610725,0.003345282377411469,0.0044714633227633345,0.004767551116760053,0.06561852078067575,0.015673174118328286,0.035684737185473894,0.0017848125535176878,0.01865027601288394,0.01772865106899065,0.00926855085148218,0.010402358325023732,0.06574217394581343,0.01374319645153303,0.015673881483349302,0.004790890278227789,0.016097103867253524,0.00036468792845169816,0.04005459961777901,0.018533321022983544,0.014451340360673234,0.01719988070603503],[0.029876862932499363,0.0255543072898968,0.0010286786384666176,0.014199645952650055,0.011944033905159971,0.03551988502337504,0.04314850670219086,0.00598112008873485,0.029161063989094457,0.0388852623964723,0.07365195591392275,0.004784455899910308,0.02949479323969421,0.007762146247916897,0.005118917706005191,0.006241428452271951,0.004448417386348765,0.020395692619083805,0.011856991680818165,0.012902110816069503,0.012018917117190086,0.002543095854219813,0.04218856926923109,0.04545707954960357,0.005387118036726341,0.010288792618774778,0.007257380719899826,0.02166788060107466,0.0025957228073228917,0.018305550911966697,0.026106493427756002,0.07660999212005584,0.02292129609051132,0.019327954582309438,0.02352324897240795,0.022552505911653566,0.011627205971441752,0.004125023896620651,0.008235074766377568,0.07216116893566206,0.005233237528843625,0.009180839632762065,0.014438548314634146,0.009095187861163713,0.010679082721008233,0.008749020771304907,0.04439144657269175,0.013343880864251926,0.008009289960501601,0.010023116731450352],[0.007405663055805044,0.011039064485001727,0.010570361324990875,0.008302214568289995,0.07466474269345923,0.013174132665747731,0.01478240269564859,0.024865073698114113,0.016283250825895407,0.01850645574393885,0.00731710523826332,0.005754859080955614,0.01578638278955297,0.022310380059342747,0.0040854276624397055,0.0254670558311265,0.005332958281194027,0.07511489848301715,0.0138725539393212,0.02418025464724451,0.010002387428212939,0.0052030446809879,0.0008033528483046159,0.005517374663976635,0.015061581262016075,0.03316718982002112,0.005563080456414006,0.00969761341316295,0.014432318438797834,0.013720054848642103,0.009961023278683761,0.062432637310638604,0.022853111594063856,0.08488094066308456,0.005861787292732639,0.019729245049320127,0.012626466530496051,0.01209012721305869,0.013991135404032727,0.023260418901289628,0.021430836093293174,0.011245387085814578,0.008960285240499313,0.05425272822088989,0.007629660422379003,0.020673208020527457,0.033553246186976075,0.014172466950153414,0.008460838857654284,0.03995121405452644],[0.013692817398838354,0.005110730916509987,0.018693627671069885,0.006762395385355784,0.03120916327866586,0.012076704379059874,0.05619119692944771,0.02248645003979639,0.05999678817980341,0.013559433408355874,0.008702858048716944,0.004485468994293178,0.009066465698581286,0.022499495843993463,0.004794350388800241,0.00350247806769978,0.05520171056726778,0.004482302774879969,0.03808849180253924,0.0059284549173191335,0.00503249635500161,0.009553582191544395,0.008971464772203352,0.04679086942505112,0.0007656711086699967,0.0028837878190094745,0.034887626430977176,0.008762434107053397,0.0737537944190455,0.019412511070727955,0.006150744529179093,0.0016125793594036221,0.05347399933218409,0.07398515294885466,0.01309715991811322,0.00461556677237941,0.021020349823363902,0.0038196651281680516,0.01452375732868817,0.04655751688553624,0.007767930888863295,0.029104047692616118,0.0022275711175075864,0.010316787421698434,0.0125330377358515,0.039960647388102524,0.031464277282007444,0.00228620734907354,0.007484889684807426,0.010652489023323419],[0.0008841820456712303,4.614000019182947e-06,0.0006148376008469789,0.04215966956206031,0.015232118099737933,0.019143396160084893,0.0011883742883510623,0.024484884302454442,0.049680824262479654,0.03810559548021457,0.005433543896330248,0.030956226033326376,0.0030245144775633416,0.055367325695740675,0.006643679005867492,0.004319909875286445,0.09108000282616341,0.025091066781001228,0.041796330512606894,0.010018386600424716,0.08428747992768781,0.00024750016968062773,0.018097429421274663,0.035974593673555155,0.0008361888060086512,0.010228582698195732,0.03033823590763985,0.019659099462722082,0.004490220430707327,0.011567709279455283,0.021366624206391984,0.0011864937871671794,0.006062316847185159,0.03953465398204051,0.014286683682884644,0.01936928047659731,0.014755281062845935,0.02124318208836725,0.0015875070769364858,0.005901653295767971,0.022193856699791358,0.0020531786921097143,0.02847794794305273,0.0009924229256871118,0.03039477556943407,0.02688528098504932,0.010086951197329011,0.015725117373914563,0.019044912022795287,0.017895358801494288],[0.008613213242817221,0.013610837187971321,0.005598122134478652,0.008228907472929587,0.05045271686024234,0.0159231158367073,0.00932976018267427,0.010068459545293664,0.013901972578888807,0.01066043202012729,0.018055844826320538,0.005694818727588226,0.0056108853654385565,0.010468613635647758,0.020099804385065607,0.0071785751127815345,0.029729131689270355,0.042276276662969646,0.03152571612481226,0.0052737237732750865,0.03355541874126006,0.03086092530662605,0.022457564883017717,0.06977288789756539,0.009938870600717825,0.016126562084224538,0.011167821306488345,0.024824528042253192,0.04274035554894444,0.04017699882181155,0.0005664176289725566,0.005294606635906495,0.011444930147796947,0.007220363150149339,0.031178535176928528,0.006590192506540054,0.05261406238076244,0.035544794489586605,0.07941195943784043,0.00806065275452304,0.004603721519648126,0.01877015869633475,0.00489951674636327,0.054067365980766925,0.003478970749715033,0.0039476437117589545,0.001742990921578067,0.02997903386934854,0.004350068756696065,0.012311154140574999],[0.03646469399527667,0.026938116887005793,0.061732800740733826,0.007915656971680148,0.0041792941719491,0.00903988276361509,0.0007547280906598439,0.006519441221484834,0.027954374132593975,0.016023930182569476,0.011133638117299975,0.013464636368386311,0.00395710692682811,0.0022745845293472553,0.020624384205253882,0.009582937959496073,0.010134990739410054,0.019314108971471292,0.0008703774595331139,0.029545660407302398,0.010987455201565436,0.007094198893738456,0.014596228876203446,0.03877703578148026,0.0022005536754618736,0.011729124939423767,0.040546198364051655,0.011240475589939247,0.014015737489626562,0.005800948171590816,0.08871657462151283,0.02753474098507,0.028580434905158797,0.04161704451673463,0.0022615504595622114,0.004563647435661552,0.013614971157895719,0.003345538024050416,0.05290015766816953,0.03877992405405812,0.00413698080555969,0.022251521037828036,0.022479721661525884,0.016622394561350978,0.04707466186037399,0.04096277258154653,0.030104430922114768,0.002514992304238863,0.021631219727477335,0.014893418885131765],[0.00033757122818367665,0.013032098629085434,0.017631005371228557,0.011346531627663407,0.017906168761799342,0.02647671006717723,0.030099644282568488,0.05838834343189567,0.001387806619292843,0.015954673380733787,0.01644816707696179,0.003130935479317755,0.04830556960284436,0.004350837847487934,0.03429328248485939,0.008981142357869754,0.0038698954224683246,0.021772608593245514,0.061033430316901234,0.020538564449699113,0.022982553109543828,0.010992519391079066,3.893217514459057e-05,0.00048360621149809506,0.006756204358930504,0.013660420033602839,0.060791128893109794,0.014306978238094176,0.0030146085568839793,0.02621660803332408,0.055691314947804986,0.03225151418111582,0.004262258966703293,0.03319872271879414,0.0031980432600924704,0.00507835090346502,0.016074477734622027,0.0008049828313272013,0.0015002947862031916,0.0010393231778333383,0.04741938052561774,0.012425126570579568,0.0023559960465433867,0.0019814233275453146,0.06869037631538667,0.05061424457070064,0.02909514899667828,0.014154133993083,0.037762471482966714,0.007873868630442298],[0.004126894502384014,0.012177217326651685,0.023723480631399972,0.05396228442831414,0.008836383096675985,0.019677014818037696,0.002274807417445319,0.021515639551870202,0.02259519638299231,0.036149645068785506,0.06613249778372106,0.01910974441594105,0.01601745562559114,0.027039652711974754,0.031107185195067416,0.014680111915397026,0.029979532302781775,0.0009742594655671946,0.011295385773201317,0.015969820216051683,0.002435367073795006,0.028409177327805936,0.006377754593687732,0.024635879532778404,0.018161754130224115,0.0031222693393871477,0.0066101007761821965,0.0711451805296821,0.019100034976536076,0.017723666837441317,0.005318216883345786,0.0053891138520481855,0.00217813347008594,0.008822380206161525,0.08563735957251378,0.0036674181135060513,0.0380856097578426,0.003125804168655568,6.598546809406339e-05,0.004919320944058698,0.03607207913686664,0.00021645827738026868,0.008141600921610448,0.023689844468157528,0.003031234502326322,0.026417193304224023,0.042973890947387586,0.03527993567682768,0.011032542852314064,0.020870483729221758],[0.0853890098180505,0.0048872780021089225,0.025295243747221623,0.0009061305333235379,0.0317476069153551,0.01248646784132747,0.04472184295180607,0.018104312307657442,0.03180714601527308,0.000408712953954349,0.02754065293821097,0.00030207705432372086,0.026811090563707916,0.022908780911735555,0.03480888585140993,0.021616057747429876,0.03247975886204447,0.0031110678981473663,0.027489006675555646,0.021781922581666464,0.03881516851662994,0.05125191032607524,0.004619797858854591,0.029541833691232353,0.027080592836073503,0.018722877853654424,0.003782327270833753,0.0021914828302459625,0.010995584857709496,0.0030660498958778107,0.009667410256818665,0.008612918277416262,0.03255692728728366,0.052517507644535215,0.012424173247675915,0.0073898871998955215,0.0237116854984561,0.0019050608892886396,6.030663562291517e-05,0.011013584653668059,0.007452852204577958,0.003200582356463426,0.017859100870512824,0.0015459533949954982,0.04079169290799253,0.0177901225735391,0.006477218104330893,0.00929935755012404,0.0062886816122540755,0.06476429872705172],[0.012711305926615945,0.016262290931724516,0.05110587196146277,0.04865483636869712,0.047718446387298566,0.027255552933321523,0.0002931837688543487,0.0075041965151919675,0.006435662199674226,0.022415570766195304,0.0039463827710984715,0.004735971414946564,0.02163980699988803,0.035933051173157385,0.02092634400849846,0.025846862996272105,0.06202036428116372,0.010224489501536543,0.027108387049273146,0.007141034078653944,0.008987664305406005,0.002749812750426501,0.025111868807275305,0.0014988550762348066,0.03558552687770204,0.054658982407634796,0.006233084816513544,0.017021844484495004,0.00278622602322844,0.00043199704133043906,0.009585260942368822,0.0182658326436956,0.014097539965199676,0.008616936563317593,0.008974437236362307,0.0198681810124127,0.023672606014796024,0.04063076428957822,0.006606930556193168,0.03366520123346382,0.0333698356970599,0.02280630565523488,0.03603243345675868,3.993891791026913e-05,0.008261599416309752,0.0008619945311246003,0.015040498863625112,0.0016928439496263596,0.05367237112268623,0.02929301330850471],[0.0052149413091522314,0.030241454883348205,0.008174340916922025,0.041754352732627634,0.0006554747512977638,0.03002355793185591,0.005967366511082649,0.004525950223068884,0.01274999097914845,0.005326277852875077,0.03628001694545587,0.08509355397358018,0.001294803226635495,0.004787690684920719,0.006893760831906232,0.010904829996495632,0.022606682975640797,0.029123060687487837,0.017597191323778676,0.08853439441200052,0.017756482321538467,0.05050520284372734,0.0037363420843289806,0.02026716010254068,0.0034176188770398126,0.001309813759080192,0.013114784657138544,0.020700987886488786,0.04378958114409677,0.011722375373528555,0.0035359348139252585,0.0010090524795513323,0.007275092859015254,0.0123732548608231,0.03339178536571775,0.051614753610861756,0.03363408338033192,0.006719898537627112,0.001685584561270899,0.0008451003288850644,0.051498474822380645,0.016197268021913923,0.02463321993674618,0.029121100989057187,0.061561901091627215,0.0017682586691809509,0.010314180012561971,0.0067148309836504595,0.010631596640706831,0.0014045858353760904],[0.008933769801482288,0.010291208430036712,0.001709234946560474,0.005757969515018342,0.023732596294892685,0.0004284678409964195,0.02257737403478055,0.012889947914373217,0.005228698575775364,0.051621103068273416,0.0002854191131488781,0.05958380206593918,0.07831561443737449,0.006768098609869874,0.008376832000968074,0.0010227088138460524,0.00704686436909436,0.001279162408426835,0.020695630661024617,0.002759535531811903,0.023106499032257984,0.00227336838247113,0.00612511452224383,0.017665149921042265,0.0020976198689818997,0.000576228588925516,0.014688977448386062,0.050933803806915,0.05023242823655036,0.03197405965501749,0.007673801454288225,0.03412941537547549,0.09154414228776873,0.006648409334883784,0.02840250622577735,0.06320932434666195,0.011054879041554362,0.00571535391126544,0.08537254419850247,0.0060664155766731,0.0036660885057410793,0.0050314883222343475,0.007520095681506652,0.013050737108218627,0.006165910568447115,0.0006859548764802263,0.007724801485869334,0.0031905693006983884,0.012399745265595292,0.07177052923587326],[0.029273113228366694,0.05596505839950713,0.004465886770077823,0.024300696490326117,0.0005593890394904661,0.03883217892919904,0.004642588502533409,0.0020495562743034477,0.0012167749165961916,0.036692476339455694,0.005594255150836278,0.02556743582061641,0.03251412384877184,0.028064274288515597,0.01293513072656628,0.04036693437893173,0.009691831101862898,0.017674038876820907,0.03540713490890327,0.011641083282828193,0.010469277371765614,0.041199133135025365,0.01650297717730729,0.012309371424943637,0.00501320907930916,0.010195941386565382,0.0073530345965304314,0.016809014403525696,0.0012430008952331083,0.006707867657521895,0.005185561884897054,0.04316311057547066,0.020154092119676628,0.025158970714686483,0.006587021851615184,0.013713348270512654,0.003110822562841414,0.019162806025776385,0.036278117372899016,0.07171044655382945,0.03774461424263009,0.0011341724670304804,0.009104380563140967,0.05608644332648048,0.02651324298992234,0.0014954675665231878,0.012369911125907318,0.035343540199558494,0.017930855964238792,0.01279628522012562],[0.02898451603351538,0.0027187473853309335,0.021913774729069375,0.03784622419738187,0.0022695992052187597,0.03084518232704274,0.002537213813336454,0.03526694268418524,0.0057939722244424955,0.004975621676560851,0.09471789202985612,0.029443299604576034,0.032173705651138786,0.013744458645712209,0.015654366960037205,0.022544908085445427,0.007387859699306289,0.005898704626867327,0.0028708793294937307,0.023351312985883714,0.013995535631465335,0.014449499185278498,0.023472323252160525,0.041633582259057916,0.01699864350441236,0.03743629993231825,0.019629757719906216,0.011009485079926983,0.049153231116254366,0.0127956385185001,0.016629171371001977,0.006336184425255854,0.044566263809617084,0.008883554047200197,0.02013018978327968,0.004489468627010591,0.04669554971018389,0.023993410388674405,0.009242719780387003,0.01292166068196584,0.00981861616869878,0.009477787969368509,0.0005614345572816423,0.006103855533232435,0.01631587534878226,0.004729265399801188,0.050650442740333805,0.042851546482289275,0.0007611874954279246,0.003328637586526251],[0.01153227869139512,0.002633149001990068,0.017689665819854317,0.03790916077767293,0.017404208637016975,0.009349812316561762,0.041688269513711476,0.00253195735451514,0.054698614398371655,0.017656782959478767,0.057461605162228535,0.018703482193242513,0.007596431128309184,0.03513885005001274,0.03404518800425593,0.0069376020924536985,0.04340319732700247,0.0033449001534276344,0.035687025156598266,0.013036691005029242,0.02588837299846969,0.008098929290245041,0.0025869862841452758,0.02538453529635843,0.01616289138640364,0.009859851973357014,0.04369209497748193,0.004120395855236417,0.012107127997631983,0.010743992086905211,0.0003896934501395422,0.028928718358217625,0.007352627708912806,0.0021218315821000685,0.05528158074142354,0.07381986679474112,0.006710722485277921,0.028464699099983767,0.007108231532598574,0.027202086694291625,0.005386950291576619,0.00812023864353784,0.0008660668407470101,0.07626087675636672,0.005436283953961576,0.020146721182811116,0.0005081765740879325,0.013226388557849938,0.001210216691227157,0.004363972170784718],[0.004732452215836579,0.005935986611891437,0.04075144629468353,0.009976452130952336,0.06845258357352588,0.005392965350413017,0.04796018538524,0.009683058818439165,0.02933115086149583,0.035029294828566995,0.0093035925317383,0.006769432276127392,0.10697449455335402,0.009090609146995476,0.013967675505472468,0.0013631729000697704,0.022775747179846706,0.010455270717848313,0.0009037047263836157,0.0005675314446564885,0.002904862108558652,0.13938376341111489,0.0008571319625648926,0.0040352975603340545,0.012141491626421032,0.04310360535288379,0.00438714622786336,0.02112665432791498,0.011964012065308604,0.01673171861357265,0.0422593392468769,0.0187071091406132,0.022793770280452395,0.037876522334184204,0.0037510603666937696,0.0011665117131670808,0.014567696802147189,0.03275820047279302,0.003536852044970024,0.004368856089583365,0.006918096941143599,0.011204848530607152,0.029501736270280292,0.011116543651962456,0.023372724499552786,0.014328817972054738,0.009752066073525838,0.0028725332317361242,0.009746402845527885,0.0033478211820538294],[0.03729192881319617,0.009198266118779528,0.08189014175083077,0.02826198021508171,0.003368419470664061,0.013093509943098334,0.0014236228954662873,0.02594434910215407,0.0062686960707614625,0.008912510936582085,0.03901988822378459,0.016179902069147063,0.025175982402317165,0.0037308120729170904,0.0013755845734241608,0.030083638222930434,0.004495587964622845,0.02676228499117797,0.024421789347325574,0.032068776521942864,0.030292459976524255,0.01299268253931126,0.0002793770233471603,0.02269508269166649,0.002775492671415065,0.0188090383757712,0.004150700506746046,0.030532148855465718,0.01859168799537611,0.006717590442801919,0.07427055115873883,0.042504661750600733,0.007332015054849947,0.04363707624610066,0.000518100685220702,0.019193168773194276,0.004682167527632901,0.025347624079955226,0.0046053846359574435,0.036452060652172755,0.0020524860541201984,0.03451281383469818,0.006495533050466214,0.0009945764536509593,0.003603111992854533,0.003014428324728939,0.025430576725265736,0.05266256695232288,0.012308342208999585,0.03357882105383963],[0.004151353002433185,0.008689447038641501,0.0026044520463007616,0.01233084695026544,0.016782610946370527,0.01488047665544467,0.005317810896609875,0.02328413578791363,0.03652635990159662,0.025886343008835223,0.020666989195725773,0.0014390389004672864,0.029344792283212753,0.012441431528203034,0.03042642281778059,0.0718590930180632,0.004026295284054722,0.011179927932739874,0.030459486364345808,0.040881460850324805,0.006896000100996562,0.03815176311381213,0.00281006326865535,0.09446157496761948,0.024846932962717956,0.007409243856451936,0.02321615218741457,0.0026218543130097647,0.04136862517561686,0.017444666684328418,0.030656200646850894,0.009395112623036602,0.008849238632431712,0.029401804650467128,0.014358098704824544,0.009766728784001073,0.019649955964878223,0.023724897047991585,0.006526377397966539,0.006359390344014064,0.03819109206662754,0.0011469668983798986,0.0007458016903148376,0.001525376633442119,0.009391626864121509,0.022592900842766408,0.024768063819754733,0.025207287819161546,0.04204642160887483,0.013291005920141681],[0.00048712090858380033,0.0037934713286764386,0.016967571622786767,0.01507240560373107,0.018637536480475735,0.02224542716281362,0.04594711978417471,0.00756476400088284,0.006069390710949734,0.056358861886891966,0.025839090568579137,0.008179174053338725,0.005564491090093389,0.011532262921131438,0.004242367911117026,0.006489263667239888,0.005261910855020549,0.007942474509248856,0.027235270616100437,0.0712114114710045,0.023530685467767574,0.02695451503818105,0.015004265415591373,0.004392549221087586,0.01997095942995822,0.0017692104115659762,0.03446558536593536,0.01786712019417136,0.11020549243055097,0.005729091515812665,0.003852931974452269,0.06330665903851919,0.05728377632746912,0.0020241108349864563,0.01053911409085036,0.026958291184152983,0.0011013389541756826,0.015129333942101194,0.015664206086531695,0.01433977680800205,0.021997668853288417,0.0041705845343543105,0.003814092906829531,0.01081134062110534,0.0021628664640105477,0.04249225892296308,0.0011381513166733351,0.05218651432424727,0.013423702109916395,0.011072419061907838],[0.03487936778086637,0.028860271909648415,0.07259054752077312,0.0026983551178445357,0.009407878441416691,0.003404256251891313,0.004914810357047708,0.026894342367869792,0.00480227204309254,0.033671575283252514,0.0047344215586451995,0.008891214846135259,0.02935463811266709,0.009566407484286235,0.00607121169853097,0.055232937419249915,0.010258313208690884,0.04940544730053939,0.025781247935844787,0.01835039347375961,0.00827818698651001,0.0035909593740229145,0.03622977953278077,0.008629833370987067,0.00295602960756313,0.030322556786853052,0.0448619480369525,0.015002671389502885,0.0066392262631169785,0.005904208452678287,0.011624984227748844,0.007594782400153971,0.022942456944767712,0.014779133561957635,0.0025636720982940907,0.003900764281835149,0.0010017375325645091,0.02184230308602665,0.014542890191339494,0.08709481167970112,0.006230248473770171,0.003890493899909075,0.004917952215728095,0.058412801223569934,0.019832726712097824,0.01319007682998528,0.013970153254339918,0.035747557947291994,0.01694356083324791,0.03679158269265104],[0.0712549642878723,0.010922012705745113,0.03239991466043182,0.0025287037852817907,0.0051673893803679625,0.05399134067870094,0.0008912947908151081,0.027217914278292066,0.004287364803077778,0.005957331836873786,0.003751995078815061,0.0217265939097601,0.0017313195679088042,0.0032953330668796616,0.0031444469339096544,0.031663891846236476,0.01005926393960699,0.016549052415022775,0.002993399146325862,0.05837500524167567,0.002437287255149171,0.028014842406278308,0.046179857599066614,0.015478317928773857,0.01086420969149957,0.002687117627785251,0.001176356964614708,0.010628549918141281,0.007370283556533367,0.06697320333866161,0.015517257865918496,0.006591925531286088,0.0031178662038468573,0.0006189829775886379,0.023085093900728167,0.026441091958206247,0.03386881244170248,0.004237852927049891,0.012681131791805918,0.008786554297721624,0.016682716389426196,0.022039228682441354,0.015098469008676806,0.0009915530409989215,0.11555410101477764,0.020152714072935764,0.07304588648975306,0.007648627684717797,0.01655518866741772,0.01756638641289675],[0.02430659576354139,0.007768972590637297,0.011453558688045545,0.014485276502370536,0.0014274057580353895,0.009331429919189213,0.014742795478348438,0.026209479470187744,0.02216637905881239,0.019901673065397918,0.01997776030873337,0.00887838999054859,0.010587737729535588,0.02689896636739289,0.009203859393356726,0.03338801238614243,0.05396956021132045,0.0313876999524823,0.018151675119489608,0.030868623456049602,0.07855345931422344,0.004997911535346587,0.012965414199412103,0.003269063203412521,0.04024266407413488,0.0004936786749755974,0.029896343231562376,0.05533644209910608,0.007326562268338605,0.010814883075658668,0.07833853757561131,0.003644138043778881,0.011064013305617,0.008736774889592833,0.0018960943720926432,0.009960829772488907,0.0016409657804239486,0.023128192177733414,0.05173794946482892,0.023197005208014848,0.01696582403112456,0.010079406270421962,0.013128325325271539,0.04084728630771012,0.005821731963495773,0.01102856182755462,0.013649113961816105,0.012881963644233272,0.020937580221865135,0.0023134329705360923],[0.017876209334433207,0.03021552992935442,0.022606013552838092,0.004220916125064143,0.005496795491115258,0.022288265893291664,0.009530738858213487,0.005938348060617285,0.0048161280253579,0.006962057383175667,0.0318085894117803,0.02870755247826561,0.010528590893813253,0.013971080875783285,0.015218973305247198,0.0007915167136641754,0.034686482436567086,0.06832385519668452,0.01981376549491455,0.06272644748478454,0.008091775041624928,0.027197545683619647,0.01724365346731505,0.029009747909449476,0.041695545726159244,0.002725692255877491,0.05085654128584051,0.024095509503299032,0.008048147740317431,0.03757961145158177,0.009513919082810296,0.0025955821244803075,0.027468328034547608,0.02836599149851332,0.016370468334568854,0.01860850454943744,0.007946967244762338,0.025057964711535218,0.016049870304413766,0.04489913165200739,0.04420050889533868,0.005536660878081625,0.03737053188559361,4.499562166147916e-05,0.02286467544580122,0.007847482432439424,0.005507536694843402,0.00974404693713346,0.004193979565839704,0.0027412270961405774]]",0.015146636273407222,0.9256467335248004,1,2,0.3333333333333333,45.47753925847215,2.5658986448139887,2.5658986448139887,42.91164061365816,1.9697067274531856,23.083533479589846,True,True
50,0,sticky,"[[0.9202286960851794,0.0006057470229268941,0.0009773557958821432,0.002696725669309764,0.00043460207613901683,0.0035247857439578718,0.002002630951198795,0.0015095909522285776,0.0009130486885456918,0.002110761273004493,0.00237431701615365,0.000643831958292695,0.0008752920655276231,0.0007989207287661361,5.124374287973244e-05,9.70305287606889e-06,0.0007916959185345845,0.004409608015347587,0.0007826317736645637,3.973227777066287e-05,0.0005123544220060796,0.0022355604212701725,0.0009353164242404113,0.00017524325608627757,0.002534665094656218,0.006734376578752465,0.008446669835105069,0.0013917824763838185,0.0029798623981382184,0.0004244588744458463,0.0019700476088568026,0.0022744687322285473,0.0005833670336783484,0.00041594592788364365,0.000334667449979505,0.0015384679476265152,0.000355915134295544,0.00089976204958241,0.005079856670012344,0.0034850458638534237,0.0020504448200555823,0.00129326719501544,0.001065087939297661,0.0006074278695795026,9.859807480738623e-05,0.0017415135499051044,0.00026433939856985083,5.9457217894578645e-05,0.0014738984559004844,0.002257210471706822],[0.00020493351522028633,0.9232209656890221,0.00042152341215217375,0.009329303865483632,0.0010731676715048989,0.0075991538413394755,0.002617780082849919,0.002048375848792282,2.8742133830409554e-05,0.0017873731759437735,0.00341591460106129,0.0013009405481904208,0.00024218368501548627,0.000545292468186526,0.001126122016725158,0.0001940952221702226,0.0023031592206065503,0.0012745224460033525,0.0007744324778857853,0.0057111928787607425,0.0010056646931113804,0.001316166392153311,0.0007334037674421979,0.00010104565412660616,0.00016424300669812652,0.001681481628685954,0.0002549907804852359,0.0008404909647150785,0.0001654149991535554,0.0007168376529293907,5.54771199908708e-05,0.002038085758335144,0.0003869137966108182,0.0003918335844547461,0.0021479136409406317,0.0002623417178479804,0.001466923504879024,0.0032398541490964916,0.001603385238853588,0.0003080375843169706,0.0016693109008685475,0.00010120728095174221,0.0018760626160857655,0.00016503770523743172,0.004026955693475612,0.002078874295375727,0.0022489017104091046,0.0013121861558627508,0.0017708162966404148,0.0006509669095213622],[0.004288533879457681,0.0002595224373970201,0.9279413673052189,0.005814556635631178,0.0008482507038218077,2.944746541580441e-05,0.002603191868893599,0.0057691984193911925,0.0006860453345942205,0.00035670105075429596,0.0012611727053435347,5.0688298274867174e-05,0.00021153125314729012,0.0031936826512816924,0.0012200982367260682,0.0003011517670602186,0.0001657915338251005,0.0004742617715022319,0.00048775796058907287,0.0003400054439183196,0.00011302881372254712,0.0006985536091250366,0.001445301123407302,0.0003103774129740594,0.0010774869878818762,0.00015663656746407184,0.0026549916997792556,0.000613703141443133,0.002051661262809837,0.0018481956066715448,0.0002481093246704243,0.003641570970712093,0.0024633748107194824,0.0005049028640265246,0.002773214840460856,0.0021751243848894893,0.001808351950993291,0.0008080694137478728,0.0027548734900143777,0.005847553724574359,0.00013116027437479685,0.0005016242292836466,0.0020592718460267717,0.00053077273437118,0.001535319546485843,0.0032857057047522,0.00044783877310267085,0.00016281557535007595,0.0008120974550416172,0.00023535513887969794],[0.002431732260215865,0.00044350954330998123,4.831702357462253e-05,0.9216083071677159,1.7500400639783114e-05,0.00040778757187051113,0.0015786355722208936,0.0005557649406240059,0.0007863377822547591,0.0020902653283728597,0.0003681489666292713,0.00041695737513193027,0.0038350261595843363,0.0009555583570461577,0.0007862499403082378,0.004372396573595052,0.002443380102631674,0.0026452027713143324,0.0019161901030525102,0.00048812690011193585,0.00032989880230276374,4.348558756701116e-05,0.002824492559076366,0.0026480827429510036,0.0040265771644872935,0.000788079051663954,0.005641744638729732,0.00029449197835930543,0.00035152597743419017,0.0020697669650494967,0.00026229347591844856,0.0067541691668350345,0.005643749948492852,2.5488152151613666e-05,0.003622953360891806,0.00021812278712360093,0.00023984451218455604,0.002074416263817203,0.0015491770085984489,0.0018635926899150093,0.0011506932424439685,0.0014723324225659488,0.00037929916344919666,0.0014258082488359286,0.0011929187337750913,0.0005904372176022658,0.00031495431770168033,0.002537860573130112,0.0006730985134304931,0.0007952498933110886],[0.00043153240534480583,0.001217780902081473,0.002221708202545295,0.0022868100272425847,0.9231348533086664,3.0329269137188634e-05,0.00016445599121116562,0.001236857386032904,0.00119706575235389,0.006410935246667457,0.001090169088245367,0.001987261810450199,0.0001230230244855819,0.0002493878962028484,0.0028963391584199173,0.002380905965511964,3.7133316806560164e-05,0.003951475886518235,0.0041805730708373255,0.0020168521734991356,0.0009448410168497286,0.0008128174556887098,0.003508858202516193,0.0015606514242116635,0.00035269480506660493,0.00033424572536891613,0.0008483561736628642,0.002174319855467163,0.0003243594960040317,0.0021399362653832894,0.005543096046865739,0.00012535444161801968,0.002251075336496832,0.0005301594292157969,0.001279274716364446,6.730645567477602e-05,0.0002260645013329388,0.0007873470504974775,0.0009383504769047492,0.002460489434243716,0.0010117779188788497,0.0018067536274329779,0.0004729573078848806,0.005737056683441832,1.4872287701976547e-05,0.0016908188795368335,1.1248665974491994e-05,0.0011619385555200396,0.0002567901551848501,0.0033807377267493313],[0.0023853533137787185,0.0004953118939653582,0.0005685939971086935,0.0009351922873697961,0.0015428223648106026,0.9203945143601273,0.00047231872095466614,0.0009271048877297092,0.00043850793385186013,0.0003723931198086031,0.0020328157868229764,0.0014159608426575088,0.0029000903534798263,0.0006459086792222379,0.002885276938708171,0.0008589448474884636,0.0013342207791535638,0.0020079924338131127,0.002319989995998141,0.0009166579980806307,0.00038399636527033286,0.005504373222749846,0.00013679133245174228,0.001949889438975829,0.00013783294441348497,0.0031899021587267866,0.0032803470465808562,0.0005536025236101053,0.0016796550602716808,0.002191125516035884,0.0002581089555637273,0.007781873140559348,0.0005357460880195437,0.001064931499473753,0.0001758871738581292,0.0026641063705375384,0.0006146578888502435,0.0009117118681229903,1.3585191787239139e-05,0.006315505701235777,0.0005360255540051543,0.001354228841334611,0.0021113861391968696,0.0005178382428297738,0.0002554254661031727,0.003265788915437552,0.00015651093735259727,0.0026369119952860958,0.002027294750201761,0.0019449881362276719],[0.0003007608593328731,0.0021765876674311947,0.0010631442968025361,0.0044455445794886654,0.000107922430088889,0.0025498550224303373,0.9233360265457485,0.0002559556577433571,0.005141070530612583,0.008483101169406619,0.00045781491711892997,0.0018634358401691685,0.0015475035019441473,2.260970513446829e-05,2.7133116011648753e-05,0.00025894784036154634,0.00027005841324693596,0.003081063365601818,0.0011907872833760301,0.00014760724435697862,0.002907435300549133,0.0015743873638959219,0.0007617782294371929,0.00088425998329885,0.001228959362604923,0.0013877069110797438,0.0027045814952036526,0.00019604706500096465,4.6467008030460385e-05,0.002289337285817972,0.0005279907987653686,0.00017637024434844135,0.0019049459513845889,0.004190145328996516,0.002377678015225188,0.002578379148236514,0.00038905795005273044,0.0029213378075124696,0.0018935874612289946,0.00017986056406152264,0.002250955784951393,0.0005984785951290818,8.53041392572037e-06,0.0012792099562239675,0.0022162947784393015,0.0005024439238874401,0.003937064579752065,0.0005870622078970997,6.274416467300903e-05,0.0007099723339825195],[0.0011095905703680283,0.0001736302280039659,0.004229305731889258,0.0001368836595898031,0.0037336817615359914,0.004301004946026755,0.0003039724914038832,0.9209096026573348,0.002803346593611806,0.0015294236558438899,0.001123967857678736,0.0005823811588835789,0.0009146184068938053,4.468132897394391e-05,0.0032740603405370045,0.0020682770470663464,0.003932827755134789,6.467989188385695e-05,0.00011212633015657114,0.0008254418564400832,0.0009470008665005428,0.005903261865415144,0.0015456633702893867,0.004302563145122422,0.002343292090742645,0.0010941328284579414,0.0009441255729543871,0.0016002718275669973,8.819918552045084e-05,0.004328164049367733,0.0016381714359183755,0.00018036250477134933,0.0007666770106380541,2.364658363621577e-06,0.0027282554910859767,0.000689503150327759,0.0007543380948679754,3.9797501188374147e-05,0.003504341034704346,0.001206463612429872,0.0014601565605537228,0.002725737066940376,0.0023309417605216964,0.00010052333391607731,0.00019264651723361137,0.0006952859132558817,0.0008821581370421405,0.0013780955492279198,0.0001393790864581919,0.0033146225093601423],[0.0013726619352379102,0.0001875554594571409,0.001122186993521925,0.001906071628929939,0.005795672984542318,0.003790819066127515,0.0008977351958186199,0.0004805826866581157,0.9211362186493801,0.0009301196041308531,0.0010714201072680601,0.002349931977068153,0.0005418924585882988,0.00027806448717272253,0.0027678481145404117,0.0011475560555725363,0.0013706634738256977,0.001878287348356562,0.002290949577842904,0.0042674669661628235,0.0006459237953284132,0.0003566434019731383,0.0013940065344782526,0.0004686263144215313,0.005237569214318362,0.0013648954965580474,0.0023234514448409105,8.934398774273349e-05,0.0006465706284147406,0.0014038033143533154,0.00065404745684734,0.001219372711591305,4.6264184810126346e-05,0.003991956208595779,0.0009622616232865359,0.00018887346247179165,0.00020224054895620622,0.004344809750139694,0.00038518542229273,0.003227110507941573,0.004329953618298834,0.0006248006098344628,0.0017701991459392447,0.0038864551111226675,0.0005383941097682436,0.0003725655447667396,0.00044308390103747915,0.0020312735887462723,0.0011345805658827136,0.0001320330250382817],[0.0004684684597145631,0.0007315643850817963,0.0011854208378157198,0.0011472167766523177,0.0015037484263704087,0.00041331214259044666,2.583952026692243e-05,0.0012468900711708763,0.0005558609994549767,0.9207862274316992,0.002434498694063716,0.0008449750532803016,0.0037730722062222157,6.065658803620115e-05,0.0038170411322609606,0.0009215775551169602,0.0017825163730729697,0.0004999707602237753,0.0010975828252004387,0.0023901290583016217,0.00075039470021842,0.00043648095636404394,0.004885953807338757,0.0012177111799793474,0.0013142574290633197,0.000856302394057278,0.001474456637877999,0.0030069323250508924,0.0034657746641341587,0.0035595743848372318,0.004714085460496992,0.00012694387284523735,0.0032203694201860308,0.0002537161051082906,0.0018180179406640305,0.0016842188586919365,0.00011000663781881312,0.0010513311083556807,0.0011290774253896272,0.0013644394344805447,0.0010975621355908659,0.0027613617998494162,0.00896761263307371,0.001331188487435145,0.000618718309168605,0.00046246772757338976,0.00018331009654519128,0.0016629457560516368,2.5272051200606053e-05,0.0007629469639564225],[0.0007278551667527198,0.0008405584630242047,0.003562755805520552,0.00012534292392001883,0.0008847752316911057,0.0015087201298969021,0.0006351949299201108,0.0009507065370290186,0.0010605540294148209,0.0006428975693509962,0.9212719824624866,0.0018236274967794411,0.00011378963723984014,0.002351584565786186,0.0019866757411642396,0.003396518678464077,0.0010945301040960575,0.0006998776214897319,0.0021899080049377464,0.0007102506587636988,0.0017616332612219144,0.000156477344852917,0.00048010517349886874,0.002207749862158666,0.0027173724191624023,0.0035615419618039534,0.0024436386185494176,0.0008573875093635594,0.002593243747373584,4.030138909074427e-05,0.0012693375854863815,0.009497687089354463,0.001278142784724145,0.0013222227987726742,0.0013043252397867552,0.0007167505409376451,0.0017862491521554449,0.0018020852151048312,0.0012050858875949332,0.001752189788894703,0.003489532491649448,0.0004275992558694028,0.0012184203938916964,6.108862144496975e-05,0.0009055338475896092,0.0014087716613166764,0.0026233283470532276,0.0011254666489900066,0.0021380758983806335,0.0012705497061982084],[0.005772218923101429,0.0038746162217569552,0.0013465617218456122,0.00030328876595375797,0.00039922816018808817,0.0002642332983093651,0.00020883350175899222,0.0009524834347744342,0.000348156555748741,0.00017705044447639077,0.003944756729507816,0.9210979939479053,0.0007468878443346116,0.004979296673274965,0.0003208923010261374,0.0020889163402094697,0.004158501330130014,0.00020759822501235364,0.0005115207997519591,0.0010589716415376617,0.0005202687640071849,0.002316701886372048,0.0007867012907369899,9.67238043288107e-05,0.0005389285684723182,0.002454564655429496,0.0012822062360231,0.0003737786698456806,0.00017979725187990933,0.0015064001618667363,0.000346677806218774,0.0013552927150069798,0.0007300662194424147,0.0037723960395067775,0.0012683222224429786,0.0013819853950812584,0.0063048318923931155,0.0010851104995105415,0.0035004147804819797,0.0029240103462946344,0.0001235985882014323,0.0036543392839490617,0.0001288920247998984,0.0005745252834026426,0.003341081114316214,0.00013956174173769426,0.0019654706756863883,0.0020206528786769753,0.0020184242791137326,0.0005462680641703024],[0.0014494481666316066,0.00104331875892934,0.0021768879893470355,0.0010420140935235897,0.0007711688647291674,0.00014785439113906187,0.002521858538465704,0.0018259147741135707,4.361047804386161e-05,0.0010422740038205608,0.0028047895363306043,0.003414959381911678,0.9206721233069497,0.00044444687375496674,0.0003471063734549379,0.0034987680167252017,0.004770454537421085,0.0017735867238257356,0.0035056355041666004,0.0005184959778097103,0.001673587504082515,0.0010150972066723877,0.0011694460127223635,0.0027050586996060083,0.0023206428181114184,0.0027431749398735585,0.001155138586478615,0.0002110126651869995,0.0014348457483131442,0.0006069375019666393,0.0028372270653696696,0.0005251801894638751,0.0017273247807234526,0.00444253120649984,0.0022840144091969333,0.00021622444332634996,0.0024482898395681886,0.00016395966220946547,0.0006881607929316529,0.0004957331789490789,0.0016618046827955857,0.001261039749317042,0.0019309232638907814,0.0005369013865425304,0.0018819398371684225,0.00031287992233084566,0.0035458974614326674,0.0008088073598010007,0.0022507300010033665,0.0011307727933719785],[0.0029392918101093556,0.0006262580466940533,0.003088978281541418,0.002055629187361038,0.0013428605234538883,0.0014258177127461082,0.0011889110857616508,0.004753863047853947,0.000258823201458463,0.0012857780383811659,0.000521048926828699,0.0033119320579579497,0.0005927515624973377,0.9217972857314157,0.0014203372937873135,0.00012145371819492357,0.0034375398224433273,0.0015373858824188427,0.0003459133525637434,0.00015000151959474836,0.00033776172600845643,0.0007968199642053217,0.0006141345885279224,0.00045611908489437403,0.0003793239668233308,0.003554962546946816,0.0005112112182769031,0.0003245173227977712,0.0020635056375050303,0.0003319276911214316,6.146232412365058e-05,0.003971810381738269,0.0005175757300899688,0.00010855620341097805,0.0011916932802324878,0.0025340481605765565,0.010385267553033668,0.001566966440765657,0.000251990009690244,0.0019309101475241434,0.0016440004098412992,0.000575279295412654,0.0038546440181590597,0.0014978538896562852,0.003613150824145999,0.0005371342288244933,8.843658769105829e-05,0.001426056494311129,6.811970633163277e-05,0.002602899764269802],[0.002914878588228882,0.0004058962399217971,0.001254616302387431,1.0515761785764339e-05,0.00091069796423792,0.0021155840596764975,0.0010011165311672292,0.000585905442570071,0.0008805338958026923,0.00225588612392911,0.00025446071602935714,0.00039943545252298654,6.930475872684319e-05,0.001728483411506884,0.9200777703508001,0.0015340338748517503,0.001504006258628935,0.0020479325774278192,0.004178251284223106,0.0017028999590801694,0.0012215762286642352,0.0030957420280933253,0.005706064514348139,0.0013116482456235368,0.0010838112777015734,0.0004934537684532312,0.003574717640238504,0.0017299902359114167,0.0017588222816140831,0.0037091210990343178,0.0010568398335006307,0.004570843079063009,4.585534001637052e-05,0.0014578125394033791,0.0015648872894511424,0.0037762432092011363,0.0015468432954887559,0.0003593353508685651,0.0006952534300096518,0.0018473884737153542,0.002903204391272573,0.0014382507600662498,0.0008387471390313988,0.003075443302590451,0.0007012070108105424,0.0003845391787105411,0.0006887106700524153,0.0018647317597340605,0.00016165133249593914,0.001505055741330247],[0.000848720373087944,0.0006625989608489444,0.0004130996677331956,0.00047196495201259583,0.00014498731515804778,0.002093972645148245,0.0006376662477634328,0.0005593504319422608,0.0018687968559326427,0.0038114529081912326,0.0018387414062993514,0.0014904361199943484,0.0030108591726162094,0.00016319360231981103,0.0001765148814515691,0.9201302050872361,0.0031014484692439737,0.004811282127989266,0.004254277353543055,0.00031368214772913017,0.003748696596244312,0.0002536152839115097,0.003988471049937181,0.00489791394892831,0.00020831035581635413,0.00031074999895507873,0.0006301162576455398,0.0013474568736743936,0.0010416376928413969,0.0023942357323339407,0.00010358756017203755,0.00435221603284402,0.00028236813464991054,0.0007724508187598088,0.0002481759716636246,0.003608796939029626,0.0009636997015789738,0.0022474926316537556,0.0027219240003015567,0.001359976048626916,0.0011053594720139158,0.0014213228125509814,0.0014150665118131541,0.0009536237427830588,0.00043029879263740414,0.0011675913095038851,0.00036636294028613315,0.004225412641565873,4.0013635813404724e-05,0.002589805785222574],[9.1531863571556e-05,0.002189866834929947,0.0012590601473958084,0.002544774083140157,0.0018452012353782129,0.0017938258123509957,0.0015446569210296312,0.0023149255065579035,0.0004978381577503921,0.0032919568550732374,0.0005745855341656247,0.001552289943183998,0.0026554892709568256,0.001933791781085828,0.0017875270995413159,0.003942693279921084,0.9202684052699774,0.00015726107276388564,0.0003510455362510462,0.002476915548831583,0.0012741747337122902,0.0013173462823996937,0.002140037485227385,0.00023535820784816003,0.0025670690540313037,0.0005039137581884319,0.0019347997310687546,0.002230734029490244,0.0016976217327692215,0.005693688014497067,0.002015907609075006,0.0005708145417061935,0.001427144621417159,0.0018510351275989017,0.0004633277554429344,0.0010220322560820403,0.0012400996665853847,0.0012236573185519489,0.0010970134556432334,0.000564044371420295,0.00034308459929392195,0.003660577986921634,0.0019774632263415736,0.0001545237884827533,0.0018319736936056495,0.0005179495641937207,0.000617163473383681,0.0018111376627433229,0.004117753376809749,0.0008249111216119085],[0.0019912896462394875,0.0006009378772752526,0.0003678270495121244,0.0009955202377278573,0.003379908744414283,0.00022718283539951812,0.0030896508379240403,0.002751702154561467,0.003971675602981034,0.0010980558349355316,0.002397092479019408,1.5999786802134672e-05,0.0025842445047439366,0.003942940873006447,0.002741819178330332,0.000946182178830121,0.0015866285183602875,0.9205628072680343,0.00019491749540346295,0.003019390131230664,0.0005920745851906505,0.00021696944620294096,0.0008996989704712164,0.007862539077108453,0.0002824676621248685,0.0004944821296059248,0.0024533090403423496,0.0006427691803415929,0.0011253994203672605,0.0004948206538445968,0.0022611215870323364,0.005982924631914803,0.001147185709735291,0.0003543649470176965,0.002642006638863736,0.0006435464767800223,0.00106939746384625,0.0009573384460627115,0.00017274438296007732,5.3731480330777754e-05,0.0038562028685248406,8.053867182011567e-05,0.0005940165526672821,0.0007642657125633909,0.002939559268680073,0.0006845960183982304,0.0017163985652963456,0.0010958646248128594,0.0006120201690727029,0.0008418723832889931],[0.00045814363112805584,0.0005104254999253195,0.004502310138883208,0.004654506602268262,0.0002958472789707493,0.0003257145236146077,0.0010548586786163637,0.001823100083925067,0.000738715897580896,0.0008689448873142374,0.0005406732134892356,0.0025837992189066267,0.00045393000573992564,0.004898725311900829,0.002039008587846279,0.005594331275764244,0.0006229560477997425,0.00039191105417475837,0.9205092287469718,0.001039713082115829,0.0011694028461607417,0.0007521743448341106,0.0029393585545112637,0.0015593764366837134,0.001718191647519762,0.0044893328107545325,0.0013262996112834186,0.0030853591451217095,4.828937149889328e-05,0.0028139957888653694,0.0023171738066734217,0.0001752982326927667,0.000268336274536067,2.2112513147958822e-05,7.563221315542229e-05,0.00020288182957810873,0.0008451114023568162,0.00028323873617985606,0.00020703152107799696,0.0063689467986398655,0.003054234832080104,0.00045120783627183327,0.0014711885247070309,0.00012958149441303835,0.0005355453203282882,0.005240576596109147,0.00045982899611855555,0.000946339451292055,0.0028444458037840616,0.00029266349268806464],[0.0016287884198722161,0.0010027754464032306,0.0005664700565815263,0.004498620201123486,0.003993844605491005,0.0006322929915854156,0.0002721848818822952,0.005146109505649884,8.689910244772826e-05,0.0008685204856378878,0.002979952698125134,0.0028849629781067298,6.70148374695285e-05,0.0028637557220803312,0.00019944625963021342,0.0017458178371909671,0.001535822668258863,0.0027417537295873584,0.0014249606971995729,0.9208641061848718,0.0024630641122997264,0.0017139636787871881,0.0009039471912159702,1.1740483932490265e-05,0.00057682247751978,0.00011385179900327227,7.152620689555163e-05,0.0008451324183807887,0.002680517629993334,0.00030931289524848863,0.0007582643570001897,0.002115875510051002,0.0010049300243897704,0.0015392806907265555,0.000284130898523959,0.0015141914118148175,0.0010404260958722478,0.0004026207343923015,0.0007723093041366026,0.0007445648999296474,0.00341575970286983,0.006905095692780625,0.0013232242433662434,0.0016880203470908868,0.006336205060105867,0.00010073863324468722,0.0004872874966045518,0.003412227920071475,0.00023583668574043743,0.000225032088816533],[0.0007541017553416018,0.000869183900111874,0.0007856204101192225,0.0016073737071643577,0.001483940414438921,0.003131256676940996,0.00012468024670829217,0.0007769423757195493,0.0026919079532847314,0.0008255341085553872,0.004402873351514669,0.0006699444173263396,0.0019695099724569304,0.00015424943262281864,0.0009785171621531112,0.00015278803309447614,0.00030061632776987675,0.0008558991357760632,0.003505199863394464,0.0034633963481266565,0.9280829816581012,0.0018796270531286122,0.000511519033697306,6.197577032021544e-05,0.0004709282062757506,0.0019776074739037714,0.002506881836892326,0.0014575531227926427,0.0002913589096569663,0.003695302211614695,0.0003471659119031896,0.0007312297669172845,0.00017637993688838117,0.0006785033231388812,0.003129092362114872,0.00010027309723711474,0.009169225356015772,0.0015434192186251142,0.00018749947811960862,0.0012863524025361042,0.00238447942820091,0.0010855060614080694,0.0008199690604269649,0.0005143933140336017,0.00016256151048978142,0.0021602322552000904,0.0011040063881130463,0.0008885155621475908,0.002091800761409274,0.0010001239360705892],[0.0006208243687343944,0.006752954719916329,0.0011590443351624825,0.0004999791911548855,0.0024117690841870872,0.0004737624712058192,6.346087813386455e-05,0.003480411314727284,0.0014999411715610814,0.0012573709734316264,0.005444831556506234,0.0020535734533984676,0.0015795425574891575,0.0053849763664172035,0.00092989112134649,0.0006044449527725253,0.002944597662704281,0.0011350871707183929,0.0021909567260591594,0.004922841763070658,0.000376888209064946,0.9202102479003472,0.002053818101905539,0.00032356452759985154,0.0005499636880015994,0.0018366251088379666,0.0010929674874729097,0.0009917324844028782,0.0006033075443783903,0.009801335209248793,0.00026608610038875423,0.0014918329156547328,0.00038031351025740546,0.00037752577705166236,0.0014121738531073782,0.0011751918057309435,0.0012846873041553158,0.001971897935179788,1.4555002857080516e-05,0.0005074365428743104,0.00037136659511519837,0.0012376442000816316,0.000860401719569302,4.035554343694163e-05,0.00010895997627875105,0.00037487193133246886,0.003290741330588307,0.0009709471690962451,0.00022532275902490022,0.00038697592826143805],[0.00016429459305751209,0.002205434083630276,0.0025041258875180016,0.0012358800735259045,0.0014169004780005612,0.0004652887952915587,0.0005311853904579855,0.00042576450227347685,0.0015709607894475908,0.0037360901965726857,0.0018372724288879697,0.0011866423615730967,0.002008167509580974,0.0013481170105386349,0.0003161879662929759,0.0021485878398938636,0.0026606275418731336,0.0008397125540004635,0.0007172380919183578,0.0023938616052209794,0.0010301323668037564,0.0005430884502223408,0.9210585965813353,0.003663346883526085,0.00022261934746374638,0.00013840330183062822,0.0009149029372326826,0.0022338837126495022,0.001528570296189954,0.001664227054992045,0.0007060015615036631,0.0005258137400728093,0.006042989799451207,0.002596877127620036,0.0062585417350691196,0.0012966029538036333,0.000561108803944649,0.0005044312499481661,0.0009146825446672632,0.00102651210557638,0.0026142793455781153,0.0005675372852850406,0.0003662820270320812,0.0027565475686027524,0.0012368572032021626,0.0010542121024836703,0.0023879623098937174,0.0036769963901054276,0.0017763024667999895,0.0004193510475581556],[0.0003014927796404635,0.00362640444876566,0.0005243641842751027,0.00026832643879367153,0.00029838023095518027,0.0018181975274233586,0.00107713034964862,0.0036882138206576947,0.0016579127846926486,0.0020726622254847514,0.00111157872237152,0.004791764467827595,0.002053455044224463,0.000622453518841583,0.0024373508958550716,0.0012834094243365352,3.4394251067111575e-05,0.002150945717426041,0.000995232322488838,0.0007138337525133593,6.907182559382343e-05,9.201846842513137e-06,0.00018297230762769913,0.9214582570420297,0.003679468201600808,0.0016144743780782472,0.0005515363768903315,0.0007377223721170739,0.0002944241603737408,0.0009412756024723737,0.006961589902874962,0.0010231200646690728,9.979590737066196e-06,0.0021805126966282992,0.0012532156899367592,0.001769083602883999,3.8135757270415516e-05,0.0005817648730155204,0.002593799598545974,0.00043694742327335016,0.0064759261950686564,0.0006045487789352972,0.0010061737986742346,0.0024154472316392723,0.004100709691343891,2.546235557828912e-05,0.0019391654860552812,0.0027896861117809486,0.0016908297607012952,0.0010379943694719543],[0.0036814343762977754,0.005176795899927668,0.0040931897039624176,0.0013866705422020398,0.0004886626829856346,0.002057691438215663,0.001205987201590862,0.004978903945229353,3.8609813830613064e-05,0.00038436682632013365,0.0019082138716687792,0.0014434173857989286,0.0013571154503127655,0.0061807530883775386,0.0001080953370166301,0.000607523310490762,0.0010364442701816918,7.961035720108867e-05,0.0005656301354748313,0.00171289786207133,0.00022921408706754476,0.00025562618954108845,0.0015442364603394266,0.0020259434876731017,0.9220782219238061,4.8871354053913154e-05,0.0011929226256912624,0.000991134259038763,0.00035836128004750344,0.005478635485121496,0.0017396037678234471,0.00044503732627914163,0.0017212646400928664,0.0008109890045030236,0.002084367989687886,0.0014322856044197186,0.0031472387391574853,0.0015077810926735398,0.00044606947579739633,0.0002805467197490621,0.0016348243460752355,0.0005845458639697348,0.0006793669289681383,0.0010852581334849095,0.0005781020203829641,0.00796095849733843,8.237263980057636e-05,0.0004255487242799901,0.00019146746181123217,0.00046719037216868295],[0.0017616521459553262,0.0005207053790243529,0.004194554433769332,0.00049888981620308,0.0004013198032902353,0.0002924830211704616,0.0013449694222197111,0.0024745456197206796,0.0022339767287782135,0.000908623774693732,0.004046971279187656,0.0021907803805555895,0.00038517173690299437,0.0012593210774595567,0.0006113425896098206,0.0006825745759615173,0.0010498806414159984,0.004230994317098166,0.000768436592550712,0.00045541765781638953,0.0018277233111006921,0.0014289807559254265,0.0005754441401851412,0.0019724097106220122,0.0019488773585663673,0.9224281384987955,0.0012707640698266136,0.004861672970296891,0.00045088584811868774,0.003850537132741152,0.0016787205908974782,0.001122214281756188,0.001508464330214544,0.0029741076792844175,5.4274857388400446e-05,0.0024557881738331965,0.0006590683270294453,0.000278260746674489,0.0009727414190896454,0.0027312263142048,0.0005300578356867354,0.0005512211247102202,0.0009061950017602928,0.005490033418446901,0.0009910857206425806,0.0022874258501332794,0.0012483990720407606,0.0005799536189495272,0.0008695747176798062,0.001183142130015396],[0.003971809205936994,0.0003964735260558558,0.0007081898087180643,0.0031270968098836356,8.517168876107923e-05,0.0019140695408991519,0.0003350171845179381,0.001319350213184366,0.0009753214838187596,0.00021770453909746357,0.0005648906411604557,0.0009440553676344834,0.004349023309205319,0.005942148285818119,0.000970675274669472,0.005522624301134271,0.0012554666592872517,0.0015790495978347879,0.000715271400429546,0.0010283620895778637,0.0031068561083728227,0.00030089453385721365,0.0007370220735716427,0.00043811206943288365,0.00043705937794618173,0.0019489530987847987,0.9210960615263168,0.0024303761618510527,0.002059177852208858,0.0002676225901929175,0.00035771706582106677,0.00038140408934080424,0.00524948166245406,0.001253853929466263,0.0028547789748379114,0.00014278500428141502,0.0014920220810307153,0.001418292085519252,0.0007414840681185744,0.0008321886660018986,0.0052593739156650745,0.0010994557161226426,0.001253910518667944,0.00038327122225822313,0.001287768309380282,2.9175034276135852e-05,0.003204367969422321,0.0014826656818386836,0.0011561072288538588,0.0013759904564828024],[0.002390149034599949,0.002044344583191744,8.22942910773294e-05,0.0011359716762120043,0.0009555227124127977,0.0028415908018700033,0.0034518805361752687,0.000478489607098788,0.0023328851191275566,0.0031108209917177845,0.00589215647311382,0.00038275647199282465,0.0023595834591755367,0.0006209716998333518,0.0004095134164804153,0.0004993142761817561,0.0003558733909079012,0.0016316554095267045,0.0009485593344654532,0.0010321688652855602,0.000961513369375207,0.00020344766833758503,0.0033750855415384876,0.0036365663639682856,0.0004309694429381073,0.0008231034095019822,0.0005805904575919861,0.921733430448086,0.00020765782458583135,0.0014644440729573358,0.00208851947422048,0.006128799369604468,0.0018337036872409058,0.001546236366584755,0.001881859917792636,0.0018042004729322853,0.0009301764777153402,0.00033000191172965213,0.0006588059813102054,0.005772893514852965,0.00041865900230749,0.0007344671706209652,0.0011550838651707316,0.000727615028893097,0.0008543266176806587,0.0006999216617043926,0.00355131572581534,0.001067510469140154,0.0006407431968401281,0.0008018493385160281],[0.0005924530444644035,0.0008831251588001382,0.00084562890599927,0.0006641771654631996,0.005973179415476738,0.0010539306132598186,0.0011825922156518873,0.0019892058958491292,0.0013026600660716325,0.001480516459515108,0.0005853684190610655,0.00046038872647644914,0.0012629106231642376,0.0017848304047474199,0.0003268342129951764,0.00203736446649012,0.0004266366624955222,0.006009191878641372,0.001109804315145696,0.0019344203717795608,0.0008001909942570351,0.000416243574479032,6.426822786436928e-05,0.0004413899731181308,0.001204926500961286,0.0026533751856016898,0.0004450464365131205,0.0007758090730530361,0.9211545854751039,0.0010976043878913684,0.000796881862294701,0.004994610984851089,0.0018282489275251086,0.006790475253046765,0.0004689429834186111,0.0015783396039456103,0.0010101173224396842,0.0009672101770446952,0.0011192908323226182,0.0018608335121031703,0.0017144668874634538,0.0008996309668651663,0.0007168228192399451,0.0043402182576711915,0.0006103728337903203,0.0016538566416421966,0.002684259694958086,0.0011337973560122732,0.0006768671086123428,0.003196097124362115],[0.0010954253919070683,0.00040885847332079896,0.0014954902136855909,0.0005409916308284627,0.0024967330622932687,0.0009661363503247899,0.004495295754355817,0.0017989160031837113,0.004799743054384273,0.00108475467266847,0.0006962286438973556,0.0003588375195434542,0.0007253172558865029,0.001799959667519477,0.0003835480311040193,0.0002801982454159824,0.004416136845381423,0.00035858422199039753,0.0030470793442031394,0.0004742763933855307,0.00040259970840012877,0.0007642865753235516,0.0007177171817762682,0.0037432695540040896,6.125368869359974e-05,0.00023070302552075797,0.002791010114478174,0.0007009947285642718,0.00590030355352364,0.9215530008856583,0.0004920595623343275,0.00012900634875228977,0.004277919946574727,0.0059188122359083726,0.0010477727934490575,0.00036924534179035284,0.0016816279858691122,0.0003055732102534441,0.0011619005862950537,0.0037246013508428996,0.0006214344711090636,0.0023283238154092893,0.0001782056894006069,0.0008253429937358747,0.00100264301886812,0.003196851791048202,0.0025171421825605955,0.0001828965879258832,0.0005987911747845941,0.0008521991218658735],[7.073456365369843e-05,3.691200015346358e-07,4.918700806775831e-05,0.003372773564964825,0.0012185694479790346,0.0015314716928067915,9.506994306808499e-05,0.0019587907441963553,0.003974465940998372,0.0030484476384171656,0.0004346835117064198,0.0024764980826661102,0.00024196115820506733,0.0044293860556592545,0.0005314943204693994,0.0003455927900229156,0.007286400226093073,0.0020072853424800982,0.0033437064410085514,0.0008014709280339772,0.006742998394215025,1.980001357445022e-05,0.001447794353701973,0.0028779674938844125,6.68951044806921e-05,0.0008182866158556586,0.002427058872611188,0.0015727279570177666,0.00035921763445658617,0.0009254167423564226,0.9217093299365114,9.491950297337435e-05,0.0004849853477748127,0.0031627723185632408,0.0011429346946307715,0.0015495424381277848,0.001180422485027675,0.0016994545670693802,0.00012700056615491887,0.0004721322636614377,0.0017755085359833086,0.00016425429536877714,0.0022782358354442186,7.939383405496895e-05,0.0024315820455547256,0.002150822478803946,0.0008069560957863209,0.001258009389913165,0.001523592961823623,0.001431628704119543],[0.0006890570594253777,0.0010888669750377057,0.00044784977075829215,0.000658312597834367,0.004036217348819387,0.001273849266936584,0.0007463808146139416,0.0008054767636234932,0.0011121578063111046,0.0008528345616101832,0.001444467586105643,0.00045558549820705807,0.00044887082923508455,0.0008374890908518207,0.0016079843508052486,0.0005742860090225228,0.0023783305351416286,0.003382102133037572,0.0025220572899849808,0.0004218979018620069,0.0026844334993008047,0.002468874024530084,0.0017966051906414173,0.005581831031805231,0.000795109648057426,0.001290124966737963,0.0008934257045190676,0.0019859622433802556,0.003419228443915555,0.003214159905744924,4.5313410317804525e-05,0.9204235685308726,0.0009155944118237558,0.0005776290520119471,0.002494282814154282,0.0005272154005232043,0.004209124990460995,0.0028435835591669283,0.006352956755027235,0.0006448522203618432,0.0003682977215718501,0.00150161269570678,0.00039196133970906163,0.0043253892784613545,0.00027831765997720265,0.0003158114969407164,0.00013943927372624536,0.002398322709547883,0.0003480055005356852,0.000984892331246],[0.002917175519622134,0.0021550493509604634,0.004938624059258706,0.0006332525577344119,0.000334343533755928,0.0007231906210892073,6.037824725278751e-05,0.0005215552977187867,0.002236349930607518,0.001281914414605558,0.000890691049383998,0.001077170909470905,0.00031656855414624883,0.00018196676234778043,0.0016499507364203107,0.0007666350367596858,0.0008107992591528043,0.0015451287177177034,6.963019676264911e-05,0.002363652832584192,0.0008789964161252349,0.0005675359114990765,0.0011676983100962757,0.0031021628625184207,0.00017604429403694988,0.0009383299951539013,0.0032436958691241325,0.0008992380471951397,0.0011212589991701249,0.0004640758537272653,0.007097325969721027,0.0022027792788056,0.9222864347924128,0.0033293635613387707,0.00018092403676497692,0.00036509179485292415,0.0010891976926316576,0.0002676430419240333,0.0042320126134535625,0.0031023939243246495,0.00033095846444477524,0.001780121683026243,0.0017983777329220708,0.0013297915649080783,0.0037659729488299194,0.003277021806523722,0.0024083544737691816,0.00020119938433910904,0.001730497578198187,0.0011914735108105412],[2.7005698254694133e-05,0.0010425678903268347,0.0014104804296982845,0.0009077225302130726,0.0014324935009439475,0.0021181368053741784,0.0024079715426054793,0.004671067474551653,0.00011102452954342744,0.001276373870458703,0.0013158533661569434,0.0002504748383454204,0.0038644455682275486,0.0003480670277990347,0.002743462598788751,0.0007184913886295804,0.00030959163379746596,0.0017418086874596412,0.004882674425352099,0.001643085155975929,0.0018386042487635063,0.0008794015512863253,3.1145740115672457e-06,3.86884969198476e-05,0.0005404963487144404,0.001092833602688227,0.004863290311448784,0.001144558259047534,0.00024116868455071835,0.0020973286426659264,0.004455305195824399,0.0025801211344892655,0.0003409807173362634,0.9226558978175036,0.0002558434608073976,0.00040626807227720163,0.001285958218769762,6.439862650617611e-05,0.00012002358289625534,8.314585422666707e-05,0.0037935504420494193,0.0009940101256463655,0.00018847968372347093,0.00015851386620362518,0.005495230105230934,0.004049139565656052,0.0023276119197342625,0.00113233071944664,0.0030209977186373372,0.0006299094904353838],[0.0003301515601907211,0.0009741773861321348,0.001897878450511998,0.004316982754265132,0.0007069106477340788,0.0015741611854430157,0.00018198459339562552,0.0017212511641496162,0.0018076157106393848,0.0028919716055028407,0.005290599822697685,0.0015287795532752842,0.0012813964500472913,0.0021631722169579803,0.0024885748156053935,0.0011744089532317622,0.002398362584222542,7.794075724537556e-05,0.0009036308618561054,0.0012775856172841345,0.00019482936590360048,0.002272734186224475,0.0005102203674950186,0.0019708703626222725,0.0014529403304179291,0.0002497815471509718,0.0005288080620945758,0.005691614442374569,0.001528002798122886,0.0014178933469953055,0.0004254573506676629,0.00043112910816385487,0.00017425067760687519,0.000705790416492922,0.9268509887658012,0.0002933934490804841,0.003046848780627408,0.00025006433349244545,5.278837447525071e-06,0.00039354567552469583,0.0028857663309493314,1.7316662190421493e-05,0.0006513280737288359,0.0018951875574526023,0.00024249876018610575,0.002113375464337922,0.003437911275791007,0.0028223948541462145,0.0008826034281851252,0.0016696386983377407],[0.00683112078544404,0.0003909822401687138,0.00202361949977773,7.249044266588303e-05,0.002539808553228408,0.0009989174273061976,0.0035777474361444856,0.0014483449846125953,0.0025445716812218465,3.269703631634792e-05,0.0022032522350568778,2.4166164345897668e-05,0.0021448872450966334,0.0018327024729388444,0.002784710868112795,0.00172928461979439,0.0025983807089635575,0.0002488854318517893,0.0021991205340444516,0.0017425538065333171,0.003105213481330395,0.004100152826086019,0.00036958382870836727,0.0023633466952985883,0.00216644742688588,0.001497830228292354,0.0003025861816667002,0.000175318626419677,0.0008796467886167598,0.00024528399167022484,0.0007733928205454932,0.000689033462193301,0.002604554182982693,0.004201400611562817,0.0009939338598140733,0.9205911909759917,0.0018969348398764879,0.00015240487114309118,4.824530849833213e-06,0.0008810867722934447,0.0005962281763662367,0.0002560465885170741,0.001428728069641026,0.00012367627159963986,0.0032633354326394026,0.001423209805883128,0.0005181774483464715,0.0007439486040099232,0.0005030945289803261,0.005181143898164138],[0.0010169044741292757,0.0013009832745379613,0.004088469756917021,0.0038923869094957698,0.0038174757109838853,0.002180444234665722,2.3454701508347898e-05,0.0006003357212153574,0.0005148529759739381,0.0017932456612956243,0.00031571062168787774,0.00037887771319572514,0.0017311845599910424,0.002874644093852591,0.0016741075206798768,0.0020677490397017686,0.004961629142493098,0.0008179591601229234,0.002168670963941852,0.0005712827262923155,0.0007190131444324804,0.00021998502003412008,0.0020089495045820245,0.00011990840609878453,0.0028468421502161633,0.004372718592610784,0.0004986467853210835,0.0013617475587596004,0.00022289808185827522,3.455976330643513e-05,0.0007668208753895058,0.001461266611495648,0.0011278031972159742,0.0006893549250654074,0.0007179549789089845,0.0015894544809930162,0.9218938084811837,0.003250461143166258,0.0005285544444954534,0.002693216098677106,0.002669586855764792,0.0018245044524187904,0.0028825946765406946,3.1951134328215306e-06,0.0006609279533047801,6.895956248996803e-05,0.001203239909090009,0.00013542751597010876,0.004293789689814899,0.002343441064680377],[0.00041719530473217854,0.0024193163906678565,0.000653947273353762,0.0033403482186102106,5.24379801038211e-05,0.0024018846345484728,0.000477389320886612,0.0003620760178455107,0.0010199992783318762,0.00042610222823000616,0.0029024013556364697,0.006807484317886414,0.00010358425813083961,0.00038301525479365753,0.0005515008665524986,0.0008723863997196506,0.0018085346380512638,0.002329844854999027,0.0014077753059022942,0.0070827515529600414,0.0014205185857230774,0.004040416227498187,0.00029890736674631843,0.0016213728082032544,0.00027340951016318504,0.00010478510072641537,0.0010491827725710836,0.001656079030919103,0.0035031664915277415,0.0009377900298822845,0.0002828747851140207,8.072419836410659e-05,0.0005820074287212204,0.0009898603888658481,0.00267134282925742,0.004129180288868941,0.0026907266704265537,0.9205375918830102,0.00013484676490167194,6.760802631080515e-05,0.004119877985790452,0.0012957814417531139,0.0019706575949396945,0.002329688079124575,0.004924952087330178,0.00014146069353447607,0.0008251344010049577,0.0005371864786920368,0.0008505277312565465,0.00011236686683008723],[0.000714701584118583,0.000823296674402937,0.00013673879572483793,0.00046063756120146736,0.0018986077035914148,3.427742727971356e-05,0.0018061899227824441,0.0010311958331498574,0.00041829588606202915,0.004129688245461873,2.283352905191025e-05,0.004766704165275135,0.006265249154989959,0.00054144788878959,0.000670146560077446,8.18167051076842e-05,0.0005637491495275488,0.0001023329926741468,0.0016556504528819694,0.00022076284254495226,0.0018485199225806387,0.0001818694705976904,0.0004900091617795064,0.0014132119936833812,0.00016780958951855197,4.609828711404128e-05,0.001175118195870885,0.0040747043045532,0.004018594258924028,0.0025579247724013994,0.000613904116343058,0.002730353230038039,0.0073235313830214985,0.0005318727467907027,0.002272200498062188,0.005056745947732956,0.000884390323324349,0.0004572283129012352,0.9268298035358803,0.000485313246133848,0.00029328708045928635,0.0004025190657787478,0.0006016076545205322,0.0010440589686574902,0.0004932728454757693,5.487639011841811e-05,0.0006179841188695467,0.0002552455440558711,0.0009919796212476235,0.005741642338869861],[0.0023418490582693356,0.00447720467196057,0.00035727094160622585,0.0019440557192260894,4.475112315923729e-05,0.003106574314335923,0.00037140708020267277,0.0001639645019442758,9.734199332769533e-05,0.0029353981071564557,0.0004475404120669022,0.002045394865649313,0.0026011299079017475,0.0022451419430812476,0.0010348104581253024,0.0032293547503145386,0.0007753464881490318,0.0014139231101456726,0.0028325707927122617,0.0009312866626262554,0.0008375421897412491,0.0032959306508020293,0.001320238174184583,0.000984749713995491,0.00040105672634473284,0.0008156753109252306,0.0005882427677224346,0.0013447211522820558,9.944007161864867e-05,0.0005366294126017515,0.0004148449507917643,0.003453048846037653,0.0016123273695741302,0.0020127176571749185,0.0005269617481292148,0.0010970678616410124,0.0002488658050273131,0.001533024482062111,0.0029022493898319215,0.9257368357243064,0.0030195691394104074,9.073379736243843e-05,0.0007283504450512773,0.004486915466118438,0.0021210594391937875,0.00011963740532185502,0.0009895928900725856,0.0028274832159646797,0.0014344684771391033,0.0010237028176100496],[0.0023187612826812303,0.00021749979082647469,0.00175310197832555,0.00302769793579055,0.00018156793641750077,0.0024676145861634194,0.00020297710506691634,0.002821355414734819,0.00046351777795539963,0.0003980497341248681,0.00757743136238849,0.002355463968366083,0.002573896452091103,0.0010995566916569767,0.0012523493568029765,0.0018035926468356342,0.0005910287759445032,0.0004718963701493862,0.00022967034635949847,0.0018681050388706971,0.0011196428505172269,0.00115595993482228,0.0018777858601728421,0.0033306865807246335,0.0013598914803529887,0.00299490399458546,0.0015703806175924972,0.0008807588063941586,0.0039322584893003495,0.001023651081480008,0.0013303337096801581,0.0005068947540204683,0.0035653011047693667,0.0007106843237760158,0.0016104151826623744,0.00035915749016084727,0.003735643976814711,0.0019194728310939525,0.0007394175824309603,0.0010337328545572673,0.9207854892934959,0.0007582230375494807,4.491476458253138e-05,0.0004883084426585948,0.001305270027902581,0.00037834123198409505,0.004052035419226704,0.003428123718583142,6.089499963423397e-05,0.0002662910069221001],[0.0009225822953116096,0.00021065192015920544,0.0014151732655883454,0.0030327328622138344,0.001392336690961358,0.0007479849853249409,0.0033350615610969183,0.0002025565883612112,0.004375889151869732,0.0014125426367583014,0.004596928412978283,0.001496278575459401,0.0006077144902647347,0.0028111080040010197,0.002723615040340475,0.0005550081673962959,0.0034722557861601978,0.00026759201227421076,0.0028549620125278615,0.0010429352804023394,0.002071069839877575,0.0006479143432196033,0.00020695890273162207,0.0020307628237086744,0.0012930313109122912,0.0007887881578685611,0.0034953675981985546,0.00032963166841891336,0.0009685702398105587,0.0008595193669524169,3.117547601116338e-05,0.00231429746865741,0.0005882102167130245,0.00016974652656800548,0.004422526459313883,0.005905589343579289,0.0005368577988222337,0.0022771759279987015,0.000568658522607886,0.00217616693554333,0.0004309560233261296,0.920649619091483,6.928534725976081e-05,0.006100870140509338,0.00043490271631692605,0.0016117376946248893,4.06541259270346e-05,0.0010581110846279952,9.681733529817256e-05,0.0003491177736627774],[0.0003785961772669264,0.00047487892895131494,0.0032601157035746825,0.0007981161704761869,0.00547620668588207,0.00043143722803304135,0.0038368148308192004,0.0007746447054751332,0.0023464920689196664,0.0028023435862853598,0.0007442874025390641,0.0005415545820901914,0.008557959564268322,0.0007272487317596381,0.0011174140404377976,0.00010905383200558163,0.0018220597743877364,0.000836421657427865,7.229637811068926e-05,4.540251557251908e-05,0.00023238896868469215,0.011150701072889192,6.857055700519142e-05,0.0003228238048267244,0.0009713193301136826,0.003448288428230703,0.0003509716982290688,0.0016901323462331986,0.0009571209652246883,0.001338537489085812,0.0033807471397501523,0.001496568731249056,0.0018235016224361917,0.0030301217867347366,0.0003000848293355016,9.332093705336647e-05,0.0011654157441717751,0.0026206560378234417,0.0002829481635976019,0.0003495084871666692,0.000553447755291488,0.0008963878824485721,0.9223601389016225,0.0008893234921569965,0.0018698179599642229,0.001146305437764379,0.0007801652858820671,0.00022980265853888996,0.0007797122276422308,0.00026782569456430637],[0.002983354305055694,0.0007358612895023623,0.006551211340066462,0.0022609584172065367,0.0002694735576531249,0.0010474807954478668,0.00011388983163730299,0.0020755479281723255,0.000501495685660917,0.0007130008749265668,0.003121591057902767,0.001294392165531765,0.002014078592185373,0.00029846496583336724,0.00011004676587393287,0.0024066910578344346,0.0003596470371698276,0.0021409827992942376,0.001953743147786046,0.002565502121755429,0.0024233967981219405,0.0010394146031449008,2.235016186777282e-05,0.0018156066153333192,0.0002220394137132052,0.001504723070061696,0.0003320560405396837,0.0024425719084372574,0.001487335039630089,0.0005374072354241535,0.0059416440926991065,0.003400372940048059,0.0005865612043879958,0.003490966099688053,4.144805481765616e-05,0.0015354535018555421,0.0003745734022106321,0.002027809926396418,0.0003684307708765955,0.0029161648521738204,0.00016419888432961589,0.0027610251067758545,0.0005196426440372971,0.9200795661162922,0.00028824895942836267,0.00024115426597831513,0.002034446138021259,0.0042130053561858305,0.000984667376719967,0.0026863056843071703],[0.00033210824019465476,0.0006951557630913201,0.00020835616370406092,0.0009864677560212352,0.001342608875709642,0.0011904381324355736,0.00042542487172879,0.0018627308630330905,0.0029221087921277294,0.0020709074407068177,0.001653359135658062,0.00011512311203738291,0.0023475833826570205,0.0009953145222562428,0.0024341138254224473,0.005748727441445056,0.0003221036227243777,0.0008943942346191899,0.0024367589091476645,0.0032705168680259846,0.000551680008079725,0.0030521410491049705,0.000224805061492428,0.0075569259974095585,0.0019877546370174366,0.0005927395085161549,0.0018572921749931658,0.00020974834504078118,0.003309490014049349,0.0013955733347462734,0.0024524960517480717,0.0007516090098429282,0.000707939090594537,0.00235214437203737,0.0011486478963859635,0.0007813383027200859,0.0015719964771902578,0.0018979917638393268,0.0005221101918373232,0.0005087512275211251,0.0030552873653302034,9.17573518703919e-05,5.966413522518701e-05,0.00012203013067536953,0.9207513301491298,0.0018074320674213128,0.0019814451055803787,0.0020165830255329236,0.003363713728709987,0.0010632804736113346],[3.896967268670403e-05,0.00030347770629411507,0.0013574057298229413,0.0012057924482984856,0.0014910029184380588,0.0017796341730250895,0.003675769582733977,0.0006051811200706272,0.00048555125687597874,0.004508708950951358,0.002067127245486331,0.000654333924267098,0.0004451592872074711,0.0009225810336905151,0.0003393894328893621,0.0005191410933791911,0.00042095286840164393,0.0006353979607399085,0.002178821649288035,0.00569691291768036,0.0018824548374214059,0.002156361203054484,0.0012003412332473099,0.00035140393768700684,0.0015976767543966575,0.0001415368329252781,0.0027572468292748286,0.0014293696155337089,0.008816439394444079,0.0004583273212650132,0.00030823455795618153,0.005064532723081535,0.00458270210619753,0.0001619288667989165,0.0008431291272680289,0.0021566632947322387,8.81071163340546e-05,0.0012103467153680954,0.0012531364869225357,0.001147182144640164,0.0017598135082630734,0.00033364676274834484,0.0003051274325463625,0.0008649072496884272,0.00017302931712084383,0.9233993807138371,9.105210533386681e-05,0.004174921145939782,0.0010738961687933115,0.0008857935249526271],[0.00279034942246931,0.0023088217527718734,0.00580724380166185,0.00021586840942756287,0.0007526302753133353,0.00027234050015130507,0.0003931848285638166,0.0021515473894295834,0.0003841817634474032,0.002693726022660201,0.00037875372469161597,0.0007112971876908207,0.0023483710490133673,0.0007653125987428988,0.0004856969358824776,0.004418634993539994,0.0008206650566952707,0.003952435784043151,0.002062499834867583,0.001468031477900769,0.0006622549589208009,0.0002872767499218332,0.0028983823626224613,0.0006903866696789654,0.0002364823686050504,0.0024258045429482442,0.0035889558429562,0.0012002137111602309,0.0005311381010493583,0.000472336676214263,0.0009299987382199075,0.0006075825920123177,0.001835396555581417,0.0011823306849566108,0.00020509376786352726,0.00031206114254681195,8.013900260516073e-05,0.0017473842468821322,0.0011634312153071596,0.00696758493437609,0.0004984198779016138,0.000311239511992726,0.0003934361772582476,0.004673024097885595,0.001586618136967826,0.0010552061463988225,0.9211176122603473,0.0028598046357833596,0.001355484866659833,0.002943326615412083],[0.0057003971430297845,0.0008737610164596091,0.0025919931728345456,0.00020229630282254328,0.000413391150429437,0.004319307254296075,7.130358326520865e-05,0.0021774331422633655,0.00034298918424622226,0.0004765865469499029,0.00030015960630520486,0.001738127512780808,0.00013850556543270435,0.00026362664535037295,0.00025155575471277235,0.002533111347698918,0.0008047411151685592,0.001323924193201822,0.00023947193170606896,0.004670000419334054,0.0001949829804119337,0.0022411873925022646,0.0036943886079253293,0.0012382654343019086,0.0008691367753199657,0.0002149694102228201,9.410855716917664e-05,0.0008502839934513025,0.0005896226845226694,0.005357856267092929,0.0012413806292734797,0.0005273540425028871,0.0002494292963077486,4.951863820709103e-05,0.0018468075120582534,0.0021152873566565,0.002709504995336198,0.0003390282341639913,0.0010144905433444734,0.0007029243438177299,0.0013346173111540957,0.0017631382945953085,0.0012078775206941445,7.932424327991373e-05,0.009244328081182212,0.0016122171258348612,0.005843670919180245,0.9206118902147775,0.0013244150933934176,0.0014053109130317402],[0.0019445276610833113,0.0006215178072509838,0.0009162846950436436,0.0011588221201896429,0.00011419246064283116,0.0007465143935351371,0.0011794236382678752,0.0020967583576150194,0.0017733103247049911,0.0015921338452318334,0.0015982208246986696,0.0007102711992438872,0.000847019018362847,0.0021519173093914315,0.0007363087514685381,0.0026710409908913945,0.0043175648169056354,0.002511015996198584,0.0014521340095591687,0.0024694898764839684,0.006284276745137876,0.00039983292282772697,0.0010372331359529683,0.0002615250562730017,0.003219413125930791,3.9494293998047795e-05,0.00239170745852499,0.004426915367928486,0.0005861249814670884,0.0008651906460526934,0.006267083006048905,0.00029153104350231046,0.00088512106444936,0.0006989419911674266,0.00015168754976741146,0.0007968663817991125,0.0001312772624339159,0.001850255374218673,0.004139035957186314,0.0018557604166411878,0.0013572659224899647,0.000806352501633757,0.0010502660260217232,0.0032677829046168093,0.00046573855707966185,0.0008822849462043696,0.0010919291169452885,0.0010305570915386617,0.9216750064177492,0.00018507463764288738],[0.0014300967467546566,0.002417242394348354,0.0018084810842270474,0.00033767329000513143,0.00043974363928922066,0.0017830612714633332,0.0007624591086570789,0.0004750678448493828,0.000385290242028632,0.0005569645906540534,0.0025446871529424243,0.002296604198261249,0.0008422872715050603,0.0011176864700626627,0.0012175178644197758,6.332133709313403e-05,0.0027749185949253667,0.005465908415734762,0.001585101239593164,0.005018115798782763,0.0006473420033299942,0.0021758036546895717,0.001379492277385204,0.002320779832755958,0.0033356436580927397,0.0002180553804701993,0.004068523302867241,0.0019276407602639226,0.0006438518192253945,0.0030063689161265415,0.0007611135266248237,0.0002076465699584246,0.0021974662427638085,0.0022692793198810656,0.0013096374667655084,0.0014886803639549953,0.000635757379580987,0.0020046371769228176,0.0012839896243531013,0.003591930532160591,0.0035360407116270943,0.00044293287024653005,0.002989642550847489,3.599649732918333e-06,0.0018291740356640976,0.000627798594595154,0.00044060293558747214,0.0007795237549706769,0.0003355183652671763,0.9202192981676913]]",0.015146636273407173,0.12684533178136748,1,8,0.1111111111111111,211.508167973631,32.07373306017492,32.07373306017492,179.43443491345607,1.9697067274531856,8.54825902808501,True,True
50,0,cycle,"[[0.00034304412776906717,0.8809086205343903,0.0014660336938232149,0.004045088503964646,0.0006519031142085251,0.005287178615936808,0.0030039464267981927,0.002264386428342866,0.0013695730328185376,0.00316614190950674,0.0035614755242304747,0.0009657479374390423,0.0013129380982914345,0.0011983810931492042,7.686561431959865e-05,1.4554579314103333e-05,0.0011875438778018766,0.006614412023021379,0.0011739476604968454,5.9598416655994294e-05,0.0007685316330091194,0.0033533406319052584,0.001402974636360617,0.00026286488412941635,0.0038019976419843265,0.010101564868128696,0.012670004752657602,0.0020876737145757275,0.0044697935972073275,0.0006366883116687694,0.002955071413285204,0.0034117030983428207,0.0008750505505175226,0.0006239188918254655,0.0005020011749692575,0.0023077019214397727,0.000533872701443316,0.001349643074373615,0.0076197850050185156,0.0052275687957801355,0.003075667230083373,0.00193990079252316,0.0015976319089464914,0.0009111418043692539,0.00014789711221107932,0.0026122703248576563,0.00039650909785477617,8.918582684186797e-05,0.0022108476838507266,0.003385815707560233],[0.00030740027283042946,0.004831448533533071,0.8806322851182282,0.013993955798225446,0.0016097515072573483,0.011398730762009212,0.003926670124274878,0.003072563773188423,4.311320074561433e-05,0.0026810597639156603,0.005123871901591935,0.001951410822285631,0.0003632755275232294,0.0008179387022797888,0.0016891830250877367,0.0002911428332553339,0.0034547388309098255,0.0019117836690050287,0.001161648716828678,0.008566789318141114,0.0015084970396670705,0.0019742495882299664,0.0011001056511632968,0.00015156848118990922,0.00024636451004718976,0.002522222443028931,0.00038248617072785386,0.0012607364470726178,0.00024812249873033305,0.001075256479394086,8.321567998630619e-05,0.003057128637502716,0.0005803706949162273,0.0005877503766821191,0.003221870461410947,0.00039351257677197057,0.002200385257318536,0.004859781223644737,0.002405077858280382,0.00046205637647545587,0.0025039663513028213,0.00015181092142761333,0.002814093924128648,0.0002475565578561476,0.006040433540213418,0.00311831144306359,0.003373352565613657,0.001968279233794126,0.002656224444960622,0.0009764503642820432],[0.0064328008191865205,0.00038928365609553015,0.011912050957828303,0.8887218349534468,0.0012723760557327116,4.417119812370661e-05,0.0039047878033403984,0.00865379762908679,0.0010290680018913308,0.0005350515761314439,0.0018917590580153022,7.603244741230076e-05,0.00031729687972093516,0.004790523976922538,0.0018301473550891023,0.00045172765059032794,0.00024868730073765075,0.0007113926572533478,0.0007316369408836092,0.0005100081658774793,0.00016954322058382069,0.001047830413687555,0.0021679516851109528,0.000465566119461089,0.0016162304818228145,0.00023495485119610774,0.003982487549668883,0.0009205547121646994,0.003077491894214755,0.002772293410007317,0.0003721639870056364,0.00546235645606814,0.0036950622160792234,0.0007573542960397869,0.004159822260691283,0.0032626865773342337,0.0027125279264899366,0.001212104120621809,0.004132310235021567,0.008771330586861538,0.00019674041156219523,0.0007524363439254699,0.0030889077690401576,0.0007961591015567699,0.0023029793197287644,0.0049285585571283,0.0006717581596540062,0.00024422336302511394,0.001218146182562426,0.0003530327083195469],[0.0036475983903237973,0.0006652643149649718,7.24755353619338e-05,0.0024124607515737346,0.8800262506009596,0.0006116813578057667,0.00236795335833134,0.0008336474109360089,0.0011795066733821388,0.003135397992559289,0.0005522234499439069,0.0006254360626978954,0.005752539239376504,0.0014333375355692366,0.0011793749104623567,0.0065585948603925776,0.0036650701539475113,0.003967804156971498,0.0028742851545787654,0.0007321903501679038,0.0004948482034541456,6.522838135051674e-05,0.004236738838614549,0.003972124114426505,0.00603986574673094,0.001182118577495931,0.008462616958094598,0.0004417379675389581,0.0005272889661512852,0.0031046504475742446,0.00039344021387767284,0.01013125375025255,0.008465624922739277,3.823222822742049e-05,0.005434430041337708,0.0003271841806854014,0.00035976676827683405,0.003111624395725804,0.0023237655128976733,0.002795389034872514,0.0017260398636659527,0.002208498633848923,0.000568948745173795,0.0021387123732538927,0.0017893781006626368,0.0008856558264033987,0.00047243147655252047,0.0038067908596951675,0.0010096477701457397,0.0011928748399666327],[0.0006472986080172087,0.0018266713531222094,0.0033325623038179424,0.0034302150408638773,0.004702279962999588,0.8800454939037058,0.0002466839868167484,0.0018552860790493559,0.001795598628530835,0.009616402870001184,0.0016352536323680502,0.0029808927156752983,0.00018453453672837285,0.0003740818443042726,0.004344508737629876,0.0035713589482679465,5.569997520984024e-05,0.0059272138297773525,0.006270859606255987,0.003025278260248703,0.0014172615252745929,0.0012192261835330647,0.005263287303774289,0.002340977136317495,0.0005290422075999073,0.0005013685880533742,0.0012725342604942964,0.003261479783200744,0.00048653924400604754,0.0032099043980749337,0.008314644070298608,0.0001880316624270295,0.003376613004745248,0.0007952391438236954,0.001918912074546669,0.00010095968351216402,0.00033909675199940816,0.0011810205757462162,0.0014075257153571238,0.0036907341513655735,0.0015176668783182744,0.0027101304411494666,0.0007094359618273209,0.008605585025162746,2.230843155296482e-05,0.00253622831930525,1.687299896173799e-05,0.0017429078332800595,0.0003851852327772752,0.005071106590123996],[0.0035780299706680775,0.0007429678409480373,0.0008528909956630402,0.0014027884310546942,0.002314233547215904,0.0005917715401908847,0.880708478081432,0.0013906573315945637,0.0006577619007777902,0.0005585896797129046,0.0030492236802344645,0.0021239412639862633,0.004350135530219739,0.0009688630188333567,0.004327915408062257,0.0012884172712326952,0.0020013311687303455,0.0030119886507196684,0.0034799849939972116,0.001374986997120946,0.0005759945479054993,0.00825655983412477,0.0002051869986776134,0.0029248341584637433,0.00020674941662022746,0.00478485323809018,0.004920520569871284,0.0008304037854151579,0.002519482590407521,0.0032866882740538264,0.00038716343334559096,0.01167280971083902,0.0008036191320293154,0.0015973972492106293,0.00026383076078719377,0.003996159555806307,0.0009219868332753651,0.0013675678021844854,2.0377787680858708e-05,0.009473258551853663,0.0008040383310077314,0.0020313432620019164,0.0031670792087953046,0.0007767573642446607,0.0003831381991547591,0.004898683373156328,0.00023476640602889588,0.003955367992929144,0.0030409421253026416,0.0029174822043415076],[0.00045114128899930963,0.003264881501146792,0.001594716445203804,0.006668316869232998,0.00016188364513333348,0.003824782533645506,0.005004039818622801,0.880383933486615,0.007711605795918873,0.012724651754109927,0.0006867223756783949,0.0027951537602537526,0.0023212552529162205,3.3914557701702434e-05,4.0699674017473126e-05,0.00038842176054231946,0.00040508761987040397,0.004621595048402727,0.0017861809250640452,0.00022141086653546793,0.004361152950823699,0.0023615810458438827,0.0011426673441557894,0.001326389974948275,0.0018434390439073843,0.002081560366619616,0.004056872242805478,0.00029407059750144693,6.970051204569057e-05,0.0034340059287269577,0.0007919861981480529,0.000264555366522662,0.002857418927076883,0.006285217993494774,0.003566517022837782,0.003867568722354771,0.0005835869250790957,0.0043820067112687044,0.002840381191843492,0.00026979084609228397,0.0033764336774270895,0.0008977178926936226,1.2795620888580553e-05,0.0019188149343359513,0.0033244421676589518,0.00075366588583116,0.005905596869628096,0.0008805933118456495,9.411624700951353e-05,0.0010649585009737791],[0.0016643858555520426,0.00026044534200594883,0.006343958597833886,0.00020532548938470463,0.005600522642303987,0.006451507419040132,0.00045595873710582474,0.0013644039860022013,0.8842050198904177,0.0022941354837658348,0.0016859517865181039,0.0008735717383253684,0.0013719276103407079,6.702199346091586e-05,0.004911090510805506,0.003102415570599519,0.005899241632702183,9.701983782578542e-05,0.00016818949523485672,0.0012381627846601248,0.001420501299750814,0.008854892798122715,0.00231849505543408,0.0064538447176836315,0.0035149381361139673,0.0016411992426869119,0.0014161883594315805,0.0024004077413504956,0.00013229877828067625,0.006492246074051598,0.002457257153877563,0.00027054375715702397,0.0011500155159570812,3.5469875454323655e-06,0.004092383236628965,0.0010342547254916384,0.001131507142301963,5.9696251782561216e-05,0.005256511552056519,0.0018096954186448081,0.002190234840830584,0.0040886056004105645,0.0034964126407825446,0.00015078500087411595,0.00028896977585041704,0.0010429288698838226,0.0013232372055632107,0.0020671433238418795,0.00020906862968728782,0.0049719337640402135],[0.002058992902856865,0.0002813331891857113,0.0016832804902828873,0.0028591074433949085,0.008693509476813478,0.005686228599191272,0.0013466027937279296,0.0007208740299871735,0.0017043279740700554,0.8813951794061963,0.0016071301609020898,0.003524897965602229,0.0008128386878824482,0.00041709673075908377,0.004151772171810618,0.0017213340833588042,0.002055995210738546,0.002817431022534843,0.0034364243667643563,0.006401200449244235,0.0009688856929926197,0.0005349651029597074,0.0020910098017173787,0.0007029394716322969,0.007856353821477542,0.002047343244837071,0.0034851771672613657,0.00013401598161410022,0.0009698559426221108,0.002105704971529973,0.00098107118527101,0.0018290590673869574,6.939627721518951e-05,0.005987934312893668,0.001443392434929804,0.0002833101937076875,0.0003033608234343093,0.006517214625209541,0.000577778133439095,0.00484066576191236,0.006494930427448251,0.0009372009147516941,0.002655298718908867,0.005829682666684001,0.0008075911646523654,0.0005588483171501093,0.0006646258515562187,0.0030469103831194085,0.0017018708488240701,0.00019804953755742254],[0.0007027026895718446,0.0010973465776226944,0.0017781312567235795,0.0017208251649784765,0.002255622639555613,0.00061996821388567,3.875928040038364e-05,0.0018703351067563144,0.000833791499182465,0.001179341147548792,0.8836517480410956,0.0012674625799204524,0.005659608309333323,9.098488205430172e-05,0.005725561698391441,0.0013823663326754403,0.002673774559609454,0.000749956140335663,0.001646374237800658,0.0035851935874524326,0.00112559205032763,0.0006547214345460658,0.007328930711008134,0.001826566769969021,0.0019713861435949795,0.0012844535910859168,0.0022116849568169982,0.004510398487576338,0.005198661996201238,0.005339361577255847,0.007071128190745487,0.000190415809267856,0.004830554130279045,0.0003805741576624358,0.0027270269109960455,0.0025263282880379047,0.00016500995672821968,0.0015769966625335209,0.0016936161380844408,0.002046659151720817,0.0016463432033862987,0.004142042699774124,0.013451418949610564,0.0019967827311527177,0.0009280774637529074,0.0006937015913600846,0.0002749651448177869,0.002494418634077455,3.790807680090908e-05,0.0011444204459346338],[0.0010917827501290796,0.001260837694536307,0.005344133708280828,0.00018801438588002823,0.0013271628475366585,0.002263080194845353,0.0009527923948801662,0.0014260598055435279,0.001590831044122231,0.0009643463540264941,0.001907973693729986,0.8827354412451691,0.0001706844558597602,0.0035273768486792792,0.0029800136117463594,0.005094778017696115,0.001641795156144086,0.0010498164322345978,0.0032848620074066195,0.0010653759881455482,0.0026424498918328713,0.0002347160172793755,0.000720157760248303,0.0033116247932379987,0.004076058628743603,0.00534231294270593,0.003665457927824126,0.001286081264045339,0.003889865621060375,6.04520836361164e-05,0.001904006378229572,0.014246530634031694,0.0019172141770862174,0.001983334198159011,0.001956487859680133,0.0010751258114064675,0.0026793737282331674,0.0027031278226572466,0.0018076288313923997,0.002628284683342054,0.005234298737474172,0.0006413988838041042,0.0018276305908375445,9.163293216745461e-05,0.0013583007713844138,0.0021131574919750146,0.003934992520579841,0.0016881999734850099,0.0032071138475709498,0.0019058245592973122],[0.008658328384652143,0.005811924332635433,0.002019842582768418,0.0004549331489306369,0.0005988422402821322,0.00039634994746404764,0.0003132502526384883,0.0014287251521616512,0.0005222348336231115,0.00026557566671458615,0.005917135094261724,0.001646990921857748,0.881120331766502,0.007468945009912446,0.0004813384515392061,0.003133374510314204,0.006237751995195021,0.0003113973375185304,0.0007672811996279387,0.0015884574623064925,0.0007804031460107774,0.0034750528295580717,0.001180051936105485,0.00014508570649321602,0.0008083928527084772,0.003681846983144244,0.0019233093540346501,0.0005606680047685209,0.00026969587781986397,0.0022596002428001043,0.000520016709328161,0.0020329390725104695,0.001095099329163622,0.005658594059260166,0.0019024833336644678,0.002072978092621887,0.009457247838589674,0.001627665749265812,0.0052506221707229695,0.004386015519441951,0.00018539788230214843,0.0054815089259235925,0.0001933380371998476,0.0008617879251039638,0.0050116216714743205,0.00020934261260654137,0.0029482060135295825,0.003030979318015463,0.0030276364186705984,0.0008194020962554534],[0.00217417224994741,0.00156497813839401,0.003265331984020553,0.0015630211402853846,0.001156753297093751,0.00022178158670859278,0.0037827878076985557,0.002738872161170356,6.541571706579241e-05,0.001563411005730841,0.004207184304495906,0.005122439072867517,0.0010081849604244185,0.8806666703106325,0.0005206595601824068,0.005248152025087802,0.007155681806131628,0.0026603800857386032,0.0052584532562499,0.0007777439667145653,0.0025103812561237723,0.0015226458100085815,0.0017541690190835452,0.0040575880494090125,0.003480964227167127,0.004114762409810338,0.0017327078797179224,0.00031651899778049924,0.002152268622469716,0.0009104062529499588,0.004255840598054505,0.0007877702841958127,0.002590987171085179,0.00666379680974976,0.0034260216137953995,0.0003243366649895249,0.0036724347593522825,0.0002459394933141982,0.0010322411893974792,0.0007435997684236183,0.0024927070241933785,0.0018915596239755627,0.002896384895836172,0.0008053520798137955,0.0028229097557526334,0.0004693198834962685,0.005318846192149,0.001213211039701501,0.003376095001505049,0.0016961591900579679],[0.004408937715164033,0.0009393870700410799,0.004633467422312127,0.003083443781041557,0.002014290785180832,0.0021387265691191625,0.0017833666286424762,0.0071307945717809205,0.00038823480218769447,0.0019286670575717488,0.0007815733902430484,0.004967898086936925,0.0008891273437460066,0.002695928597123458,0.882130505940681,0.00018218057729238533,0.005156309733664991,0.002306078823628264,0.0005188700288456151,0.00022500227939212253,0.0005066425890126846,0.0011952299463079824,0.0009212018827918835,0.000684178627341561,0.0005689859502349962,0.005332443820420224,0.0007668168274153546,0.00048677598419665674,0.003095258456257545,0.0004978915366821474,9.219348618547586e-05,0.005957715572607402,0.0007763635951349531,0.00016283430511646705,0.0017875399203487316,0.0038010722408648345,0.015577901329550501,0.0023504496611484855,0.00037798501453536603,0.0028963652212862148,0.0024660006147619487,0.0008629189431189811,0.005781966027238589,0.0022467808344844276,0.005419726236218999,0.0008057013432367398,0.00013265488153658741,0.0021390847414666935,0.00010217955949744914,0.003904349646404703],[0.004372317882343323,0.0006088443598826957,0.0018819244535811465,1.5773642678646506e-05,0.00136604694635688,0.003173376089514746,0.0015016747967508436,0.0008788581638551065,0.0013208008437040385,0.0033838291858936647,0.00038169107404403574,0.0005991531787844798,0.00010395713809026478,0.0025927251172603257,0.00011665552619998433,0.8823010508122776,0.0022560093879434025,0.0030718988661417286,0.006267376926334659,0.002554349938620254,0.0018323643429963528,0.004643613042139987,0.008559096771522208,0.001967472368435305,0.00162571691655236,0.0007401806526798468,0.005362076460357756,0.002594985353867125,0.0026382334224211244,0.005563681648551476,0.001585259750250946,0.006856264618594513,6.878301002455578e-05,0.002186718809105069,0.0023473309341767133,0.005664364813801704,0.002320264943233134,0.0005390030263028476,0.0010428801450144776,0.002771082710573031,0.004354806586908859,0.0021573761400993747,0.0012581207085470983,0.0046131649538856765,0.0010518105162158136,0.0005768087680658116,0.0010330660050786229,0.0027970976396010905,0.0002424769987439087,0.0022575836119953703],[0.001273080559631916,0.0009938984412734165,0.0006196495015997934,0.0007079474280188938,0.00021748097273707168,0.0031409589677223676,0.0009564993716451491,0.0008390256479133912,0.002803195283898964,0.005717179362286848,0.002758112109449027,0.0022356541799915222,0.004516288758924313,0.00024479040347971654,0.0002647723221773537,0.00019530763085413182,0.884652172703866,0.0072169231919838985,0.0063814160303145824,0.00047052322159369525,0.005623044894366468,0.0003804229258672645,0.0059827065749057705,0.007346870923392465,0.00031246553372453115,0.0004661249984326181,0.0009451743864683096,0.0020211853105115904,0.0015624565392620953,0.0035913535985009105,0.0001553813402580563,0.00652832404926603,0.0004235522019748658,0.001158676228139713,0.00037226395749543684,0.005413195408544439,0.0014455495523684606,0.003371238947480633,0.004082886000452334,0.0020399640729403742,0.0016580392080208734,0.002131984218826472,0.0021225997677197313,0.0014304356141745882,0.0006454481889561062,0.0017513869642558277,0.0005495444104291996,0.0063381189623488085,6.002045372010708e-05,0.0038847086778338613],[0.00013729779535733399,0.0032848002523949205,0.0018885902210937127,0.0038171611247102355,0.0027678018530673193,0.0026907387185264933,0.0023169853815444468,0.003472388259836855,0.0007467572366255881,0.004937935282609856,0.000861878301248437,0.0023284349147759966,0.003983233906435239,0.0029006876716287417,0.0026812906493119738,0.005914039919881626,0.000402607904966086,0.8802358916091458,0.0005265683043765692,0.0037153733232473743,0.0019112621005684353,0.0019760194235995403,0.0032100562278410774,0.00035303731177224,0.003850603581046955,0.0007558706372826477,0.0029021995966031318,0.003346101044235365,0.002546432599153832,0.0085405320217456,0.003023861413612509,0.0008562218125592903,0.0021407169321257385,0.0027765526913983525,0.0006949916331644016,0.0015330483841230604,0.001860149499878077,0.0018354859778279232,0.0016455201834648498,0.0008460665571304424,0.0005146268989408829,0.005490866980382451,0.0029661948395123604,0.00023178568272412992,0.002747960540408474,0.000776924346290581,0.0009257452100755214,0.0027167064941149843,0.006176630065214623,0.0012373666824178626],[0.0029869344693592313,0.0009014068159128789,0.0005517405742681866,0.0014932803565917859,0.005069863116621424,0.0003407742530992772,0.0046344762568860595,0.0041275532318422,0.005957513404471551,0.0016470837524032976,0.0035956387185291116,2.3999680203202007e-05,0.0038763667571159047,0.00591441130950967,0.004112728767495498,0.0014192732682451815,0.002379942777540431,0.0008442109020513332,0.8802923762431052,0.0045290851968459965,0.0008881118777859758,0.00032545416930441145,0.0013495484557068244,0.01179380861566268,0.0004237014931873027,0.0007417231944088872,0.003679963560513524,0.0009641537705123893,0.0016880991305508906,0.0007422309807668953,0.003391682380548504,0.008974386947872205,0.0017207785646029363,0.0005315474205265447,0.0039630099582956034,0.0009653197151700333,0.001604096195769375,0.001436007669094067,0.00025911657444011596,8.059722049616663e-05,0.005784304302787261,0.00012080800773017349,0.0008910248290009231,0.0011463985688450863,0.00440933890302011,0.0010268940275973456,0.0025745978479445185,0.001643796937219289,0.0009180302536090542,0.0012628085749334895],[0.0006872154466920837,0.0007656382498879791,0.0067534652083248116,0.006981759903402393,0.0004437709184561239,0.0004885717854219115,0.0015822880179245456,0.0027346501258876,0.001108073846371344,0.0013034173309713559,0.0008110098202338533,0.00387569882835994,0.0006808950086098885,0.007348087967851243,0.0030585128817694185,0.008391496913646365,0.0009344340716996137,0.0005878665812621375,0.0007638431204577055,0.8815595696231737,0.0017541042692411123,0.001128261517251166,0.004409037831766895,0.00233906465502557,0.002577287471279643,0.006733999216131798,0.0019894494169251276,0.004628038717682564,7.243405724833992e-05,0.004220993683298054,0.0034757607100101328,0.00026294734903915004,0.00040250441180410046,3.316876972193823e-05,0.00011344831973313343,0.0003043227443671631,0.0012676671035352243,0.00042485810426978407,0.0003105472816169954,0.009553420197959798,0.004581352248120156,0.0006768117544077498,0.002206782787060546,0.0001943722416195575,0.0008033179804924324,0.00786086489416372,0.0006897434941778332,0.0014195091769380822,0.004266668705676092,0.0004389952390320969],[0.002443182629808324,0.0015041631696048458,0.0008497050848722894,0.006747930301685229,0.0059907669082365075,0.0009484394873781234,0.00040827732282344275,0.0077191642584748255,0.00013034865367159238,0.0013027807284568317,0.004469929047187701,0.004327444467160094,0.00010052225620429274,0.004295633583120496,0.0002991693894453201,0.002618726755786451,0.0023037340023882944,0.004112630594381037,0.0021374410457993594,0.0012961592773077233,0.8836945961684496,0.002570945518180782,0.0013559207868239552,1.7610725898735397e-05,0.00086523371627967,0.0001707776985049084,0.00010728931034332743,0.001267698627571183,0.00402077644499,0.0004639693428727329,0.0011373965355002845,0.003173813265076503,0.0015073950365846554,0.002308921036089833,0.00042619634778593855,0.0022712871177222264,0.0015606391438083716,0.0006039311015884522,0.0011584639562049039,0.001116847349894471,0.005123639554304745,0.010357643539170937,0.001984836365049365,0.00253203052063633,0.009504307590158799,0.00015110794986703083,0.0007309312449068277,0.005118341880107212,0.00035375502861065614,0.0003375481332247995],[0.0011311526330124028,0.0013037758501678108,0.0011784306151788337,0.0024110605607465365,0.0022259106216583812,0.004696885015411494,0.00018702037006243828,0.001165413563579324,0.0040378619299270965,0.0012383011628330808,0.006604310027272004,0.0010049166259895094,0.0029542649586853957,0.00023137414893422794,0.0014677757432296668,0.00022918204964171416,0.00045092449165481507,0.0012838487036640946,0.005257799795091696,0.005195094522189985,0.012124472487151745,0.882819440579693,0.0007672785505459589,9.296365548032315e-05,0.0007063923094136259,0.002966411210855657,0.003760322755338489,0.002186329684188964,0.00043703836448544947,0.005542953317422042,0.0005207488678547844,0.0010968446503759265,0.00026456990533257175,0.0010177549847083219,0.0046936385431723075,0.00015040964585567211,0.013753838034023658,0.002315128827937671,0.0002812492171794129,0.0019295286038041562,0.003576719142301365,0.001628259092112104,0.0012299535906404474,0.0007715899710504025,0.00024384226573467211,0.0032403483828001354,0.0016560095821695694,0.0013327733432213862,0.003137701142113911,0.0015001859041058837],[0.0009312365531015917,0.010129432079874493,0.0017385665027437238,0.0007499687867323283,0.0036176536262806304,0.0007106437068087287,9.519131720079683e-05,0.005220616972090925,0.002249911757341622,0.0018860564601474394,0.008167247334759351,0.0030803601800977014,0.002369313836233736,0.008077464549625804,0.001394836682019735,0.0009066674291587878,0.004416896494056421,0.0017026307560775893,0.003286435089088739,0.007384262644605987,0.000565332313597419,0.00031537185052071516,0.8830807271528583,0.00048534679139977725,0.0008249455320023989,0.0027549376632569496,0.0016394512312093647,0.0014875987266043174,0.0009049613165675854,0.01470200281387319,0.0003991291505831314,0.0022377493734820992,0.0005704702653861082,0.0005662886655774935,0.0021182607796610673,0.001762787708596415,0.0019270309562329736,0.002957846902769682,2.1832504285620773e-05,0.0007611548143114656,0.0005570498926727976,0.0018564663001224473,0.001290602579353953,6.053331515541244e-05,0.00016343996441812658,0.0005623078969987032,0.004936111995882461,0.0014564207536443676,0.0003379841385373503,0.000580463892392157],[0.0002464418895862681,0.0033081511254454137,0.0037561888312770022,0.0018538201102888568,0.0021253507170008418,0.000697933192937338,0.0007967780856869782,0.0006386467534102153,0.002356441184171386,0.005604135294859028,0.002755908643331954,0.001779963542359645,0.003012251264371461,0.002022175515807952,0.00047428194943946385,0.0032228817598407952,0.0039909413128097,0.0012595688310006953,0.0010758571378775368,0.003590792407831469,0.0015451985502056345,0.0008146326753335111,0.0015878948720028105,0.8854950203252892,0.00033392902119561954,0.00020760495274594235,0.001372354405849024,0.0033508255689742535,0.002292855444284931,0.0024963405824880674,0.0010590023422554944,0.0007887206101092138,0.00906448469917681,0.0038953156914300537,0.00938781260260368,0.00194490443070545,0.0008416632059169734,0.000756646874922249,0.0013720238170008949,0.0015397681583645699,0.003921419018367173,0.0008513059279275609,0.0005494230405481218,0.004134821352904128,0.0018552858048032437,0.0015813181537255054,0.0035819434648405755,0.005515494585158141,0.002664453700199984,0.0006290265713372334],[0.0004522391694606952,0.00543960667314849,0.000786546276412654,0.00040248965819050727,0.0004475703464327704,0.0027272962911350377,0.00161569552447293,0.0055323207309865416,0.002486869177038973,0.0031089933382271273,0.0016673680835572798,0.007187646701741392,0.0030801825663366944,0.0009336802782623745,0.003656026343782607,0.0019251141365048026,5.159137660066735e-05,0.0032264185761390614,0.0014928484837332568,0.001070750628770039,0.00010360773839073514,1.3802770263769703e-05,0.0002744584614415487,0.0021873855630443963,0.8855192023024012,0.002421711567117371,0.0008273045653354972,0.001106583558175611,0.0004416362405606112,0.0014119134037085604,0.010442384854312443,0.001534680097003609,1.4969386105599294e-05,0.003270769044942449,0.0018798235349051387,0.0026536254043259986,5.720363590562327e-05,0.0008726473095232805,0.0038906993978189606,0.0006554211349100252,0.009713889292602985,0.0009068231684029457,0.0015092606980113517,0.0036231708474589084,0.006151064537015836,3.819353336743368e-05,0.0029087482290829215,0.004184529167671423,0.0025362446410519424,0.0015569915542079313],[0.0055221515644466625,0.007765193849891501,0.006139784555943626,0.0020800058133030597,0.0007329940244784519,0.0030865371573234944,0.0018089808023862928,0.007468355917844029,5.791472074591959e-05,0.0005765502394802004,0.0028623208075031687,0.0021651260786983927,0.0020356731754691483,0.009271129632566308,0.00016214300552494515,0.000911284965736143,0.0015546664052725377,0.000119415535801633,0.000848445203212247,0.002569346793106995,0.0003438211306013171,0.0003834392843116326,0.0023163546905091395,0.0030389152315096523,0.003117332885708952,0.8800733070310809,0.0017893839385368935,0.0014867013885581444,0.0005375419200712551,0.008217953227682243,0.0026094056517351706,0.0006675559894187124,0.0025818969601392994,0.0012164835067545354,0.0031265519845318284,0.0021484284066295776,0.004720858108736228,0.0022616716390103093,0.0006691042136960945,0.00042082007962359317,0.002452236519112853,0.0008768187959546023,0.0010190503934522075,0.0016278872002273642,0.0008671530305744461,0.011941437746007644,0.00012355895970086453,0.0006383230864199851,0.00028720119271684823,0.0007007855582530243],[0.002642478218932989,0.0007810580685365293,0.006291831650653998,0.00074833472430462,0.0006019797049353529,0.0004387245317556924,0.0020174541333295667,0.0037118184295810196,0.0033509650931673202,0.001362935662040598,0.006070456918781485,0.003286170570833384,0.0005777576053544915,0.001888981616189335,0.0009170138844147307,0.001023861863942276,0.0015748209621239974,0.006346491475647249,0.0011526548888260678,0.0006831264867245843,0.002741584966651038,0.0021434711338881394,0.0008631662102777119,0.0029586145659330184,0.0029233160378495508,0.0036422077481930997,0.8819061461047399,0.007292509455445336,0.0006763287721780316,0.005775805699111728,0.002518080886346217,0.0016833214226342817,0.002262696495321816,0.004461161518926626,8.141228608260067e-05,0.0036836822607497948,0.0009886024905441677,0.0004173911200117335,0.001459112128634468,0.0040968394713071996,0.0007950867535301032,0.0008268316870653302,0.001359292502640439,0.008235050127670352,0.0014866285809638708,0.003431138775199919,0.0018725986080611408,0.0008699304284242906,0.0013043620765197093,0.0017747131950230938],[0.00595771380890549,0.0005947102890837836,0.0010622847130770964,0.004690645214825453,0.00012775753314161884,0.0028711043113487274,0.0005025257767769071,0.0019790253197765487,0.0014629822257281393,0.00032655680864619534,0.0008473359617406836,0.0014160830514517249,0.006523534963807978,0.008913222428727177,0.001456012912004208,0.008283936451701404,0.0018831999889308776,0.002368574396752182,0.001072907100644319,0.0015425431343667954,0.004660284162559233,0.0004513418007858204,0.0011055331103574642,0.0006571681041493254,0.0006555890669192726,0.0029234296481771976,0.0016440922894752595,0.8836455642427766,0.003088766778313287,0.0004014338852893763,0.0005365755987316001,0.0005721061340112064,0.00787422249368109,0.0018807808941993943,0.004282168462256867,0.00021417750642212255,0.0022380331215460726,0.002127438128278878,0.0011122261021778617,0.0012482829990028478,0.007889060873497611,0.0016491835741839636,0.0018808657780019162,0.0005749068333873346,0.0019316524640704228,4.376255141420378e-05,0.0048065519541334815,0.0022239985227580253,0.001734160843280788,0.0020639856847242035],[0.0035852235518999236,0.0030665168747876156,0.0001234414366159941,0.0017039575143180065,0.0014332840686191964,0.0042623862028050045,0.0051778208042629024,0.0007177344106481819,0.0034993276786913345,0.004666231487576676,0.008838234709670729,0.0005741347079892369,0.0035393751887633053,0.0009314575497500276,0.0006142701247206228,0.0007489714142726341,0.0005338100863618518,0.0024474831142900564,0.0014228390016981798,0.0015482532979283403,0.0014422700540628103,0.0003051715025063775,0.0050626283123077305,0.005454849545952428,0.0006464541644071609,0.0012346551142529733,0.0008708856863879792,0.002600145672128959,0.8803114867368788,0.0021966661094360036,0.0031327792113307203,0.0091931990544067,0.0027505555308613584,0.0023193545498771326,0.0028227898766889537,0.0027063007093984276,0.0013952647165730101,0.0004950028675944782,0.0009882089719653081,0.008659340272279447,0.000627988503461235,0.0011017007559314478,0.0017326257977560975,0.0010914225433396455,0.001281489926520988,0.0010498824925565889,0.00532697358872301,0.001601265703710231,0.0009611147952601921,0.0012027740077740422],[0.0008886795666966052,0.0013246877382002073,0.001268443358998905,0.0009962657481947994,0.008959769123215108,0.0015808959198897277,0.0017738883234778308,0.0029838088437736934,0.001953990099107449,0.002220774689272662,0.0008780526285915983,0.0006905830897146737,0.0018943659347463563,0.0026772456071211294,0.0004902513194927646,0.0030560466997351797,0.0006399549937432832,0.009013787817962058,0.001664706472718544,0.002901630557669341,0.0012002864913855525,0.000624365361718548,9.64023417965539e-05,0.0006620849596771962,0.0018073897514419288,0.003980062778402535,0.0006675696547696808,0.001163713609579554,0.00173187821265574,0.881646406581837,0.0011953227934420514,0.007491916477276633,0.0027423733912876626,0.010185712879570147,0.0007034144751279166,0.002367509405918415,0.0015151759836595261,0.0014508152655670428,0.0016789362484839272,0.0027912502681547552,0.0025717003311951808,0.0013494464502977494,0.0010752342288599176,0.006510327386506786,0.0009155592506854803,0.0024807849624632946,0.004026389542437129,0.0017006960340184096,0.0010153006629185141,0.004794145686543173],[0.0016431380878606024,0.0006132877099811984,0.002243235320528386,0.000811487446242694,0.003745099593439903,0.001449204525487185,0.006742943631533725,0.0026983740047755666,0.007199614581576409,0.001627132009002705,0.0010443429658460333,0.0005382562793151813,0.0010879758838297543,0.0026999395012792153,0.0005753220466560289,0.0004202973681239736,0.006624205268072133,0.0005378763329855962,0.004570619016304708,0.000711414590078296,0.0006038995626001932,0.0011464298629853273,0.0010765757726644023,0.005614904331006134,9.18805330403996e-05,0.00034605453828113694,0.004186515171717261,0.0010514920928464077,0.00885045533028546,0.0023295013284873544,0.8807380893435015,0.00019350952312843466,0.0064168799198620905,0.00887821835386256,0.0015716591901735863,0.0005538680126855292,0.002522441978803668,0.00045835981538016614,0.0017428508794425804,0.005586902026264349,0.0009321517066635954,0.003492485723113934,0.00026730853410091037,0.001238014490603812,0.00150396452830218,0.004795277686572303,0.003775713273840893,0.0002743448818888248,0.0008981867621768911,0.0012782986827988103],[0.00010610184548054764,5.536800023019536e-07,7.378051210163746e-05,0.005059160347447237,0.0018278541719685519,0.0022972075392101872,0.00014260491460212746,0.0029381861162945328,0.0059616989114975585,0.0045726714576257484,0.0006520252675596297,0.003714747123999165,0.00036294173730760097,0.0066440790834888805,0.000797241480704099,0.0005183891850343734,0.010929600339139608,0.0030109280137201474,0.005015559661512827,0.0012022063920509658,0.010114497591322538,2.9700020361675325e-05,0.0021716915305529595,0.0043169512408266185,0.00010034265672103814,0.0012274299237834878,0.003640588308916782,0.00235909193552665,0.0005388264516848792,0.0013881251135346338,0.002563994904767038,0.88014237925446,0.000727478021662219,0.004744158477844861,0.0017144020419461573,0.002324313657191677,0.0017706337275415123,0.00254918185060407,0.0001905008492323783,0.0007081983954921564,0.002663262803974963,0.0002463814430531657,0.0034173537531663276,0.0001190907510824534,0.0036473730683320884,0.0032262337182059186,0.0012104341436794813,0.0018870140848697475,0.0022853894427354343,0.0021474430561793144],[0.0010335855891380665,0.0016333004625565585,0.0006717746561374382,0.0009874688967515504,0.006054326023229081,0.0019107739004048758,0.0011195712219209122,0.0012082151454352397,0.0016682367094666567,0.0012792518424152748,0.0021667013791584647,0.000683378247310587,0.0006733062438526267,0.0012562336362777309,0.0024119765262078726,0.0008614290135337842,0.0035674958027124425,0.005073153199556357,0.003783085934977471,0.0006328468527930103,0.0040266502489512065,0.0037033110367951255,0.002694907785962126,0.008372746547707846,0.001192664472086139,0.0019351874501069444,0.0013401385567786014,0.002978943365070383,0.005128842665873333,0.004821239858617385,6.797011547670678e-05,0.0006353527963087794,0.8813733916177356,0.0008664435780179206,0.003741424221231423,0.0007908231007848065,0.006313687485691492,0.004265375338750392,0.009529435132540853,0.0009672783305427647,0.000552446582357775,0.0022524190435601697,0.0005879420095635924,0.00648808391769203,0.00041747648996580394,0.0004737172454110745,0.00020915891058936802,0.0035974840643218245,0.0005220082508035277,0.0014773384968689999],[0.004375763279433201,0.003232574026440695,0.007407936088888059,0.0009498788366016178,0.000501515300633892,0.001084785931633811,9.056737087918126e-05,0.00078233294657818,0.003354524895911277,0.001922871621908337,0.0013360365740759969,0.0016157563642063572,0.00047485283121937317,0.0002729501435216706,0.002474926104630466,0.0011499525551395286,0.0012161988887292065,0.002317693076576555,0.00010444529514397367,0.0035454792488762875,0.0013184946241878524,0.0008513038672486147,0.0017515474651444134,0.004653244293777631,0.0002640664410554248,0.001407494992730852,0.004865543803686198,0.0013488570707927095,0.0016818884987551874,0.000696113780590898,0.01064598895458154,0.0033041689182084,0.0034296521886190553,0.8849940453420082,0.00027138605514746535,0.0005476376922793862,0.0016337965389474863,0.0004014645628860499,0.006348018920180343,0.004653590886486974,0.0004964376966671628,0.0026701825245393643,0.002697566599383106,0.001994687347362117,0.005648959423244879,0.004915532709785583,0.003612531710653772,0.00030179907650866356,0.00259574636729728,0.0017872102662158118],[4.0508547382041196e-05,0.001563851835490252,0.002115720644547427,0.0013615837953196088,0.002148740251415921,0.0031772052080612672,0.0036119573139082183,0.0070066012118274795,0.00016653679431514115,0.0019145608056880545,0.001973780049235415,0.00037571225751813057,0.005796668352341322,0.0005221005416985521,0.0041151938981831265,0.0010777370829443704,0.0004643874506961989,0.0026127130311894616,0.007324011638028148,0.0024646277339638936,0.002757906373145259,0.0013191023269294878,4.671861017350868e-06,5.8032745379771404e-05,0.0008107445230716605,0.0016392504040323407,0.007294935467173175,0.0017168373885713011,0.0003617530268260775,0.003145992963998889,0.006682957793736598,0.0038701817017338983,0.000511471076004395,0.003983846726255297,0.8803837651912111,0.0006094021084158025,0.0019289373281546431,9.659793975926415e-05,0.00018003537434438299,0.0001247187813400006,0.005690325663074129,0.0014910151884695482,0.0002827195255852064,0.00023777079930543775,0.008242845157846401,0.006073709348484077,0.0034914178796013936,0.00169849607916996,0.004531496577956005,0.0009448642356530757],[0.0004952273402860816,0.0014612660791982022,0.0028468176757679964,0.006475474131397697,0.001060365971601118,0.0023612417781645233,0.00027297689009343827,0.002581876746224424,0.002711423565959077,0.00433795740825426,0.007935899734046526,0.002293169329912926,0.001922094675070937,0.0032447583254369703,0.0037328622234080898,0.0017616134298476431,0.0035975438763338127,0.00011691113586806335,0.001355446292784158,0.001916378425926202,0.0002922440488554007,0.003409101279336712,0.0007653305512425278,0.0029563055439334085,0.002179410495626894,0.0003746723207264577,0.0007932120931418635,0.008537421663561853,0.002292004197184329,0.002126840020492958,0.0006381860260014943,0.0006466936622457822,0.0002613760164103128,0.001058685624739383,0.010276483148701653,0.8804400901736207,0.004570273170941112,0.00037509650023866814,7.918256171287607e-06,0.0005903185132870438,0.004328649496423997,2.597499328563224e-05,0.0009769921105932538,0.0028427813361789032,0.0003637481402791586,0.0031700631965068827,0.00515686691368651,0.004233592281219322,0.0013239051422776877,0.002504458047506611],[0.01024668117816606,0.0005864733602530707,0.0030354292496665948,0.00010873566399882455,0.003809712829842612,0.0014983761409592964,0.005366621154216728,0.002172517476918893,0.0038168575218327696,4.9045554474521875e-05,0.0033048783525853162,3.62492465188465e-05,0.00321733086764495,0.0027490537094082665,0.004177066302169192,0.002593926929691585,0.003897571063445336,0.00037332814777768394,0.0032986808010666774,0.0026138307097999755,0.004657820221995592,0.006150229239129028,0.0005543757430625509,0.003545020042947882,0.00324967114032882,0.0022467453424385307,0.0004538792725000503,0.0002629779396295155,0.0013194701829251396,0.0003679259875053373,0.0011600892308182397,0.0010335501932899514,0.003906831274474039,0.0063021009173442255,0.0014909007897211098,0.0008867864639874626,0.8828454022598148,0.00022860730671463674,7.23679627474982e-06,0.001321630158440167,0.000894342264549355,0.0003840698827756111,0.002143092104461539,0.00018551440739945978,0.004895003148959104,0.0021348147088246917,0.000777266172519707,0.0011159229060148847,0.0007546417934704891,0.007771715847246207],[0.0015253567111939133,0.0019514749118069417,0.006132704635375532,0.005838580364243655,0.005726213566475828,0.003270666351998583,3.518205226252184e-05,0.000900503581823036,0.0007722794639609071,0.0026898684919434363,0.0004735659325318166,0.0005683165697935877,0.0025967768399865637,0.004311966140778886,0.002511161281019815,0.0031016235595526524,0.007442443713739646,0.001226938740184385,0.0032530064459127773,0.0008569240894384732,0.0010785197166487206,0.0003299775300511801,0.0030134242568730365,0.00017986260914817679,0.004270263225324245,0.006559077888916175,0.0007479701779816252,0.0020426213381394003,0.0003343471227874128,5.1839644959652684e-05,0.0011502313130842586,0.002191899917243472,0.001691704795823961,0.001034032387598111,0.0010769324683634768,0.002384181721489524,0.0028407127217755226,0.8848756917147493,0.0007928316667431802,0.004039824148015659,0.004004380283647188,0.0027367566786281852,0.0043238920148110415,4.792670149232295e-06,0.0009913919299571702,0.00010343934373495202,0.0018048598636350134,0.00020314127395516316,0.0064406845347223475,0.003515161597020565],[0.0006257929570982677,0.0036289745860017845,0.000980920910030643,0.0050105223279153155,7.865697015573164e-05,0.003602826951822709,0.0007160839813299179,0.000543114026768266,0.0015299989174978141,0.0006391533423450092,0.004353602033454704,0.010211226476829621,0.00015537638719625941,0.0005745228821904863,0.0008272512998287478,0.0013085795995794757,0.0027128019570768955,0.0034947672824985404,0.002111662958853441,0.010624127329440063,0.002130777878584616,0.00606062434124728,0.00044836105011947767,0.0024320592123048814,0.0004101142652447775,0.00015717765108962304,0.0015737741588566251,0.002484118546378654,0.005254749737291612,0.0014066850448234266,0.000424312177671031,0.00012108629754615987,0.0008730111430818305,0.001484790583298772,0.00400701424388613,0.006193770433303411,0.004036090005639831,0.0008063878245152535,0.8802022701473525,0.00010141203946620772,0.006179816978685677,0.0019436721626296706,0.0029559863924095413,0.0034945321186868623,0.0073874281309952656,0.0002121910403017141,0.0012377016015074364,0.0008057797180380551,0.0012757915968848196,0.00016855030024513084],[0.0010720523761778744,0.0012349450116044055,0.00020510819358725686,0.0006909563418022011,0.002847911555387122,5.141614091957034e-05,0.002709284884173666,0.001546793749724786,0.0006274438290930437,0.0061945323681928096,3.425029357786537e-05,0.007150056247912702,0.009397873732484938,0.0008121718331843849,0.0010052198401161688,0.00012272505766152628,0.0008456237242913232,0.0001534994890112202,0.002483475679322954,0.00033114426381742837,0.0027727798838709577,0.0002728042058965356,0.0007350137426692596,0.0021198179905250717,0.000251714384277828,6.914743067106192e-05,0.0017626772938063274,0.0061120564568298,0.006027891388386043,0.0038368871586020987,0.000920856174514587,0.004095529845057059,0.010985297074532248,0.000797809120186054,0.0034083007470932817,0.007585118921599433,0.0013265854849865235,0.0006858424693518528,0.010244705303820297,0.8807279698692008,0.0004399306206889295,0.0006037785986681217,0.0009024114817807983,0.001566088452986235,0.0007399092682136537,8.231458517762715e-05,0.00092697617830432,0.0003828683160838066,0.0014879694318714351,0.008612463508304791],[0.003512773587404003,0.006715807007940855,0.0005359064124093387,0.002916083578839134,6.712668473885593e-05,0.004659861471503885,0.0005571106203040091,0.0002459467529164137,0.00014601298999154298,0.004403097160734683,0.0006713106181003533,0.003068092298473969,0.003901694861852621,0.0033677129146218714,0.0015522156871879537,0.004844032125471808,0.0011630197322235478,0.0021208846652185087,0.0042488561890683925,0.0013969299939393832,0.0012563132846118736,0.004943895976203044,0.0019803572612768746,0.0014771245709932364,0.0006015850895170992,0.0012235129663878458,0.0008823641515836517,0.0020170817284230836,0.000149160107427973,0.0008049441189026274,0.0006222674261876465,0.005179573269056479,0.0024184910543611953,0.0030190764857623777,0.000790442622193822,0.0016456017924615185,0.0003732987075409697,0.002299536723093166,0.004353374084747882,0.008605253586459534,0.8845293537091156,0.00013610069604365764,0.0010925256675769158,0.0067303731991776574,0.003181589158790681,0.00017945610798278253,0.0014843893351088782,0.004241224823947019,0.002151702715708655,0.0015355542264150744],[0.0034781419240218453,0.000326249686239712,0.002629652967488325,0.0045415469036858246,0.00027235190462625113,0.0037014218792451284,0.0003044656576003745,0.004232033122102228,0.0006952766669330994,0.0005970746011873022,0.011366147043582733,0.003533195952549124,0.003860844678136654,0.001649335037485465,0.0018785240352044647,0.0027053889702534513,0.0008865431639167547,0.0007078445552240793,0.00034450551953924766,0.0028021575583060455,0.0016794642757758402,0.0017339399022334198,0.002816678790259263,0.00499602987108695,0.002039837220529483,0.00449235599187819,0.0023555709263887456,0.001321138209591238,0.005898387733950523,0.0015354766222200119,0.0019955005645202373,0.0007603421310307025,0.00534795165715405,0.0010660264856640236,0.0024156227739935616,0.0005387362352412709,0.0056034659652220665,0.0028792092466409284,0.0011091263736464404,0.0015505992818359007,0.0011782339402438536,0.8811373345563243,6.737214687379706e-05,0.0007324626639878921,0.0019579050418538713,0.0005675118479761425,0.006078053128840057,0.005142185577874713,9.134249945135094e-05,0.0003994365103831501],[0.0013838734429674144,0.0003159778802388081,0.002122759898382518,0.004549099293320751,0.002088505036442037,0.0011219774779874113,0.005002592341645377,0.00030383488254181676,0.0065638337278045985,0.002118813955137452,0.006895392619467424,0.0022444178631891016,0.0009115717353971021,0.004216662006001529,0.004085422560510712,0.0008325122510944438,0.005208383679240296,0.0004013880184113161,0.004282443018791791,0.001564402920603509,0.0031066047598163624,0.0009718715148294049,0.0003104383540974331,0.0030461442355630116,0.0019395469663684368,0.0011831822368028417,0.005243051397297831,0.00049444750262837,0.001452855359715838,0.0012892790504286252,4.676321401674507e-05,0.003471446202986115,0.0008823153250695367,0.0002546197898520082,0.006633789688970824,0.008858384015368934,0.0008052866982333505,0.003415763891998052,0.0008529877839118288,0.003264250403314995,0.0006464340349891943,0.0009744286372245407,0.8801039280208897,0.009151305210764007,0.000652354074475389,0.002417606541937334,6.09811888905519e-05,0.0015871666269419926,0.00014522600294725882,0.0005236766604941661],[0.0005678942659003895,0.0007123183934269724,0.004890173555362024,0.0011971742557142803,0.008214310028823104,0.000647155842049562,0.0057552222462288,0.0011619670582126997,0.0035197381033794995,0.004203515379428039,0.001116431103808596,0.0008123318731352871,0.012836939346402482,0.001090873097639457,0.001676121060656696,0.00016358074800837245,0.0027330896615816048,0.0012546324861417975,0.00010844456716603387,6.810377335877862e-05,0.0003485834530270382,0.016726051609333787,0.0001028558355077871,0.00048423570724008655,0.0014569789951705237,0.005172432642346054,0.0005264575473436032,0.0025351985193497978,0.0014356814478370323,0.002007806233628718,0.005071120709625228,0.002244853096873584,0.0027352524336542875,0.004545182680102104,0.0004501272440032523,0.0001399814055800497,0.0017481236162576626,0.003930984056735163,0.00042442224539640283,0.0005242627307500038,0.0008301716329372319,0.001344581823672858,0.0035402083524336348,0.8813339852382355,0.0028047269399463343,0.0017194581566465684,0.0011702479288231006,0.0003447039878083349,0.0011695683414633463,0.00040173854184645953],[0.0044750314575835405,0.0011037919342535433,0.009826817010099692,0.0033914376258098048,0.00040421033647968733,0.0015712211931718,0.00017083474745595447,0.003113321892258488,0.0007522435284913754,0.0010695013123898501,0.0046823865868541505,0.0019415882482976474,0.00302111788827806,0.00044769744875005084,0.0001650701488108993,0.003610036586751652,0.0005394705557547414,0.003211474198941356,0.0029306147216790687,0.0038482531826331437,0.0036350951971829103,0.0015591219047173513,3.352524280165923e-05,0.0027234099229999785,0.0003330591205698078,0.0022570846050925437,0.0004980840608095256,0.003663857862655886,0.002231002559445133,0.0008061108531362302,0.008912466139048659,0.005100559410072088,0.0008798418065819936,0.005236449149532078,6.217208222648423e-05,0.002303180252783313,0.0005618601033159481,0.003041714889594627,0.0005526461563148932,0.004374247278260731,0.0002462983264944238,0.004141537660163782,0.0007794639660559456,0.00011934917443811511,0.8804323734391426,0.0003617313989674727,0.003051669207031888,0.006319508034278745,0.00147700106507995,0.004029458526460756],[0.0004981623602919821,0.00104273364463698,0.00031253424555609136,0.0014797016340318528,0.002013913313564463,0.0017856571986533602,0.000638137307593185,0.002794096294549636,0.004383163188191594,0.0031063611610602265,0.0024800387034870927,0.00017268466805607437,0.00352137507398553,0.0014929717833843642,0.003651170738133671,0.008623091162167584,0.0004831554340865666,0.0013415913519287848,0.003655138363721497,0.0049057753020389765,0.0008275200121195874,0.004578211573657455,0.000337207592238642,0.011335388996114337,0.0029816319555261545,0.0008891092627742323,0.002785938262489748,0.00031462251756117173,0.004964235021074023,0.00209336000211941,0.003678744077622107,0.0011274135147643922,0.0010619086358918054,0.003528216558056055,0.0017229718445789452,0.0011720074540801286,0.0023579947157853867,0.00284698764575899,0.0007831652877559847,0.0007631268412816877,0.004582931047995305,0.00013763602780558784,8.94962028377805e-05,0.00018304519601305426,0.001126995223694581,0.8827111481011319,0.0029721676583705676,0.0030248745382993854,0.00504557059306498,0.0015949207104170018],[5.8454509030056035e-05,0.00045521655944117263,0.002036108594734412,0.0018086886724477283,0.002236504377657088,0.002669451259537634,0.005513654374100965,0.0009077716801059407,0.000728326885313968,0.006763063426427036,0.0031006908682294962,0.000981500886400647,0.0006677389308112066,0.0013838715505357726,0.0005090841493340431,0.0007787116400687865,0.0006314293026024658,0.0009530969411098627,0.0032682324739320523,0.00854536937652054,0.0028236822561321087,0.003234541804581726,0.0018005118498709647,0.0005271059065305103,0.0023965151315949863,0.00021230524938791714,0.004135870243912243,0.0021440544233005633,0.013224659091666115,0.0006874909818975197,0.00046235183693427227,0.007596799084622303,0.006874053159296295,0.00024289330019837475,0.0012646936909020432,0.003234994942098358,0.0001321606745010819,0.0018155200730521433,0.0018797047303838034,0.0017207732169602459,0.00263972026239461,0.0005004701441225172,0.0004576911488195437,0.0012973608745326408,0.0002595439756812657,0.005099071070755569,0.8801365781580008,0.006262381718909672,0.0016108442531899672,0.0013286902874289405],[0.004185524133703965,0.0034632326291578097,0.008710865702492774,0.00032380261414134427,0.001128945412970003,0.00040851075022695755,0.0005897772428457249,0.003227321084144375,0.0005762726451711048,0.004040589033990302,0.0005681305870374239,0.001066945781536231,0.0035225565735200505,0.0011479688981143482,0.0007285454038237164,0.00662795249030999,0.001230997585042906,0.005928653676064727,0.003093749752301374,0.0022020472168511533,0.0009933824383812013,0.00043091512488274973,0.004347573543933692,0.001035580004518448,0.00035472355290757556,0.003638706814422366,0.0053834337644343,0.001800320566740346,0.0007967071515740374,0.0007085050143213944,0.0013949981073298613,0.0009113738880184765,0.0027530948333721254,0.0017734960274349162,0.0003076406517952909,0.0004680917138202179,0.0001202085039077411,0.0026210763703231983,0.0017451468229607392,0.010451377401564134,0.0007476298168524205,0.00046685926798908895,0.0005901542658873713,0.007009536146828392,0.002379927205451739,0.0015828092195982336,0.00167641839052079,0.884289706953675,0.0020332272999897495,0.004414989923118124],[0.008550595714544676,0.0013106415246894136,0.0038879897592518186,0.0003034444542338149,0.0006200867256441555,0.006478960881444113,0.00010695537489781297,0.0032661497133950478,0.0005144837763693333,0.0007148798204248543,0.0004502394094578073,0.002607191269171212,0.0002077583481490565,0.0003954399680255594,0.0003773336320691585,0.003799667021548377,0.0012071116727528388,0.001985886289802733,0.00035920789755910343,0.00700500062900108,0.00029247447061790053,0.003361781088753397,0.005541582911887994,0.0018573981514528627,0.0013037051629799484,0.00032245411533423014,0.00014116283575376496,0.0012754259901769536,0.0008844340267840041,0.008036784400639393,0.0018620709439102195,0.0007910310637543306,0.00037414394446162285,7.427795731063654e-05,0.00277021126808738,0.0031729310349847494,0.004064257493004297,0.0005085423512459869,0.0015217358150167101,0.0010543865157265947,0.0020019259667311434,0.0026447074418929624,0.0018118162810412165,0.00011898636491987058,0.013866492121773316,0.0024183256887522916,0.008765506378770367,0.0009178353221661357,0.8819866226400901,0.00210796636954761],[0.0029167914916249666,0.0009322767108764755,0.0013744270425654654,0.0017382331802844643,0.00017128869096424675,0.0011197715903027055,0.0017691354574018126,0.0031451375364225293,0.0026599654870574866,0.0023882007678477503,0.0023973312370480044,0.0010654067988658308,0.0012705285275442706,0.0032278759640871468,0.001104463127202807,0.004006561486337092,0.006476347225358454,0.0037665239942978757,0.002178201014338753,0.0037042348147259523,0.009426415117706814,0.0005997493842415905,0.0015558497039294523,0.0003922875844095025,0.0048291196888961855,5.924144099707169e-05,0.0035875611877874847,0.006640373051892729,0.0008791874722006326,0.00129778596907904,0.009400624509073356,0.0004372965652534657,0.0013276815966740399,0.0010484129867511399,0.0002275313246511172,0.0011952995726986688,0.00019691589365087382,0.0027753830613280097,0.00620855393577947,0.0027836406249617815,0.002035898883734947,0.0012095287524506353,0.0015753990390325846,0.004901674356925214,0.0006986078356194927,0.0013234274193065544,0.0016378936754179326,0.0015458356373079926,0.002512509626623816,0.8802776119564644],[0.882145145120132,0.0036258635915225306,0.002712721626340571,0.0005065099350076972,0.0006596154589338309,0.0026745919071949997,0.0011436886629856184,0.0007126017672740741,0.0005779353630429479,0.0008354468859810801,0.003817030729413636,0.003444906297391873,0.0012634309072575903,0.0016765297050939942,0.0018262767966296637,9.498200563970105e-05,0.00416237789238805,0.008198862623602142,0.002377651859389746,0.007527173698174144,0.0009710130049949914,0.0032637054820343577,0.0020692384160778056,0.003481169749133937,0.005003465487139109,0.0003270830707052989,0.0061027849543008605,0.002891461140395884,0.0009657777288380917,0.004509553374189812,0.0011416702899372355,0.0003114698549376369,0.003296199364145713,0.0034039189798215986,0.0019644562001482624,0.002233020545932493,0.0009536360693714806,0.003006955765384226,0.0019259844365296518,0.005387895798240886,0.005304061067440641,0.000664399305369795,0.004484463826271233,5.399474599377499e-06,0.0027437610534961463,0.0009416978918927308,0.0006609044033812082,0.0011692856324560152,0.0005032775479007645,0.0003289472515368693]]",0.01863538922923363,0.18248648682516977,1,6,0.14285714285714285,132.7584494861982,9.542769487021943,9.54276948702194,123.21567999917626,1.9627292215415328,9.993057700414152,True,True
50,0,reversible,"[[0.0193976078150552,0.022106864686501856,0.016962831465380798,0.012544703044711772,0.0212054628890064,0.02187116714733623,0.013597970591068756,0.02192506309557027,0.017974819347176523,0.013712077136951162,0.029407013969685696,0.019408789430534597,0.025495455251038465,0.0203084932807908,0.016767442073616398,0.027618274589780133,0.01694018755814566,0.01708611318697092,0.009626057378579763,0.025458115070297695,0.011778588565840195,0.028525946747155945,0.02069184483864714,0.0030355227529045648,0.02410925307873991,0.02091140609528744,0.01925074984190531,0.01839963516706321,0.024672106504170246,0.012393626438260983,0.017675487288497577,0.026262220156402737,0.022914629805109207,0.01194937699050935,0.024709701133430156,0.03214389053471477,0.016681458171225603,0.015307154980151779,0.028465696923741037,0.025201137088727513,0.02612284080384258,0.021568969380944793,0.029286643252424485,0.013835927111574699,0.023837754632476352,0.020986833778525203,0.016621364564207455,0.02263637051195895,0.017369585868043696,0.013239767985318085],[0.024079710799899897,0.0035967694716260152,0.017975795717518686,0.0238075324234928,0.02642027207336091,0.011475389064661551,0.03124760328486204,0.01724688869832336,0.019191706168065953,0.016055022055083572,0.014289242158483647,0.010513813390469766,0.01971712656116811,0.02961462143150158,0.015635873108587058,0.021207416660883063,0.025194430164070813,0.029462295977818936,0.016019346559532556,0.01951277331679362,0.006919114161092874,0.008634057878768106,0.023814054638036337,0.024932626350763695,0.020446467923401913,0.017754591063468262,0.02637673123539431,0.010865156879897139,0.023258350367715536,0.0154656178418061,0.014150555930565927,0.030405943047553466,0.0264053744325171,0.01986217964550337,0.01810071797172229,0.03400155449754178,0.01300222482290133,0.007791773974984687,0.029265011321672384,0.015914487055788816,0.020405250762638244,0.03105707382801424,0.02150516677626106,0.020856605711170144,0.03009839967430056,0.014368676649033742,0.029068693176945572,0.012765665609131551,0.030585255716651053,0.009658991968554596],[0.019599651475455324,0.019068389385206205,0.030522636259034223,0.016821755210266274,0.029692698028286873,0.022213557207439734,0.01861692444318196,0.018689103628397624,0.017547025886831005,0.027633525283779305,0.027433426067242077,0.018056455043186558,0.023118412133347258,0.01006159990463861,0.027283829435930895,0.017213312678015576,0.0298239791798106,0.02185098514091751,0.0027759483889803617,0.02246747290085539,0.01460805811451753,0.020068811482847764,0.03283987333659316,0.013756410631478042,0.028022925652545355,0.01563369082405628,0.021716263099950363,0.017700309581763485,0.02538173081494363,0.013799040035549555,0.022328349933661125,0.017251899055375056,0.0166768848892362,0.02318722616661645,0.01838938363767537,0.0206359157542779,0.010485020752345808,0.019054662007199918,0.02011123508037731,0.016783047963442353,0.021374809309460698,0.0027653537114976407,0.017277224854114467,0.0221197683981545,0.02807657507584055,0.02908360390011438,0.02046794541188123,0.010410998447611529,0.022511109147818287,0.016991185248250676],[0.015225774871687966,0.026528292018884188,0.017670153655944643,0.008187864562751439,0.022694947298862466,0.026524488394728898,0.015545545505208843,0.016450479777585295,0.029876976790842554,0.030411154430261024,0.01844799608796345,0.015023748172768409,0.010937040842741998,0.0351510388687183,0.006492259225988867,0.018237779997587873,0.01289515071208116,0.009933811447061878,0.019774448412356312,0.023862670752993375,0.02764850865542244,0.03510755204207556,0.011482583440945287,0.02563091917014181,0.022755656631974458,0.018402044465590715,0.014221425575609532,0.029789701924412892,0.026529697214009676,0.021635472037617464,0.014317422090434904,0.017031959909671712,0.020918056979347583,0.022681779377244762,0.025946281983991445,0.027695549098408805,0.013248198822723352,0.02143300798768358,0.019945614285378978,0.015784001845162734,0.029068364548163108,0.01632250773231609,0.010089395936508467,0.010657567444563231,0.01685655064143448,0.029593352884717206,0.014120043323313155,0.01983062020488622,0.01890433861201495,0.02248020330721641],[0.021935721023092724,0.025090962945319126,0.026582989342492987,0.019342576223172706,0.007675775852483134,0.02175361299783549,0.025893983460943053,0.019819144563583163,0.019406673396649272,0.019439124508116898,0.02284737088258274,0.020734935804196934,0.013312718185118503,0.018911191112653894,0.020109287826766176,0.025002434537483853,0.031605417698980065,0.021078724255833597,0.01508379474611416,0.017896310808157342,0.03018233839645824,0.016078326021520695,0.017453226357380013,0.024457619580808127,0.016975473220138832,0.026960192030665114,0.02066969856597894,0.01396198522172711,0.017785416386915314,0.01827384111278099,0.012963022616075461,0.015113600964007708,0.02061453978719755,0.0111351992054457,0.023796147178075003,0.025646534427113107,0.0162223006870589,0.026472170036062424,0.017188244154506926,0.006369357537327576,0.017380178140646026,0.015433616356831771,0.030677309586713112,0.02522005961960054,0.006391011684630945,0.02338768267602822,0.02745289231476525,0.018913213953596738,0.023295936451697214,0.02000611555667064],[0.02478086939278697,0.011936799091705428,0.02178274905115992,0.024761250645398386,0.023827134702838496,0.03502489507906721,0.02629900767649555,0.03719983938550598,0.017695215236202568,0.007364092302757613,0.019938563080444224,0.02866459350110274,0.017026114421311352,0.008195047538886481,0.01986029795597665,0.030890917260345926,0.01531425822414355,0.029958609993442582,0.010635280571552995,0.022669240951474934,0.018668940626062808,0.02725805464288511,0.01760141887052505,0.01741676092358699,0.013969835186109603,0.018204906383027505,0.005799292833377462,0.025674420925639752,0.012654922459179988,0.01824456340724916,0.01625033364581554,0.02900872291591008,0.025394985466305923,0.027978831783769382,0.026906859853531775,0.01109045228868111,0.021623634159810782,0.01383317126554608,0.022901844265702038,0.007715742761684758,0.02217292855452653,0.03252896464739261,0.0041441060646522825,0.022834705709226907,0.019096831338281783,0.015123985241977911,0.02292557503264156,0.008767534359478647,0.014962107380017875,0.02542079094480355],[0.015147676398957494,0.03195689087391318,0.01794857010630557,0.014267860967082272,0.027884741977124337,0.025856319394805427,0.006108769821624838,0.024286171387886607,0.016750389405880976,0.019003055470163423,0.004581466224034446,0.021408678972112308,0.029609300175106407,0.01710421312852333,0.027516388287113395,0.026450328993266364,0.02582457027125453,0.022966152030541056,0.027810987952109834,0.02413227407189838,0.015529222807796854,0.019578718913034882,0.032738906812241335,0.01915107255981648,0.009392523241208607,0.018514698037767504,0.018226044882890338,0.01081811442286623,0.012750997120604074,0.01923864113081483,0.03160908191441577,0.028044643507022862,0.009322490511875742,0.00880737724546207,0.021657936036627332,0.005142350783881476,0.01729652772555703,0.021125189942109383,0.01701961267357364,0.02215216356441567,0.021386217059075896,0.03105287264136901,0.01759015313057121,0.02067531578650417,0.03115662458823651,0.008300866137314079,0.018510905018862912,0.013341359034332246,0.02638291276970224,0.026871654090345514],[0.024081143781896477,0.017390933959150912,0.017765389328285613,0.01488660992932397,0.0210434531431533,0.03606058306410975,0.023945471519261467,0.014415160742385236,0.035890314344133166,0.01394569685059231,0.021517701633799215,0.024123706214372917,0.021647855436426975,0.0037924924407841828,0.005890900220347838,0.022986679242427862,0.010581512147707877,0.011266637677319134,0.017622385168687235,0.009699561697030854,0.008255937507321655,0.0239357343863781,0.0359173091361442,0.029545676528293353,0.021498099486044003,0.012711780197729585,0.025549310454568583,0.018409376371559583,0.016734450353045084,0.03350668887842601,0.018003341442573685,0.01258538182447197,0.03348776733514307,0.028644161880748906,0.02103750625470402,0.01744402080683782,0.014933318029942553,0.0229285287494989,0.02178406890441178,0.030363095353801623,0.01878646300509208,0.031039130269031174,0.021584601909797337,0.003200003305489448,0.007961378674336574,0.03565417758761107,0.016373097268995232,0.008106253271172665,0.018742388744719663,0.022722763540913887],[0.01990889888645707,0.019515162805028425,0.01682039622268643,0.027264675778090847,0.020779239390864894,0.01729792369715629,0.016654657015669427,0.03619292724674724,0.03294058363189508,0.025452579721330467,0.017791609979382075,0.006284949951311819,0.022361286484345037,0.022815488046599105,0.02779639252045642,0.0037625563952839998,0.01469761773000494,0.014174656220257558,0.017102381285571722,0.0032213916976546395,0.003069345318200213,0.024885192136919605,0.018841244715583336,0.016263263041358608,0.017158686275053427,0.02394528472088025,0.006698254882139412,0.018263822362899872,0.030860129562983393,0.010069881956402372,0.03586110261930651,0.013019905548752876,0.02903941860299326,0.01934841363654987,0.020501081865344096,0.019758900019012534,0.03521451399754145,0.01945314320403634,0.025393440634322598,0.03471185295746103,0.008342886261947626,0.020008391574081342,0.011605123100958011,0.028634732482429228,0.011234935577669138,0.019282303715684943,0.035540834306159175,0.01290701104153353,0.016536354947886144,0.030715174227116383],[0.015877048057505866,0.017066847364093453,0.027691903061629584,0.029012182416584313,0.021759006199988818,0.007525600431043818,0.019752316077921796,0.014701798735838,0.026608207054764292,0.035272643107013245,0.010904383979701065,0.012923566329227925,0.018132823867299266,0.022455410622418324,0.036277215993026635,0.03313312179573222,0.019009046542718733,0.007804876938886622,0.01774015825357582,0.02089535078493584,0.009226198336080812,0.028855242849705722,0.02537894161364389,0.006132289405548457,0.024101052602217225,0.02652009859975746,0.024970185828994695,0.030071118217002358,0.02313594207778065,0.03067102070476442,0.01661790876194804,0.025387093634969195,0.021865808769131457,0.0077966077156566135,0.02843700276166056,0.014294482881941788,0.02167155578824072,0.01909206941612216,0.015378174043908498,0.025916948138432934,0.019097634838825157,0.01409322273942675,0.018523964824987815,0.012124681656284903,0.02584305611952717,0.016660308981385163,0.019254876045602592,0.007054131511085725,0.00920319083484212,0.018081682686619194],[0.03300536562703943,0.014723759086919634,0.026647941560979944,0.01705940184361524,0.024789381708000126,0.019750718436591198,0.0046160041259449185,0.021988380448286958,0.018028772695321302,0.01056983589755127,0.03784250046621588,0.003977924211192368,0.03444436305878714,0.032505154663366655,0.027754381252294378,0.01930810689765388,0.024318741103651592,0.010933163615277054,0.015536989766983056,0.02606865371790312,0.012761812891444933,0.023722500130501055,0.014502975560588358,0.022787632001531298,0.029225221940546844,0.037310194666957334,0.01920970956516759,0.03581483346343172,0.009751420915450998,0.013632781140550623,0.015952603984029458,0.028218012857991474,0.010863779448436138,0.017219849242260984,0.03439797003706349,0.015268106666290488,0.020964187552199372,0.025638401252601296,0.006610555797761187,0.02142102558484487,0.029015527171742907,0.012635864408474102,0.028937500197167867,0.015547976978912154,0.01733805590456209,0.01053910689766691,0.017237797112874896,0.008528392801066747,0.0038089748335244657,0.01726768881078311],[0.022711447303255042,0.011294903200109186,0.01828642680058757,0.014484571072868477,0.023455511085865938,0.0296038074444738,0.02248869794379114,0.025701243393983355,0.006639960250587701,0.01306057288229528,0.004147336240972936,0.032925088333867904,0.009449757737293946,0.029380994784192004,0.02709701429831206,0.020500897306576126,0.028749240612663075,0.009129540610201338,0.027919615561873678,0.008086725151100572,0.03503794269712879,0.018539934385074924,0.021944578236935748,0.022585768351169048,0.02042937168541698,0.013109942783211466,0.024537751052336,0.02296766581444604,0.02790309495485174,0.023247168689002416,0.015307259714314467,0.030390247794667206,0.02446029048105831,0.01935171414357188,0.016167631719109284,0.010501837036705482,0.020162893526369907,0.019786522075320594,0.027584732091421697,0.013170507508075009,0.01413174352081285,0.014338054293575963,0.014208317476650202,0.028646390648803643,0.02031312654297558,0.02174727003830487,0.02424660361268797,0.019298132675569478,0.015300943977187587,0.015469210458373793],[0.029265117387537717,0.02077815634028399,0.022966536162677974,0.010343518949767651,0.014772366732561564,0.0172487833689247,0.03051010631624276,0.02262382951420196,0.02317403071859977,0.017975725631740887,0.035226706196707855,0.009269617448550886,0.0060050638629035235,0.014826728499310564,0.03719853089551124,0.010683436090304583,0.02921993759557742,0.0061693719593621,0.032013467276623755,0.03294762837420528,0.032249243013157826,0.03285917399593146,0.00883812445018889,0.019958048171084302,0.024646414714868593,0.033772542455409824,0.02113478134336043,0.021485795591993317,0.02603128708028205,0.03151557350866273,0.023185287014465115,0.010514098137909522,0.01601979031105147,0.02227926536206876,0.0032195356431019883,0.023786382991184938,0.02769936737801194,0.02584070248672001,0.029405151150711687,0.01101388261399668,0.01728756594539558,0.011763962525492897,0.017061108372638217,0.008772607105401285,0.018621195799136372,0.012202384470796392,0.023854173995486276,0.008132017872337817,0.005299943421071196,0.008331933756486172],[0.021779296724681978,0.029157361400686643,0.009338630465233397,0.031058844496176703,0.01960563326470787,0.007756629477298429,0.01646634940409751,0.003703007683178141,0.022090889577539997,0.020797955164658863,0.031058806623362967,0.02692689530809621,0.013852366837067358,0.02565172449187523,0.022609895066028594,0.019747473900270228,0.025993729586315507,0.005493143788016404,0.018644764583174808,0.018767065886715277,0.018530268205036362,0.014563418537387277,0.015647995735862497,0.025228595148488495,0.018530543246235855,0.015889934202991472,0.02497967790585337,0.009564749836837185,0.009829289713228224,0.02017078819751699,0.03229646570499474,0.02807784136398949,0.016014230564357614,0.027716800506152096,0.029731260603354025,0.010180342577206954,0.025365266525986255,0.016422449762264802,0.010123115162357041,0.022575495264578794,0.02807874527248668,0.01139342814787562,0.007557196242147123,0.02264750513008084,0.02390414836463651,0.01848637338644791,0.030286601508286208,0.018135367979934973,0.03384582019067674,0.023725821283565762],[0.01767432725578144,0.015131225410164546,0.02489037282098117,0.005638361420998235,0.02049125748574476,0.0184763958401834,0.026037278326034162,0.005653553226210887,0.02645341874320106,0.033025052491547996,0.02606597695023224,0.024409065646927516,0.034159725056602835,0.022223296261773228,0.012591660448618359,0.008265594660337362,0.021967672559816825,0.010721893708299571,0.017957102028180464,0.01913882954651428,0.022040030795288098,0.02931651185392374,0.013355473331981598,0.03209804247789858,0.02589305030362296,0.014636012194035219,0.0243953660580843,0.019231182404105474,0.032187683411079034,0.01959689120863695,0.02053893797037238,0.008991278574753066,0.022612982489518617,0.03347440872210777,0.012883765796250859,0.018540128197717314,0.02468575072743269,0.023777683205393887,0.015297258129736242,0.025902467849027916,0.017711993210064527,0.021136642445788306,0.015542802660669907,0.030423591044000928,0.021817042845776142,0.0033122856261921622,0.012742295044201558,0.010564331656064503,0.011931764733116823,0.02439028514500811],[0.032004888596855116,0.02256230324322966,0.01726371400707336,0.01741296513172838,0.028009020301747917,0.031594100969271705,0.02751559660180077,0.02425268094267452,0.003936589122502071,0.03316008399484419,0.01993544116688383,0.020302348776282956,0.010785573275743067,0.021338563366968835,0.009086942985592896,0.01770699496859752,0.012222541028403148,0.032648899631638036,0.022757072510704888,0.013006735490324963,0.02516741576060288,0.003924743706101309,0.020307487510700245,0.02530394519869642,0.024008991824141224,0.022535942770006465,0.015497061660665543,0.005484677736850251,0.006219959675192893,0.02275441242043723,0.030334017378018545,0.018876193184703488,0.018962019038471712,0.021334929681944295,0.02466771102913909,0.018324128739296612,0.03780019267260723,0.01889603087380208,0.006560147161792569,0.023473534381933576,0.01556137367399484,0.01746163171196591,0.01830472420227847,0.022800846826506696,0.02108955871830097,0.02141654119450326,0.011064907196703866,0.018625276235644334,0.018383600195397257,0.0273549415267329],[0.01803213339681113,0.024621206096107778,0.02747542905066556,0.011309314997716376,0.03252267612634349,0.014387332604949479,0.024676870353843798,0.010255111177846754,0.014125152264747655,0.017475222719090258,0.023064092229727065,0.02615224114902719,0.027096966965482968,0.02580069147432256,0.022183847250581323,0.011227178414310444,0.021671171634332412,0.02416436706109282,0.022960341098868128,0.006228032569784609,0.01120628822757491,0.018602348360777787,0.03147300160307661,0.003734233994921212,0.020889596994693945,0.028924434704645546,0.019937603226007964,0.016444851933213274,0.003000293090097727,0.019276898905916762,0.025674423680772305,0.017886561790276093,0.02608506612293146,0.018312515789476177,0.023602865928166954,0.021690208098330565,0.0060272641822306005,0.025247001770700793,0.019149936311033487,0.01946231348281964,0.02229891701474304,0.029891296636018902,0.025373244993974496,0.018419478673197535,0.027110832978650943,0.009961385330376132,0.02154635861120602,0.028528248555336942,0.013782630271910592,0.021030520101269743],[0.018836383286698222,0.029819249882338746,0.020848521416160316,0.00902300366164751,0.02246437837166031,0.029149514121362737,0.022728488459799873,0.011308690261371003,0.014108604784613376,0.007431111678726583,0.01073906490198692,0.008601155557662669,0.005925263874324589,0.005646886503248777,0.011213718766876813,0.031060111620255834,0.025026537456537285,0.032315249659973455,0.0173652314275706,0.02728425445836277,0.005393404187161021,0.0226626181412319,0.011870756090267422,0.025367046498563105,0.03512564278004765,0.009044495733428488,0.03099757207780495,0.0212569293644313,0.017727655838739628,0.025524100470875093,0.009764893298188516,0.030631154560769227,0.00864861570482666,0.028479335908215275,0.02856988006156939,0.017005692346682758,0.026783101091763503,0.00982675139398199,0.02114444440971285,0.02987530505593688,0.025690960402081894,0.019072063146647326,0.019509200348015836,0.01294159318158695,0.01340572267862824,0.030421669172912558,0.030943635811885098,0.021272942184123435,0.021977372620982313,0.028170025287760463],[0.011703646130491381,0.017881066536229652,0.002921017250632574,0.01980879672559659,0.017728793966024555,0.011412403241841196,0.03035409100159575,0.019507479822034997,0.018773559086169195,0.01862789211662086,0.01683084790414632,0.029009203689613784,0.03390923174755151,0.021137980449863602,0.020712518474212013,0.023876427854725175,0.026225403238342354,0.019151335813894433,0.0210825534556775,0.02684237868584121,0.023687206551818024,0.01823816084411188,0.020303386212447132,0.03198237099754932,0.014218786905939355,0.020354784061780887,0.02478810685435244,0.025820842333237067,0.01412732905820045,0.017650537897680407,0.01981188274005634,0.01848002050316586,0.028388083654250825,0.023564377168157267,0.010312255740644845,0.015033864540060815,0.027758908415573227,0.021143789504244823,0.0053032425556319256,0.02092448113189973,0.01500150234527101,0.014053285382800082,0.019749384376438348,0.018164644913115535,0.02841568127029328,0.015154244741268986,0.020706359667475114,0.0324407398832674,0.008865498325857616,0.018059614232305336],[0.02891255172921848,0.020344876750898463,0.02208332187881967,0.022328533893692253,0.019648053595259892,0.02272231504968285,0.024602911563261602,0.010029424850182652,0.0033030945550883285,0.020494783378356585,0.026378200228740146,0.007848497022302198,0.03259844148544951,0.019874234420896055,0.02062051343978235,0.012747021237210839,0.006644803700716227,0.028107228795480256,0.025073123546951428,0.0174139644040286,0.03153381072466144,0.03289059961192342,0.026933052297148208,0.00977326433521005,0.020732546002881557,0.01576952527833435,0.025306723229831303,0.03202443026534555,0.030194325778395432,0.02133393611133495,0.011317362159366713,0.020978299090878,0.014038986743210169,0.014795620263101637,0.023611648485185748,0.014544078149499222,0.022871228410234628,0.02109810150174013,0.010968812496076747,0.03032769480107286,0.008141116703935782,0.007927931715875565,0.027865163928326823,0.02741484401483826,0.01298815063902799,0.016577017976522012,0.019238280109509866,0.020736279498236778,0.02132254354885724,0.01496873060341915],[0.013981707934728554,0.007540382148290544,0.015007538300686855,0.027040808088198594,0.034635040584733004,0.019558793856708633,0.01654797187207352,0.008922716861812655,0.0032895009722167835,0.009458521357286441,0.01349726350474078,0.035543419680293696,0.03335024276738591,0.020510796752139137,0.024820075234821642,0.025780172621222487,0.012496830097711041,0.00580731925756972,0.023126402774414318,0.03295970021447661,0.030431213964426208,0.01788396223335834,0.008161209198980028,0.021210806145232776,0.007445386539017462,0.010214789333497003,0.030758586192754563,0.012914583020364055,0.030701365360245866,0.018275931276577197,0.02778335653351097,0.024683969637008384,0.026669310595518997,0.02747367123375801,0.024973774211241435,0.034941631476344506,0.028004896648036202,0.01737046643123404,0.01823222742416414,0.015022698569545698,0.018563763955888157,0.017593019725716107,0.02832034137385276,0.02156114476428462,0.01390716323197344,0.02063813695120379,0.03128209339071182,0.008139516719237506,0.012253008625265526,0.010712770355539473],[0.028500105767572045,0.00791949057975096,0.017353139437257057,0.028899340641639914,0.015528985273667483,0.024035694938106172,0.0175597672387613,0.021772931316045234,0.02244733025985186,0.02489800940891263,0.021117049698543697,0.015829537822967216,0.028600626559402098,0.013567617369952644,0.027787061538538514,0.003383747357723465,0.017460041859394797,0.020538193714193083,0.014987000096335499,0.028934635643762835,0.015052310717187621,0.02767909985251284,0.010375813160120128,0.030673466332087278,0.01468220323603882,0.010685135557820672,0.02106671318862502,0.015056284255354819,0.02151163576103071,0.029949557465547557,0.022324516171851255,0.006900021173403815,0.015086410725119443,0.012423356514977682,0.018558072965604112,0.021519232792584945,0.02659229245036376,0.016580830846360965,0.02373175627737653,0.0295303497265129,0.018315822969913326,0.019817153819836838,0.02663394310423269,0.020384844931989148,0.021889726980715105,0.02510515752748313,0.020482777555292393,0.024209447993592436,0.014628881812438842,0.017432877611646743],[0.023285672679902388,0.024603608473233774,0.03198460908215942,0.010646581096591234,0.01898720937251909,0.017482062734426436,0.03307362728652549,0.036800787224680394,0.01914328473410559,0.024665877498466156,0.014541629329158139,0.021104275671027937,0.00866487273900229,0.016420340028949095,0.014258465277440856,0.0197208665140579,0.03327352726746572,0.01211751921094944,0.018792532724840733,0.026687935050531852,0.007737080432505746,0.01168706106875696,0.005770370096739123,0.016609808342695112,0.02036468688287959,0.011251064562879847,0.015807501735584848,0.02010464533810658,0.02029530057669802,0.035398094579892694,0.010940157148969948,0.014941970200687566,0.030057332256155752,0.023896820531676268,0.02015698064354765,0.0155730060089858,0.015852264181778018,0.0244614486865843,0.012371409729562128,0.02814151517597734,0.02742942861624568,0.008620071734709644,0.028875949328581247,0.02610296534848743,0.018078864325177545,0.016975311901481216,0.014526604707516589,0.020469042665381323,0.030711326523391872,0.02053663267233021],[0.0033567634130537262,0.025312273554490266,0.01316565195651437,0.02335244741040144,0.02614551910434875,0.01699847855721075,0.01901115142729583,0.029747119652382293,0.01623724038093137,0.005856570444467942,0.022451885440073312,0.02134399681739899,0.019227278090564688,0.0260144207293182,0.033673612543837106,0.024146584114961008,0.003879358107899006,0.025445026381542606,0.02908875683981472,0.009516268958473451,0.019759567807322898,0.03395030601084817,0.016321583320759083,0.037157234457041034,0.014679732795005939,0.0188973067895094,0.011612696616443924,0.026601885374544186,0.017063130689864727,0.008908692850076148,0.01710832649775788,0.01309998066537788,0.024421277695361763,0.01794109277698012,0.015723588896483114,0.016799179850190162,0.02548830588944036,0.014889018865384506,0.02318906375579052,0.023489057763389044,0.005881815416323056,0.025182192124541546,0.0282032162536837,0.025968803061051968,0.021060136588384046,0.014359429477531358,0.03466273831636196,0.014128792001592644,0.03241538554487295,0.007066057923106112],[0.02857570419670833,0.022248839729840847,0.028745949532460624,0.02222202024486983,0.01945050665220745,0.014613689953473742,0.009993636368502607,0.02319941293694459,0.01836176872357876,0.02467076887798616,0.030862946316253255,0.02069292259277896,0.02544951078804663,0.02048024694428141,0.029115236581143837,0.02455654892611759,0.02326024850483032,0.03776445540086708,0.013861269114075595,0.021637428501946075,0.00743418666324353,0.017417989025293342,0.021448718401819403,0.015734179332299713,0.006847682796056026,0.022609154032896445,0.017026548780246675,0.014626648559537,0.01644858963910836,0.02113302464659674,0.015891899538484563,0.02101827395720517,0.021222637019043762,0.029683780187020118,0.008782680978432522,0.022689887988446428,0.017455645019705462,0.023290902078127767,0.02377861371470669,0.020141798663853797,0.016461045462786844,0.017791345160758903,0.023819043985508385,0.028613992209234256,0.0026061880023908446,0.02215184397502803,0.01247572571678228,0.011427053767923002,0.019951770960721156,0.02025603884982898],[0.02302929576390912,0.017950807161386022,0.014900777809324589,0.01669723188075188,0.02870227000160234,0.01769462211259087,0.018303836750112188,0.012745812848652022,0.023808647229806818,0.02522354038252457,0.03660929083167336,0.012338201402803768,0.03240213882910059,0.016317490633282423,0.015291289360997976,0.02141674056760479,0.02992494798969072,0.009034987159793095,0.01843703944628979,0.015291703316320468,0.00947675955270054,0.01177798652336761,0.011010358576763316,0.01881958726686349,0.02100721829035337,0.026333203199682267,0.023214018947029777,0.022220544361774373,0.01255594941010777,0.011665835261562153,0.01803800151415181,0.03134091996519861,0.030735986908498533,0.011101449665007462,0.018460730835666767,0.01553113841427838,0.027880227192032713,0.020085405457360688,0.02337859491778693,0.025908217137885044,0.021539692248519066,0.012244562541123263,0.019845733778820145,0.020124023554516198,0.017950159615491665,0.03153256233707517,0.02138562685907353,0.024149929902345116,0.024627118350466944,0.009937785936280016],[0.020434107010883808,0.02570424625926038,0.019950009460394626,0.012437472313047227,0.02120986962373503,0.005432984582563014,0.017367148876021875,0.024691696917840403,0.006419289698422599,0.022890921479301555,0.01816750094027433,0.02225852626685816,0.019544216850836488,0.024724567242656634,0.024566273050255202,0.014195071921400017,0.019881633548271858,0.029845678158839668,0.021641065350726695,0.023652864869220122,0.027504731406174696,0.022381974205562243,0.014910138435921066,0.011146893520471931,0.01524830092203804,0.022374890882618518,0.0336343820437552,0.01773878670679479,0.01559353405628514,0.01853025428080568,0.03121336620939759,0.024462180381190482,0.00567561068063601,0.02100574065279549,0.008275192862513353,0.017027060402692192,0.012728072807620217,0.03357981100569931,0.011570170906000725,0.013446528959253716,0.03432694677795082,0.02042271973699823,0.015087398430316314,0.028336896460719567,0.012973101584211664,0.02509249079743452,0.018820475715831553,0.02720445541258657,0.02290721045697801,0.021765538877936648],[0.02157635402949005,0.011697168213315423,0.01796386193225896,0.028781669815329248,0.01582748332175576,0.026572041721211036,0.011388027238786772,0.01965493742819365,0.019336497689492266,0.030454530880596617,0.037419515796801785,0.02301650329850786,0.021949912237155995,0.01045866651120609,0.0213943333018564,0.005550092047537182,0.018116317283073682,0.02261075879899072,0.02490385147284882,0.0330666411412867,0.012757990139171378,0.017671778057641037,0.020949597753198868,0.028209411432905923,0.014471064808217892,0.023660619988594693,0.019596781329218025,0.009880039218528619,0.017920068924024254,0.017370141412015396,0.012645182088521504,0.022185975080727515,0.016438564276784636,0.016295031475580285,0.025345216999958238,0.013302434631529459,0.026187851137814647,0.013307570533855291,0.02173228030882162,0.023275130910831436,0.01626710212892505,0.030762307649775746,0.02324669792915125,0.027678428423208983,0.01879612121254028,0.013740875752069193,0.018481346825192146,0.026527830791388547,0.01196347835796993,0.017593916262143253],[0.02759471597232131,0.023882208853198444,0.024569195129770696,0.02444741651666553,0.019230012973967196,0.01249207567602641,0.0128024156682471,0.017040992711019526,0.031162675375567415,0.022348088054785886,0.009717487258295071,0.026670165560821784,0.02536458958860893,0.010251223088598785,0.034153352522975265,0.006003264653879216,0.003152495547724632,0.01798526201088591,0.012995919788475124,0.02973615802537852,0.028927467420267527,0.024081677069007074,0.020170915477338333,0.017258028182015415,0.015521553184294302,0.012751809993110512,0.01643070647884086,0.017091907160920117,0.03262057228646562,0.011944214976124017,0.028168032919237675,0.02012362574401713,0.031014950779361092,0.022810211456040223,0.01312021794980542,0.01874852415729326,0.020545783535358495,0.014717589072912528,0.03214465195171595,0.0046027041241968915,0.008699684385607446,0.01712304839422408,0.03366422481174513,0.028023466386925846,0.008554785465262362,0.028271290993598232,0.036179720917504835,0.025774315325607283,0.010743498496976483,0.008571105927013071],[0.013258055687450398,0.015188839671766615,0.012775570715221923,0.019069038399485,0.01889762055016537,0.01722544035468178,0.018474977134144387,0.032634479569103904,0.009725750183636167,0.028336300836523373,0.012993683363342914,0.021252261035458346,0.02937102834972516,0.020120471698253792,0.019888065486969572,0.021005222480109786,0.01937268022371441,0.02476724171252744,0.015529828012475677,0.020095196145820327,0.01647001441839022,0.032067525009541846,0.03364896784313137,0.008618033588622401,0.019073478795434053,0.011331824894372056,0.018674750281962423,0.015845864703298726,0.011424030430758797,0.02788164161188688,0.016965553124913383,0.01732374169731698,0.013971559689596576,0.02940137756354633,0.026314702323241183,0.02151776776459802,0.03565807854044355,0.024815492990720462,0.03187135439288712,0.010543638340631845,0.024958668679383584,0.02210136560457303,0.022371213448353553,0.006957776077824671,0.02050137826214983,0.016971668951191034,0.028125470246214895,0.015749240096952055,0.005338158745552085,0.02352391027193456],[0.01975615652873693,0.014520462563346867,0.021599201260590426,0.01318490098394736,0.014006614778569506,0.016030562658111844,0.03171546065501422,0.01832094716087487,0.036188617725040936,0.01604135025345183,0.01588652925315556,0.01462117082649076,0.022576470124281933,0.033660449677069576,0.021778750960589056,0.02925776972853946,0.026958943561013915,0.009900208135791011,0.018213108541677174,0.011138227878736083,0.026160666294556385,0.024975069975311154,0.010865883591686588,0.01729224389189815,0.01498627466978981,0.018307205667444832,0.03286727191209068,0.012052782032935696,0.028149318524334947,0.017726281805002624,0.024800151577073267,0.016247399704135024,0.010341804586277023,0.024508013298547446,0.018393923432050523,0.022601365440865284,0.024780410122796668,0.02351845786125701,0.020113637990628996,0.014191951331961728,0.02567567447598423,0.017643791792026735,0.025324826333722867,0.013260380910255906,0.006215372661936895,0.013726159523215091,0.02921377939839429,0.031115494159376117,0.009472668891408478,0.020115834888006192],[0.030316825952333152,0.03222453482011627,0.017236107717079743,0.016199361614797635,0.016866155002115673,0.029555364748782988,0.02906232100780934,0.013227641922952777,0.013569924140967572,0.025310385853344556,0.029023186964104122,0.029980589740594702,0.010573939467524687,0.03022385524390922,0.009846857859669385,0.018803856555640677,0.019397701095448708,0.03207461259214752,0.017546156777100464,0.021323691367702773,0.02400492327930195,0.007972532743457035,0.01532747383490653,0.013675263618159508,0.020470863171814853,0.0328523629124961,0.026603540876330305,0.021840469291139624,0.02077011147283214,0.01869444409420725,0.016780507629703522,0.01339576189883171,0.002639911119345744,0.016499396083594783,0.02398667318962233,0.020218129606982143,0.022995446903797564,0.010877986710674694,0.023017543578776074,0.03470355906582045,0.017412574926436743,0.004360319759995373,0.009536196213192877,0.010029207026895345,0.028559760256786037,0.02104690206870263,0.014861951345155,0.03544694770189146,0.01974542210021415,0.009310747074794044],[0.025086489932420734,0.026539654863859882,0.015801269626348688,0.018868152473143784,0.021817075816600296,0.024537507407942877,0.009161932401583535,0.03337928187207904,0.02870332872120147,0.02067407503575439,0.010596791128706142,0.022884546050818647,0.015279051055138689,0.01634808860783021,0.02348598738389432,0.017913970548592763,0.026828111282345496,0.008588541415557528,0.025561738908735324,0.01353326669966668,0.02459641825491065,0.016531283612741664,0.029240709825212065,0.02417732206794518,0.019602579085025662,0.03055461356036649,0.005853715870136632,0.015346950440114429,0.030358370251815082,0.014298500919401477,0.010129600523481943,0.0025035949491721,0.023731168589225284,0.009465648685004161,0.022453397045147365,0.028408856628077565,0.01814717838395282,0.01376887435891819,0.01945627284438697,0.02247269414565741,0.027018681353108188,0.014502157218319475,0.026219760880934383,0.015734117507367175,0.025018446261770123,0.024525324456638138,0.018315159255954373,0.02498921204987593,0.017277219008309606,0.01971331073480881],[0.013645555139158026,0.02082326076241135,0.02291631283964534,0.021340473379192475,0.012292487617318984,0.028198820552840342,0.009028604384286735,0.029781447768049373,0.01994842454967364,0.007689270116444389,0.017520305330122145,0.018885088459222488,0.02216457012912447,0.02951364801638571,0.036264590930524795,0.021024098613720676,0.019645589308702138,0.029499969290145124,0.02213243386593481,0.0148771226880235,0.02642990905177331,0.01419967778434423,0.024249148463958856,0.01852710647268473,0.028599073700916078,0.01151140194521377,0.022598308446234557,0.015868369396039618,0.02328925305918705,0.03138572664247488,0.025039346507349663,0.0163215613320407,0.00987345777643346,0.005007315802317725,0.03575552243487899,0.021258648420976,0.017979335441042386,0.02061499521695295,0.019192877594897552,0.009751632255696944,0.024635306243802266,0.013471308943752716,0.013732238521363871,0.013339973814308778,0.01204398314735249,0.013197117490388294,0.03238887461135848,0.017417224556930015,0.019303422609937327,0.025825808574465786],[0.026185420440374783,0.01761017804311383,0.0168658887140167,0.022654170968907532,0.024377802153670483,0.02516578583760825,0.020603319842534,0.020297850900809714,0.019614901523437797,0.026026116374657328,0.03247814769404476,0.014641720229802056,0.002972335284771828,0.029379150519183817,0.012952655146610674,0.022558028158426988,0.023497837778400588,0.02746288991797889,0.00898820559198254,0.02203221648866978,0.02229509184415478,0.019684234589907,0.018981387807878117,0.015068030783172892,0.00785246448481511,0.017764113019692614,0.008261562072584102,0.022904416111380464,0.012431210232735647,0.026068082292746143,0.017439553847380024,0.022019618184667158,0.021734370230742667,0.033180982470622344,0.01866371285612484,0.013295560348727937,0.017438141130108886,0.025841724564660863,0.012969970145170536,0.015402865990142393,0.022710879684646485,0.027804923366429334,0.023892675796240194,0.02870475201817564,0.026389375852831205,0.018811961903906577,0.024425670867825055,0.01425505493655472,0.018628480177920438,0.0087145107790535],[0.036679630176189075,0.03562059477763606,0.020379815709373354,0.026038590342219923,0.028291178483344146,0.01116943452130883,0.005267642406902566,0.0181232818640865,0.020356661959773828,0.014087322113961432,0.015523086333860844,0.010241072014704226,0.023646529805792772,0.010832351703526224,0.020070729746684498,0.018043885621676675,0.02325205435110296,0.017602185186882367,0.014109915230529735,0.014613442316853263,0.033589436083687085,0.024578019639383736,0.015790990915233404,0.01733513974309373,0.021844679336831273,0.016092828258685906,0.018304512697484704,0.012944604729492399,0.01912819089665198,0.022953149569979958,0.023074384346921373,0.019985507974327837,0.02961100915588276,0.02124301772971938,0.014316639672569515,0.02269371619582973,0.030986712801452904,0.024795855429758273,0.023938786549954502,0.01187169127494251,0.032755382338127616,0.014875304671767729,0.006199761971542714,0.017316245006094407,0.00861237904854366,0.02749428784213662,0.026213780011042753,0.02096053750518393,0.024239934647080748,0.012304109290187739],[0.017908199789231062,0.012814789524471916,0.009741755219027287,0.011718060568073533,0.016835507395479243,0.020488116079366625,0.016668822665479716,0.014596138490058369,0.03413162083124484,0.020092847987388564,0.020052214246056643,0.01849798463169528,0.02590599462922319,0.025391666296481076,0.025141326140423862,0.035018065998888265,0.0060786795673892615,0.026081018105945326,0.024510240241513166,0.021619579043920933,0.02532706822583967,0.028573753493618397,0.015122362559797863,0.024744099314541777,0.01581031911289937,0.027177956993026095,0.012872786253963903,0.023974465628920773,0.019720636637072252,0.0357844560639168,0.0238010078146472,0.02138491269328802,0.01779508120213264,0.01690229235783304,0.017665504687972174,0.029151903600631433,0.002899553523933063,0.015106131333769056,0.019268424322735542,0.00849925104064742,0.03081990988036025,0.019907976195318002,0.014109060552099484,0.02713484664292893,0.0080912323464148,0.012984910356214489,0.02313081236072565,0.019908381535544858,0.014049193062480807,0.024989082755368056],[0.017499843544145514,0.008178090625498199,0.0188534543915783,0.020188487982242417,0.029256682130736626,0.013957796474275447,0.02168045478303141,0.023865998887001305,0.02007921656482806,0.018850643478686254,0.026115419503375124,0.019331376889546007,0.02573691588944203,0.01750698986689394,0.025788919455201845,0.018641913987004752,0.02711568624460555,0.010190498178086666,0.01988152882488702,0.02123845332276146,0.01672954744262547,0.018973155702728083,0.024850337140537342,0.015392831890521631,0.022465330407697975,0.02085080699701993,0.03616678639988362,0.012973872201907159,0.015043769215329367,0.026520466366989855,0.0240556704061597,0.0107729815917638,0.01437841682158306,0.02063844532572702,0.02787848190412566,0.02484232701537517,0.016086998552258255,0.020575937842888727,0.011260522297945616,0.028617614562481665,0.024027155687998635,0.011604916203600973,0.026600478638878367,0.020417309678674108,0.02089947639227262,0.010934028228122037,0.014208624179359627,0.022675671572657468,0.007336051533394789,0.02826361677566443],[0.03174675436134726,0.029964159030036925,0.019411819819601314,0.018327613094047193,0.018531256507172012,0.02254256800887901,0.017039437811371187,0.022119752012071583,0.025569153636706577,0.014812070508937175,0.006568736875559081,0.02629056493860523,0.028570209661845633,0.010527507023778833,0.016185086631179325,0.006313516442253616,0.020063927389200986,0.02139043166141163,0.004864590256536561,0.010771518843927153,0.017129720076876305,0.02649116059949406,0.012260470193847467,0.02338694448542981,0.02237437211203171,0.02367546377865378,0.012156520080069346,0.02066873803870539,0.03205284188470983,0.0332274178527161,0.020069524222813436,0.02223740941013734,0.019820294552299715,0.018744404961141742,0.013649741544081169,0.02339662073845714,0.020017313558948535,0.010984906353089805,0.036271974427848706,0.01782133991697875,0.019775605635454406,0.009829964969575066,0.026752217866996737,0.025466775809918647,0.01374891106289692,0.023792250471668087,0.02008860743569793,0.016352364360749105,0.019973052156463028,0.026172396927781835],[0.028257293420500363,0.01638245395901085,0.016286631067709424,0.014581712415985684,0.0069040176914393955,0.007635607316847401,0.02229742197161405,0.03099703895043668,0.035140304080633775,0.025097344525699557,0.021400162154501825,0.012620209726875758,0.01075878846470422,0.023603780262374394,0.027553418611869343,0.022712719297286004,0.020501044623723486,0.030385650140305056,0.019297115044901607,0.029942609594382594,0.014190294334616296,0.033141534285979456,0.028039374803513227,0.023817094504789454,0.019054409269791496,0.02637852644093511,0.014204063432933865,0.022255313128674088,0.004614278308959779,0.011051455723723156,0.014237098008866949,0.03370793504598857,0.023016459081390217,0.009575066390547962,0.016297459203325832,0.011665316081759152,0.008877141888884582,0.02806752821785527,0.017917328975078823,0.030394259693479017,0.01960329327517654,0.015525352137503669,0.01366340261965598,0.020160316968340343,0.010736696866784388,0.005175254769381074,0.02791376366574898,0.02949509573580061,0.027939828062788736,0.016929735756925926],[0.02758718706375039,0.019783577951014916,0.01953616269538165,0.025292315770965745,0.01774340976946679,0.020666431575025936,0.020274449235959308,0.01806324525719994,0.007954641878053049,0.017418072319295666,0.027301333566698185,0.012753705966873058,0.01590498875856387,0.027650218319768324,0.017745096915772054,0.01418127147394073,0.022122891542608585,0.02461008511749574,0.013030138568460864,0.007570260404855939,0.016515285264290098,0.019360075588260844,0.02574033540337066,0.005617087211541926,0.014666660683267246,0.020655184971229236,0.034151845710750375,0.014649687531163042,0.008214304842878887,0.024639222240825674,0.024259274797647293,0.01592933777553525,0.02606298242730312,0.02278237707142044,0.022632311591718465,0.030313995464138505,0.03031799384216711,0.022194721090599046,0.01872575332864997,0.018463142802077837,0.018870916514822922,0.02770785903308675,0.012841466446628631,0.026781088516724033,0.024116086289290777,0.024636328456639357,0.02543140938916562,0.018242836447056952,0.011499149757028896,0.01679179535957032],[0.025572549437440834,0.033805008828218144,0.0028375617444543646,0.015944558460317962,0.017689199351282176,0.03403849066242061,0.03305023059493636,0.033505639979066235,0.021417762799803088,0.014430734522737304,0.013347992981905832,0.014527419949341596,0.012150964891685845,0.01259600726712164,0.023774125794297836,0.017865273962502475,0.03329357951892068,0.02051105829670495,0.013704076130492451,0.00827645496341151,0.017571872708568855,0.023516869473640296,0.009081674614830355,0.02699920183407486,0.017796730852374938,0.013182278580086363,0.022811308480656746,0.0311024568613185,0.01815122832723912,0.024495274163320754,0.018715674966038542,0.0044782741766284636,0.015705442883162793,0.01398648175946458,0.03110815659935991,0.015455533283909927,0.021986384853618944,0.012035023848144465,0.010450067423619435,0.016416314659639882,0.031107176001931938,0.021531886355376062,0.031480121537873176,0.008771930486419312,0.030328706884351662,0.028163964366682073,0.020163466446940764,0.020345246895231397,0.030745124755711298,0.009977435782722671],[0.03258981617591819,0.021970048469542057,0.016639347726842797,0.00925035628707268,0.033000872773545256,0.00407003924553055,0.01757154758401012,0.021868555548570354,0.011659484751219121,0.017802448981311284,0.028690604902912732,0.013511656750671949,0.01653986864451148,0.007841639368557972,0.01640837486783112,0.01757744415909278,0.026525246567572415,0.019692349841535544,0.018075617402855914,0.027303211826901517,0.026548734467392844,0.029664796735030044,0.028553477596457797,0.028380739721483927,0.022362659670471883,0.020053124659705306,0.01581680135639008,0.022059960906515998,0.03349355416026264,0.023271287856876512,0.02521318594769168,0.009192533038220341,0.026651029271310262,0.013381589598103007,0.02508909783781581,0.006045898082861709,0.014624886055313311,0.025891790149075125,0.026692828481137153,0.013560033274162926,0.013531312349592331,0.029546366545554936,0.035169555853309144,0.008733056008417029,0.00843028308912325,0.025654329890088867,0.01416924876788665,0.02656316296335837,0.010493247925920475,0.012572895864464752],[0.015545738685241813,0.021514071866167862,0.02150966624052505,0.009866024024053672,0.02739334388477752,0.02264404125523704,0.020853709921554553,0.0032735370884987573,0.029047818427160012,0.01176540633531463,0.015564793613065498,0.027505949752660058,0.008587055655426152,0.023727791430039377,0.03242929407089052,0.02210722839929102,0.019442474358192078,0.013189751138682317,0.016786388663799407,0.027122436386299926,0.02040835213612951,0.022924723446066057,0.026061737688299322,0.02638564956233786,0.02712491378920417,0.02053149120079757,0.029994896532170596,0.026520131753172384,0.02815174080478145,0.007307891796197299,0.013329935082257912,0.009761518939419504,0.016147988550004294,0.013125387352372198,0.0304344065837434,0.017050232752316197,0.028399621314293924,0.020066051710495792,0.0256566265193983,0.020201798232112194,0.028493402084582814,0.00831292086453278,0.008817734727385099,0.011672459963736597,0.03025980402801997,0.017651091355764505,0.02128844006141247,0.00982667124099683,0.03017417198105775,0.014041686750064012],[0.02918500721326922,0.03383091554370036,0.029750110796608657,0.017003728059330966,0.00756414619877373,0.0206353192924876,0.03424308943703216,0.008874552890588373,0.012418877398266139,0.02732573289531574,0.01891303553266028,0.021253226534653044,0.019861613536127205,0.027289877565543814,0.025340446734693538,0.022281384634806216,0.031182320010527495,0.01488779742636218,0.028614080631207964,0.014001726789975293,0.014343860005312402,0.026824300155945353,0.019668716931320246,0.02331677075729769,0.0026920741338048674,0.019955625869524533,0.014963399314875416,0.01962428530352352,0.009364484723834735,0.02346367753396732,0.006808172799717511,0.030289822231304494,0.027978713456743333,0.012912747333670083,0.03048818138958632,0.009240406730732953,0.009227652096093528,0.022381550987628184,0.015093336406574509,0.011723430874279402,0.02795852611011164,0.031318699564443976,0.009275221815268249,0.032972924879070165,0.009610928071962148,0.014722060822748014,0.01669209055261817,0.015634653976033495,0.030295652225320876,0.016701043824756914],[0.023943687391790307,0.015050009317542669,0.028717215721175925,0.027817574834232837,0.02579450193312384,0.01522880328178429,0.008501500802532307,0.037035505378770484,0.019861878617909848,0.016415747027442022,0.010713078820581303,0.021203253008326657,0.012128338685897785,0.019666618050028967,0.0035850549232849835,0.021085003002655627,0.010676648717852361,0.03148276808320274,0.014220198926111028,0.016652917929246756,0.01983570436844192,0.028668215281398648,0.017209660315928868,0.014814740734896236,0.02132263187029959,0.032666751775791855,0.026969933250354582,0.013368715337125118,0.02883832650229162,0.01810036054170575,0.014010772778605443,0.02080079809216853,0.02555829145141017,0.013184912386616671,0.020252849836100737,0.027489071960868357,0.013799557061334301,0.010911503971735388,0.02433896597381283,0.005265812859008492,0.026615405085636985,0.02710149597561112,0.026302224005501453,0.0179230772194673,0.01371886741006442,0.020987315369412906,0.029374324953672443,0.02192705300809203,0.00512805775340343,0.03373429841574999],[0.01658949223184462,0.026635926783177066,0.017680342210492694,0.01161136905024181,0.026488073181800673,0.020194917196781577,0.016585254859172963,0.014878563443876473,0.03202663646112639,0.016597421901697735,0.015329026067683842,0.020680973033655275,0.020741650004599783,0.028187127076283996,0.012065296462479358,0.009530033282656735,0.020202792580003466,0.02801454152220104,0.016997984764523008,0.016907230921872234,0.026302392389819598,0.02046203683694943,0.012883710625041128,0.03128542407773229,0.010505556203992758,0.019381660488822918,0.01769656607642505,0.015730089284435315,0.032285828354879885,0.026241265393671963,0.026086937685853778,0.012849610417059,0.016697446604552524,0.028308465643262615,0.023004927034321415,0.022928178857210275,0.021504996874669908,0.01240448558808972,0.017977890863011263,0.02484702465572368,0.02403531572607129,0.016974108823710907,0.012708694197714582,0.01891068060488019,0.01360763621750387,0.02569746020901831,0.032331334047561174,0.008951940197332,0.030984292541040355,0.00846939044347218],[0.02660363001365477,0.013773789954233064,0.010589525137490742,0.0192022174628249,0.02148796479577115,0.009094252389821731,0.014075448955091744,0.008673971986834478,0.013695474398707169,0.007159969063748988,0.00893033354767414,0.01938219822337712,0.008326163419515961,0.01987441386752653,0.011778773077382761,0.018889351639939152,0.03149780703686237,0.02267813964775275,0.03135827180784114,0.021458767077651805,0.00805871414629042,0.028478203424497837,0.021376768861172374,0.015015918299863897,0.011330659549882738,0.025772263235855165,0.030120774105400087,0.026586856803407194,0.02708329783546523,0.017302636028697894,0.032717472433069,0.036087820771208326,0.026826228133905995,0.017925327985068067,0.015809238159022878,0.02158788088095095,0.02179476249057542,0.02331066037868714,0.017232058103027414,0.030915301844363408,0.020302029478718456,0.02016751724733087,0.02805443833345973,0.010278682099813238,0.015008176192690275,0.022587608984650967,0.010541073935253671,0.033313685636380416,0.03312654503939001,0.012756936078198366],[0.02057625797254411,0.03326326949518014,0.023079363342285608,0.018450978431513245,0.0266779803311014,0.015643182801583253,0.0280561291901362,0.0202146215408848,0.017686178803424595,0.009415618382710884,0.004020234768275665,0.015489906445347425,0.005469664223682114,0.037386587551657885,0.013409282374469275,0.01879263687336299,0.01533840289530348,0.023615571709440418,0.008637883619284898,0.022241074491215297,0.012227923060558537,0.017345293736055034,0.03232852813884557,0.03472489036104273,0.019940920271649624,0.02649068010788526,0.025564724990460762,0.012085525882841671,0.0113789702629152,0.005911354163853406,0.010039641995153179,0.020262408261852466,0.018694924537693943,0.0200246671160997,0.020823910925136444,0.025164127039791463,0.01550280886973243,0.00760150558754217,0.021215040136329254,0.029518224875355943,0.012898988222320358,0.03071910503807077,0.01117054989000271,0.03181333478942915,0.029313169490975087,0.005324584566011205,0.036774950635316724,0.03339019611877166,0.03535880395217453,0.008925421732729399],[0.01607152815130142,0.010764267704970472,0.017850503563362673,0.022483194348898408,0.023476611580481754,0.02723461741339886,0.02928190167710014,0.025113178814763312,0.03366255494515292,0.01895610609577743,0.018675721629121813,0.016047174836384508,0.008811200989621501,0.02685541730690276,0.0280877919128388,0.02865449856058792,0.023982691169542523,0.031017714603171164,0.018030697694906558,0.01599932253197033,0.010954980781701045,0.021180659343636287,0.022152179337830376,0.0077565170506622835,0.02074522427505348,0.010953906132634037,0.024890763015786722,0.01821253803244577,0.009302377593796426,0.02669346032579948,0.02184659703628692,0.009790593860459345,0.021857944161158164,0.027452682076780546,0.009982234117877643,0.013088819270577463,0.02825590319665717,0.03000992071742821,0.02848674226732539,0.018328062362528173,0.01930131576283965,0.010215299569314024,0.013715126053002069,0.015170258506226941,0.016558689197413663,0.0358925546461953,0.010300600294452279,0.013176166456878923,0.009145945572280127,0.03352524345471695]]",0.018267884214385452,0.9892596215389223,1,2,0.3333333333333333,81.63007116962669,2.003987424749271,2.003987424749271,79.62608374487742,1.9634642315712292,64.10969859406408,True,True
50,0,skewed,"[[0.8520159037542064,0.0004110996809005059,0.0001274221192159817,0.0013231390806190287,0.0037578808716925744,0.0007941195016763098,0.0003864097992766521,0.0004907068567866049,0.0043296796554429945,0.002174085903564417,0.0004754936672439853,0.0024236968516660453,0.0017683680455801917,0.0019523783301753851,0.006322121651338164,0.00353694223190086,0.004787216530909763,0.0009912146658837683,0.0014878911671703618,0.003441742741132042,0.002029689893895191,0.003770449811328111,0.0024846018338936216,0.0012944302752941705,0.0019718161001432734,0.002007059096337226,3.2215431611727284e-05,0.00037102214462041394,0.0012896630723687377,0.006351320616844432,0.0013880304199070156,0.004855593575967808,0.0036630114870489037,0.0041885619878633,0.0059493521332533855,0.011765195151809868,0.0026921867575131803,0.002662662205917839,0.006759630349201424,0.00841672125058743,0.006097350225086889,0.0038420577081783544,0.0016296238475084284,0.0005860482467181155,0.004560567459397119,0.00416101416051766,0.0016933449313529124,0.0009203699724634274,0.00737991878440309,0.0021889779625848585],[0.0020159037542064996,0.8504110996809005,0.0001274221192159817,0.0013231390806190287,0.0037578808716925744,0.0007941195016763098,0.0003864097992766521,0.0004907068567866049,0.0043296796554429945,0.002174085903564417,0.0004754936672439853,0.0024236968516660453,0.0017683680455801917,0.0019523783301753851,0.006322121651338164,0.00353694223190086,0.004787216530909763,0.0009912146658837683,0.0014878911671703618,0.003441742741132042,0.002029689893895191,0.003770449811328111,0.0024846018338936216,0.0012944302752941705,0.0019718161001432734,0.002007059096337226,3.2215431611727284e-05,0.00037102214462041394,0.0012896630723687377,0.006351320616844432,0.0013880304199070156,0.004855593575967808,0.0036630114870489037,0.0041885619878633,0.0059493521332533855,0.011765195151809868,0.0026921867575131803,0.002662662205917839,0.006759630349201424,0.00841672125058743,0.006097350225086889,0.0038420577081783544,0.0016296238475084284,0.0005860482467181155,0.004560567459397119,0.00416101416051766,0.0016933449313529124,0.0009203699724634274,0.00737991878440309,0.0021889779625848585],[0.0020159037542064996,0.0004110996809005059,0.850127422119216,0.0013231390806190287,0.0037578808716925744,0.0007941195016763098,0.0003864097992766521,0.0004907068567866049,0.0043296796554429945,0.002174085903564417,0.0004754936672439853,0.0024236968516660453,0.0017683680455801917,0.0019523783301753851,0.006322121651338164,0.00353694223190086,0.004787216530909763,0.0009912146658837683,0.0014878911671703618,0.003441742741132042,0.002029689893895191,0.003770449811328111,0.0024846018338936216,0.0012944302752941705,0.0019718161001432734,0.002007059096337226,3.2215431611727284e-05,0.00037102214462041394,0.0012896630723687377,0.006351320616844432,0.0013880304199070156,0.004855593575967808,0.0036630114870489037,0.0041885619878633,0.0059493521332533855,0.011765195151809868,0.0026921867575131803,0.002662662205917839,0.006759630349201424,0.00841672125058743,0.006097350225086889,0.0038420577081783544,0.0016296238475084284,0.0005860482467181155,0.004560567459397119,0.00416101416051766,0.0016933449313529124,0.0009203699724634274,0.00737991878440309,0.0021889779625848585],[0.0020159037542064996,0.0004110996809005059,0.0001274221192159817,0.851323139080619,0.0037578808716925744,0.0007941195016763098,0.0003864097992766521,0.0004907068567866049,0.0043296796554429945,0.002174085903564417,0.0004754936672439853,0.0024236968516660453,0.0017683680455801917,0.0019523783301753851,0.006322121651338164,0.00353694223190086,0.004787216530909763,0.0009912146658837683,0.0014878911671703618,0.003441742741132042,0.002029689893895191,0.003770449811328111,0.0024846018338936216,0.0012944302752941705,0.0019718161001432734,0.002007059096337226,3.2215431611727284e-05,0.00037102214462041394,0.0012896630723687377,0.006351320616844432,0.0013880304199070156,0.004855593575967808,0.0036630114870489037,0.0041885619878633,0.0059493521332533855,0.011765195151809868,0.0026921867575131803,0.002662662205917839,0.006759630349201424,0.00841672125058743,0.006097350225086889,0.0038420577081783544,0.0016296238475084284,0.0005860482467181155,0.004560567459397119,0.00416101416051766,0.0016933449313529124,0.0009203699724634274,0.00737991878440309,0.0021889779625848585],[0.0020159037542064996,0.0004110996809005059,0.0001274221192159817,0.0013231390806190287,0.8537578808716926,0.0007941195016763098,0.0003864097992766521,0.0004907068567866049,0.0043296796554429945,0.002174085903564417,0.0004754936672439853,0.0024236968516660453,0.0017683680455801917,0.0019523783301753851,0.006322121651338164,0.00353694223190086,0.004787216530909763,0.0009912146658837683,0.0014878911671703618,0.003441742741132042,0.002029689893895191,0.003770449811328111,0.0024846018338936216,0.0012944302752941705,0.0019718161001432734,0.002007059096337226,3.2215431611727284e-05,0.00037102214462041394,0.0012896630723687377,0.006351320616844432,0.0013880304199070156,0.004855593575967808,0.0036630114870489037,0.0041885619878633,0.0059493521332533855,0.011765195151809868,0.0026921867575131803,0.002662662205917839,0.006759630349201424,0.00841672125058743,0.006097350225086889,0.0038420577081783544,0.0016296238475084284,0.0005860482467181155,0.004560567459397119,0.00416101416051766,0.0016933449313529124,0.0009203699724634274,0.00737991878440309,0.0021889779625848585],[0.0020159037542064996,0.0004110996809005059,0.0001274221192159817,0.0013231390806190287,0.0037578808716925744,0.8507941195016763,0.0003864097992766521,0.0004907068567866049,0.0043296796554429945,0.002174085903564417,0.0004754936672439853,0.0024236968516660453,0.0017683680455801917,0.0019523783301753851,0.006322121651338164,0.00353694223190086,0.004787216530909763,0.0009912146658837683,0.0014878911671703618,0.003441742741132042,0.002029689893895191,0.003770449811328111,0.0024846018338936216,0.0012944302752941705,0.0019718161001432734,0.002007059096337226,3.2215431611727284e-05,0.00037102214462041394,0.0012896630723687377,0.006351320616844432,0.0013880304199070156,0.004855593575967808,0.0036630114870489037,0.0041885619878633,0.0059493521332533855,0.011765195151809868,0.0026921867575131803,0.002662662205917839,0.006759630349201424,0.00841672125058743,0.006097350225086889,0.0038420577081783544,0.0016296238475084284,0.0005860482467181155,0.004560567459397119,0.00416101416051766,0.0016933449313529124,0.0009203699724634274,0.00737991878440309,0.0021889779625848585],[0.0020159037542064996,0.0004110996809005059,0.0001274221192159817,0.0013231390806190287,0.0037578808716925744,0.0007941195016763098,0.8503864097992766,0.0004907068567866049,0.0043296796554429945,0.002174085903564417,0.0004754936672439853,0.0024236968516660453,0.0017683680455801917,0.0019523783301753851,0.006322121651338164,0.00353694223190086,0.004787216530909763,0.0009912146658837683,0.0014878911671703618,0.003441742741132042,0.002029689893895191,0.003770449811328111,0.0024846018338936216,0.0012944302752941705,0.0019718161001432734,0.002007059096337226,3.2215431611727284e-05,0.00037102214462041394,0.0012896630723687377,0.006351320616844432,0.0013880304199070156,0.004855593575967808,0.0036630114870489037,0.0041885619878633,0.0059493521332533855,0.011765195151809868,0.0026921867575131803,0.002662662205917839,0.006759630349201424,0.00841672125058743,0.006097350225086889,0.0038420577081783544,0.0016296238475084284,0.0005860482467181155,0.004560567459397119,0.00416101416051766,0.0016933449313529124,0.0009203699724634274,0.00737991878440309,0.0021889779625848585],[0.0020159037542064996,0.0004110996809005059,0.0001274221192159817,0.0013231390806190287,0.0037578808716925744,0.0007941195016763098,0.0003864097992766521,0.8504907068567866,0.0043296796554429945,0.002174085903564417,0.0004754936672439853,0.0024236968516660453,0.0017683680455801917,0.0019523783301753851,0.006322121651338164,0.00353694223190086,0.004787216530909763,0.0009912146658837683,0.0014878911671703618,0.003441742741132042,0.002029689893895191,0.003770449811328111,0.0024846018338936216,0.0012944302752941705,0.0019718161001432734,0.002007059096337226,3.2215431611727284e-05,0.00037102214462041394,0.0012896630723687377,0.006351320616844432,0.0013880304199070156,0.004855593575967808,0.0036630114870489037,0.0041885619878633,0.0059493521332533855,0.011765195151809868,0.0026921867575131803,0.002662662205917839,0.006759630349201424,0.00841672125058743,0.006097350225086889,0.0038420577081783544,0.0016296238475084284,0.0005860482467181155,0.004560567459397119,0.00416101416051766,0.0016933449313529124,0.0009203699724634274,0.00737991878440309,0.0021889779625848585],[0.0020159037542064996,0.0004110996809005059,0.0001274221192159817,0.0013231390806190287,0.0037578808716925744,0.0007941195016763098,0.0003864097992766521,0.0004907068567866049,0.8543296796554429,0.002174085903564417,0.0004754936672439853,0.0024236968516660453,0.0017683680455801917,0.0019523783301753851,0.006322121651338164,0.00353694223190086,0.004787216530909763,0.0009912146658837683,0.0014878911671703618,0.003441742741132042,0.002029689893895191,0.003770449811328111,0.0024846018338936216,0.0012944302752941705,0.0019718161001432734,0.002007059096337226,3.2215431611727284e-05,0.00037102214462041394,0.0012896630723687377,0.006351320616844432,0.0013880304199070156,0.004855593575967808,0.0036630114870489037,0.0041885619878633,0.0059493521332533855,0.011765195151809868,0.0026921867575131803,0.002662662205917839,0.006759630349201424,0.00841672125058743,0.006097350225086889,0.0038420577081783544,0.0016296238475084284,0.0005860482467181155,0.004560567459397119,0.00416101416051766,0.0016933449313529124,0.0009203699724634274,0.00737991878440309,0.0021889779625848585],[0.0020159037542064996,0.0004110996809005059,0.0001274221192159817,0.0013231390806190287,0.0037578808716925744,0.0007941195016763098,0.0003864097992766521,0.0004907068567866049,0.0043296796554429945,0.8521740859035644,0.0004754936672439853,0.0024236968516660453,0.0017683680455801917,0.0019523783301753851,0.006322121651338164,0.00353694223190086,0.004787216530909763,0.0009912146658837683,0.0014878911671703618,0.003441742741132042,0.002029689893895191,0.003770449811328111,0.0024846018338936216,0.0012944302752941705,0.0019718161001432734,0.002007059096337226,3.2215431611727284e-05,0.00037102214462041394,0.0012896630723687377,0.006351320616844432,0.0013880304199070156,0.004855593575967808,0.0036630114870489037,0.0041885619878633,0.0059493521332533855,0.011765195151809868,0.0026921867575131803,0.002662662205917839,0.006759630349201424,0.00841672125058743,0.006097350225086889,0.0038420577081783544,0.0016296238475084284,0.0005860482467181155,0.004560567459397119,0.00416101416051766,0.0016933449313529124,0.0009203699724634274,0.00737991878440309,0.0021889779625848585],[0.0020159037542064996,0.0004110996809005059,0.0001274221192159817,0.0013231390806190287,0.0037578808716925744,0.0007941195016763098,0.0003864097992766521,0.0004907068567866049,0.0043296796554429945,0.002174085903564417,0.850475493667244,0.0024236968516660453,0.0017683680455801917,0.0019523783301753851,0.006322121651338164,0.00353694223190086,0.004787216530909763,0.0009912146658837683,0.0014878911671703618,0.003441742741132042,0.002029689893895191,0.003770449811328111,0.0024846018338936216,0.0012944302752941705,0.0019718161001432734,0.002007059096337226,3.2215431611727284e-05,0.00037102214462041394,0.0012896630723687377,0.006351320616844432,0.0013880304199070156,0.004855593575967808,0.0036630114870489037,0.0041885619878633,0.0059493521332533855,0.011765195151809868,0.0026921867575131803,0.002662662205917839,0.006759630349201424,0.00841672125058743,0.006097350225086889,0.0038420577081783544,0.0016296238475084284,0.0005860482467181155,0.004560567459397119,0.00416101416051766,0.0016933449313529124,0.0009203699724634274,0.00737991878440309,0.0021889779625848585],[0.0020159037542064996,0.0004110996809005059,0.0001274221192159817,0.0013231390806190287,0.0037578808716925744,0.0007941195016763098,0.0003864097992766521,0.0004907068567866049,0.0043296796554429945,0.002174085903564417,0.0004754936672439853,0.852423696851666,0.0017683680455801917,0.0019523783301753851,0.006322121651338164,0.00353694223190086,0.004787216530909763,0.0009912146658837683,0.0014878911671703618,0.003441742741132042,0.002029689893895191,0.003770449811328111,0.0024846018338936216,0.0012944302752941705,0.0019718161001432734,0.002007059096337226,3.2215431611727284e-05,0.00037102214462041394,0.0012896630723687377,0.006351320616844432,0.0013880304199070156,0.004855593575967808,0.0036630114870489037,0.0041885619878633,0.0059493521332533855,0.011765195151809868,0.0026921867575131803,0.002662662205917839,0.006759630349201424,0.00841672125058743,0.006097350225086889,0.0038420577081783544,0.0016296238475084284,0.0005860482467181155,0.004560567459397119,0.00416101416051766,0.0016933449313529124,0.0009203699724634274,0.00737991878440309,0.0021889779625848585],[0.0020159037542064996,0.0004110996809005059,0.0001274221192159817,0.0013231390806190287,0.0037578808716925744,0.0007941195016763098,0.0003864097992766521,0.0004907068567866049,0.0043296796554429945,0.002174085903564417,0.0004754936672439853,0.0024236968516660453,0.8517683680455802,0.0019523783301753851,0.006322121651338164,0.00353694223190086,0.004787216530909763,0.0009912146658837683,0.0014878911671703618,0.003441742741132042,0.002029689893895191,0.003770449811328111,0.0024846018338936216,0.0012944302752941705,0.0019718161001432734,0.002007059096337226,3.2215431611727284e-05,0.00037102214462041394,0.0012896630723687377,0.006351320616844432,0.0013880304199070156,0.004855593575967808,0.0036630114870489037,0.0041885619878633,0.0059493521332533855,0.011765195151809868,0.0026921867575131803,0.002662662205917839,0.006759630349201424,0.00841672125058743,0.006097350225086889,0.0038420577081783544,0.0016296238475084284,0.0005860482467181155,0.004560567459397119,0.00416101416051766,0.0016933449313529124,0.0009203699724634274,0.00737991878440309,0.0021889779625848585],[0.0020159037542064996,0.0004110996809005059,0.0001274221192159817,0.0013231390806190287,0.0037578808716925744,0.0007941195016763098,0.0003864097992766521,0.0004907068567866049,0.0043296796554429945,0.002174085903564417,0.0004754936672439853,0.0024236968516660453,0.0017683680455801917,0.8519523783301753,0.006322121651338164,0.00353694223190086,0.004787216530909763,0.0009912146658837683,0.0014878911671703618,0.003441742741132042,0.002029689893895191,0.003770449811328111,0.0024846018338936216,0.0012944302752941705,0.0019718161001432734,0.002007059096337226,3.2215431611727284e-05,0.00037102214462041394,0.0012896630723687377,0.006351320616844432,0.0013880304199070156,0.004855593575967808,0.0036630114870489037,0.0041885619878633,0.0059493521332533855,0.011765195151809868,0.0026921867575131803,0.002662662205917839,0.006759630349201424,0.00841672125058743,0.006097350225086889,0.0038420577081783544,0.0016296238475084284,0.0005860482467181155,0.004560567459397119,0.00416101416051766,0.0016933449313529124,0.0009203699724634274,0.00737991878440309,0.0021889779625848585],[0.0020159037542064996,0.0004110996809005059,0.0001274221192159817,0.0013231390806190287,0.0037578808716925744,0.0007941195016763098,0.0003864097992766521,0.0004907068567866049,0.0043296796554429945,0.002174085903564417,0.0004754936672439853,0.0024236968516660453,0.0017683680455801917,0.0019523783301753851,0.8563221216513381,0.00353694223190086,0.004787216530909763,0.0009912146658837683,0.0014878911671703618,0.003441742741132042,0.002029689893895191,0.003770449811328111,0.0024846018338936216,0.0012944302752941705,0.0019718161001432734,0.002007059096337226,3.2215431611727284e-05,0.00037102214462041394,0.0012896630723687377,0.006351320616844432,0.0013880304199070156,0.004855593575967808,0.0036630114870489037,0.0041885619878633,0.0059493521332533855,0.011765195151809868,0.0026921867575131803,0.002662662205917839,0.006759630349201424,0.00841672125058743,0.006097350225086889,0.0038420577081783544,0.0016296238475084284,0.0005860482467181155,0.004560567459397119,0.00416101416051766,0.0016933449313529124,0.0009203699724634274,0.00737991878440309,0.0021889779625848585],[0.0020159037542064996,0.0004110996809005059,0.0001274221192159817,0.0013231390806190287,0.0037578808716925744,0.0007941195016763098,0.0003864097992766521,0.0004907068567866049,0.0043296796554429945,0.002174085903564417,0.0004754936672439853,0.0024236968516660453,0.0017683680455801917,0.0019523783301753851,0.006322121651338164,0.8535369422319008,0.004787216530909763,0.0009912146658837683,0.0014878911671703618,0.003441742741132042,0.002029689893895191,0.003770449811328111,0.0024846018338936216,0.0012944302752941705,0.0019718161001432734,0.002007059096337226,3.2215431611727284e-05,0.00037102214462041394,0.0012896630723687377,0.006351320616844432,0.0013880304199070156,0.004855593575967808,0.0036630114870489037,0.0041885619878633,0.0059493521332533855,0.011765195151809868,0.0026921867575131803,0.002662662205917839,0.006759630349201424,0.00841672125058743,0.006097350225086889,0.0038420577081783544,0.0016296238475084284,0.0005860482467181155,0.004560567459397119,0.00416101416051766,0.0016933449313529124,0.0009203699724634274,0.00737991878440309,0.0021889779625848585],[0.0020159037542064996,0.0004110996809005059,0.0001274221192159817,0.0013231390806190287,0.0037578808716925744,0.0007941195016763098,0.0003864097992766521,0.0004907068567866049,0.0043296796554429945,0.002174085903564417,0.0004754936672439853,0.0024236968516660453,0.0017683680455801917,0.0019523783301753851,0.006322121651338164,0.00353694223190086,0.8547872165309097,0.0009912146658837683,0.0014878911671703618,0.003441742741132042,0.002029689893895191,0.003770449811328111,0.0024846018338936216,0.0012944302752941705,0.0019718161001432734,0.002007059096337226,3.2215431611727284e-05,0.00037102214462041394,0.0012896630723687377,0.006351320616844432,0.0013880304199070156,0.004855593575967808,0.0036630114870489037,0.0041885619878633,0.0059493521332533855,0.011765195151809868,0.0026921867575131803,0.002662662205917839,0.006759630349201424,0.00841672125058743,0.006097350225086889,0.0038420577081783544,0.0016296238475084284,0.0005860482467181155,0.004560567459397119,0.00416101416051766,0.0016933449313529124,0.0009203699724634274,0.00737991878440309,0.0021889779625848585],[0.0020159037542064996,0.0004110996809005059,0.0001274221192159817,0.0013231390806190287,0.0037578808716925744,0.0007941195016763098,0.0003864097992766521,0.0004907068567866049,0.0043296796554429945,0.002174085903564417,0.0004754936672439853,0.0024236968516660453,0.0017683680455801917,0.0019523783301753851,0.006322121651338164,0.00353694223190086,0.004787216530909763,0.8509912146658838,0.0014878911671703618,0.003441742741132042,0.002029689893895191,0.003770449811328111,0.0024846018338936216,0.0012944302752941705,0.0019718161001432734,0.002007059096337226,3.2215431611727284e-05,0.00037102214462041394,0.0012896630723687377,0.006351320616844432,0.0013880304199070156,0.004855593575967808,0.0036630114870489037,0.0041885619878633,0.0059493521332533855,0.011765195151809868,0.0026921867575131803,0.002662662205917839,0.006759630349201424,0.00841672125058743,0.006097350225086889,0.0038420577081783544,0.0016296238475084284,0.0005860482467181155,0.004560567459397119,0.00416101416051766,0.0016933449313529124,0.0009203699724634274,0.00737991878440309,0.0021889779625848585],[0.0020159037542064996,0.0004110996809005059,0.0001274221192159817,0.0013231390806190287,0.0037578808716925744,0.0007941195016763098,0.0003864097992766521,0.0004907068567866049,0.0043296796554429945,0.002174085903564417,0.0004754936672439853,0.0024236968516660453,0.0017683680455801917,0.0019523783301753851,0.006322121651338164,0.00353694223190086,0.004787216530909763,0.0009912146658837683,0.8514878911671704,0.003441742741132042,0.002029689893895191,0.003770449811328111,0.0024846018338936216,0.0012944302752941705,0.0019718161001432734,0.002007059096337226,3.2215431611727284e-05,0.00037102214462041394,0.0012896630723687377,0.006351320616844432,0.0013880304199070156,0.004855593575967808,0.0036630114870489037,0.0041885619878633,0.0059493521332533855,0.011765195151809868,0.0026921867575131803,0.002662662205917839,0.006759630349201424,0.00841672125058743,0.006097350225086889,0.0038420577081783544,0.0016296238475084284,0.0005860482467181155,0.004560567459397119,0.00416101416051766,0.0016933449313529124,0.0009203699724634274,0.00737991878440309,0.0021889779625848585],[0.0020159037542064996,0.0004110996809005059,0.0001274221192159817,0.0013231390806190287,0.0037578808716925744,0.0007941195016763098,0.0003864097992766521,0.0004907068567866049,0.0043296796554429945,0.002174085903564417,0.0004754936672439853,0.0024236968516660453,0.0017683680455801917,0.0019523783301753851,0.006322121651338164,0.00353694223190086,0.004787216530909763,0.0009912146658837683,0.0014878911671703618,0.853441742741132,0.002029689893895191,0.003770449811328111,0.0024846018338936216,0.0012944302752941705,0.0019718161001432734,0.002007059096337226,3.2215431611727284e-05,0.00037102214462041394,0.0012896630723687377,0.006351320616844432,0.0013880304199070156,0.004855593575967808,0.0036630114870489037,0.0041885619878633,0.0059493521332533855,0.011765195151809868,0.0026921867575131803,0.002662662205917839,0.006759630349201424,0.00841672125058743,0.006097350225086889,0.0038420577081783544,0.0016296238475084284,0.0005860482467181155,0.004560567459397119,0.00416101416051766,0.0016933449313529124,0.0009203699724634274,0.00737991878440309,0.0021889779625848585],[0.0020159037542064996,0.0004110996809005059,0.0001274221192159817,0.0013231390806190287,0.0037578808716925744,0.0007941195016763098,0.0003864097992766521,0.0004907068567866049,0.0043296796554429945,0.002174085903564417,0.0004754936672439853,0.0024236968516660453,0.0017683680455801917,0.0019523783301753851,0.006322121651338164,0.00353694223190086,0.004787216530909763,0.0009912146658837683,0.0014878911671703618,0.003441742741132042,0.8520296898938952,0.003770449811328111,0.0024846018338936216,0.0012944302752941705,0.0019718161001432734,0.002007059096337226,3.2215431611727284e-05,0.00037102214462041394,0.0012896630723687377,0.006351320616844432,0.0013880304199070156,0.004855593575967808,0.0036630114870489037,0.0041885619878633,0.0059493521332533855,0.011765195151809868,0.0026921867575131803,0.002662662205917839,0.006759630349201424,0.00841672125058743,0.006097350225086889,0.0038420577081783544,0.0016296238475084284,0.0005860482467181155,0.004560567459397119,0.00416101416051766,0.0016933449313529124,0.0009203699724634274,0.00737991878440309,0.0021889779625848585],[0.0020159037542064996,0.0004110996809005059,0.0001274221192159817,0.0013231390806190287,0.0037578808716925744,0.0007941195016763098,0.0003864097992766521,0.0004907068567866049,0.0043296796554429945,0.002174085903564417,0.0004754936672439853,0.0024236968516660453,0.0017683680455801917,0.0019523783301753851,0.006322121651338164,0.00353694223190086,0.004787216530909763,0.0009912146658837683,0.0014878911671703618,0.003441742741132042,0.002029689893895191,0.8537704498113281,0.0024846018338936216,0.0012944302752941705,0.0019718161001432734,0.002007059096337226,3.2215431611727284e-05,0.00037102214462041394,0.0012896630723687377,0.006351320616844432,0.0013880304199070156,0.004855593575967808,0.0036630114870489037,0.0041885619878633,0.0059493521332533855,0.011765195151809868,0.0026921867575131803,0.002662662205917839,0.006759630349201424,0.00841672125058743,0.006097350225086889,0.0038420577081783544,0.0016296238475084284,0.0005860482467181155,0.004560567459397119,0.00416101416051766,0.0016933449313529124,0.0009203699724634274,0.00737991878440309,0.0021889779625848585],[0.0020159037542064996,0.0004110996809005059,0.0001274221192159817,0.0013231390806190287,0.0037578808716925744,0.0007941195016763098,0.0003864097992766521,0.0004907068567866049,0.0043296796554429945,0.002174085903564417,0.0004754936672439853,0.0024236968516660453,0.0017683680455801917,0.0019523783301753851,0.006322121651338164,0.00353694223190086,0.004787216530909763,0.0009912146658837683,0.0014878911671703618,0.003441742741132042,0.002029689893895191,0.003770449811328111,0.8524846018338936,0.0012944302752941705,0.0019718161001432734,0.002007059096337226,3.2215431611727284e-05,0.00037102214462041394,0.0012896630723687377,0.006351320616844432,0.0013880304199070156,0.004855593575967808,0.0036630114870489037,0.0041885619878633,0.0059493521332533855,0.011765195151809868,0.0026921867575131803,0.002662662205917839,0.006759630349201424,0.00841672125058743,0.006097350225086889,0.0038420577081783544,0.0016296238475084284,0.0005860482467181155,0.004560567459397119,0.00416101416051766,0.0016933449313529124,0.0009203699724634274,0.00737991878440309,0.0021889779625848585],[0.0020159037542064996,0.0004110996809005059,0.0001274221192159817,0.0013231390806190287,0.0037578808716925744,0.0007941195016763098,0.0003864097992766521,0.0004907068567866049,0.0043296796554429945,0.002174085903564417,0.0004754936672439853,0.0024236968516660453,0.0017683680455801917,0.0019523783301753851,0.006322121651338164,0.00353694223190086,0.004787216530909763,0.0009912146658837683,0.0014878911671703618,0.003441742741132042,0.002029689893895191,0.003770449811328111,0.0024846018338936216,0.8512944302752942,0.0019718161001432734,0.002007059096337226,3.2215431611727284e-05,0.00037102214462041394,0.0012896630723687377,0.006351320616844432,0.0013880304199070156,0.004855593575967808,0.0036630114870489037,0.0041885619878633,0.0059493521332533855,0.011765195151809868,0.0026921867575131803,0.002662662205917839,0.006759630349201424,0.00841672125058743,0.006097350225086889,0.0038420577081783544,0.0016296238475084284,0.0005860482467181155,0.004560567459397119,0.00416101416051766,0.0016933449313529124,0.0009203699724634274,0.00737991878440309,0.0021889779625848585],[0.0020159037542064996,0.0004110996809005059,0.0001274221192159817,0.0013231390806190287,0.0037578808716925744,0.0007941195016763098,0.0003864097992766521,0.0004907068567866049,0.0043296796554429945,0.002174085903564417,0.0004754936672439853,0.0024236968516660453,0.0017683680455801917,0.0019523783301753851,0.006322121651338164,0.00353694223190086,0.004787216530909763,0.0009912146658837683,0.0014878911671703618,0.003441742741132042,0.002029689893895191,0.003770449811328111,0.0024846018338936216,0.0012944302752941705,0.8519718161001433,0.002007059096337226,3.2215431611727284e-05,0.00037102214462041394,0.0012896630723687377,0.006351320616844432,0.0013880304199070156,0.004855593575967808,0.0036630114870489037,0.0041885619878633,0.0059493521332533855,0.011765195151809868,0.0026921867575131803,0.002662662205917839,0.006759630349201424,0.00841672125058743,0.006097350225086889,0.0038420577081783544,0.0016296238475084284,0.0005860482467181155,0.004560567459397119,0.00416101416051766,0.0016933449313529124,0.0009203699724634274,0.00737991878440309,0.0021889779625848585],[0.0020159037542064996,0.0004110996809005059,0.0001274221192159817,0.0013231390806190287,0.0037578808716925744,0.0007941195016763098,0.0003864097992766521,0.0004907068567866049,0.0043296796554429945,0.002174085903564417,0.0004754936672439853,0.0024236968516660453,0.0017683680455801917,0.0019523783301753851,0.006322121651338164,0.00353694223190086,0.004787216530909763,0.0009912146658837683,0.0014878911671703618,0.003441742741132042,0.002029689893895191,0.003770449811328111,0.0024846018338936216,0.0012944302752941705,0.0019718161001432734,0.8520070590963372,3.2215431611727284e-05,0.00037102214462041394,0.0012896630723687377,0.006351320616844432,0.0013880304199070156,0.004855593575967808,0.0036630114870489037,0.0041885619878633,0.0059493521332533855,0.011765195151809868,0.0026921867575131803,0.002662662205917839,0.006759630349201424,0.00841672125058743,0.006097350225086889,0.0038420577081783544,0.0016296238475084284,0.0005860482467181155,0.004560567459397119,0.00416101416051766,0.0016933449313529124,0.0009203699724634274,0.00737991878440309,0.0021889779625848585],[0.0020159037542064996,0.0004110996809005059,0.0001274221192159817,0.0013231390806190287,0.0037578808716925744,0.0007941195016763098,0.0003864097992766521,0.0004907068567866049,0.0043296796554429945,0.002174085903564417,0.0004754936672439853,0.0024236968516660453,0.0017683680455801917,0.0019523783301753851,0.006322121651338164,0.00353694223190086,0.004787216530909763,0.0009912146658837683,0.0014878911671703618,0.003441742741132042,0.002029689893895191,0.003770449811328111,0.0024846018338936216,0.0012944302752941705,0.0019718161001432734,0.002007059096337226,0.8500322154316117,0.00037102214462041394,0.0012896630723687377,0.006351320616844432,0.0013880304199070156,0.004855593575967808,0.0036630114870489037,0.0041885619878633,0.0059493521332533855,0.011765195151809868,0.0026921867575131803,0.002662662205917839,0.006759630349201424,0.00841672125058743,0.006097350225086889,0.0038420577081783544,0.0016296238475084284,0.0005860482467181155,0.004560567459397119,0.00416101416051766,0.0016933449313529124,0.0009203699724634274,0.00737991878440309,0.0021889779625848585],[0.0020159037542064996,0.0004110996809005059,0.0001274221192159817,0.0013231390806190287,0.0037578808716925744,0.0007941195016763098,0.0003864097992766521,0.0004907068567866049,0.0043296796554429945,0.002174085903564417,0.0004754936672439853,0.0024236968516660453,0.0017683680455801917,0.0019523783301753851,0.006322121651338164,0.00353694223190086,0.004787216530909763,0.0009912146658837683,0.0014878911671703618,0.003441742741132042,0.002029689893895191,0.003770449811328111,0.0024846018338936216,0.0012944302752941705,0.0019718161001432734,0.002007059096337226,3.2215431611727284e-05,0.8503710221446203,0.0012896630723687377,0.006351320616844432,0.0013880304199070156,0.004855593575967808,0.0036630114870489037,0.0041885619878633,0.0059493521332533855,0.011765195151809868,0.0026921867575131803,0.002662662205917839,0.006759630349201424,0.00841672125058743,0.006097350225086889,0.0038420577081783544,0.0016296238475084284,0.0005860482467181155,0.004560567459397119,0.00416101416051766,0.0016933449313529124,0.0009203699724634274,0.00737991878440309,0.0021889779625848585],[0.0020159037542064996,0.0004110996809005059,0.0001274221192159817,0.0013231390806190287,0.0037578808716925744,0.0007941195016763098,0.0003864097992766521,0.0004907068567866049,0.0043296796554429945,0.002174085903564417,0.0004754936672439853,0.0024236968516660453,0.0017683680455801917,0.0019523783301753851,0.006322121651338164,0.00353694223190086,0.004787216530909763,0.0009912146658837683,0.0014878911671703618,0.003441742741132042,0.002029689893895191,0.003770449811328111,0.0024846018338936216,0.0012944302752941705,0.0019718161001432734,0.002007059096337226,3.2215431611727284e-05,0.00037102214462041394,0.8512896630723688,0.006351320616844432,0.0013880304199070156,0.004855593575967808,0.0036630114870489037,0.0041885619878633,0.0059493521332533855,0.011765195151809868,0.0026921867575131803,0.002662662205917839,0.006759630349201424,0.00841672125058743,0.006097350225086889,0.0038420577081783544,0.0016296238475084284,0.0005860482467181155,0.004560567459397119,0.00416101416051766,0.0016933449313529124,0.0009203699724634274,0.00737991878440309,0.0021889779625848585],[0.0020159037542064996,0.0004110996809005059,0.0001274221192159817,0.0013231390806190287,0.0037578808716925744,0.0007941195016763098,0.0003864097992766521,0.0004907068567866049,0.0043296796554429945,0.002174085903564417,0.0004754936672439853,0.0024236968516660453,0.0017683680455801917,0.0019523783301753851,0.006322121651338164,0.00353694223190086,0.004787216530909763,0.0009912146658837683,0.0014878911671703618,0.003441742741132042,0.002029689893895191,0.003770449811328111,0.0024846018338936216,0.0012944302752941705,0.0019718161001432734,0.002007059096337226,3.2215431611727284e-05,0.00037102214462041394,0.0012896630723687377,0.8563513206168444,0.0013880304199070156,0.004855593575967808,0.0036630114870489037,0.0041885619878633,0.0059493521332533855,0.011765195151809868,0.0026921867575131803,0.002662662205917839,0.006759630349201424,0.00841672125058743,0.006097350225086889,0.0038420577081783544,0.0016296238475084284,0.0005860482467181155,0.004560567459397119,0.00416101416051766,0.0016933449313529124,0.0009203699724634274,0.00737991878440309,0.0021889779625848585],[0.0020159037542064996,0.0004110996809005059,0.0001274221192159817,0.0013231390806190287,0.0037578808716925744,0.0007941195016763098,0.0003864097992766521,0.0004907068567866049,0.0043296796554429945,0.002174085903564417,0.0004754936672439853,0.0024236968516660453,0.0017683680455801917,0.0019523783301753851,0.006322121651338164,0.00353694223190086,0.004787216530909763,0.0009912146658837683,0.0014878911671703618,0.003441742741132042,0.002029689893895191,0.003770449811328111,0.0024846018338936216,0.0012944302752941705,0.0019718161001432734,0.002007059096337226,3.2215431611727284e-05,0.00037102214462041394,0.0012896630723687377,0.006351320616844432,0.851388030419907,0.004855593575967808,0.0036630114870489037,0.0041885619878633,0.0059493521332533855,0.011765195151809868,0.0026921867575131803,0.002662662205917839,0.006759630349201424,0.00841672125058743,0.006097350225086889,0.0038420577081783544,0.0016296238475084284,0.0005860482467181155,0.004560567459397119,0.00416101416051766,0.0016933449313529124,0.0009203699724634274,0.00737991878440309,0.0021889779625848585],[0.0020159037542064996,0.0004110996809005059,0.0001274221192159817,0.0013231390806190287,0.0037578808716925744,0.0007941195016763098,0.0003864097992766521,0.0004907068567866049,0.0043296796554429945,0.002174085903564417,0.0004754936672439853,0.0024236968516660453,0.0017683680455801917,0.0019523783301753851,0.006322121651338164,0.00353694223190086,0.004787216530909763,0.0009912146658837683,0.0014878911671703618,0.003441742741132042,0.002029689893895191,0.003770449811328111,0.0024846018338936216,0.0012944302752941705,0.0019718161001432734,0.002007059096337226,3.2215431611727284e-05,0.00037102214462041394,0.0012896630723687377,0.006351320616844432,0.0013880304199070156,0.8548555935759677,0.0036630114870489037,0.0041885619878633,0.0059493521332533855,0.011765195151809868,0.0026921867575131803,0.002662662205917839,0.006759630349201424,0.00841672125058743,0.006097350225086889,0.0038420577081783544,0.0016296238475084284,0.0005860482467181155,0.004560567459397119,0.00416101416051766,0.0016933449313529124,0.0009203699724634274,0.00737991878440309,0.0021889779625848585],[0.0020159037542064996,0.0004110996809005059,0.0001274221192159817,0.0013231390806190287,0.0037578808716925744,0.0007941195016763098,0.0003864097992766521,0.0004907068567866049,0.0043296796554429945,0.002174085903564417,0.0004754936672439853,0.0024236968516660453,0.0017683680455801917,0.0019523783301753851,0.006322121651338164,0.00353694223190086,0.004787216530909763,0.0009912146658837683,0.0014878911671703618,0.003441742741132042,0.002029689893895191,0.003770449811328111,0.0024846018338936216,0.0012944302752941705,0.0019718161001432734,0.002007059096337226,3.2215431611727284e-05,0.00037102214462041394,0.0012896630723687377,0.006351320616844432,0.0013880304199070156,0.004855593575967808,0.8536630114870489,0.0041885619878633,0.0059493521332533855,0.011765195151809868,0.0026921867575131803,0.002662662205917839,0.006759630349201424,0.00841672125058743,0.006097350225086889,0.0038420577081783544,0.0016296238475084284,0.0005860482467181155,0.004560567459397119,0.00416101416051766,0.0016933449313529124,0.0009203699724634274,0.00737991878440309,0.0021889779625848585],[0.0020159037542064996,0.0004110996809005059,0.0001274221192159817,0.0013231390806190287,0.0037578808716925744,0.0007941195016763098,0.0003864097992766521,0.0004907068567866049,0.0043296796554429945,0.002174085903564417,0.0004754936672439853,0.0024236968516660453,0.0017683680455801917,0.0019523783301753851,0.006322121651338164,0.00353694223190086,0.004787216530909763,0.0009912146658837683,0.0014878911671703618,0.003441742741132042,0.002029689893895191,0.003770449811328111,0.0024846018338936216,0.0012944302752941705,0.0019718161001432734,0.002007059096337226,3.2215431611727284e-05,0.00037102214462041394,0.0012896630723687377,0.006351320616844432,0.0013880304199070156,0.004855593575967808,0.0036630114870489037,0.8541885619878633,0.0059493521332533855,0.011765195151809868,0.0026921867575131803,0.002662662205917839,0.006759630349201424,0.00841672125058743,0.006097350225086889,0.0038420577081783544,0.0016296238475084284,0.0005860482467181155,0.004560567459397119,0.00416101416051766,0.0016933449313529124,0.0009203699724634274,0.00737991878440309,0.0021889779625848585],[0.0020159037542064996,0.0004110996809005059,0.0001274221192159817,0.0013231390806190287,0.0037578808716925744,0.0007941195016763098,0.0003864097992766521,0.0004907068567866049,0.0043296796554429945,0.002174085903564417,0.0004754936672439853,0.0024236968516660453,0.0017683680455801917,0.0019523783301753851,0.006322121651338164,0.00353694223190086,0.004787216530909763,0.0009912146658837683,0.0014878911671703618,0.003441742741132042,0.002029689893895191,0.003770449811328111,0.0024846018338936216,0.0012944302752941705,0.0019718161001432734,0.002007059096337226,3.2215431611727284e-05,0.00037102214462041394,0.0012896630723687377,0.006351320616844432,0.0013880304199070156,0.004855593575967808,0.0036630114870489037,0.0041885619878633,0.8559493521332534,0.011765195151809868,0.0026921867575131803,0.002662662205917839,0.006759630349201424,0.00841672125058743,0.006097350225086889,0.0038420577081783544,0.0016296238475084284,0.0005860482467181155,0.004560567459397119,0.00416101416051766,0.0016933449313529124,0.0009203699724634274,0.00737991878440309,0.0021889779625848585],[0.0020159037542064996,0.0004110996809005059,0.0001274221192159817,0.0013231390806190287,0.0037578808716925744,0.0007941195016763098,0.0003864097992766521,0.0004907068567866049,0.0043296796554429945,0.002174085903564417,0.0004754936672439853,0.0024236968516660453,0.0017683680455801917,0.0019523783301753851,0.006322121651338164,0.00353694223190086,0.004787216530909763,0.0009912146658837683,0.0014878911671703618,0.003441742741132042,0.002029689893895191,0.003770449811328111,0.0024846018338936216,0.0012944302752941705,0.0019718161001432734,0.002007059096337226,3.2215431611727284e-05,0.00037102214462041394,0.0012896630723687377,0.006351320616844432,0.0013880304199070156,0.004855593575967808,0.0036630114870489037,0.0041885619878633,0.0059493521332533855,0.8617651951518098,0.0026921867575131803,0.002662662205917839,0.006759630349201424,0.00841672125058743,0.006097350225086889,0.0038420577081783544,0.0016296238475084284,0.0005860482467181155,0.004560567459397119,0.00416101416051766,0.0016933449313529124,0.0009203699724634274,0.00737991878440309,0.0021889779625848585],[0.0020159037542064996,0.0004110996809005059,0.0001274221192159817,0.0013231390806190287,0.0037578808716925744,0.0007941195016763098,0.0003864097992766521,0.0004907068567866049,0.0043296796554429945,0.002174085903564417,0.0004754936672439853,0.0024236968516660453,0.0017683680455801917,0.0019523783301753851,0.006322121651338164,0.00353694223190086,0.004787216530909763,0.0009912146658837683,0.0014878911671703618,0.003441742741132042,0.002029689893895191,0.003770449811328111,0.0024846018338936216,0.0012944302752941705,0.0019718161001432734,0.002007059096337226,3.2215431611727284e-05,0.00037102214462041394,0.0012896630723687377,0.006351320616844432,0.0013880304199070156,0.004855593575967808,0.0036630114870489037,0.0041885619878633,0.0059493521332533855,0.011765195151809868,0.8526921867575131,0.002662662205917839,0.006759630349201424,0.00841672125058743,0.006097350225086889,0.0038420577081783544,0.0016296238475084284,0.0005860482467181155,0.004560567459397119,0.00416101416051766,0.0016933449313529124,0.0009203699724634274,0.00737991878440309,0.0021889779625848585],[0.0020159037542064996,0.0004110996809005059,0.0001274221192159817,0.0013231390806190287,0.0037578808716925744,0.0007941195016763098,0.0003864097992766521,0.0004907068567866049,0.0043296796554429945,0.002174085903564417,0.0004754936672439853,0.0024236968516660453,0.0017683680455801917,0.0019523783301753851,0.006322121651338164,0.00353694223190086,0.004787216530909763,0.0009912146658837683,0.0014878911671703618,0.003441742741132042,0.002029689893895191,0.003770449811328111,0.0024846018338936216,0.0012944302752941705,0.0019718161001432734,0.002007059096337226,3.2215431611727284e-05,0.00037102214462041394,0.0012896630723687377,0.006351320616844432,0.0013880304199070156,0.004855593575967808,0.0036630114870489037,0.0041885619878633,0.0059493521332533855,0.011765195151809868,0.0026921867575131803,0.8526626622059178,0.006759630349201424,0.00841672125058743,0.006097350225086889,0.0038420577081783544,0.0016296238475084284,0.0005860482467181155,0.004560567459397119,0.00416101416051766,0.0016933449313529124,0.0009203699724634274,0.00737991878440309,0.0021889779625848585],[0.0020159037542064996,0.0004110996809005059,0.0001274221192159817,0.0013231390806190287,0.0037578808716925744,0.0007941195016763098,0.0003864097992766521,0.0004907068567866049,0.0043296796554429945,0.002174085903564417,0.0004754936672439853,0.0024236968516660453,0.0017683680455801917,0.0019523783301753851,0.006322121651338164,0.00353694223190086,0.004787216530909763,0.0009912146658837683,0.0014878911671703618,0.003441742741132042,0.002029689893895191,0.003770449811328111,0.0024846018338936216,0.0012944302752941705,0.0019718161001432734,0.002007059096337226,3.2215431611727284e-05,0.00037102214462041394,0.0012896630723687377,0.006351320616844432,0.0013880304199070156,0.004855593575967808,0.0036630114870489037,0.0041885619878633,0.0059493521332533855,0.011765195151809868,0.0026921867575131803,0.002662662205917839,0.8567596303492014,0.00841672125058743,0.006097350225086889,0.0038420577081783544,0.0016296238475084284,0.0005860482467181155,0.004560567459397119,0.00416101416051766,0.0016933449313529124,0.0009203699724634274,0.00737991878440309,0.0021889779625848585],[0.0020159037542064996,0.0004110996809005059,0.0001274221192159817,0.0013231390806190287,0.0037578808716925744,0.0007941195016763098,0.0003864097992766521,0.0004907068567866049,0.0043296796554429945,0.002174085903564417,0.0004754936672439853,0.0024236968516660453,0.0017683680455801917,0.0019523783301753851,0.006322121651338164,0.00353694223190086,0.004787216530909763,0.0009912146658837683,0.0014878911671703618,0.003441742741132042,0.002029689893895191,0.003770449811328111,0.0024846018338936216,0.0012944302752941705,0.0019718161001432734,0.002007059096337226,3.2215431611727284e-05,0.00037102214462041394,0.0012896630723687377,0.006351320616844432,0.0013880304199070156,0.004855593575967808,0.0036630114870489037,0.0041885619878633,0.0059493521332533855,0.011765195151809868,0.0026921867575131803,0.002662662205917839,0.006759630349201424,0.8584167212505874,0.006097350225086889,0.0038420577081783544,0.0016296238475084284,0.0005860482467181155,0.004560567459397119,0.00416101416051766,0.0016933449313529124,0.0009203699724634274,0.00737991878440309,0.0021889779625848585],[0.0020159037542064996,0.0004110996809005059,0.0001274221192159817,0.0013231390806190287,0.0037578808716925744,0.0007941195016763098,0.0003864097992766521,0.0004907068567866049,0.0043296796554429945,0.002174085903564417,0.0004754936672439853,0.0024236968516660453,0.0017683680455801917,0.0019523783301753851,0.006322121651338164,0.00353694223190086,0.004787216530909763,0.0009912146658837683,0.0014878911671703618,0.003441742741132042,0.002029689893895191,0.003770449811328111,0.0024846018338936216,0.0012944302752941705,0.0019718161001432734,0.002007059096337226,3.2215431611727284e-05,0.00037102214462041394,0.0012896630723687377,0.006351320616844432,0.0013880304199070156,0.004855593575967808,0.0036630114870489037,0.0041885619878633,0.0059493521332533855,0.011765195151809868,0.0026921867575131803,0.002662662205917839,0.006759630349201424,0.00841672125058743,0.8560973502250868,0.0038420577081783544,0.0016296238475084284,0.0005860482467181155,0.004560567459397119,0.00416101416051766,0.0016933449313529124,0.0009203699724634274,0.00737991878440309,0.0021889779625848585],[0.0020159037542064996,0.0004110996809005059,0.0001274221192159817,0.0013231390806190287,0.0037578808716925744,0.0007941195016763098,0.0003864097992766521,0.0004907068567866049,0.0043296796554429945,0.002174085903564417,0.0004754936672439853,0.0024236968516660453,0.0017683680455801917,0.0019523783301753851,0.006322121651338164,0.00353694223190086,0.004787216530909763,0.0009912146658837683,0.0014878911671703618,0.003441742741132042,0.002029689893895191,0.003770449811328111,0.0024846018338936216,0.0012944302752941705,0.0019718161001432734,0.002007059096337226,3.2215431611727284e-05,0.00037102214462041394,0.0012896630723687377,0.006351320616844432,0.0013880304199070156,0.004855593575967808,0.0036630114870489037,0.0041885619878633,0.0059493521332533855,0.011765195151809868,0.0026921867575131803,0.002662662205917839,0.006759630349201424,0.00841672125058743,0.006097350225086889,0.8538420577081783,0.0016296238475084284,0.0005860482467181155,0.004560567459397119,0.00416101416051766,0.0016933449313529124,0.0009203699724634274,0.00737991878440309,0.0021889779625848585],[0.0020159037542064996,0.0004110996809005059,0.0001274221192159817,0.0013231390806190287,0.0037578808716925744,0.0007941195016763098,0.0003864097992766521,0.0004907068567866049,0.0043296796554429945,0.002174085903564417,0.0004754936672439853,0.0024236968516660453,0.0017683680455801917,0.0019523783301753851,0.006322121651338164,0.00353694223190086,0.004787216530909763,0.0009912146658837683,0.0014878911671703618,0.003441742741132042,0.002029689893895191,0.003770449811328111,0.0024846018338936216,0.0012944302752941705,0.0019718161001432734,0.002007059096337226,3.2215431611727284e-05,0.00037102214462041394,0.0012896630723687377,0.006351320616844432,0.0013880304199070156,0.004855593575967808,0.0036630114870489037,0.0041885619878633,0.0059493521332533855,0.011765195151809868,0.0026921867575131803,0.002662662205917839,0.006759630349201424,0.00841672125058743,0.006097350225086889,0.0038420577081783544,0.8516296238475084,0.0005860482467181155,0.004560567459397119,0.00416101416051766,0.0016933449313529124,0.0009203699724634274,0.00737991878440309,0.0021889779625848585],[0.0020159037542064996,0.0004110996809005059,0.0001274221192159817,0.0013231390806190287,0.0037578808716925744,0.0007941195016763098,0.0003864097992766521,0.0004907068567866049,0.0043296796554429945,0.002174085903564417,0.0004754936672439853,0.0024236968516660453,0.0017683680455801917,0.0019523783301753851,0.006322121651338164,0.00353694223190086,0.004787216530909763,0.0009912146658837683,0.0014878911671703618,0.003441742741132042,0.002029689893895191,0.003770449811328111,0.0024846018338936216,0.0012944302752941705,0.0019718161001432734,0.002007059096337226,3.2215431611727284e-05,0.00037102214462041394,0.0012896630723687377,0.006351320616844432,0.0013880304199070156,0.004855593575967808,0.0036630114870489037,0.0041885619878633,0.0059493521332533855,0.011765195151809868,0.0026921867575131803,0.002662662205917839,0.006759630349201424,0.00841672125058743,0.006097350225086889,0.0038420577081783544,0.0016296238475084284,0.8505860482467181,0.004560567459397119,0.00416101416051766,0.0016933449313529124,0.0009203699724634274,0.00737991878440309,0.0021889779625848585],[0.0020159037542064996,0.0004110996809005059,0.0001274221192159817,0.0013231390806190287,0.0037578808716925744,0.0007941195016763098,0.0003864097992766521,0.0004907068567866049,0.0043296796554429945,0.002174085903564417,0.0004754936672439853,0.0024236968516660453,0.0017683680455801917,0.0019523783301753851,0.006322121651338164,0.00353694223190086,0.004787216530909763,0.0009912146658837683,0.0014878911671703618,0.003441742741132042,0.002029689893895191,0.003770449811328111,0.0024846018338936216,0.0012944302752941705,0.0019718161001432734,0.002007059096337226,3.2215431611727284e-05,0.00037102214462041394,0.0012896630723687377,0.006351320616844432,0.0013880304199070156,0.004855593575967808,0.0036630114870489037,0.0041885619878633,0.0059493521332533855,0.011765195151809868,0.0026921867575131803,0.002662662205917839,0.006759630349201424,0.00841672125058743,0.006097350225086889,0.0038420577081783544,0.0016296238475084284,0.0005860482467181155,0.8545605674593971,0.00416101416051766,0.0016933449313529124,0.0009203699724634274,0.00737991878440309,0.0021889779625848585],[0.0020159037542064996,0.0004110996809005059,0.0001274221192159817,0.0013231390806190287,0.0037578808716925744,0.0007941195016763098,0.0003864097992766521,0.0004907068567866049,0.0043296796554429945,0.002174085903564417,0.0004754936672439853,0.0024236968516660453,0.0017683680455801917,0.0019523783301753851,0.006322121651338164,0.00353694223190086,0.004787216530909763,0.0009912146658837683,0.0014878911671703618,0.003441742741132042,0.002029689893895191,0.003770449811328111,0.0024846018338936216,0.0012944302752941705,0.0019718161001432734,0.002007059096337226,3.2215431611727284e-05,0.00037102214462041394,0.0012896630723687377,0.006351320616844432,0.0013880304199070156,0.004855593575967808,0.0036630114870489037,0.0041885619878633,0.0059493521332533855,0.011765195151809868,0.0026921867575131803,0.002662662205917839,0.006759630349201424,0.00841672125058743,0.006097350225086889,0.0038420577081783544,0.0016296238475084284,0.0005860482467181155,0.004560567459397119,0.8541610141605176,0.0016933449313529124,0.0009203699724634274,0.00737991878440309,0.0021889779625848585],[0.0020159037542064996,0.0004110996809005059,0.0001274221192159817,0.0013231390806190287,0.0037578808716925744,0.0007941195016763098,0.0003864097992766521,0.0004907068567866049,0.0043296796554429945,0.002174085903564417,0.0004754936672439853,0.0024236968516660453,0.0017683680455801917,0.0019523783301753851,0.006322121651338164,0.00353694223190086,0.004787216530909763,0.0009912146658837683,0.0014878911671703618,0.003441742741132042,0.002029689893895191,0.003770449811328111,0.0024846018338936216,0.0012944302752941705,0.0019718161001432734,0.002007059096337226,3.2215431611727284e-05,0.00037102214462041394,0.0012896630723687377,0.006351320616844432,0.0013880304199070156,0.004855593575967808,0.0036630114870489037,0.0041885619878633,0.0059493521332533855,0.011765195151809868,0.0026921867575131803,0.002662662205917839,0.006759630349201424,0.00841672125058743,0.006097350225086889,0.0038420577081783544,0.0016296238475084284,0.0005860482467181155,0.004560567459397119,0.00416101416051766,0.8516933449313528,0.0009203699724634274,0.00737991878440309,0.0021889779625848585],[0.0020159037542064996,0.0004110996809005059,0.0001274221192159817,0.0013231390806190287,0.0037578808716925744,0.0007941195016763098,0.0003864097992766521,0.0004907068567866049,0.0043296796554429945,0.002174085903564417,0.0004754936672439853,0.0024236968516660453,0.0017683680455801917,0.0019523783301753851,0.006322121651338164,0.00353694223190086,0.004787216530909763,0.0009912146658837683,0.0014878911671703618,0.003441742741132042,0.002029689893895191,0.003770449811328111,0.0024846018338936216,0.0012944302752941705,0.0019718161001432734,0.002007059096337226,3.2215431611727284e-05,0.00037102214462041394,0.0012896630723687377,0.006351320616844432,0.0013880304199070156,0.004855593575967808,0.0036630114870489037,0.0041885619878633,0.0059493521332533855,0.011765195151809868,0.0026921867575131803,0.002662662205917839,0.006759630349201424,0.00841672125058743,0.006097350225086889,0.0038420577081783544,0.0016296238475084284,0.0005860482467181155,0.004560567459397119,0.00416101416051766,0.0016933449313529124,0.8509203699724635,0.00737991878440309,0.0021889779625848585],[0.0020159037542064996,0.0004110996809005059,0.0001274221192159817,0.0013231390806190287,0.0037578808716925744,0.0007941195016763098,0.0003864097992766521,0.0004907068567866049,0.0043296796554429945,0.002174085903564417,0.0004754936672439853,0.0024236968516660453,0.0017683680455801917,0.0019523783301753851,0.006322121651338164,0.00353694223190086,0.004787216530909763,0.0009912146658837683,0.0014878911671703618,0.003441742741132042,0.002029689893895191,0.003770449811328111,0.0024846018338936216,0.0012944302752941705,0.0019718161001432734,0.002007059096337226,3.2215431611727284e-05,0.00037102214462041394,0.0012896630723687377,0.006351320616844432,0.0013880304199070156,0.004855593575967808,0.0036630114870489037,0.0041885619878633,0.0059493521332533855,0.011765195151809868,0.0026921867575131803,0.002662662205917839,0.006759630349201424,0.00841672125058743,0.006097350225086889,0.0038420577081783544,0.0016296238475084284,0.0005860482467181155,0.004560567459397119,0.00416101416051766,0.0016933449313529124,0.0009203699724634274,0.8573799187844031,0.0021889779625848585],[0.0020159037542064996,0.0004110996809005059,0.0001274221192159817,0.0013231390806190287,0.0037578808716925744,0.0007941195016763098,0.0003864097992766521,0.0004907068567866049,0.0043296796554429945,0.002174085903564417,0.0004754936672439853,0.0024236968516660453,0.0017683680455801917,0.0019523783301753851,0.006322121651338164,0.00353694223190086,0.004787216530909763,0.0009912146658837683,0.0014878911671703618,0.003441742741132042,0.002029689893895191,0.003770449811328111,0.0024846018338936216,0.0012944302752941705,0.0019718161001432734,0.002007059096337226,3.2215431611727284e-05,0.00037102214462041394,0.0012896630723687377,0.006351320616844432,0.0013880304199070156,0.004855593575967808,0.0036630114870489037,0.0041885619878633,0.0059493521332533855,0.011765195151809868,0.0026921867575131803,0.002662662205917839,0.006759630349201424,0.00841672125058743,0.006097350225086889,0.0038420577081783544,0.0016296238475084284,0.0005860482467181155,0.004560567459397119,0.00416101416051766,0.0016933449313529124,0.0009203699724634274,0.00737991878440309,0.8521889779625849]]",0.00021476954407814933,0.27749999999999886,1,4,0.2,817.0875759673803,13.330469739412289,13.330469739412285,803.757106227968,1.9995704609118437,4.5703275715644045,True,True
50,1,dense,"[[0.04708112774305258,0.0008607013027738598,0.007525696484837262,0.05585666780630058,0.0006657734015552064,0.01713375929880273,0.002293686147937284,0.030162016214578813,0.0033804503291071327,0.006763272453118874,0.004702235462511622,0.002324203709843363,0.005201969451316632,0.008754398606568459,0.015454144286035842,0.024376216954385025,0.007398067434313315,0.021841194836056666,0.00312250018013182,0.03545455010668756,0.022892711033725924,0.02601844768252637,0.008830943634432384,0.02387927956317717,0.05234185724844354,0.00704957521758449,0.015995974816242108,0.03380620904949095,0.01088124479178789,0.02350458599113086,0.0542528653029212,0.0996906475982082,0.019363191813675153,0.013734934861582709,0.040297993702051865,0.02954004171330488,0.009159441887874563,0.007344941890267666,0.003878235765843504,0.011282818253723821,0.021032756346183578,0.0009560371491216862,0.01866460982396938,0.009555283225005918,0.01343064008222989,0.04360350445441702,0.007693621976576566,0.01622678382665191,0.04428964246268885,0.010448546625245466],[0.05291810993430045,0.00902858011475016,0.002290790999724405,0.014620467108984105,0.03479467161374814,0.021838216592337693,0.01214329091594647,0.013011760363818216,0.025566461732747018,0.020989944801867468,0.002186383565681388,0.02472792098651014,0.022331995307773148,0.0034715310597153554,0.0052499962796293724,0.057506012264652275,0.06157237549244191,0.004519070525483745,0.014916193165783657,0.016505204049981386,0.0012767838497722947,0.01113306707792855,0.019316107536255792,0.012367037679631139,0.025488641929700337,0.0023042658607686844,0.002996309323823821,0.003903441014426024,0.028335119061718365,0.05368505516361854,0.07998047067978409,0.005040361561882184,0.010420782461126845,0.0026033996824708465,0.02592229568457689,0.006965845731857476,0.01246429688677517,0.06711519651740172,0.0014915170021485497,0.007536248512229929,0.0072361601038566856,0.0039617454457304855,0.000516198275981967,0.012275620394256467,0.012305775657773202,0.03432316035729796,0.030210870367789213,0.014505601038235116,0.05165535595140892,0.032474292313895946],[0.026096315604401777,0.026371343040884163,0.03950506011207207,0.011115389437194532,0.011094992269686887,0.003984573681811684,0.005452501085300836,0.019071453840584333,0.01283983447425992,0.00969016228168229,0.03597300978668262,0.026667456469112193,0.000963777058555182,0.004654882269180665,0.00036909329089900033,0.007151155241232616,0.02313216857024073,0.006593118961921603,0.00220876128402919,0.05519498287492907,0.01458334211363517,0.016163968801045866,0.00542353840750098,0.00284328634540913,0.010203612090485733,0.0418437242979741,0.014130580145919752,0.06562137969577608,0.0008458473823576542,0.021531373789544513,0.0032365342089231064,0.02003968245640058,0.017172111908362916,0.0092664782337253,0.08916792542780659,0.025557457924268223,0.00788189087436934,0.016174244270407128,0.03863186649711613,0.0014666802780605966,0.02445821032671183,0.006154788180967196,0.0012091151775243897,0.010172701091123665,0.03527266671067401,0.008834125498966167,0.019417648613065653,0.02248002389947947,0.041038466319020826,0.08104669739871645],[0.08882935934145089,0.0064729389071377375,0.013008716941254666,0.00469017046571205,0.0532973913284625,0.0020070436311538198,0.03230431732783911,0.014001021693111456,0.011488632619054981,0.0017502198241394185,0.006479411183089265,0.005534898842120175,0.008641588585993646,0.010106274177400548,0.01017189336031701,0.014607173756749985,0.02714538054313472,0.004616514723383705,0.009594732802486723,0.038292206142233776,0.04212858466455143,0.012205194892560455,0.01296227624486133,0.01142730886424156,0.02856502748621842,0.016883809782221308,0.008133251573081155,0.0029326959578980147,0.007938128629150273,0.031305313479350796,0.08264202863549004,0.016078632821900155,0.003829035326311551,0.012474541969781887,0.02213668686675299,0.04081623341238414,0.007053357916668043,0.020149112713481226,0.03447457336158063,0.001918539816669216,0.04960612429904002,0.00647188963110405,0.027686073671474,0.019845009974871184,0.013206378699691521,0.036300980654279065,0.007629796068785962,0.00585180892434296,0.004140511105206679,0.0501672063598237],[0.013854641957268314,0.012252024204488924,0.010367905613405953,0.008470595312624162,0.023665658037421024,0.031929717876456945,0.02249545483952155,0.004558564511064019,0.03353618914908408,0.006584313955436258,0.002808220310495765,0.021805339187423656,0.010466217487644728,0.003245083646884007,0.03147804725043439,0.004356861040337132,0.003731106430101942,0.08111107400050163,0.006127300435017943,0.02782814257109393,0.007086705261725129,0.006951395573349454,0.02753125662969769,0.011963656937261646,0.01871755739638583,0.11691259111357405,0.06431034024530323,0.012359935125317729,0.06919296977506831,0.012644059821780565,0.04200997149519592,0.011972870665013936,0.010798266209727604,0.0013727877542766,0.009245926058467862,0.02179827701307295,0.013444822832070828,0.016049004847739093,0.004698823567163586,0.06228950911765276,0.02377734022129345,0.006248708915584876,0.00644460196710481,0.0028035090366769592,0.010670681107909044,0.013023162244154927,0.008271988236447139,0.013434096214074405,0.00019764497113267045,0.013105081829070815],[0.0043217279104627295,0.01557335513898043,0.014077557875851974,0.012338732155730229,0.005213386506336671,0.110015684082593,0.002331347461045507,0.029919639350613706,0.03527347174871249,0.006484803716895108,0.0073050914859892225,2.9869988043119023e-05,0.001631917074648164,0.019649743964158535,0.023839501565049444,0.0019423024136922156,0.014217420850501636,0.07149743276735489,0.01713526522425978,0.0036414733115507562,0.005425675231754072,0.01900521419032066,0.00654325939660827,0.07702553367929177,0.03253639052953122,0.003933733718824929,0.004606044955191767,0.05681244784517786,0.00043422179375418704,0.004422952412470768,0.027454227993183596,0.03173485610993654,0.012664849797405764,0.020189403658736546,0.004035369981464444,0.005056401911152764,0.04030921306485352,0.03084564160843218,0.012193953188469992,0.0034706821939160903,0.012113789708662453,0.00424340867773876,0.0015743456773344429,0.029243600579359368,0.007588174439483226,0.07420145258957737,0.021304714078249663,0.042386497493920094,0.008316952902470247,0.0038872660002577837],[0.025225206719258774,0.006052905666695748,0.01451018547322633,0.010595842040382454,0.004471890253152315,0.017002942769671743,0.014276905141175932,0.10188606681661894,0.031885925983541966,0.0061909495375331615,0.0028478664259148725,0.013804288276465305,0.026555227507565008,0.03682725478033685,0.007967674433538078,0.0034930911737299625,0.003548813623196654,0.02389067637143536,0.036583395849393366,0.0013545468445385316,0.018459851183443957,0.011079394724191602,0.029728400129676015,0.016021628619762526,0.009761799459832436,0.04266793346503428,0.05167281678904108,0.013067146820256875,0.0307207732486248,0.06207950196354889,0.005368842377431071,0.0020670275658399326,0.05799295998177009,0.01685404135304632,0.02087813983819759,0.03263907293750525,0.02989294439739582,0.011841330696167244,0.00048524217062934907,0.05146395232007748,0.006573304423961805,0.0015126413077703384,0.005088088731823352,0.012365365256422189,0.01330164499244069,0.000783010473045676,0.0034211409491924794,0.006658876743412562,0.045563217944763805,0.0010182534483234053],[0.01677694837281982,0.006113154647616396,0.005860548866759376,0.00471679829635655,0.004108266073388616,0.010541426266247935,0.05484723402284716,0.04994896065231668,0.022620141266310168,0.011066125234413873,0.022850727591200732,0.010385858564601176,0.009965547445348815,0.009749941424006484,0.004360164018332584,0.003323234603513725,0.017266691842498773,0.042188950593103236,0.015741823799206443,0.016054016816370757,0.01672485996791361,0.0015413103712953932,0.0223485980269429,0.000184824884561063,0.009263521652612927,5.3989915884981145e-05,0.023018471827637343,0.039609500022616526,0.02994271462378054,0.006915430215737863,0.12101855419708213,0.011312273964409474,0.040178772632216496,0.021721325726465606,0.0075908514071115875,0.042354643067466786,0.002881423159146693,0.020601646480574557,0.0005096292129172768,0.02327521307258524,0.006092669504748329,0.05485858944213144,0.010496178393774029,0.036016213896468176,0.025374252705773023,0.022157818490661063,0.034061227710438825,0.004116221451442915,0.015003755550773535,0.012288958027570115],[0.030149814318972325,0.002953931589451327,0.03280984350570539,0.004385922252818218,0.035296733773472706,0.03740186436584677,0.012392371601535408,0.02142710969300014,0.0004355489554215713,0.007516315287300964,0.006674132995583361,0.02781167954109302,0.0018889996005504288,0.03405862486118047,0.026547804086355858,0.002462945217527416,0.012930564686564994,0.0070133121875099475,0.031701377467078636,0.010599975104207439,0.003028735232978843,0.03066748668567832,0.002011673441528649,0.010505471705905978,0.020545991258142653,0.0037776985356905075,0.02162254688498027,0.07483412346009971,0.0169111391412597,0.006270839420006872,0.02567286213482812,0.02837091987413049,0.01850916519203753,0.003954917406112388,0.018546949069436765,0.03207391311652168,0.023186701672227073,0.0015289744644169756,0.024268727816649613,0.015377426447204216,0.00182948929195185,0.02345074867931217,0.009487296247816584,0.008124705837254836,0.048293161986056,0.04048310874955189,0.030232227658107323,0.03144649440421605,0.008514680460499333,0.07001295263422119],[0.01197764229701461,0.03117849301732339,0.010199670786692261,0.010235133758740448,0.0048001615401283984,0.01645480178301524,0.03679586814843196,0.016845380387311787,0.026356140882704947,0.008382760740026324,0.0174598641441346,0.006550934584968139,0.009788687932317845,0.047422818181586585,0.02678967360707929,0.005712188328429428,0.02532525900499387,0.010387548082744362,0.014119419467490337,0.019115853827450034,0.03994062634451245,0.03438877008261797,0.061194151983466005,0.014239788000791202,0.009593268383607235,0.01529381883100922,0.0008778685102047674,0.05124346020930362,0.011763990728758654,0.00912052624572417,0.02210668536184635,0.009286960280320689,0.007452310430274156,0.03968833236463717,0.0030273743894735777,0.019209487381337254,0.017166804850262066,0.012221123171368628,0.0018254015444583147,0.0016376036098371765,0.008512483334916153,0.0011823913931518113,0.03183503660862577,0.00867980193708392,0.003512388173950181,0.031150623267136555,0.10520796454661618,0.018278168443303107,0.02689686392338991,0.02756762516543233],[0.0036337023482655114,0.04150212297339815,0.029390102624668613,0.0013667258264080503,0.046850088151169686,0.015159117987120177,0.009482769279319606,0.011532861281232846,0.002681187464473882,0.0006057040986826733,0.019330868233845347,0.00010387444628744452,0.021102198683181292,0.017332514476370187,0.03308320859207533,0.08804386003847031,0.04360482470553808,0.06723733379130134,0.034828426385034195,0.006907971103957027,0.010870253109866279,0.03804842021636319,0.018470507076687112,0.07005101688557072,0.01966309916030759,0.0011898890180207947,0.013958378912483863,0.012215717196759505,0.016490712895783955,0.0013548114118995419,0.07740910964532567,0.01452051981620849,0.007547705829680807,0.0260451961984567,0.02135246399122004,0.03682555031039467,0.001891974119785475,0.015395195668923415,0.007015802701332068,0.0042123133058111165,0.0016364271361668033,0.011352202030201302,0.029010290016581047,0.0008908516364770088,0.013631385412231953,0.00652120731743791,0.015320014928143581,0.005226996425418545,0.0038473452073964865,0.00425517992826465],[0.06707389356510154,0.04829559179068072,0.012203701030104598,0.07249945532983358,0.010030851911085825,0.008141036700554714,0.0230540228768072,0.02411660705138787,0.014359105256523957,0.03672474925613947,0.031947392852861155,0.00011303936430384107,0.04423483463271874,0.004702238219461924,0.0120556936986074,0.0032524369119491976,0.015131098118004185,0.013797624584245972,0.01434556289422036,0.010662930134368014,0.005059211547437616,0.002880841510516097,0.03128342869247809,0.007676875626385434,0.006617318773533511,0.06546533606920503,0.015187939046288795,0.03863271236390672,0.037522739755387495,0.0005411543769846164,0.029512570228126946,0.011811191559123321,0.003174821364796561,0.006857109877376497,0.03611852191656842,0.011472211640492254,0.048220082028876024,0.0161473066491775,0.008510727987929841,0.013068876601248782,0.00982904150163451,0.020366066907640486,0.017941730991678267,0.040752084940131814,0.004840307284529429,0.003783835865451929,0.007665614904312275,0.018723321970837235,0.004387120606186544,0.00920803123279745],[0.0017691675619602306,0.013563677669747108,0.028175810776488616,0.05896746336623426,0.020038723461794198,0.018002284126085247,0.03125185009253413,0.02563079585020059,0.03172137817963149,0.01966542011537892,0.031760436734587894,0.07377231732177648,0.05463860736841523,0.00046563203022847424,0.003420776871516702,0.003980053115216697,0.012736086329567227,0.06928284890951282,0.0013233554904408466,0.003622138960719721,0.017991101422085355,0.001098430721061549,0.030713804467773286,0.005024053217943684,0.012568666998845296,0.018949147707516035,0.024488567387094134,0.025068174964087333,0.0061682244458253635,0.011129217652271223,0.014336793106234882,0.04928387007679445,0.012655833226686355,0.025902374827256835,0.002097977053014921,0.04672624825251393,0.03980666528010331,0.0034722765822722745,0.0003630577058371651,0.018225068959608747,0.013704029798595032,0.0005527035716519227,0.025074645179409192,0.01332493333794224,0.008521977617822056,0.002447095402011978,0.017013327080748392,0.033033344022227025,0.002690488415896816,0.013779077186832082],[0.02903866976613704,0.009557386081098925,0.028750994191278013,0.06384753186163863,0.01821709196585836,0.0031184793261880093,0.006605359141767512,0.007856991197444643,0.010216687546184705,0.019526276482635756,0.012154515021717495,0.01311777436014512,0.008329583856204663,0.006508429352524164,0.03384534189823749,0.004516637402846736,0.0016557874518927883,0.010644977543765498,0.00791619087178342,0.037240711588424694,0.01360848547316414,0.018538191457763385,0.031776275931347873,0.022667918783298206,0.024181867521016524,0.037296516100327616,0.01889330686677668,0.030810509207563865,0.0018912859384083752,0.01733374957628797,0.005750776224204023,0.025062177857393612,0.0004699857910808071,0.04733133371068589,0.000332029124711043,0.039040881886280576,0.02863260464988902,0.00488546049584542,0.03774423096933342,0.01474510456513531,0.051166310833789114,0.013218851064894078,0.044639158240250575,0.0324321472097307,0.04681450579230595,0.0028853162755181593,0.032651823205562064,0.010502256789252724,0.009018738311725,0.0030127832386840215],[0.022103874681434033,0.007845477955047227,0.00962960793547969,0.02932522357660707,0.014559539167178457,0.012630427472383196,0.011555030630042902,0.004144423556660664,0.015225810083537527,0.013302255478873218,0.009611476107759583,0.043288936275957375,0.010997141148462378,0.03184628894474007,0.015295199593488344,0.06604872009552301,0.05799725601113713,0.032451454687618245,0.01966355391660022,0.001370118352722952,0.00879447144741708,0.00252948478151465,0.0293438929342901,0.013016189677660652,0.004811340525347294,0.02711142836233551,0.0029849907982036124,0.03196533623301981,0.011019172444335031,0.021385494656176444,0.03843765763145324,0.017993790052978718,0.016902720490912633,0.026611765536513416,0.011456756287452106,0.02886148016094744,0.02052054660137604,0.0022762118220770156,0.01935280565860417,0.03669511574010141,0.025942495207888334,0.011117195500653659,0.05434873385674215,0.017658038945230475,0.004002277190117662,0.020864967550062962,0.029770028815115677,0.017735917515047547,0.00279791299098623,0.014799964914185733],[0.013193032694073762,0.010184406428886402,0.026018120973730206,0.012614879881707184,0.012437319966666738,0.022539057542796954,0.02114320523836708,0.02126099146850851,0.002404635748642795,0.002266259688242578,0.046854793004289706,0.008399169120517526,0.017763081161659634,0.050688409038507146,0.005985692371001625,0.0015549874496629988,0.019950377145329493,0.014864111181326195,0.005870707112575841,0.00046987489114902833,0.02791457770410031,0.003261880593954044,0.07067732277245102,0.005187116350415888,0.006977949327892933,0.036639446625118685,0.013576212268612248,0.015395656544964852,0.03169563665120834,0.0014922356218134516,0.012413194697658189,0.02024957035645142,0.008232507671723514,0.02419693340187046,0.027425758876094972,0.10531967595197453,0.02881211134345743,0.007051904957354135,0.07141029989164252,0.005538414272341038,0.0007623292725339671,0.020690473207476794,0.005029979263524819,0.033679522020605555,0.011119142753999547,0.037695038031188344,0.022308875030159932,0.01513184289995392,0.008526071756486326,0.00512520777532953],[0.008620529320816013,0.008783169083183303,0.031272897093254426,0.004708895556400655,0.00639857953146944,0.008220147283793985,0.03384531790331694,0.01343958652358649,0.030470096504532643,0.003617614201206937,0.03320583101000804,0.01541873990115476,0.0009447290462855434,0.009585697695548878,0.007688251580980249,0.022679509842277398,0.04343295925838705,0.009630350285925932,0.01537271413279856,0.003912393699593882,0.05741524037990175,0.002831857244761359,0.011146112964481498,0.006332293091931776,0.10497500322642386,0.002071438508152141,0.013448973735905161,0.03948323895086718,0.0008798066951743201,0.0012944781355150351,0.006416639214747088,0.024451843821902536,0.03500794182985018,0.022424311940549616,0.030973896994620935,0.005375876100971525,0.01287374062428766,0.0018339770872530308,0.05769744169072924,0.0006073091698149874,0.028996723690467765,0.04808997083908672,0.009789848586442744,0.025918437580497552,0.005084271040377972,0.01429599345088983,0.05311964276045886,0.02256608517755717,0.015339511190669097,0.02801008482119027],[0.002134004732737391,0.004235951955576835,0.029175883696605252,0.02527347619838253,0.0073006536934335136,0.001082748700679218,0.04618940102119647,3.6704053202255026e-05,0.0005554940200602498,0.026214243850112732,0.013618887819328095,0.002779643466877632,0.04525859391064164,0.08253942692636874,0.02424710590379809,0.03167448151623123,0.0019469574229221426,0.01891768998197892,0.023954420788089004,0.027982131804953216,0.005086449183550258,0.10294611008264283,0.021666841886232684,0.03863100893788328,0.0007168569489719096,0.017473018473631422,0.06143647134616797,0.0074767729602831885,0.027118107110160498,0.012357770683787541,0.010449190958604833,0.0007474431385866262,0.006191792123149058,0.004249593483909151,0.04291246549778771,0.022248484324981943,0.008623329798169894,0.0006183974404428129,0.007143778973810085,0.00023191079158602751,0.05300289052942111,0.0066394752652554345,0.026760211215319137,0.008903803425251135,0.016220926252586393,0.01388274763113798,0.002130058234390054,0.0005542855668472661,0.029320247227609345,0.029141659044667388],[0.007719827959986681,0.007103224221547184,0.009870278392942636,0.019851853894682723,0.010622675740957653,0.03728313406079954,0.0009857632118991679,0.06246082687175001,0.05604299673720725,0.018156297045878907,0.014650861067906458,0.007680651426357312,0.04086767513288864,0.006416684884361506,0.008677510841010563,0.014043946743188523,0.01492924690795946,0.028090230632304095,0.02016904191643609,0.04027553071600228,0.029285862042581608,0.013736195657278766,0.042837004287539844,0.0033988890082796387,0.025182003827206777,0.0025291766444230737,0.0029244954422863317,0.00824032421384101,0.0009342705316333519,0.02730720120093172,0.01976193847267917,0.00048547084917355,0.0015197122916310128,0.015268799373833086,0.03676598827671268,0.02432001508848157,0.056455342711904596,0.007049213337277626,0.016760148167333302,0.008535670786413492,0.03306664095234221,0.011272927391954771,0.058099843976883586,0.03198318065423048,0.03407409431769764,0.001320535187577419,0.03137808557921892,0.02300965621054202,0.004836609082985262,0.0017624460290589028],[9.728514555299987e-05,0.014125506987685298,0.004426184355272989,0.10679215799519064,0.01910728963778636,0.034912415540931024,0.0025779076284339884,0.013600920974881027,0.002794251984982747,0.006690971018347187,0.01901612810789282,0.00416296079885407,0.009590384396121178,0.004374219209633548,0.05521609232705242,0.027472924597212307,0.007651809869769304,0.02549464675339876,0.00411037518669657,0.046973772512837006,0.02341093967131319,0.00871511949691356,0.0040166008859198795,0.007434190145027287,0.028708249605400457,0.0348777488147832,0.0022057107044766793,0.000723879432682234,0.03203005211462963,0.022315502488067157,0.032574894083602736,0.027659028265530704,0.016233323326645916,0.012079179972124997,0.01875307500866063,0.04822659569742686,0.010297888479042328,0.03816261822405212,0.011731562675964,0.09827671755686959,0.0047611947232809445,0.023877120789595578,0.008021039032392617,0.027063473269211855,0.02954147843949953,0.007784743599825684,3.258868453909103e-05,0.004775322130068959,0.00048696431047223516,0.006034993343448056],[0.002849618673025559,0.0011777485112707284,0.03076152887873898,0.0015039533157217302,0.006830349950969327,0.000990230474678584,0.001555541445706374,0.0018626355650707708,0.047126077978810944,0.08385130642598272,0.0019480022097986007,0.007779165100979157,3.617049025727354e-05,0.01903746118365684,0.02126424710974092,0.024283973303318957,0.018066653565722183,0.038157510526085854,0.009381684552773209,0.05451315818111053,0.009231337028160919,0.007667913539981347,0.012253130157661333,0.012269385898166773,0.006983554202671477,0.00026056124533116546,0.037491384425293255,0.07017944457627813,0.001941671200093416,0.004604310466850109,0.002401384484243399,0.027971867085089093,0.01970954259003822,0.009113695062415838,0.016656509686773492,0.003034296509957535,0.05827370825047125,0.0428986859581883,0.00487232303205419,0.014397408074038422,0.04113368518938919,0.030087480819037286,0.0041307428347449725,0.04230212684792181,0.0016832991560834986,0.001790312854058609,0.08182730869881964,0.013245256412582302,0.0008299591375297226,0.047780697132656536],[0.022264050974383012,0.10047325274926262,0.02907282395373895,0.02205197389746211,0.022696961134442264,0.007085281676110758,0.029991302745950774,0.05378963223827477,0.0005194841152452693,0.028921949945037308,0.01161030810179992,0.019180497821655852,0.016530062731398523,0.008723395449554843,0.03318315816450391,0.0005890080769546316,0.05448106951654727,0.013822054080643133,0.0013735401845339518,0.0015320250217908296,0.003906815641384308,0.028971669032467593,0.0039052300261853486,0.039237949385598644,0.004072999014627415,0.059172026689652775,0.03213319827998818,0.005844957464198164,0.03119321798595227,0.010227955244730422,0.005171492424241629,0.010199258732990005,0.015154819115304701,0.014107250423999913,0.005018969775874761,0.006740223503321801,0.010919064776087692,0.0022145275499305377,0.0006523191837206889,0.017943442843975,0.00018861651763556845,0.0005878881183328615,0.002126341421485871,0.005365778294963884,0.08783954375668623,0.06967161485135018,0.00847071651968882,0.006092857426658283,0.017120468167919133,0.017856955251756537],[0.004918755229155806,0.01793501383665377,0.017094445354576177,0.03216255534883573,0.019161112213659733,0.009987628513990087,0.0016062925714439014,0.0049197197912554625,0.013165877941623464,0.03889603702232706,0.0007528739364405295,0.0643121126285256,0.048697439558103094,0.035692732990166294,0.010090601579544107,0.00018906291985219668,0.002081975045138732,0.03682322621724924,0.04492759025965962,0.006509250928924148,0.00544394696646884,0.011241011960217711,0.029797656502145484,0.0027051600743867475,0.03282440360683202,0.02737653815626042,0.006090511011414012,0.002736461289846942,0.03476205544625242,0.00980495798672341,0.02756996562352609,0.004665926965754287,0.0009165615691350249,0.007120768226336837,0.0042624403665063385,0.08736479991917714,0.011742148272774968,0.048433702481748095,0.007929331983360474,0.03535406072825988,0.03898450561328919,0.0415663135769516,0.005759316189787054,0.021283047317654093,0.020939216600828335,0.001020152090448548,0.0013275965301977142,0.033290230564399594,0.004454067347819024,0.02330884114437327],[0.01971079378244233,0.011298187103544646,0.08382980400170463,0.01793392574275005,0.04901750344468018,0.01028704259390629,0.008198041233587949,0.02991603777504119,0.022415550399505435,0.02364721662121292,0.012294231735892634,0.006189232025534795,0.005807652982091173,0.00644535770604636,0.006615033632730615,0.00862839703008292,0.011311069930955195,0.05865859999990274,0.02172052281678527,0.0035212821026074565,0.012368898104573062,0.039395697373217964,0.02215281481817665,0.0643468504775285,0.012490984099968246,0.001058180440917024,0.001477785516557099,0.016254102434499568,0.008382550595810105,0.0458374125835594,0.011227810622891568,0.0009313647084075591,0.004375430771898254,0.012058820410941843,0.000849970687895731,0.015922440440292333,0.02303486046855489,0.042039908300443206,0.022476313213978173,0.004402515422955504,0.03515055315258037,0.019473143836545134,0.00591316794071455,0.009862824541876977,0.03456496310498541,0.016889919705292123,0.03391127849158215,0.004178771635638634,0.0005322133701050197,0.06099297006660804],[0.005507266208564137,0.014584213950159967,0.0060207824905733785,0.023334626300302364,0.005649653921557998,0.021746018359425637,0.0005548072418588407,0.002449984667037992,0.041056067512724025,0.010119763266169061,0.05411443751917393,0.0017192113424099374,0.07390157234917528,0.002426127083395845,0.05035979494897068,0.01119251767011567,0.0370526693378175,0.007522301367342047,0.014285997214986126,0.005622426854846206,0.08348467510773422,0.0023408926833437546,0.014681406545643629,0.004148476269313785,0.0019355475522294058,0.008726275994896669,0.04671223996354887,0.007809626589251394,0.019718550371661214,0.03398627383421048,0.0036810401331846447,0.005931916885359571,0.025132044363553065,0.0034408955639989814,0.05080172823826659,0.03514392366817276,0.017216692716098502,0.05895887958257051,0.01260945342224895,0.015257586852546233,0.007770282856882441,0.024169355195475768,0.007298348592538655,0.04996847904024121,0.001715666057101801,0.01848983888516711,0.004315029797800819,0.02046751771820596,0.004764843050177837,0.02010227286196891],[0.013370929152484785,0.05718408617163298,0.05535238957752747,0.0014370564514533026,0.026740523099544163,0.029411143215886348,0.004377953724163146,0.03374695715211036,0.010360273939438292,0.020874899093318012,0.0038572032086555707,0.011132274346271792,0.019721800424987886,0.015531682678606168,0.009917727464852606,0.006145146352601436,0.04245628625817354,0.0010095100042952175,0.04380660640997352,0.0030615545926726113,0.009051049243369086,0.023396475135317923,0.023260828785062544,0.018127857866453177,0.013712491104572901,0.05492468523601439,0.031011342500852804,0.009824599792701567,0.05014378032676099,0.013160214275669359,0.021506445546675662,0.00542718776299787,0.021325282658712027,0.008130442092227581,0.012129130576938868,0.001312902263079724,0.0031262038942675165,0.010689513607251611,0.1093520873104446,0.038208661997921514,0.00844497052098881,0.013904232024036851,0.000725418403149086,0.04688929829388223,0.01929308896539811,0.00902446207440395,0.0006969763067881101,0.00680458119700349,0.001605707265058465,0.005294079653349987],[0.008242182892782396,0.01665611221912461,0.05890271846422874,0.007885033590173358,0.001668961221275641,0.009178377135507254,0.001221265109447905,0.012353744264214043,0.05908107986204221,0.008602193813410068,0.0002540835329457682,0.06534550498739934,0.01757345543290864,0.11029428273101521,0.06752690985869726,0.07077730144867085,0.001563095211021147,0.004423208839651656,0.0059490733440355345,0.003945159442954749,0.006241871706188567,0.04500044697395354,0.01476609814618225,0.04429159414448277,0.0015648815876169234,0.01802399486145478,0.0028863032200331126,0.014418233057974164,0.048985794658989605,0.0234460822289039,0.012759649502864484,0.010292096328614947,0.005865544486489873,0.014368992032517913,0.05242469648803268,0.008395787634275537,0.01430021971959178,0.005695310228715071,0.0072766153161730905,0.014377130893186747,0.0015190670271836887,0.02700521164636653,0.009858362355170758,0.00012268410919886712,0.024831429626701568,0.007460371545104367,0.0012406226312377106,0.002422437234395995,0.024114786451501672,0.0045999407553905984],[0.0902708445119764,0.013721190656375039,0.01997721732490553,0.054865747054121804,0.0008720792915462921,0.009144312497080842,0.027190997820874592,0.013076464016201206,0.016918128925449086,6.147472910531044e-05,0.0012130430636410842,0.006367632279798227,0.015369634076657293,0.024320556817797497,0.02370572707392009,0.0028200009589108457,0.054956131425369016,0.011876440125964916,0.0910804927210556,0.0021632613878003145,0.0021502527374050256,0.003079857873856111,0.021000909455536145,0.00917602378763777,0.0035146239903265544,0.052897875607811735,0.003018262257616444,0.04109056443754011,0.05531412974866384,0.02577972881254941,0.02359851075102624,0.04520984194556595,0.020539722230045993,0.0239049756173621,0.00019456897047091822,0.03383385478954798,0.008948087374978353,0.001975060255876374,0.001918587768472142,0.0013560229620322277,0.008343971438697861,0.018455748822692453,0.03769012822434735,0.01936664654907815,0.0011511848117030528,0.031096369998571776,0.016346072603349242,0.0017806094335529523,0.004425364541859255,0.002871065443275997],[0.015207520994526113,0.007957065216062055,0.029679642736269506,0.09776109474488602,0.0015431350199280659,0.01965970907348223,0.03421479027592035,0.05378566131644695,0.04506434221660606,0.038147743754160225,0.0036212530912122284,0.0012214007414856152,0.0008965748830236807,0.00049139243542972,0.007655016135325575,0.03518577214882725,0.009853706974260766,0.015185011063223983,0.005125035726637104,0.03413006161287728,0.0005521683077746736,0.00240245995892948,0.022113755464745033,0.004988740411728366,0.005557954175465388,0.0027176516623950136,0.00022617233270704097,0.01196922823165342,0.01986019900631487,0.07025703050046422,0.012600540847286037,0.031074411968434402,0.021530404940706106,0.004818832733700586,0.020666648717275356,0.003089219190321993,0.0032923992633083735,0.04579086697025118,0.01125319431112496,0.04959971205250605,0.0032859829196232684,0.012978780413428663,0.006686849882990918,0.03608367173768746,0.03920850097467796,0.025748411275457624,0.032843930424452765,0.007659217138357378,0.005724582831949068,0.029032551193691695],[0.021446792405246558,0.008081535123942699,0.00668526990035405,0.007007858763534071,0.0010829957034311113,0.025252580047572807,0.0049083751061089285,0.010795037569543467,0.004542473319666817,0.00485234480513644,0.0032479854518363484,0.009512194468105844,0.020077431516595065,0.030741157176311224,0.0560255423334981,0.014397929300744733,0.08580672036502796,0.0079968653476472,0.013281868850932323,0.030243534216437017,0.01151002367390313,0.010802612332304338,0.005125990046621384,0.017696151955602483,0.02334674413571201,0.013558436169816786,0.015792531510246895,0.024928430654120252,0.022733052678250383,0.08648085169266462,0.043871967804897764,0.0005365904017036697,0.08079456631646527,0.006861041160849656,0.0010143150380667704,0.007741708367274272,0.013733609144841261,0.004108089561410695,0.008473454233544956,0.040195641754724724,0.04221325500655091,0.007812021147655817,0.013033894632887328,0.06004851409280204,0.01675994428363634,0.019114775136793886,0.003692142955493429,0.0025880299777822032,0.028900424474135152,0.0005446978875685563],[0.09832078216396285,0.04318582484294307,0.0029304321731618605,0.055643471041911474,0.02783969700284242,0.001368237129191889,0.017023612035517124,0.019743157243113884,0.01384805810332773,0.042215857190488294,0.01971879298603973,0.006577116956618011,0.013422637181686849,0.0022410509462976527,0.00985303244788861,0.0013535485390683561,0.04171346248506052,0.018051420610245138,0.00351725302564388,0.002064453771927199,0.018916179096837342,0.005162917514545209,0.014815395805894466,0.041480685236143296,0.07400848632358475,0.022918837021882094,0.010012536540040636,0.008598300426441623,0.05149818134057324,0.0027558933214008423,0.0015445667119216898,0.004566822749822815,0.028262449764581202,0.0378388309939817,0.03216670071860005,0.011398840453562776,0.00045768489697091543,0.010635317666081027,0.016749377272643258,0.00018036176700074306,0.08062862905647622,0.011722219341950632,0.013596465786198938,0.020431768106274523,0.01520494662951571,0.00582616164079978,0.0037741109441088868,0.005981709842585411,0.0006160274395715649,0.007617697713072064],[0.0001746663797813928,0.02937032932873915,0.03708703060115139,0.014314793413072254,0.013708892622332507,0.00855295385446117,0.01083755568510999,0.005410785305642687,0.037355414151469764,0.021077451558630705,0.003733243969473298,0.025627381744487837,0.007449511207455943,0.008857444409520746,0.004892955966701838,0.016334141004122577,0.023827980074897042,0.03898378701735704,0.03383218872810145,0.005593820729753073,0.019671982457127948,0.024144177359452238,0.028242077806802192,0.03547141025769086,0.03464200850480076,0.013699243393201686,0.023304151766825147,0.007430566985986684,0.048872800495456885,0.003018197082506944,0.002206628562986265,0.016820221501049688,0.03352836664873608,0.01662160875524571,0.004328967380482835,0.009460555128445505,0.06286171761079361,0.016574153005830632,0.014759107257087194,0.024051276467928984,0.035578408508208495,0.0018951398656372883,0.03812522776760148,0.006165669672003921,0.06803238155533244,0.0034993197761795975,0.03193609629062609,0.017811249116864408,0.009630547821271028,0.0005944134455755237],[0.029037038286814202,0.012304902084898465,0.010541061535910766,0.004670984953027928,0.0655883416405615,0.0698163045433982,0.011410725139990766,0.0008724396651323122,0.06292382784934578,0.021254443786411035,0.003932771188687783,0.020353087725312535,0.013152578387070261,0.005186666754305944,0.0031253179057880894,0.010959108620217269,0.0384349604723343,0.0021261267193999275,0.004875219566538582,0.005876455093286914,0.0020461162552095026,0.05014625597173767,0.05675889292948798,0.009485406042484263,0.010290598408188693,0.006045871156826266,0.047457409497391446,0.02739941434574025,0.015440842590060313,0.018773024487384205,0.019565120992503147,0.04667605596156508,0.030022499476609822,0.0047414827589743564,0.0043397677091118044,0.008339326915455915,0.02526639135598407,0.028925264832604942,0.008380384678676809,0.01855554555608163,0.014513289840374864,0.03957086373111844,0.018660044774155084,0.02751570819612898,0.023684182735630166,0.0034347086857235815,0.023142693556101792,0.011873973672124527,0.0007543040007895208,0.0017521969673422782],[0.04183794006131139,0.059741432559719115,0.008991150965973442,0.006233405841479223,0.01584920875309955,0.0005519581101156165,0.0028962726216749278,0.015831910582415055,0.0007062626491604764,0.01649671744843167,0.035020498319767494,0.009767576442843756,0.007734988470052576,0.016695504979209814,0.013776578006731403,0.02808393884142231,0.0027229013206223215,0.0007639464394802445,0.002968623091033403,0.045858781187481476,0.01826904948700859,0.014497742660442627,0.024473485165060586,0.019040788129318736,0.027301975308529944,0.005791359042750931,0.02259429577282668,0.0003126158801103942,0.02816962811298506,0.0003840319100631567,0.02017104109510712,0.002393382657902433,0.05735058736741995,0.007239130130347939,0.0009261280103785256,0.019012627009353196,0.032425319847856814,0.02000539772046798,0.071456263914226,0.03212591505677718,0.0050462196176961314,0.0024215072013427466,0.020594356092948938,0.0024554466132167274,0.05946436544667984,0.00591254443573393,0.06219609023644147,0.023832284426356216,0.020599793744039058,0.041007031214585835],[0.013877953457424505,0.001319078734230591,0.01122113301676951,0.008151497080753705,0.09923610960768799,0.010416898714944342,0.005177450008597934,0.0004841423173591127,0.015084543728551461,0.04399201033470365,0.012967200072916376,0.040604935082863385,0.007514840179955379,0.09791617539364307,0.003711867970099519,0.02042843192837056,0.02972876115146063,0.01786921367929502,0.0076074191463553036,0.00430385747857947,0.02217014611664119,0.06808390105984861,0.013424884217104069,0.0005839407833070166,0.00012141248420561947,0.003593544908356573,0.012808351808222486,0.00478442236149641,0.0011775628401570423,0.00725972157325113,0.0392964262087602,0.0003559757804560617,0.04609234749903132,0.0033819586302174217,0.033464296650562275,0.0015336682838247748,0.007056080832392884,0.026373293780498346,0.006343836461594936,0.00989361815159363,0.005439472244176711,0.0008855065163473387,0.0036179648830514007,0.006885224474189451,0.036427698102249,0.043500617675709626,0.024218933245030785,0.032858225485168764,0.03889896368571364,0.04785448417227996],[0.0013910861289730034,0.0024236583360968227,0.032091738125885345,0.0008901512120805809,0.01601448691028246,0.03349962356900913,0.0523576836896975,0.01109722566089966,0.010405454318473176,0.0004277008901154815,0.005190787567000031,0.005055436611469331,0.010487483400968481,0.004323876463295805,0.01649265472415187,0.02691113567566468,0.014865318934771483,0.015668324207093312,0.027413191793530273,0.04040865869689624,0.046120136755787085,0.005487071945516325,0.01708535433736363,0.01571005440169593,0.03514903002571951,0.04309397291930109,0.004878285374277788,0.02633253221277495,0.043246319104669056,0.0031548890740356705,0.0239196720846054,0.0034204446345204005,0.0174106612964745,0.009361770680495018,0.02291960509898926,0.0062873860803778076,0.020354120270716956,0.04464143570278466,0.07248326035340535,0.002638006543448587,0.03254299184834873,0.00020675083287564067,0.025883788978401497,0.034208978058301406,0.01491382782301362,0.04095687620942272,0.02092732008680913,0.010939762368671141,0.013714799364195838,0.014595218616646519],[0.00959758502906013,0.05962142616359046,0.01050469249419107,0.011274472151204746,0.0029333531447385906,0.013004024033919308,0.06706567496570885,0.008903638627366735,0.025666523087143987,0.018572979614795957,0.01502077205888028,0.010077581430304638,0.0189686414489736,0.004085528645273723,0.05641965643249709,0.009765070337873919,0.012140552541000316,0.016120145617404304,0.013595551862723926,0.0003960545945829298,0.027561744630664173,0.02316058900299725,0.030593596944904544,0.00991496504920414,0.01648111085969462,0.012650261685886928,0.005822790222568176,0.05995158080274822,1.121170014663982e-05,0.0017412848178440276,0.0032901506119356666,0.009477619989581998,0.009176637118545933,0.011746405107723833,0.012793814008550656,0.026316433417862193,0.0505265579625551,0.01865318675869725,0.020028416840357128,0.00029863365412312505,0.06300322759440663,0.0050771733297061425,0.044273420903249316,0.0033773217296775493,0.0023924741341545272,0.004498149735524854,0.04738366789500564,0.05451305014844036,0.02901643888265667,0.012534160179352235],[0.017237554379406335,0.01123181376239598,0.009323668617727075,0.003569954812219241,0.021348746059123378,0.011544167871134247,0.03669320000957554,0.009655485938435671,0.09306643748172681,0.010240989070350827,0.028125655586476284,0.0602601186338501,0.018756595989892294,0.028809415836031225,0.002545002241223198,0.00042156559257840143,0.007719742302706012,0.015226282785129294,0.0014677256733368635,0.031708269178616924,0.04839676286792364,0.002785189884037219,0.006755903093233814,0.0528733566763862,0.042141467618858106,0.0037754333447573094,0.03512957690499463,0.017198487058040106,0.031292589129994296,0.007906271532627183,0.017146342827906395,0.0029151972663862278,0.030337655768843588,0.06777654286336808,0.008325070789389879,0.04821889033546094,0.0017209987337460783,0.003788128300730207,0.00038987709268927006,0.00829132348284389,0.01242605496440821,0.001341849005278377,0.03963822394584899,0.02415466000369162,0.0066651696141205455,0.03670500600718118,0.0007594157126947966,0.005669195227580991,0.015331068989022176,0.0011918991360205357],[0.007349163493610173,0.011599804224225133,0.006304262172431119,0.0034833815981678046,0.01180633097809619,0.019898667306095432,0.005027361450487101,0.030902128734309926,0.010659079960591488,0.0025361759247715574,0.022903418103763933,0.008661657607413659,0.08233113665690335,0.03050382271455302,0.0866643697208302,0.05948218496524512,0.021561158393042353,0.007202744297824929,0.03986944258847595,0.04390075360778671,0.0036142787340406853,0.04613261036580914,0.014990685840841877,0.002206977409289684,0.044470939094031006,0.04220189704876314,0.010903825366158113,0.00588295132739216,0.00948988948358267,0.010209168762558233,0.009922926309332844,0.00593800694047547,0.040226970010784846,0.010182678104794268,0.0017307250852244853,0.017029147239380826,0.03297427439071324,0.0024880520497142884,0.0029863883160950126,0.0021347124306229956,0.04701771562929091,0.003901031328484372,0.0012894201849220333,0.01914799988822575,0.01333524037486194,0.013932627635517314,0.0007232116859666433,0.018720965821397425,0.03210882343981363,0.021458815203290064],[0.00815712445162361,0.0017086694802053394,0.026891418836882564,0.013475264187069722,0.009040263055438676,0.009494840484583017,0.03706952639057869,0.006183196490057135,0.018311382504160367,0.004566591580428032,0.031328445822422384,0.001843811796245845,0.012612656555204464,0.04760469228623773,0.017187394634765544,0.011904040762764403,0.0009259864189872002,0.00992704034372186,0.02055329788969027,0.008365579515459362,0.0021156463718076416,0.006265783696436775,0.03076701301906422,0.02059356862313759,0.004227475517934416,0.0007300148033340417,0.024893255102737388,0.008062896898245435,0.0692129295729109,0.015047386824779229,0.009603317570907415,0.0036523873661574763,0.05561836152405952,0.07295107410197875,0.0070883740613602,0.019469848138283327,0.017911815845979957,0.04298295965993382,0.03250220432416374,0.03584355306936627,0.02051052553603255,0.006414312303751878,0.012612842069350674,0.03545921172573484,0.07439345706178181,0.011895409653935363,0.0029698467181063317,0.013769815963053237,0.036393740157644044,0.008889749231505045],[0.012146890274477453,0.017586530996523193,0.026384271949313427,0.0064620254761713165,0.0021200447380223084,0.002687221955271992,0.030050563076411848,0.023877993493909313,0.019534027820884873,0.0009974320401580786,0.03243945416615624,0.03589284872843027,0.006596311767216968,0.01727516653685192,0.05116787982388005,0.03322307195784632,0.007622780592946199,0.006770954927121761,0.010852617124895584,0.04408704008673986,0.0005641513701124192,0.0070468749130058175,0.005534471942538452,0.0025261184924264242,0.037442144400433905,0.008411934155816375,0.00017500860353003477,0.03097750520107205,0.031408835770047425,0.03626301274794871,0.012146947801817446,0.010387033713003884,0.030693114230810732,0.04691254127259287,0.030679485978009735,0.027579842703648452,0.010570990290249408,0.06514369919807218,0.01754359318837787,0.007743418822738951,0.002969682430853348,0.028547577353337614,0.020908881117193703,0.0001038299551936733,0.0010494167302305395,0.043720076351841955,0.0009900630263293905,0.02925005710030544,0.04549469466653371,0.01943986893869824],[0.02278260058340474,0.01445139745671297,0.005302435908193444,0.022877051602863862,0.016477914625588314,0.007024119468354432,0.002527089417131662,0.015307032926327228,0.001849671190460339,0.008035440556788004,0.006434793065807796,0.05909303297062504,0.016624883437542717,0.003954040440705753,0.021414504325854934,0.0019466333422695828,0.002627979304028572,0.008011029428652417,0.011382842563349043,0.05265035216823839,0.001224006511536301,0.00015129967942607083,0.013542482462926114,0.02723845591586733,0.002582079642191812,0.004139166359032504,0.012631480064918382,0.11458225389498246,0.023835310209836504,0.06719250030397739,0.024278675432976588,0.0413445041776766,0.011557371399477968,0.0018604178439452054,0.01775198834345683,0.08129560607156613,0.0025316648594424715,0.0038920571336822883,0.06576805734582511,0.022348556330060346,0.004189905883061964,0.00821730929578049,0.012605276489440037,0.028600330548003317,0.052319357237183374,0.0037367079146201033,0.028920301627914848,0.012146760062140412,0.003708002666363038,0.005033269509789136],[0.003249176054524968,0.022868121190255216,0.01255882999228427,0.009528812367696376,0.021459952178268335,0.0017259106336735479,0.005612517442235325,0.04554734214201958,0.00971170289221415,0.009212908419464262,0.007088970447904473,0.004036178676064793,0.05127427926620533,0.033303170176786065,0.00538171692474427,0.02055316381879015,0.006110056156192753,0.011957276876147343,0.027855450126084223,0.055254476458022526,0.020983386376207253,0.003522361413105843,0.021919223181315554,0.02714985117859449,0.018300976937695605,0.014151400414405886,0.0011758950684503022,0.035557949083374965,0.10043291069576972,0.0018753518547181382,0.008492071740924957,0.004543038593352416,0.061155969468217906,0.024501571573074456,0.007256802075248159,0.034942535073450166,0.011927078084340102,0.05103190083473839,0.004683428044065656,0.021907988121738033,0.022001666989273867,0.007513472152366414,0.02380631581070348,0.03728964008558692,0.009423045541227594,0.002813117553914694,0.01818857014195001,0.0038135455232433924,0.021647930543938185,0.013700993605429498],[0.02869797957166408,0.0007637714163635175,0.0460766464035957,0.022518782655661682,0.018591112192070755,0.0018318817067137772,0.05482833025336641,0.010878746703739008,0.014477495212261427,0.009606819326824483,0.0018888523637590816,0.0038115833974358432,0.011085803932097564,0.026841571466267825,0.03483503976861483,0.00348120121541426,0.01936660323742999,0.0008088374293897779,0.023182260010739187,0.047130202701910685,0.025628850548372537,0.020432329752970657,0.03785814520331991,0.002810044927008631,0.01226819364213322,0.05253030396131056,0.034062705519934094,0.014532577579974806,0.011678468456058107,0.03098072934246873,0.0031761979481853752,0.031015297553833195,0.004480309100034582,0.0011203451653632689,0.06084100100941506,0.015610494338776286,0.02121082052131858,0.00130801173992942,0.007806161302392628,0.030563403349273505,0.019794061068935824,0.009607041586360944,0.04009196782739195,0.046864261140207565,0.0025513997716032958,0.04566902076444187,0.007366434169116283,0.002990143023424379,0.003673274227860804,0.020774484493264442],[0.0029844352911393866,0.07425403852518497,0.021994213284620447,0.03720176337790504,0.0010193020296060163,0.021130439141223128,0.039719298046228604,0.005436308420193181,0.015063385775163328,0.002238471511096498,0.008248394261749399,0.02174956462665425,0.006480492984963927,0.0466913906209596,0.03722779597995827,0.018884659620006808,0.0015142749622919487,0.007024479929238057,0.0015646443856686843,0.003244049638241925,0.015641725048113033,0.005415541378899444,0.05556598851820411,0.0269069688547707,0.015072797305569388,0.07702575363236186,0.012675221417325029,0.0009797234343065003,0.002775534922801803,0.011837344484101753,0.002098632238936716,0.007556416450313482,0.012863933040191485,0.0161323260411093,0.01993190765602138,0.018858893942010152,0.08703454698046682,0.0365682278674513,0.021238985651059385,0.006937162731840023,0.013946263970425024,0.012455123235637596,0.057284393891723406,0.003465668610277626,0.008721236257208794,0.0008386329742634742,0.013689851395472971,0.03013789732069492,0.0028212788206646434,0.029850619515684535],[0.06384132936700801,0.060594862329986225,0.004555567431175567,0.029220390075386883,0.003880684348261123,0.0005399985907481271,0.005626447016879294,9.713735953881425e-05,0.0639226818727874,0.06725028179594059,0.02232746919905585,0.010321361519687915,0.0014758644265790868,0.03523757741312565,0.0006460871876141247,0.013005778094734879,0.0017630597641889265,0.014472044747815977,0.036878623786948485,0.002297745764816384,0.011347969790053144,0.016835121888939524,0.004670434977914339,0.06708064765979951,0.015539724188649694,0.00013306808482689236,0.0020517481144445827,0.015622074594813498,0.10170571937863908,0.009457154613297408,0.002280461607225131,0.002250343816700225,0.004116149789167261,0.0004544929411930811,0.011733099671586674,0.007322845425783845,0.010466172667595598,0.01956572495990684,0.0024305238895080067,0.011761234241686328,0.002467142057886129,0.0864098424842291,0.0104598198871399,0.005918976118439715,0.07047340903192467,0.00457636830282894,0.03480297986978968,0.005304143745266077,0.0029985857636744247,0.02180902834481137],[0.022542179019606604,0.03482194719942496,0.005995503026012276,0.06308058466313522,0.008682377586281395,0.026846559526982533,0.001602966185103596,0.020203789361699014,0.013577778647727447,0.004158406743281362,0.010739828062190565,0.023173722415130184,0.005959860678309426,0.008310942002286003,0.0025010322472956877,1.8973315391864927e-05,0.021368417137329856,0.0137599244749997,0.028406327901977425,0.014058568176573107,0.00406310202554796,0.01694631850474631,0.07024048207361845,0.07545848101293376,0.0209094250489129,0.007969452545165678,0.007328025841858367,0.02438061933248704,0.001442399748694315,0.022491872885175436,0.07244451478785974,0.02036425555612513,0.022699289318963325,0.02544636735329149,0.005119156619597796,0.019397758944438872,0.0010123019234949846,0.03330875962577276,0.0007153725220930629,0.03322078375775772,0.01202874929881793,0.013581770593789505,0.000660993374642905,0.025018875407401258,0.007471859559208092,0.03651711412709035,0.0005992295004416965,0.009023592786145779,0.050624866297334606,0.029704521255854884],[0.03510110912123075,0.10460596253888739,0.02540311739942287,0.0017610375908675507,0.06131520829875771,0.012351088398879525,0.015159513462430201,0.006553365134706524,0.005358798509531146,0.03291578654850579,0.025541873195794155,0.0046674676050095995,0.009790012585519715,0.01348011746350533,0.013215798085482653,0.03667200299733066,0.0016648437392912758,0.0023218956511976176,0.005029469563240545,0.0002146672100340666,0.006760652666481935,0.009190223216891702,0.030164465695653325,0.0019430381824690466,0.03125745030337934,0.04067223930615032,0.015105719454990908,0.01754992909525183,0.0035442440480283276,0.002939405119340441,0.024506150194071815,0.0009378294165266192,0.0011240722761806073,0.03504623010527062,0.015573474982258254,0.03941015226978185,0.00504839477800654,0.001998973216123864,0.0059398963443147825,0.048788765238756235,0.009411309852384074,0.011900187025014443,0.012280000907576192,0.017500793620094206,0.006492991117625565,0.03390065088022742,0.034114067154983094,0.03152332407734712,0.0830959080727742,0.009156326282420447],[0.04293094732318321,0.015406865446002983,0.020675631488361913,0.03755377356899704,0.01272371946275567,0.01566837549218778,0.02843976478008137,0.030544183975613006,0.024120785449298014,0.0003465493835061716,0.021323410864637602,0.016164264594681583,0.02851643990856761,0.007747092590597211,0.01586739174051287,0.022459734108304492,0.0465107547200699,0.029209639598788164,0.01002470316482424,0.016623715886265357,0.005925954701865934,0.028645299821185122,0.009121307637483955,0.004789865546352651,0.007793447721525484,0.014385214112581347,0.03300419193033885,0.015148488964305913,0.020269762465417635,0.0004851729005803984,0.031172545655966773,0.002028948972038055,0.015425129402491003,0.015058174965337892,0.009677835683537245,0.005786332479615629,0.02995011135912513,0.0009181455357125316,0.006388000534210288,0.031819806535937675,0.06452657355463089,0.030333756156997408,0.023199987989189513,0.013694153091561499,0.05052779240427485,0.011102857452837884,0.015544672293573708,0.022399894832381147,0.01949689801826547,0.01852193373344178],[0.004137703133947806,0.019405699579879126,0.02289478724715169,0.01156613199152731,0.014693116102283296,0.008364631306826593,0.029383580275451952,0.032103861592412464,0.01998942088552642,0.024352519251250464,0.005573114043066953,0.0017777512184111441,0.021715506030988055,0.009227804145818155,0.010419915749882576,0.035571774897790544,0.0020458816370445827,0.027604539890066056,0.025486834781700583,0.0052179291606335,0.0001994189713924022,0.0029575452260915095,0.019249765476864956,0.006822708951601496,0.0029467696230405533,0.029132343164972502,0.05151102213732834,0.012037455464068333,0.01852422231908493,0.05911538107118742,0.010906634637354553,0.051226237658937884,0.06090459531991868,0.011675604476030664,0.002107898731852204,0.006952097151064587,0.023386892571336877,0.035572227715658086,0.03219125805209805,0.007750796336138021,0.01620829264224714,0.0034543041387702835,0.008787256263304876,0.008378032139496167,0.03610495634334755,0.012656813549150997,0.0068243762231256855,0.0038088220832957417,0.035281148564006576,0.09179262007557362]]",0.014692374844470935,0.9336515800922076,1,2,0.3333333333333333,47.506439108807555,2.4819521418236725,2.481952141823673,45.024486966983886,1.970615250311058,24.717105580986882,True,True
50,1,sticky,"[[0.9237664902194442,6.885610422190878e-05,0.000602055718786981,0.004468533424504047,5.326187212441652e-05,0.0013707007439042185,0.00018349489183498274,0.002412961297166305,0.0002704360263285706,0.0005410617962495099,0.00037617883700092974,0.00018593629678746902,0.0004161575561053306,0.0007003518885254767,0.0012363315428828674,0.001950097356350802,0.0005918453947450652,0.0017472955868845334,0.0002498000144105456,0.0028363640085350052,0.001831416882698074,0.0020814758146021095,0.0007064754907545907,0.0019103423650541737,0.004187348579875483,0.0005639660174067592,0.0012796779852993687,0.002704496723959276,0.0008704995833430313,0.0018803668792904688,0.004340229224233696,0.007975251807856656,0.0015490553450940123,0.0010987947889266167,0.0032238394961641493,0.0023632033370643906,0.000732755351029965,0.0005875953512214133,0.00031025886126748035,0.0009026254602979057,0.0016826205076946863,7.64829719297349e-05,0.0014931687859175505,0.0007644226580004734,0.0010744512065783913,0.0034882803563533616,0.0006154897581261252,0.001298142706132153,0.003543171397015108,0.0008358837300196373],[0.004233448794744036,0.9207222864091801,0.00018326327997795239,0.0011696373687187284,0.0027835737290998514,0.0017470573273870155,0.0009714632732757177,0.0010409408291054572,0.0020453169386197615,0.0016791955841493976,0.00017491068525451106,0.0019782336789208113,0.001786559624621852,0.00027772248477722845,0.0004199997023703498,0.004600480981172182,0.0049257900393953535,0.0003615256420386996,0.0011932954532626926,0.001320416323998511,0.00010214270798178358,0.000890645366234284,0.0015452886029004634,0.0009893630143704912,0.002039091354376027,0.00018434126886149476,0.00023970474590590568,0.00031227528115408194,0.002266809524937469,0.004294804413089483,0.006398437654382728,0.00040322892495057473,0.0008336625968901476,0.00020827197459766773,0.002073783654766151,0.0005572676585485981,0.0009971437509420137,0.005369215721392138,0.00011932136017188398,0.0006028998809783943,0.0005788928083085348,0.00031693963565843883,4.129586207855736e-05,0.0009820496315405174,0.0009844620526218563,0.002745852828583837,0.002416869629423137,0.0011604480830588093,0.004132428476112713,0.0025979433851116757],[0.0020877052483521423,0.002109707443270733,0.9231604048089658,0.0008892311549755626,0.000887599381574951,0.00031876589454493475,0.0004362000868240669,0.0015257163072467468,0.0010271867579407935,0.0007752129825345833,0.00287784078293461,0.0021333965175289755,7.710216468441456e-05,0.0003723905815344532,2.9527463271920026e-05,0.0005720924192986092,0.0018505734856192585,0.0005274495169537282,0.0001767009027223352,0.0044155986299943255,0.0011666673690908136,0.0012931175040836692,0.00043388307260007843,0.00022746290763273042,0.0008162889672388586,0.0033474979438379284,0.0011304464116735802,0.005249710375662087,6.766779058861233e-05,0.001722509903163561,0.00025892273671384853,0.0016031745965120465,0.0013737689526690333,0.000741318258698024,0.007133434034224527,0.002044596633941458,0.0006305512699495472,0.0012939395416325702,0.00309054931976929,0.00011733442224484773,0.0019566568261369464,0.0004923830544773756,9.672921420195118e-05,0.0008138160872898933,0.0028218133368539205,0.0007067300399172934,0.0015534118890452523,0.0017984019119583576,0.0032830773055216663,0.006483735791897316],[0.007106348747316071,0.000517835112571019,0.0010406973553003733,0.920375213637257,0.004263791306277,0.00016056349049230559,0.002584345386227129,0.0011200817354489166,0.0009190906095243985,0.0001400175859311535,0.0005183528946471412,0.000442791907369614,0.0006913270868794917,0.0008085019341920438,0.0008137514688253608,0.001168573900539999,0.0021716304434507777,0.0003693211778706964,0.0007675786241989379,0.003063376491378702,0.0033702867731641144,0.0009764155914048365,0.0010369820995889064,0.0009141847091393249,0.0022852021988974736,0.0013507047825777048,0.0006506601258464924,0.0002346156766318412,0.0006350502903320218,0.002504425078348064,0.006611362290839203,0.0012862906257520123,0.0003063228261049241,0.000997963357582551,0.0017709349493402393,0.0032652986729907315,0.0005642686333334435,0.0016119290170784981,0.00275796586892645,0.00015348318533353728,0.003968489943923202,0.000517751170488324,0.00221488589371792,0.0015876007979896947,0.0010565102959753218,0.002904078452342325,0.0006103836855028769,0.0004681447139474368,0.0003312408884165343,0.004013376508785896],[0.0011083713565814652,0.000980161936359114,0.0008294324490724762,0.000677647625009933,0.9218932526429937,0.0025543774301165557,0.0017996363871617242,0.0003646851608851216,0.0026828951319267263,0.0005267451164349007,0.0002246576248396612,0.0017444271349938926,0.0008372973990115783,0.00025960669175072057,0.0025182437800347515,0.0003485488832269706,0.00029848851440815536,0.006488885920040131,0.0004901840348014355,0.0022262514056875142,0.0005669364209380103,0.0005561116458679563,0.0022025005303758153,0.0009570925549809318,0.0014974045917108664,0.009353007289085924,0.005144827219624258,0.0009887948100254184,0.0055354375820054645,0.0010115247857424453,0.0033607977196156735,0.0009578296532011149,0.0008638612967782084,0.000109823020342128,0.000739674084677429,0.001743862161045836,0.0010755858265656662,0.0012839203878191275,0.00037590588537308686,0.004983160729412221,0.001902187217703476,0.0004998967132467901,0.0005155681573683848,0.00022428072293415675,0.0008536544886327235,0.0010418529795323942,0.0006617590589157711,0.0010747276971259524,1.5811597690613638e-05,0.0010484065463256653],[0.0003457382328370184,0.0012458684111184345,0.0011262046300681578,0.0009870985724584184,0.00041707092050693366,0.9288012547266075,0.00018650779688364057,0.0023935711480490966,0.002821877739896999,0.0005187842973516087,0.0005844073188791378,2.389599043449522e-06,0.00013055336597185313,0.0015719795171326829,0.0019071601252039555,0.00015538419309537725,0.0011373936680401308,0.0057197946213883915,0.0013708212179407825,0.0002913178649240605,0.00043405401854032576,0.001520417135225653,0.0005234607517286616,0.006162042694343342,0.002602911242362498,0.00031469869750599434,0.00036848359641534134,0.004544995827614229,3.4737743500334964e-05,0.0003538361929976614,0.002196338239454688,0.002538788488794923,0.0010131879837924612,0.0016151522926989238,0.00032282959851715555,0.0004045121528922211,0.003224737045188282,0.0024676513286745745,0.0009755162550775994,0.0002776545755132872,0.0009691031766929963,0.0003394726942191008,0.00012594765418675544,0.0023394880463487493,0.0006070539551586581,0.00593611620716619,0.001704377126259973,0.0033909197995136077,0.0006653562321976197,0.0003109812800206227],[0.002018016537540702,0.00048423245333565983,0.0011608148378581065,0.0008476673632305963,0.0003577512202521852,0.0013602354215737395,0.9211421524112942,0.008150885345329515,0.0025508740786833574,0.000495275963002653,0.0002278293140731898,0.0011043430621172244,0.0021244182006052007,0.002946180382426948,0.0006374139546830462,0.000279447293898397,0.0002839050898557323,0.0019112541097148288,0.0029266716679514694,0.00010836374756308253,0.0014767880946755167,0.0008863515779353281,0.0023782720103740812,0.001281730289581002,0.0007809439567865949,0.0034134346772027426,0.0041338253431232866,0.00104537174562055,0.002457661859889984,0.004966360157083911,0.0004295073901944857,0.0001653622052671946,0.004639436798541607,0.0013483233082437057,0.0016702511870558075,0.00261112583500042,0.0023914355517916657,0.0009473064556933796,3.881937365034793e-05,0.0041171161856061985,0.0005258643539169444,0.00012101130462162707,0.0004070470985458682,0.000989229220513775,0.0010641315993952553,6.264083784365408e-05,0.00027369127593539834,0.0005327101394730049,0.0036450574355811043,8.146027586587243e-05],[0.0013421558698255857,0.0004890523718093117,0.0004688439093407501,0.000377343863708524,0.0003286612858710893,0.0008433141012998348,0.004387778721827773,0.9239959168521854,0.0018096113013048136,0.0008852900187531099,0.0018280582072960586,0.0008308686851680942,0.0007972437956279052,0.0007799953139205187,0.00034881312146660675,0.00026585876828109803,0.0013813353473999018,0.003375116047448259,0.0012593459039365155,0.0012843213453096606,0.0013379887974330888,0.00012330482970363145,0.0017878878421554321,1.478599076488504e-05,0.0007410817322090342,4.319193270798492e-06,0.0018414777462109875,0.0031687600018093223,0.002395417169902443,0.000553234417259029,0.00968148433576657,0.0009049819171527579,0.00321430181057732,0.0017377060581172485,0.000607268112568927,0.003388371445397343,0.00023051385273173544,0.0016481317184459646,4.077033703338215e-05,0.0018620170458068192,0.00048741356037986633,0.0043886871553705156,0.0008396942715019224,0.002881297111717454,0.002029940216461842,0.001772625479252885,0.002724898216835106,0.0003292977161154332,0.0012003004440618828,0.0009831166422056092],[0.002411985145517786,0.00023631452715610618,0.0026247874804564315,0.00035087378022545746,0.0028237387018778164,0.0029921491492677418,0.0009913897281228327,0.001714168775440011,0.9200348439164338,0.0006013052229840772,0.0005339306396466689,0.002224934363287442,0.0001511199680440343,0.0027246899888944374,0.0021238243269084685,0.00019703561740219328,0.0010344451749251995,0.0005610649750007958,0.0025361101973662907,0.0008479980083365952,0.00024229881863830746,0.0024533989348542655,0.00016093387532229193,0.0008404377364724782,0.0016436793006514123,0.0003022158828552406,0.0017298037507984215,0.005986729876807977,0.001352891131300776,0.0005016671536005497,0.0020538289707862497,0.0022696735899304394,0.0014807332153630023,0.00031639339248899106,0.0014837559255549413,0.002565913049321734,0.0018549361337781658,0.00012231795715335805,0.001941498225331969,0.0012301941157763373,0.000146359143356148,0.0018760598943449735,0.0007589836998253268,0.0006499764669803869,0.0038634529588844804,0.003238648699964151,0.002418578212648586,0.002515719552337284,0.0006811744368399467,0.005601036210737696],[0.0009582113837611687,0.0024942794413858713,0.0008159736629353809,0.0008188107006992358,0.0003840129232102719,0.0013163841426412192,0.0029436694518745568,0.0013476304309849429,0.0021084912706163957,0.9206706208592021,0.0013967891315307679,0.0005240747667974511,0.0007830950345854277,0.0037938254545269267,0.0021431738885663433,0.0004569750662743542,0.0020260207203995095,0.000831003846619549,0.001129553557399227,0.0015292683061960029,0.0031952501075609963,0.0027511016066094373,0.004895532158677281,0.0011391830400632962,0.0007674614706885788,0.0012235055064807377,7.022948081638139e-05,0.00409947681674429,0.0009411192583006924,0.0007296420996579337,0.001768534828947708,0.0007429568224256552,0.0005961848344219325,0.0031750665891709736,0.00024218995115788623,0.0015367589905069803,0.0013733443880209653,0.0009776898537094902,0.00014603212355666518,0.00013100828878697413,0.0006809986667932923,9.45913114521449e-05,0.002546802928690062,0.0006943841549667137,0.00028099105391601447,0.0024920498613709243,0.008416637163729295,0.0014622534754642486,0.002151749113871193,0.0022054100132345863],[0.0002906961878612409,0.003320169837871852,0.002351208209973489,0.00010933806611264403,0.003748007052093575,0.0012127294389696142,0.0007586215423455685,0.0009226289024986277,0.00021449499715791055,4.845632789461387e-05,0.9215464694587077,8.30995570299556e-06,0.0016881758946545034,0.001386601158109615,0.0026466566873660263,0.007043508803077625,0.0034883859764430463,0.005378986703304107,0.0027862741108027355,0.0005526376883165622,0.0008696202487893023,0.0030438736173090553,0.001477640566134969,0.0056040813508456576,0.0015730479328246072,9.519112144166357e-05,0.0011166703129987091,0.0009772573757407604,0.0013192570316627164,0.00010838491295196335,0.006192728771626054,0.0011616415852966793,0.0006038164663744645,0.002083615695876536,0.001708197119297603,0.0029460440248315735,0.000151357929582838,0.0012316156535138731,0.0005612642161065654,0.0003369850644648893,0.00013091417089334428,0.0009081761624161041,0.0023208232013264838,7.126813091816071e-05,0.0010905108329785562,0.0005216965853950329,0.0012256011942514864,0.00041815971403348363,0.00030778761659171894,0.000340414394261172],[0.005365911485208124,0.003863647343254458,0.0009762960824083679,0.005799956426386687,0.000802468152886866,0.0006512829360443771,0.001844321830144576,0.0019293285641110297,0.0011487284205219167,0.002937979940491158,0.0025557914282288924,0.9200090431491443,0.003538786770617499,0.00037617905755695397,0.000964455495888592,0.00026019495295593584,0.0012104878494403348,0.0011038099667396778,0.001147645031537629,0.0008530344107494412,0.0004047369237950093,0.00023046732084128777,0.0025026742953982474,0.0006141500501108347,0.0005293855018826809,0.005237226885536402,0.0012150351237031037,0.0030906169891125376,0.0030018191804309998,4.3292350158769315e-05,0.0023610056182501557,0.0009448953247298657,0.0002539857091837249,0.0005485687901901198,0.002889481753325474,0.0009177769312393803,0.003857606562310082,0.0012917845319342,0.0006808582390343873,0.0010455101280999026,0.0007863233201307608,0.0016292853526112389,0.0014353384793342613,0.003260166795210545,0.0003872245827623543,0.0003027068692361543,0.000613249192344982,0.0014978657576669788,0.0003509696484949235,0.000736642498623796],[0.00014153340495681846,0.0010850942135797687,0.0022540648621190893,0.004717397069298741,0.001603097876943536,0.0014401827300868197,0.0025001480074027306,0.002050463668016047,0.0025377102543705193,0.0015732336092303138,0.0025408349387670316,0.0059017853857421185,0.9243710885894733,3.725056241827794e-05,0.00027366214972133617,0.0003184042492173358,0.0010188869063653782,0.005542627912761026,0.00010586843923526773,0.0002897711168575777,0.0014392881137668284,8.787445768492393e-05,0.002457104357421863,0.0004019242574354947,0.0010054933599076238,0.0015159318166012828,0.0019590853909675307,0.002005453997126987,0.000493457955666029,0.0008903374121816979,0.0011469434484987907,0.003942709606143556,0.0010124666581349084,0.002072189986180547,0.00016783816424119369,0.0037380998602011147,0.003184533222408265,0.00027778212658178197,2.9044616466973208e-05,0.0014580055167686997,0.0010963223838876025,4.421628573215382e-05,0.0020059716143527354,0.0010659946670353792,0.0006817582094257645,0.00019576763216095822,0.0013610661664598715,0.002642667521778162,0.0002152390732717453,0.0011023261749465666],[0.0023230935812909633,0.0007645908864879141,0.002300079535302241,0.0051078025489310905,0.0014573673572686689,0.00024947834609504073,0.0005284287313414009,0.0006285592957955714,0.0008173350036947765,0.0015621021186108606,0.0009723612017373996,0.0010494219488116096,0.0006663667084963731,0.920520674348202,0.0027076273518589996,0.0003613309922277389,0.00013246299615142306,0.0008515982035012398,0.0006332952697426736,0.0029792569270739758,0.0010886788378531313,0.0014830553166210708,0.00254210207450783,0.0018134335026638564,0.001934549401681322,0.002983721288026209,0.0015114645493421344,0.002464840736605109,0.00015130287507267003,0.0013866999661030378,0.0004600620979363219,0.002004974228591489,3.7598863286464566e-05,0.0037865066968548714,2.656232997688344e-05,0.003123270550902446,0.0022906083719911215,0.0003908368396676336,0.003019538477546674,0.0011796083652108249,0.004093304866703129,0.0010575080851915263,0.003571132659220046,0.002594571776778456,0.003745160463384476,0.00023082530204145273,0.002612145856444965,0.000840180543140218,0.000721499064938,0.00024102265909472172],[0.0017683099745147226,0.0006276382364037782,0.0007703686348383752,0.0023460178861285656,0.0011647631333742765,0.0010104341977906558,0.0009244024504034322,0.00033155388453285316,0.0012180648066830021,0.0010641804383098574,0.0007689180886207667,0.0034631149020765903,0.0008797712918769902,0.0025477031155792056,0.9212236159674791,0.005283897607641841,0.004639780480890971,0.0025961163750094596,0.0015730843133280176,0.00010960946821783617,0.0007035577157933665,0.00020235878252117202,0.002347511434743208,0.0010412951742128523,0.00038490724202778354,0.0021689142689868407,0.000238799263856289,0.002557226898641585,0.0008815337955468025,0.0017108395724941155,0.003075012610516259,0.0014395032042382975,0.0013522176392730106,0.0021289412429210735,0.0009165405029961685,0.0023089184128757953,0.0016416437281100832,0.00018209694576616124,0.0015482244526883336,0.002935609259208113,0.002075399616631067,0.0008893756400522927,0.004347898708539372,0.001412643115618438,0.00032018217520941297,0.001669197404005037,0.002381602305209254,0.0014188734012038037,0.0002238330392788984,0.0011839971931348586],[0.001055442615525901,0.0008147525143109122,0.0020814496778984166,0.0010091903905365747,0.0009949855973333391,0.0018031246034237564,0.0016914564190693665,0.0017008793174806808,0.00019237085989142359,0.00018130077505940624,0.0037483834403431765,0.0006719335296414021,0.0014210464929327708,0.004055072723080572,0.00047885538968013005,0.9201243989959731,0.0015960301716263594,0.0011891288945060955,0.0004696565690060673,3.758999129192227e-05,0.002233166216328025,0.0002609504475163235,0.005654185821796082,0.00041496930803327104,0.0005582359462314347,0.002931155730009495,0.0010860969814889799,0.0012316525235971881,0.0025356509320966676,0.00011937884974507614,0.0009930555758126552,0.0016199656285161134,0.0006586006137378811,0.001935754672149637,0.002194060710087598,0.008425574076157962,0.0023049689074765944,0.0005641523965883308,0.005712823991331402,0.000443073141787283,6.098634180271737e-05,0.0016552378565981435,0.0004023983410819855,0.0026943617616484446,0.0008895314203199638,0.0030156030424950677,0.0017847100024127947,0.0012105474319963137,0.0006820857405189061,0.0004100166220263624],[0.000689642345665281,0.0007026535266546642,0.0025018317674603543,0.0003767116445120524,0.0005118863625175553,0.0006576117827035189,0.0027076254322653554,0.0010751669218869192,0.0024376077203626116,0.00028940913609655494,0.0026564664808006433,0.0012334991920923807,7.557832370284347e-05,0.0007668558156439103,0.0006150601264784199,0.0018143607873821919,0.923474636740671,0.0007704280228740746,0.0012298171306238848,0.0003129914959675106,0.00459321923039214,0.0002265485795809087,0.0008916890371585198,0.0005065834473545421,0.00839800025811391,0.00016571508065217128,0.001075917898872413,0.0031586591160693745,7.038453561394561e-05,0.00010355825084120282,0.000513331137179767,0.001956147505752203,0.0028006353463880147,0.0017939449552439694,0.0024779117595696747,0.00043007008807772204,0.0010298992499430128,0.00014671816698024246,0.004615795335258339,4.858473358519899e-05,0.002319737895237421,0.0038471976671269376,0.0007831878869154195,0.0020734750064398044,0.0004067416832302378,0.0011436794760711865,0.004249571420836709,0.0018052868142045737,0.0012271608952535277,0.0022408067856952217],[0.00017072037861899127,0.0003388761564461468,0.0023340706957284203,0.002021878095870602,0.0005840522954746811,8.661989605433744e-05,0.003695152081695718,2.936324256180402e-06,4.4439521604819984e-05,0.0020971395080090186,0.0010895110255462477,0.00022237147735021056,0.0036206875128513313,0.0066031541541094994,0.0019397684723038472,0.0025339585212984985,0.0001557565938337714,0.9215134151985583,0.0019163536630471204,0.0022385705443962573,0.00040691593468402065,0.008235688806611427,0.0017333473508986147,0.0030904807150306623,5.734855591775277e-05,0.0013978414778905138,0.004914917707693437,0.0005981418368226551,0.0021694485688128397,0.0009886216547030033,0.0008359352766883867,5.9795451086930097e-05,0.0004953433698519246,0.0003399674787127321,0.003432997239823017,0.0017798787459985554,0.0006898663838535915,4.947179523542503e-05,0.0005715023179048067,1.85528633268822e-05,0.004240231242353689,0.0005311580212204348,0.002140816897225531,0.0007123042740200908,0.0012976741002069115,0.0011106198104910384,0.00017040465875120433,4.4342845347781294e-05,0.0023456197782087476,0.002331332723573391],[0.0006175862367989345,0.0005682579377237748,0.000789622271435411,0.0015881483115746178,0.0008498140592766122,0.0029826507248639634,7.886105695193343e-05,0.004996866149740001,0.00448343973897658,0.0014525037636703125,0.0011720688854325167,0.0006144521141085849,0.003269414010631091,0.0005133347907489205,0.000694200867280845,0.0011235157394550819,0.0011943397526367567,0.0022472184505843277,0.9216135233533149,0.0032220424572801825,0.0023428689634065287,0.0010988956525823013,0.0034269603430031876,0.0002719111206623711,0.0020145603061765423,0.0002023341315538459,0.00023395963538290655,0.0006592259371072808,7.474164253066815e-05,0.0021845760960745374,0.0015809550778143335,3.8837667933884e-05,0.00012157698333048104,0.001221503949906647,0.0029412790621370145,0.0019456012070785257,0.0045164274169523675,0.0005639370669822101,0.0013408118533866642,0.0006828536629130793,0.002645331276187377,0.0009018341913563817,0.004647987518150687,0.0025586544523384385,0.002725927545415811,0.00010564281500619352,0.002510246846337514,0.0018407724968433617,0.000386928726638821,0.00014099568232471224],[7.78281164423999e-06,0.001130040559014824,0.0003540947484218391,0.008543372639615252,0.001528583171022909,0.002792993243274482,0.00020623261027471907,0.0010880736779904823,0.00022354015879861978,0.000535277681467775,0.0015212902486314256,0.0003330368639083256,0.0007672307516896943,0.0003499375367706838,0.004417287386164194,0.0021978339677769846,0.0006121447895815444,0.0020395717402719006,0.0003288300149357256,0.923757901801027,0.0018728751737050553,0.0006972095597530848,0.0003213280708735904,0.000594735211602183,0.0022966599684320368,0.002790219905182656,0.00017645685635813435,5.791035461457872e-05,0.0025624041691703703,0.0017852401990453726,0.002605991526688219,0.0022127222612424564,0.0012986658661316734,0.0009663343977699998,0.0015002460006928503,0.0038581276557941493,0.0008238310783233863,0.0030530094579241697,0.00093852501407712,0.007862137404549567,0.00038089557786247555,0.0019101696631676462,0.0006416831225914093,0.0021650778615369486,0.0023633182751599626,0.0006227794879860547,2.607094763127282e-06,0.00038202577040551675,3.8957144837778815e-05,0.0004827994674758445],[0.00022796949384204472,9.421988090165827e-05,0.0024609223102991184,0.00012031626525773841,0.0005464279960775462,7.921843797428672e-05,0.00012444331565650992,0.00014901084520566168,0.0037700862383048756,0.006708104514078618,0.00015584017678388806,0.0006223332080783325,2.8936392205818834e-06,0.001522996894692547,0.0017011397687792737,0.0019427178642655166,0.0014453322852577746,0.0030526008420868685,0.0007505347642218567,0.004361052654488842,0.9207385069622529,0.0006134330831985078,0.0009802504126129067,0.0009815508718533418,0.0005586843362137182,2.0844899626493237e-05,0.0029993107540234602,0.005614355566102251,0.0001553336960074733,0.00036834483734800874,0.00019211075873947194,0.0022377493668071275,0.0015767634072030576,0.0007290956049932671,0.0013325207749418793,0.00024274372079660281,0.0046618966600377,0.003431894876655064,0.00038978584256433516,0.0011517926459230737,0.0032906948151511352,0.002406998465522983,0.0003304594267795978,0.003384170147833745,0.0001346639324866799,0.00014322502832468873,0.006546184695905572,0.001059620513006584,6.639673100237782e-05,0.003822455770612523],[0.001781124077950641,0.00803786021994101,0.002325825916299116,0.0017641579117969688,0.001815756890755381,0.0005668225340888606,0.002399304219676062,0.004303170579061982,4.155872921962155e-05,0.002313755995602985,0.0009288246481439936,0.0015344398257324682,0.001322405018511882,0.0006978716359643875,0.0026546526531603127,4.712064615637053e-05,0.004358485561323781,0.0011057643264514507,0.00010988321476271615,0.00012256200174326636,0.00031254525131074463,0.9223177335225975,0.0003124184020948279,0.003139035950847892,0.00032583992117019315,0.004733762135172222,0.0025706558623990543,0.0004675965971358531,0.0024954574388761815,0.0008182364195784338,0.0004137193939393304,0.0008159406986392004,0.0012123855292243762,0.001128580033919993,0.00040151758206998086,0.0005392178802657441,0.0008735251820870154,0.00017716220399444302,5.218553469765511e-05,0.0014354754275180002,1.5089321410845476e-05,4.703104946662892e-05,0.00017010731371886966,0.00042926226359711074,0.007027163500534899,0.005573729188108014,0.0006776573215751055,0.00048742859413266265,0.0013696374534335307,0.001428556420140523],[0.00039350041833246445,0.0014348011069323016,0.0013675556283660943,0.002573004427906858,0.0015328889770927787,0.000799010281119207,0.0001285034057155121,0.000393577583300437,0.0010532702353298771,0.0031116829617861648,6.0229914915242365e-05,0.005144969010282048,0.0038957951646482474,0.0028554186392133036,0.0008072481263635286,1.5125033588175735e-05,0.00016655800361109856,0.002945858097379939,0.0035942072207727693,0.0005207400743139319,0.0004355157573175072,0.0008992809568174169,0.9223838125201717,0.0002164128059509398,0.0026259522885465616,0.0021901230525008335,0.000487240880913121,0.00021891690318775537,0.0027809644357001933,0.0007843966389378728,0.0022055972498820874,0.000373274157260343,7.332492553080199e-05,0.000569661458106947,0.0003409952293205071,0.006989183993534172,0.0009393718618219975,0.0038746961985398477,0.0006343465586688379,0.0028283248582607907,0.0031187604490631356,0.003325305086156128,0.0004607452951829643,0.0017026437854123274,0.0016751373280662668,8.161216723588385e-05,0.00010620772241581714,0.0026632184451519676,0.00035632538782552197,0.0018647072915498617],[0.0015768635025953865,0.0009038549682835718,0.006706384320136371,0.001434714059420004,0.003921400275574414,0.0008229634075125032,0.000655843298687036,0.0023932830220032954,0.0017932440319604348,0.0018917773296970336,0.0009835385388714108,0.0004951385620427836,0.00046461223856729384,0.0005156286164837088,0.0005292026906184491,0.0006902717624066336,0.0009048855944764156,0.004692687999992219,0.0017376418253428217,0.00028170256820859654,0.000989511848365845,0.003151655789857437,0.0017722251854541322,0.9251477480382023,0.0009992787279974598,8.465443527336192e-05,0.00011822284132456794,0.0013003281947599654,0.0006706040476648084,0.0036669930066847525,0.0008982248498313254,7.450917667260473e-05,0.0003500344617518603,0.0009647056328753475,6.799765503165848e-05,0.0012737952352233867,0.0018427888374843912,0.0033631926640354565,0.0017981050571182538,0.00035220123383644035,0.00281204425220643,0.0015578515069236108,0.000473053435257164,0.0007890259633501582,0.002765197048398833,0.0013511935764233699,0.0027129022793265724,0.00033430173085109076,4.257706960840158e-05,0.0048794376053286435],[0.00044058129668513095,0.0011667371160127974,0.0004816625992458703,0.001866770104024189,0.00045197231372463983,0.001739681468754051,4.438457934870726e-05,0.00019599877336303934,0.003284485401017922,0.0008095810612935249,0.004329155001533914,0.000137536907392795,0.0059121257879340226,0.0001940901666716676,0.004028783595917655,0.0008954014136092536,0.0029642135470254,0.0006017841093873638,0.0011428797771988902,0.0004497941483876965,0.006678774008618738,0.00018727141466750037,0.0011745125236514904,0.0003318781015451028,0.9201548438041784,0.0006981020795917335,0.0037369791970839096,0.0006247701271401116,0.0015774840297328972,0.0027189019067368385,0.0002944832106547716,0.0004745533508287657,0.0020105635490842455,0.00027527164511991853,0.004064138259061327,0.0028115138934538208,0.0013773354172878802,0.004716710366605641,0.001008756273779916,0.0012206069482036987,0.0006216226285505953,0.0019335484156380615,0.0005838678874030924,0.0039974783232192964,0.00013725328456814408,0.001479187110813369,0.00034520238382406554,0.0016374014174564769,0.000381187444014227,0.0016081818289575129],[0.0010696743321987829,0.004574726893730638,0.0044281911662021976,0.00011496451611626421,0.0021392418479635332,0.002352891457270908,0.0003502362979330517,0.002699756572168829,0.0008288219151550634,0.001669991927465441,0.00030857625669244564,0.0008905819477017434,0.0015777440339990309,0.0012425346142884933,0.0007934181971882084,0.0004916117082081149,0.0033965029006538835,8.076080034361741e-05,0.0035045285127978817,0.0002449243674138089,0.0007240839394695268,0.001871718010825434,0.0018608663028050036,0.0014502286293162543,0.001096999288365832,0.9243939748188812,0.0024809074000682243,0.0007859679834161254,0.00401150242614088,0.0010528171420535488,0.001720515643734053,0.00043417502103982957,0.0017060226126969621,0.0006504353673782065,0.0009703304461551095,0.00010503218104637792,0.00025009631154140135,0.0008551610885801289,0.008748166984835569,0.0030566929598337214,0.0006755976416791048,0.001112338561922948,5.803347225192688e-05,0.0037511438635105783,0.0015434471172318487,0.000721956965952316,5.575810454304881e-05,0.0005443664957602792,0.0001284565812046772,0.000423526372267999],[0.0006593746314225916,0.001332488977529969,0.004712217477138299,0.0006308026872138687,0.00013351689770205129,0.0007342701708405804,9.77012087558324e-05,0.0009882995411371234,0.0047264863889633765,0.0006881755050728055,2.0326682635661456e-05,0.0052276403989919475,0.0014058764346326913,0.008823542618481218,0.005402152788695781,0.005662184115893669,0.00012504761688169176,0.0003538567071721325,0.00047592586752284277,0.0003156127554363799,0.0004993497364950854,0.0036000357579162832,0.0011812878516945801,0.0035433275315586215,0.00012519052700935387,0.0014419195889163825,0.9202309042576027,0.001153458644637933,0.003918863572719169,0.001875686578312312,0.0010207719602291587,0.0008233677062891957,0.00046924355891918984,0.001149519362601433,0.0041939757190426145,0.000671663010742043,0.0011440175775673425,0.00045562481829720567,0.0005821292252938473,0.0011501704714549398,0.0001215253621746951,0.0021604169317093226,0.0007886689884136607,9.81472873590937e-06,0.0019865143701361253,0.0005968297236083495,9.924981049901684e-05,0.00019379497875167962,0.0019291829161201337,0.0003679952604312479],[0.007221667560958112,0.0010976952525100032,0.0015981773859924425,0.004389259764329744,6.976634332370337e-05,0.0007315449997664673,0.0021752798256699673,0.0010461171212960965,0.001353450314035927,4.917978328424836e-06,9.704344509128674e-05,0.0005094105823838581,0.0012295707261325835,0.0019456445454237997,0.0018964581659136075,0.00022560007671286767,0.0043964905140295215,0.0009501152100771932,0.007286439417684448,0.00017306091102402515,0.00017202021899240204,0.00024638862990848887,0.0016800727564428917,0.0007340819030110216,0.00028116991922612437,0.004231830048624939,0.00024146098060931555,0.9232872451550033,0.004425130379893108,0.0020623783050039528,0.0018878808600820993,0.0036167873556452765,0.0016431777784036794,0.001912398049388968,1.556551763767346e-05,0.0027067083831638383,0.0007158469899982682,0.00015800482047010993,0.00015348702147777136,0.00010848183696257822,0.000667517715095829,0.0014764599058153963,0.003015210257947788,0.001549331723926252,9.209478493624423e-05,0.002487709599885742,0.0013076858082679394,0.00014244875468423618,0.00035402916334874036,0.00022968523546207977],[0.001216601679562089,0.0006365652172849644,0.0023743714189015607,0.007820887579590883,0.00012345080159424526,0.0015727767258785785,0.002737183222073628,0.004302852905315756,0.003605147377328485,0.003051819500332818,0.0002897002472969783,9.771205931884922e-05,7.172599064189445e-05,3.93113948343776e-05,0.000612401290826046,0.00281486177190618,0.0007882965579408613,0.0012148008850579187,0.0004100028581309683,0.0027304049290301823,4.417346462197389e-05,0.00019219679671435841,0.0017691004371796026,0.0003990992329382693,0.0004446363340372311,0.0002174121329916011,1.809378661656328e-05,0.0009575382585322737,0.9215888159205052,0.005620562440037138,0.001008043267782883,0.0024859529574747523,0.0017224323952564884,0.0003855066186960469,0.0016533318973820286,0.0002471375352257594,0.0002633919410646699,0.0036632693576200944,0.0009002555448899968,0.003967976964200484,0.0002628786335698615,0.001038302433074293,0.0005349479906392734,0.002886693739014997,0.0031366800779742366,0.00205987290203661,0.0026275144339562213,0.0006127373710685903,0.0004579666265559255,0.002322604095495336],[0.0017157433924197246,0.0006465228099154159,0.000534821592028324,0.0005606287010827257,8.66396562744889e-05,0.002020206403805825,0.0003926700084887143,0.0008636030055634773,0.00036339786557334537,0.0003881875844109152,0.00025983883614690787,0.0007609755574484675,0.0016061945213276052,0.002459292574104898,0.0044820433866798485,0.0011518343440595786,0.006864537629202237,0.000639749227811776,0.001062549508074586,0.0024194827373149614,0.0009208018939122505,0.0008642089865843471,0.00041007920372971077,0.0014156921564481987,0.0018677395308569608,0.001084674893585343,0.0012634025208197518,0.0019942744523296202,0.0018186442142600306,0.9269184681354132,0.0035097574243918212,4.292723213629358e-05,0.006463565305317221,0.0005488832928679725,8.114520304534163e-05,0.0006193366693819418,0.001098688731587301,0.0003286471649128556,0.0006778763386835965,0.003215651340377978,0.003377060400524073,0.0006249616918124653,0.0010427115706309862,0.0048038811274241635,0.001340795542690907,0.0015291820109435109,0.00029537143643947435,0.00020704239822257625,0.002312033957930812,4.3575831005484506e-05],[0.007865662573117028,0.0034548659874354456,0.00023443457385294886,0.004451477683352918,0.0022271757602273937,0.00010945897033535113,0.00136188896284137,0.0015794525794491107,0.0011078446482662185,0.0033772685752390635,0.0015775034388831786,0.0005261693565294409,0.0010738109745349479,0.0001792840757038122,0.0007882425958310888,0.0001082838831254685,0.003337076998804842,0.001444113648819611,0.0002813802420515104,0.00016515630175417594,0.0015132943277469874,0.00041303340116361674,0.0011852316644715573,0.0033184548188914635,0.005920678905886781,0.0018335069617505676,0.0008010029232032509,0.0006878640341153299,0.004119854507245859,0.00022047146571206738,0.9201235653369538,0.0003653458199858252,0.002260995981166496,0.003027106479518536,0.002573336057488004,0.0009119072362850221,3.661479175767324e-05,0.0008508254132864822,0.0013399501818114608,1.4428941360059446e-05,0.006450290324518097,0.0009377775473560506,0.001087717262895915,0.001634541448501962,0.0012163957303612568,0.0004660929312639824,0.00030192887552871097,0.0004785367874068329,4.9282195165725195e-05,0.0006094158170457651],[1.3973310382511424e-05,0.0023496263462991322,0.0029669624480921117,0.0011451834730457804,0.0010967114097866005,0.0006842363083568937,0.0008670044548087992,0.00043286282445141497,0.002988433132117581,0.0016861961246904564,0.00029865951755786386,0.002050190539559027,0.0005959608965964754,0.0007085955527616597,0.00039143647733614706,0.0013067312803298062,0.0019062384059917634,0.003118702961388563,0.0027065750982481164,0.0004475056583802459,0.0015737585965702359,0.001931534188756179,0.0022593662245441754,0.0028377128206152685,0.0027713606803840608,0.001095939471456135,0.0018643321413460117,0.0005944453588789348,0.003909824039636551,0.0002414557666005555,0.0001765302850389012,0.921345617720084,0.0026822693318988866,0.0013297287004196568,0.0003463173904386268,0.0007568444102756404,0.005028937408863489,0.0013259322404664505,0.0011807285805669756,0.0019241021174343188,0.00284627268065668,0.00015161118925098306,0.0030500182214081187,0.0004932535737603137,0.005442590524426595,0.0002799455820943678,0.002554887703250087,0.0014248999293491526,0.0007704438257016823,4.755307564604189e-05],[0.002322963062945136,0.0009843921667918771,0.0008432849228728613,0.0003736787962422342,0.005247067331244921,0.005585304363471856,0.0009128580111992613,6.979517321058497e-05,0.005033906227947662,0.0017003555029128827,0.0003146216950950227,0.0016282470180250027,0.001052206270965621,0.0004149333403444755,0.00025002543246304716,0.0008767286896173815,0.003074796837786744,0.0001700901375519942,0.00039001756532308656,0.0004701164074629531,0.00016368930041676022,0.004011700477739013,0.0045407114343590385,0.000758832483398741,0.0008232478726550955,0.0004836696925461013,0.003796592759791316,0.00219195314765922,0.0012352674072048252,0.0015018419589907365,0.001565209679400252,0.0037340844769252063,0.9224017999581289,0.0003793186207179485,0.0003471814167289444,0.0006671461532364733,0.0020213113084787257,0.0023140211866083953,0.0006704307742941447,0.0014844436444865303,0.001161063187229989,0.0031656690984894756,0.0014928035819324068,0.0022012566556903184,0.0018947346188504133,0.0002747766948578865,0.0018514154844881433,0.0009499178937699622,6.034432006316167e-05,0.00014017575738738225],[0.003347035204904911,0.004779314604777529,0.0007192920772778754,0.0004986724673183378,0.001267936700247964,4.4156648809249316e-05,0.00023170180973399422,0.0012665528465932044,5.650101193283811e-05,0.0013197373958745338,0.0028016398655813994,0.0007814061154275006,0.0006187990776042061,0.0013356403983367851,0.0011021262405385122,0.002246715107313785,0.0002178321056497857,6.111571515841956e-05,0.00023748984728267226,0.003668702494998518,0.001461523958960687,0.0011598194128354103,0.001957878813204847,0.001523263050345499,0.0021841580246823957,0.00046330872342007444,0.0018075436618261345,2.5009270408831537e-05,0.002253570249038805,3.0722552805052536e-05,0.0016136832876085696,0.00019147061263219463,0.004588046989393596,0.9205791304104278,7.409024083028206e-05,0.0015210101607482558,0.002594025587828545,0.0016004318176374385,0.00571650111313808,0.0025700732045421744,0.00040369756941569055,0.00019372057610741973,0.001647548487435915,0.0001964357290573382,0.004757149235734387,0.0004730035548587144,0.004975687218915318,0.0019065827541084974,0.0016479834995231247,0.003280562497166867],[0.0011102362765939603,0.00010552629873844729,0.0008976906413415608,0.0006521197664602964,0.00793888876861504,0.0008333518971955474,0.00041419600068783475,3.873138538872902e-05,0.001206763498284117,0.0035193608267762924,0.0010373760058333102,0.0032483948066290708,0.0006011872143964303,0.007833294031491446,0.00029694943760796155,0.001634274554269645,0.0023783008921168507,0.0014295370943436018,0.0006085935317084243,0.0003443085982863576,0.0017736116893312954,0.00544671208478789,0.0010739907373683256,4.671526266456133e-05,9.712998736449558e-06,0.00028748359266852585,0.0010246681446577988,0.0003827537889197128,9.420502721256339e-05,0.0005807777258600904,0.003143714096700816,2.8478062436484938e-05,0.0036873877999225057,0.00027055669041739375,0.922677143732045,0.00012269346270598198,0.0005644864665914308,0.0021098635024398675,0.0005075069169275948,0.0007914894521274904,0.0004351577795341369,7.084052130778709e-05,0.00028943719064411207,0.0005508179579351561,0.0029142158481799203,0.00348004941405677,0.001937514659602463,0.0026286580388135013,0.0031119170948570914,0.003828358733782397],[0.00011128689031784028,0.00019389266688774582,0.0025673390500708278,7.121209696644648e-05,0.0012811589528225968,0.0026799698855207305,0.0041886146951758,0.0008877780528719728,0.0008324363454778541,3.4216071209238524e-05,0.00041526300536000245,0.00040443492891754646,0.0008389986720774785,0.0003459101170636644,0.0013194123779321496,0.0021528908540531743,0.0011892255147817187,0.001253465936567465,0.002193055343482422,0.0032326926957516994,0.003689610940462967,0.00043896575564130597,0.0013668283469890905,0.0012568043521356746,0.0028119224020575605,0.0034475178335440873,0.00039026282994222307,0.002106602577021996,0.0034597055283735246,0.00025239112592285366,0.001913573766768432,0.00027363557076163207,0.0013928529037179598,0.0007489416544396015,0.0018335684079191408,0.9205029908864303,0.0016283296216573564,0.0035713148562227727,0.005798660828272429,0.00021104052347588697,0.0026034393478678985,1.6540066630051253e-05,0.0020707031182721197,0.0027367182446641127,0.0011931062258410897,0.0032765500967538177,0.0016741856069447303,0.0008751809894936913,0.001097183949135667,0.0011676174893317215],[0.0007678068023248104,0.004769714093087237,0.0008403753995352856,0.0009019577720963797,0.00023466825157908726,0.0010403219227135445,0.005365253997256708,0.0007122910901893388,0.002053321846971519,0.0014858383691836766,0.0012016617647104225,0.000806206514424371,0.001517491315917888,0.00032684229162189784,0.004513572514599768,0.0007812056270299135,0.0009712442032800253,0.0012896116493923443,0.0010876441490179141,3.168436756663438e-05,0.002204939570453134,0.00185284712023978,0.0024474877555923638,0.0007931972039363312,0.0013184888687755698,0.0010120209348709543,0.0004658232178054541,0.004796126464219857,8.969360117311856e-07,0.0001393027854275222,0.00026321204895485333,0.0007582095991665598,0.0007341309694836747,0.0009397124086179066,0.0010235051206840525,0.0021053146734289754,0.9240421246370044,0.00149225494069578,0.0016022733472285703,2.3890692329850005e-05,0.0050402582075525304,0.0004061738663764914,0.0035418736722599453,0.00027018573837420394,0.0001913979307323622,0.0003598519788419883,0.0037906934316004515,0.004361044011875229,0.0023213151106125335,0.0010027328143481788],[0.0013790043503525069,0.0008985451009916784,0.000745893489418166,0.00028559638497753926,0.0017078996847298704,0.0009235334296907398,0.002935456000766043,0.0007724388750748537,0.007445314998538145,0.0008192791256280661,0.0022500524469181026,0.004820809490708008,0.0015005276791913835,0.002304753266882498,0.00020360017929785582,3.372524740627212e-05,0.0006175793842164809,0.0012181026228103434,0.00011741805386694909,0.002536661534289354,0.0038717410294338912,0.00022281519072297752,0.0005404722474587051,0.0042298685341108965,0.0033713174095086483,0.00030203466758058474,0.0028103661523995703,0.0013758789646432085,0.0025034071303995436,0.0006325017226101747,0.0013717074262325115,0.00023321578131089822,0.0024270124615074873,0.005422123429069447,0.0006660056631511903,0.003857511226836875,0.00013767989869968626,0.9203030502640585,3.11901674151416e-05,0.0006633058786275112,0.0009940843971526568,0.00010734792042227015,0.0031710579156679192,0.0019323728002953297,0.0005332135691296436,0.0029364004805744943,6.075325701558373e-05,0.00045353561820647925,0.0012264855191217742,9.535193088164286e-05],[0.0005879330794888139,0.0009279843379380107,0.0005043409737944895,0.0002786705278534244,0.0009445064782476951,0.0015918933844876347,0.0004021889160389681,0.002472170298744794,0.000852726396847319,0.0002028940739817246,0.0018322734483011147,0.0006929326085930927,0.0065864909325522684,0.002440305817164242,0.006933149577666417,0.0047585747972196096,0.0017248926714433883,0.0005762195438259943,0.0031895554070780763,0.0035120602886229368,0.00028914229872325484,0.0036906088292647313,0.0011992548672673502,0.00017655819274317472,0.0035576751275224806,0.0033761517639010513,0.000872306029292649,0.00047063610619137283,0.0007591911586866136,0.0008167335010046587,0.0007938341047466276,0.0004750405552380376,0.0032181576008627876,0.0008146142483835415,0.00013845800681795882,0.001362331779150466,0.0026379419512570592,0.00019904416397714306,0.9202389110652877,0.00017077699444983965,0.003761417250343273,0.00031208250627874976,0.00010315361479376267,0.00153183999105806,0.0010668192299889553,0.0011146102108413852,5.785693487733146e-05,0.001497677265711794,0.0025687058751850908,0.0017167052162632053],[0.0006525699561298888,0.00013669355841642715,0.002151313506950605,0.0010780211349655777,0.0007232210444350941,0.0007595872387666414,0.0029655621112462953,0.0004946557192045708,0.0014649106003328295,0.00036532732643424257,0.002506275665793791,0.0001475049436996676,0.0010090125244163572,0.0038083753828990186,0.0013749915707812436,0.0009523232610211523,7.407891351897602e-05,0.0007941632274977488,0.0016442638311752217,0.000669246361236749,0.00016925170974461135,0.000501262695714942,0.002461361041525138,0.0016474854898510072,0.0003381980414347533,5.840118426672334e-05,0.001991460408218991,0.0006450317518596348,0.005537034365832872,0.0012037909459823384,0.0007682654056725932,0.0002921909892925981,0.004449468921924762,0.0058360859281583,0.000567069924908816,0.0015575878510626661,0.0014329452676783965,0.0034386367727947055,0.002600176345933099,0.9228674842455493,0.001640842042882604,0.0005131449843001503,0.0010090273655480539,0.002836736938058787,0.005951476564942545,0.0009516327723148291,0.00023758773744850654,0.001101585277044259,0.0029114992126115236,0.0007111799385204036],[0.0009717512219581963,0.0014069224797218555,0.002110741755945074,0.0005169620380937053,0.00016960357904178468,0.0002149777564217594,0.0024040450461129477,0.001910239479512745,0.00156272222567079,7.97945632126463e-05,0.0025951563332924994,0.002871427898274422,0.0005277049413773574,0.0013820133229481535,0.004093430385910404,0.002657845756627706,0.0006098224474356959,0.000541676394169741,0.0008682093699916467,0.003526963206939189,4.5132109608993534e-05,0.0005637499930404654,0.00044275775540307614,0.00020208947939411395,0.0029953715520347124,0.00067295473246531,1.4000688282402782e-05,0.002478200416085764,0.002512706861603794,0.0029010410198358964,0.0009717558241453956,0.0008309626970403108,0.0024554491384648587,0.0037530033018074293,0.002454358878240779,0.002206387416291876,0.0008456792232199527,0.005211495935845775,0.0014034874550702295,0.0006194735058191161,0.9202375745944683,0.002283806188267009,0.0016727104893754963,8.306396415493865e-06,8.395333841844316e-05,0.0034976061081473564,7.920504210635124e-05,0.0023400045680244353,0.003639575573322697,0.0015551895150958592],[0.0018226080466723794,0.0011561117965370377,0.0004241948726554756,0.001830164128229109,0.001318233170047065,0.0005619295574683545,0.00020216715337053294,0.0012245626341061784,0.00014797369523682712,0.0006428352445430404,0.0005147834452646237,0.004727442637650003,0.0013299906750034174,0.00031632323525646023,0.0017131603460683947,0.00015573066738156662,0.0002102383443222858,0.0006408823542921933,0.0009106274050679234,0.004212028173459071,9.79205209229041e-05,1.2103974354085666e-05,0.0010833985970340892,0.0021790764732693866,0.00020656637137534496,0.00033113330872260033,0.0010105184051934705,0.009166580311598596,0.0019068248167869203,0.005375400024318191,0.001942294034638127,0.003307560334214128,0.0009245897119582374,0.00014883342751561643,0.0014201590674765463,0.006503648485725291,0.00020253318875539773,0.00031136457069458307,0.005261444587666009,0.0017878845064048278,0.0003351924706449571,0.9206573847436624,0.001008422119155203,0.002288026443840265,0.00418554857897467,0.0002989366331696083,0.0023136241302331878,0.000971740804971233,0.00029664021330904304,0.0004026615607831309],[0.00025993408436199744,0.0018294496952204174,0.0010047063993827415,0.0007623049894157101,0.0017167961742614668,0.00013807285069388384,0.000449001395378826,0.0036437873713615664,0.0007769362313771321,0.000737032673557141,0.0005671176358323578,0.00032289429408518345,0.004101942341296426,0.002664253614142885,0.0004305373539795416,0.001644253105503212,0.0004888044924954202,0.0009565821500917875,0.0022284360100867377,0.004420358116641802,0.0016786709100965803,0.00028178891304846745,0.0017535378545052444,0.0021719880942875592,0.0014640781550156485,0.001132112033152471,9.407160547602418e-05,0.002844635926669997,0.008034632855661578,0.00015002814837745105,0.0006793657392739965,0.0003634430874681933,0.004892477557457433,0.0019601257258459563,0.0005805441660198527,0.0027954028058760133,0.0009541662467472082,0.004082552066779071,0.0003746742435252525,0.0017526390497390426,0.0017601333591419095,0.0006010777721893131,0.9219045052648563,0.0029831712068469534,0.0007538436432982075,0.00022504940431317553,0.0014550856113560006,0.0003050836418594714,0.0017318344435150548,0.0010960794884343598],[0.002295838365733126,6.11017133090814e-05,0.003686131712287656,0.0018015026124529347,0.0014872889753656604,0.00014655053653710217,0.004386266420269313,0.0008702997362991207,0.0011581996169809142,0.0007685455461459587,0.00015110818910072654,0.00030492667179486747,0.0008868643145678052,0.002147325717301426,0.0027868031814891865,0.0002784960972331408,0.001549328258994399,6.470699435118223e-05,0.001854580800859135,0.003770416216152855,0.002050308043869803,0.0016345863802376525,0.003028651616265593,0.0002248035941606905,0.0009814554913706577,0.004202424316904845,0.0027250164415947276,0.0011626062063979845,0.0009342774764846486,0.0024784583473974986,0.00025409583585483004,0.002481223804306656,0.00035842472800276656,8.962761322906151e-05,0.004867280080753204,0.0012488395471021028,0.0016968656417054864,0.00010464093919435361,0.0006244929041914103,0.0024450722679418804,0.0015835248855148659,0.0007685633269088756,0.003207357426191356,0.9237491408912166,0.00020411198172826366,0.0036535216611553495,0.0005893147335293027,0.00023921144187395032,0.0002938619382288643,0.0016619587594611555],[0.00023875482329115092,0.005940323082014798,0.0017595370627696359,0.002976141070232403,8.154416236848131e-05,0.0016904351312978503,0.0031775438436982884,0.0004349046736154545,0.0012050708620130663,0.00017907772088771986,0.0006598715409399519,0.0017399651701323399,0.0005184394387971142,0.0037353112496767682,0.0029782236783966617,0.0015107727696005446,0.0001211419969833559,0.0005619583943390446,0.00012517155085349475,0.000259523971059354,0.0012513380038490427,0.00043324331031195553,0.0044452790814563286,0.002152557508381656,0.001205823784445551,0.006162060290588949,0.0010140177133860023,7.837787474452002e-05,0.00022204279382414424,0.0009469875587281403,0.00016789057911493729,0.0006045133160250785,0.0010291146432153187,0.001290586083288744,0.0015945526124817103,0.0015087115153608122,0.006962763758437346,0.0029254582293961042,0.001699118852084751,0.0005549730185472018,0.001115701117634002,0.0009964098588510076,0.004582751511337873,0.00027725348882221007,0.9206976989005767,6.709063794107794e-05,0.0010951881116378378,0.0024110317856555936,0.0002257023056531715,0.002388049561254763],[0.005107306349360641,0.004847588986398898,0.0003644453944940454,0.0023376312060309507,0.00031045474786088985,4.319988725985017e-05,0.0004501157613503435,7.77098876310514e-06,0.005113814549822993,0.005380022543675247,0.001786197535924468,0.0008257089215750333,0.00011806915412632695,0.0028190061930500523,5.168697500912998e-05,0.0010404622475787904,0.00014104478113511414,0.0011577635798252783,0.002950289902955879,0.00018381966118531074,0.0009078375832042515,0.001346809751115162,0.00037363479823314714,0.005366451812783961,0.0012431779350919757,1.064544678615139e-05,0.0001641398491555666,0.0012497659675850799,0.008136457550291127,0.0007565723690637927,0.00018243692857801048,0.000180027505336018,0.0003292919831333809,3.635943529544649e-05,0.000938647973726934,0.0005858276340627076,0.0008372938134076479,0.0015652579967925474,0.00019444191116064054,0.0009408987393349062,0.00019737136463089032,0.006912787398738328,0.0008367855909711921,0.0004735180894751772,0.005637872722553974,0.9203661094642264,0.002784238389583175,0.0004243314996212862,0.00023988686109395398,0.0017447222675849097],[0.0018033743215685283,0.002785755775953997,0.0004796402420809821,0.005046446773050818,0.0006945902069025116,0.002147724762158603,0.00012823729480828768,0.0016163031489359212,0.0010862222918181957,0.00033267253946250895,0.0008591862449752452,0.0018538977932104149,0.0004767888542647541,0.0006648753601828803,0.000200082579783655,1.5178652313491943e-06,0.0017094733709863885,0.001100793957999976,0.0022725062321581942,0.0011246854541258485,0.0003250481620438368,0.0013557054803797048,0.005619238565889476,0.006036678481034701,0.001672754003913032,0.0006375562036132542,0.0005862420673486693,0.0019504495465989633,0.00011539197989554519,0.001799349830814035,0.005795561183028779,0.0016291404444900104,0.001815943145517066,0.002035709388263319,0.0004095325295678237,0.0015518207155551097,8.098415387959877e-05,0.002664700770061821,5.7229801767445035e-05,0.002657662700620618,0.0009622999439054345,0.0010865416475031604,5.28794699714324e-05,0.0020015100325921006,0.0005977487647366474,0.0029213691301672277,0.9200479383600354,0.0007218874228916624,0.004049989303786769,0.0023763617004683908],[0.0028080887296984603,0.008368477003110992,0.0020322493919538295,0.00014088300726940406,0.004905216663900617,0.000988087071910362,0.0012127610769944162,0.000524269210776522,0.0004287038807624917,0.0026332629238804634,0.0020433498556635325,0.000373397408400768,0.0007832010068415772,0.0010784093970804263,0.0010572638468386122,0.0029337602397864525,0.00013318749914330207,0.0001857516520958094,0.00040235756505924364,1.7173376802725326e-05,0.0005408522133185549,0.0007352178573513361,0.002413157255652266,0.00015544305459752372,0.0025005960242703473,0.0032537791444920256,0.0012084575563992726,0.0014039943276201465,0.0002835395238422662,0.0002351524095472353,0.001960492015525745,7.502635332212954e-05,8.992578209444859e-05,0.00280369840842165,0.0012458779985806603,0.0031528121815825477,0.0004038715822405232,0.0001599178572899091,0.0004751917075451826,0.003903101219100499,0.000752904788190726,0.0009520149620011554,0.0009824000726060954,0.0014000634896075366,0.0005194392894100452,0.002712052070418194,0.0027291253723986477,0.9225218659261878,0.006647672645821936,0.0007325061025936358],[0.003434475785854657,0.0012325492356802387,0.0016540505190689532,0.0030043018855197634,0.0010178975570204537,0.0012534700393750224,0.00227518118240651,0.0024435347180490406,0.0019296628359438412,2.772395068049373e-05,0.0017058728691710082,0.0012931411675745266,0.0022813151926854088,0.0006197674072477769,0.0012693913392410297,0.0017967787286643595,0.003720860377605592,0.002336771167903053,0.0008019762531859393,0.0013298972709012286,0.00047407637614927474,0.0022916239856948096,0.0007297046109987164,0.0003831892437082121,0.0006234758177220387,0.001150817129006508,0.002640335354427108,0.001211879117144473,0.001621580997233411,3.881383204643187e-05,0.002493803652477342,0.00016231591776304441,0.0012340103521992804,0.0012046539972270314,0.0007742268546829796,0.0004629065983692503,0.0023960089087300103,7.345164285700253e-05,0.0005110400427368231,0.002545584522875014,0.005162125884370471,0.002426700492559793,0.0018559990391351611,0.0010955322473249198,0.004042223392341988,0.0008882285962270308,0.0012435737834858966,0.0017919915865904918,0.9215597518414613,0.0014817546986753425],[0.0003310162507158245,0.00155245596639033,0.0018315829797721354,0.0009252905593221849,0.0011754492881826636,0.0006691705045461274,0.0023506864220361563,0.002568308927392997,0.0015991536708421137,0.0019482015401000373,0.00044584912344535627,0.00014222009747289152,0.0017372404824790445,0.0007382243316654525,0.0008335932599906061,0.0028457419918232435,0.0001636705309635666,0.0022083631912052848,0.0020389467825360466,0.00041743433285068,1.5953517711392176e-05,0.00023660361808732077,0.0015399812381491965,0.0005458167161281197,0.00023574156984324427,0.0023305874531978003,0.004120881770986267,0.0009629964371254667,0.0014819377855267942,0.004729230485694994,0.0008725307709883642,0.00409809901271503,0.004872367625593494,0.0009340483580824532,0.0001686318985481763,0.000556167772085167,0.00187095140570695,0.002845778217252647,0.002575300644167844,0.0006200637068910417,0.0012966634113797712,0.00027634433110162266,0.0007029805010643901,0.0006702425711596934,0.0028883965074678044,0.0010125450839320797,0.0005459500978500549,0.0003047057666636593,0.0028224918851205262,0.9273434096060459]]",0.01469237484447107,0.1251790653125039,1,8,0.1111111111111111,217.60344714331956,31.024401772795922,31.024401772795926,186.57904537052363,1.9706152503110579,8.692761346408146,True,True
50,1,cycle,"[[0.005649735329166309,0.8801032841563329,0.0009030835781804713,0.006702800136756069,7.989280818662477e-05,0.0020560511158563277,0.0002752423377524741,0.003619441945749457,0.0004056540394928559,0.0008115926943742649,0.0005642682555013946,0.00027890444518120354,0.0006242363341579959,0.001050527832788215,0.001854497314324301,0.002925146034526203,0.0008877680921175978,0.0026209433803267997,0.00037470002161581835,0.004254546012802507,0.0027471253240471108,0.003122213721903164,0.001059713236131886,0.0028655135475812604,0.006281022869813225,0.0008459490261101388,0.001919516977949053,0.004056745085938914,0.001305749375014547,0.002820550318935703,0.0065103438363505435,0.011962877711784984,0.002323583017641018,0.001648192183389925,0.004835759244246223,0.0035448050055965855,0.0010991330265449474,0.0008813930268321198,0.00046538829190122044,0.0013539381904468584,0.0025239307615420293,0.00011472445789460234,0.002239753178876326,0.00114663398700071,0.0016116768098675867,0.005232420534530042,0.0009232346371891878,0.0019472140591982293,0.005314757095522662,0.001253825595029456],[0.006350173192116054,0.0010834296137700193,0.8802748949199669,0.0017544560530780924,0.004175360593649777,0.002620585991080523,0.0014571949099135765,0.0015614112436581858,0.003067975407929642,0.0025187933762240962,0.00026236602788176655,0.002967350518381217,0.0026798394369327776,0.0004165837271658426,0.0006299995535555247,0.0069007214717582725,0.007388685059093029,0.0005422884630580494,0.0017899431798940387,0.001980624485997766,0.00015321406197267535,0.001335968049351426,0.002317932904350695,0.0014840445215557367,0.0030586370315640403,0.0002765119032922421,0.0003595571188588585,0.0004684129217311228,0.003400214287406204,0.006442206619634224,0.009597656481574091,0.0006048433874258621,0.0012504938953352214,0.0003124079618965016,0.0031106754821492266,0.0008359014878228971,0.0014957156264130203,0.008053823582088206,0.00017898204025782596,0.0009043498214675915,0.0008683392124628022,0.0004754094534876582,6.194379311783604e-05,0.001473074447310776,0.0014766930789327842,0.0041187792428757555,0.0036253044441347053,0.0017406721245882138,0.00619864271416907,0.0038969150776675134],[0.003131557872528213,0.0031645611649060994,0.004740607213448648,0.8813338467324634,0.0013313990723624264,0.0004781488418174021,0.0006543001302361004,0.00228857446087012,0.0015407801369111903,0.001162819473801875,0.0043167611744019145,0.003200094776293463,0.00011565324702662184,0.0005585858723016798,4.429119490788004e-05,0.0008581386289479139,0.0027758602284288876,0.0007911742754305924,0.0002650513540835028,0.006623397944991488,0.0017500010536362204,0.0019396762561255038,0.0006508246089001177,0.0003411943614490956,0.0012244334508582878,0.005021246915756892,0.0016956696175103702,0.007874565563493129,0.0001015016858829185,0.0025837648547453415,0.00038838410507077275,0.0024047618947680696,0.00206065342900355,0.0011119773880470358,0.01070015105133679,0.003066894950912187,0.0009458269049243208,0.0019409093124488552,0.004635823979653935,0.0001760016333672716,0.0029349852392054196,0.0007385745817160634,0.00014509382130292677,0.0012207241309348399,0.0042327200052808805,0.00106009505987594,0.0023301178335678784,0.002697602867937536,0.004924615958282499,0.009725603687845974],[0.010659523120974106,0.0007767526688565285,0.00156104603295056,0.0005628204558854459,0.8863956869594155,0.00024084523573845835,0.003876518079340693,0.0016801226031733746,0.0013786359142865976,0.00021002637889673022,0.0007775293419707117,0.0006641878610544209,0.0010369906303192376,0.0012127529012880658,0.0012206272032380412,0.0017528608508099982,0.0032574456651761666,0.0005539817668060446,0.0011513679362984068,0.004595064737068053,0.005055430159746172,0.0014646233871072546,0.0015554731493833593,0.0013712770637089873,0.0034278032983462102,0.002026057173866557,0.0009759901887697385,0.00035192351494776176,0.0009525754354980327,0.0037566376175220953,0.009917043436258806,0.0019294359386280184,0.0004594842391573861,0.0014969450363738264,0.002656402424010359,0.004897948009486097,0.0008464029500001651,0.002417893525617747,0.004136948803389676,0.0002302247780003059,0.005952734915884802,0.0007766267557324859,0.00332232884057688,0.002381401196984542,0.0015847654439629824,0.004356117678513487,0.0009155755282543154,0.0007022170709211551,0.0004968613326248014,0.006020064763178843],[0.0016625570348721976,0.0014702429045386708,0.0012441486736087142,0.0010164714375148994,0.0028398789644905227,0.8838315661451749,0.002699454580742586,0.0005470277413276824,0.00402434269789009,0.0007901176746523509,0.0003369864372594918,0.002616640702490839,0.0012559460985173674,0.0003894100376260808,0.0037773656700521266,0.0005228233248404558,0.00044773277161223304,0.009733328880060196,0.0007352760522021532,0.0033393771085312714,0.0008504046314070155,0.0008341674688019345,0.003303750795563723,0.0014356388324713975,0.0022461068875662994,0.014029510933628886,0.007717240829436387,0.0014831922150381274,0.008303156373008196,0.0015172871786136677,0.00504119657942351,0.0014367444798016723,0.0012957919451673124,0.000164734530513192,0.0011095111270161434,0.002615793241568754,0.0016133787398484993,0.001925880581728691,0.0005638588280596303,0.007474741094118331,0.0028532808265552137,0.000749845069870185,0.0007733522360525772,0.0003364210844012351,0.0012804817329490853,0.0015627794692985911,0.0009926385883736566,0.0016120915456889287,2.3717396535920453e-05,0.0015726098194884977],[0.0005186073492555275,0.0018688026166776516,0.0016893069451022367,0.0014806478586876274,0.0006256063807604004,0.01320188208991116,0.8802797616953255,0.0035903567220736446,0.004232816609845498,0.0007781764460274129,0.0008766109783187066,3.5843985651742827e-06,0.00019583004895777967,0.002357969275699024,0.002860740187805933,0.00023307628964306585,0.0017060905020601963,0.008579691932082587,0.0020562318269111736,0.00043697679738609075,0.0006510810278104886,0.0022806257028384794,0.0007851911275929923,0.009243064041515012,0.0039043668635437468,0.0004720480462589915,0.000552725394623012,0.006817493741421343,5.210661525050244e-05,0.0005307542894964921,0.0032945073591820312,0.003808182733192384,0.0015197819756886915,0.0024227284390483856,0.00048424439777573324,0.0006067682293383317,0.004837105567782422,0.0037014769930118615,0.001463274382616399,0.0004164818632699308,0.0014536547650394944,0.0005092090413286512,0.00018892148128013314,0.003509232069523124,0.0009105809327379871,0.008904174310749285,0.0025565656893899594,0.005086379699270411,0.0009980343482964295,0.000466471920030934],[0.0030270248063110528,0.0007263486800034897,0.0017412222567871594,0.0012715010448458943,0.0005366268303782778,0.002040353132360609,0.0017132286169411117,0.8922263280179943,0.0038263111180250357,0.0007429139445039794,0.0003417439711097847,0.0016565145931758366,0.003186627300907801,0.004419270573640422,0.0009561209320245694,0.0004191709408475955,0.0004258576347835985,0.0028668811645722434,0.004390007501927203,0.00016254562134462378,0.002215182142013275,0.0013295273669029922,0.0035674080155611216,0.001922595434371503,0.0011714159351798922,0.0051201520158041134,0.006200738014684929,0.0015680576184308249,0.003686492789834976,0.007449540235625866,0.0006442610852917286,0.0002480433079007919,0.006959155197812411,0.0020224849623655585,0.002505376780583711,0.00391668875250063,0.0035871533276874983,0.0014209596835400692,5.822906047552189e-05,0.006175674278409297,0.0007887965308754166,0.0001815169569324406,0.0006105706478188022,0.0014838438307706626,0.0015961973990928828,9.396125676548111e-05,0.00041053691390309754,0.0007990652092095074,0.0054675861533716565,0.00012219041379880863],[0.0020132338047383785,0.0007335785577139675,0.0007032658640111251,0.000566015795562786,0.0004929919288066338,0.0012649711519497522,0.00658166808274166,0.005993875278278001,0.8827144169519572,0.0013279350281296648,0.0027420873109440876,0.0012463030277521411,0.0011958656934418577,0.001169992970880778,0.0005232196821999101,0.000398788152421647,0.0020720030210998525,0.005062674071172388,0.001889018855904773,0.0019264820179644908,0.002006983196149633,0.00018495724455544718,0.002681831763233148,2.2178986147327558e-05,0.0011116225983135513,6.4787899061977374e-06,0.002762216619316481,0.004753140002713983,0.0035931257548536648,0.0008298516258885435,0.014522226503649855,0.0013574728757291368,0.00482145271586598,0.0026065590871758725,0.0009109021688533905,0.005082557168096014,0.00034577077909760313,0.0024721975776689467,6.115550555007322e-05,0.0027930255687102284,0.0007311203405697995,0.0065830307330557725,0.0012595414072528834,0.004321945667576181,0.0030449103246927628,0.0026589382188793274,0.004087347325252659,0.0004939465741731498,0.0018004506660928242,0.0014746749633084138],[0.0036179777182766787,0.0003544717907341592,0.003937181220684647,0.0005263106703381862,0.004235608052816724,0.004488223723901612,0.0014870845921842487,0.0025712531631600167,5.226587465058855e-05,0.8809019578344761,0.0008008959594700033,0.003337401544931162,0.00022667995206605143,0.004087034983341656,0.003185736490362703,0.0002955534261032899,0.0015516677623877992,0.0008415974625011936,0.0038041652960494362,0.0012719970125048927,0.00036344822795746117,0.0036800984022813984,0.00024140081298343788,0.0012606566047087173,0.002465518950977118,0.0004533238242828609,0.002594705626197632,0.008980094815211965,0.002029336696951164,0.0007525007304008246,0.003080743456179374,0.0034045103848956587,0.0022210998230445035,0.00047459008873348654,0.002225633888332412,0.003848869573982601,0.0027824042006672485,0.00018347693573003706,0.0029122473379979536,0.001845291173664506,0.000219538715034222,0.0028140898415174604,0.00113847554973799,0.0009749647004705803,0.00579517943832672,0.004857973049946227,0.0036278673189728784,0.0037735793285059256,0.00102176165525992,0.008401554316106542],[0.001437317075641753,0.0037414191620788067,0.0012239604944030713,0.0012282160510488536,0.0005760193848154078,0.0019745762139618287,0.0044155041778118345,0.0020214456464774143,0.0031627369059245938,0.001005931288803159,0.8820951836972961,0.0007861121501961766,0.0011746425518781413,0.00569073818179039,0.0032147608328495147,0.0006854625994115313,0.003039031080599264,0.0012465057699293234,0.0016943303360988404,0.002293902459294004,0.004792875161341494,0.004126652409914156,0.00734329823801592,0.001708774560094944,0.0011511922060328682,0.0018352582597211064,0.00010534422122457208,0.006149215225116435,0.0014116788874510384,0.0010944631494869005,0.0026528022434215617,0.0011144352336384827,0.0008942772516328987,0.00476259988375646,0.0003632849267368293,0.0023051384857604705,0.002060016582031448,0.0014665347805642352,0.00021904818533499776,0.00019651243318046118,0.0010214980001899384,0.00014188696717821735,0.0038202043930350925,0.0010415762324500703,0.00042148658087402173,0.0037380747920563863,0.012624955745593941,0.002193380213196373,0.0032276236708067892,0.0033081150198518796],[0.00043604428179186134,0.004980254756807778,0.0035268123149602335,0.00016400709916896604,0.005622010578140362,0.001819094158454421,0.0011379323135183527,0.0013839433537479414,0.0003217424957368658,7.26844918419208e-05,0.0023197041880614415,0.8800124649335545,0.002532263841981755,0.0020799017371644223,0.00396998503104904,0.010565263204616437,0.0052325789646645695,0.00806848005495616,0.0041794111662041035,0.0008289565324748431,0.0013044303731839534,0.004565810425963583,0.0022164608492024535,0.008406122026268486,0.0023595718992369106,0.00014278668216249535,0.0016750054694980635,0.0014658860636111407,0.0019788855474940745,0.000162577369427945,0.009289093157439081,0.0017424623779450188,0.0009057246995616968,0.0031254235438148035,0.0025622956789464048,0.00441906603724736,0.00022703689437425699,0.0018474234802708098,0.0008418963241598481,0.000505477596697334,0.0001963712563400164,0.0013622642436241562,0.0034812348019897256,0.00010690219637724105,0.0016357662494678343,0.0007825448780925492,0.0018384017913772297,0.0006272395710502254,0.0004616814248875784,0.0005106215913917579],[0.008048867227812185,0.005795471014881686,0.0014644441236125517,0.008699934639580029,0.001203702229330299,0.0009769244040665657,0.0027664827452168637,0.0028939928461665446,0.0017230926307828748,0.004406969910736736,0.0038336871423433386,1.3564723716460928e-05,0.8853081801559263,0.0005642685863354309,0.001446683243832888,0.0003902924294339037,0.001815731774160502,0.0016557149501095166,0.0017214675473064432,0.0012795516161241618,0.0006071053856925139,0.00034570098126193163,0.0037540114430973707,0.000921225075166252,0.0007940782528240213,0.007855840328304603,0.0018225526855546554,0.0046359254836688055,0.004502728770646499,6.493852523815398e-05,0.0035415084273752334,0.0014173429870947985,0.00038097856377558733,0.0008228531852851796,0.0043342226299882105,0.0013766653968590704,0.005786409843465123,0.0019376767979012999,0.0010212873585515808,0.0015682651921498536,0.0011794849801961412,0.002443928028916858,0.002153007719001392,0.004890250192815818,0.0005808368741435315,0.0004540603038542315,0.000919873788517473,0.002246798636500468,0.0005264544727423853,0.0011049637479356939],[0.00021230010743522766,0.0016276413203696529,0.0033810972931786337,0.007076095603948111,0.0024046468154153037,0.0021602740951302294,0.0037502220111040956,0.0030756955020240706,0.0038065653815557788,0.0023598504138454706,0.003811252408150547,0.008852678078613178,0.0065566328842098275,0.8800558758436274,0.00041049322458200425,0.0004776063738260036,0.0015283303595480672,0.008313941869141538,0.00015880265885290159,0.0004346566752863665,0.0021589321706502423,0.00013181168652738587,0.0036856565361327942,0.000602886386153242,0.0015082400398614354,0.002273897724901924,0.0029386280864512958,0.0030081809956904798,0.0007401869334990436,0.0013355061182725467,0.0017204151727481859,0.0059140644092153345,0.0015186999872023627,0.00310828497927082,0.00025175724636179053,0.005607149790301672,0.004776799833612397,0.0004166731898726729,4.356692470045981e-05,0.0021870082751530495,0.0016444835758314038,6.632442859823073e-05,0.003008957421529103,0.001598992000553069,0.0010226373141386466,0.0002936514482414373,0.002041599249689807,0.003964001282667243,0.00032285860990761793,0.0016534892624198497],[0.0034846403719364445,0.001146886329731871,0.0034501193029533614,0.007661703823396636,0.0021860510359030033,0.0003742175191425611,0.0007926430970121014,0.0009428389436933571,0.0012260025055421647,0.002343153177916291,0.0014585418026060995,0.0015741329232174144,0.0009995500627445594,0.0007810115223028997,0.8840614410277885,0.0005419964883416084,0.00019869449422713458,0.0012773973052518596,0.0009499429046140104,0.004468885390610963,0.0016330182567796967,0.002224582974931606,0.0038131531117617445,0.0027201502539957846,0.002901824102521983,0.004475581932039314,0.0022671968240132014,0.0036972611049076636,0.00022695431260900503,0.0020800499491545566,0.0006900931469044827,0.0030074613428872333,5.639829492969685e-05,0.005679760045282306,3.984349496532516e-05,0.004684905826353669,0.003435912557986682,0.0005862552595014503,0.004529307716320011,0.0017694125478162372,0.0061399573000546935,0.0015862621277872894,0.005356698988830069,0.003891857665167684,0.005617740695076714,0.0003462379530621791,0.0039182187846674476,0.0012602708147103267,0.001082248597407,0.00036153398864208257],[0.002652464961772084,0.0009414573546056672,0.0011555529522575627,0.0035190268291928482,0.0017471447000614148,0.0015156512966859835,0.0013866036756051481,0.0004973308267992797,0.0018270972100245032,0.001596270657464786,0.00115337713293115,0.0051946723531148846,0.0013196569378154852,0.003821554673368808,0.0018354239512186012,0.8879258464114628,0.006959670721336455,0.003894174562514189,0.0023596264699920263,0.00016441420232675424,0.0010553365736900497,0.000303538173781758,0.003521267152114812,0.0015619427613192782,0.0005773608630416753,0.003253371403480261,0.0003581988957844335,0.003835840347962377,0.0013223006933202038,0.002566259358741173,0.004612518915774388,0.002159254806357446,0.002028326458909516,0.00319341186438161,0.0013748107544942526,0.003463377619313693,0.0024624655921651247,0.0002731454186492419,0.0023223366790325003,0.004403413888812169,0.0031130994249466,0.001334063460078439,0.006521848062809058,0.002118964673427657,0.00048027326281411945,0.0025037961060075556,0.003572403457813881,0.0021283101018057054,0.0003357495589183476,0.0017759957897022878],[0.0015831639232888515,0.0012221287714663683,0.0031221745168476247,0.001513785585804862,0.0014924783960000086,0.0027046869051356344,0.0025371846286040495,0.002551318976221021,0.0002885562898371354,0.00027195116258910937,0.005622575160514764,0.001007900294462103,0.002131569739399156,0.006082609084620857,0.000718283084520195,0.00018659849395955984,0.8823940452574396,0.0017836933417591434,0.0007044848535091009,5.6384986937883395e-05,0.003349749324492037,0.00039142567127448526,0.008481278732694122,0.0006224539620499065,0.0008373539193471519,0.004396733595014242,0.0016291454722334696,0.001847478785395782,0.003803476398145001,0.00017906827461761419,0.0014895833637189825,0.00242994844277417,0.0009879009206068216,0.002903632008224455,0.0032910910651313967,0.012638361114236944,0.0034574533612148914,0.0008462285948824961,0.008569235986997102,0.0006646097126809245,9.147951270407605e-05,0.0024828567848972152,0.0006035975116229782,0.004041542642472667,0.0013342971304799456,0.004523404563742601,0.002677065003619192,0.0018158211479944704,0.0010231286107783592,0.0006150249330395436],[0.0010344635184979215,0.0010539802899819962,0.003752747651190531,0.0005650674667680786,0.0007678295437763328,0.0009864176740552782,0.004061438148398033,0.0016127503828303788,0.0036564115805439172,0.0004341137041448324,0.003984699721200965,0.001850248788138571,0.0001133674855542652,0.0011502837234658653,0.0009225901897176299,0.0027215411810732875,0.005211955111006445,0.8811556420343111,0.0018447256959358272,0.00046948724395126586,0.0068898288455882094,0.000339822869371363,0.0013375335557377797,0.0007598751710318131,0.012597000387170864,0.00024857262097825695,0.0016138768483086193,0.004737988674104062,0.00010557680342091841,0.0001553373762618042,0.0007699967057696505,0.0029342212586283044,0.004200953019582022,0.0026909174328659537,0.003716867639354512,0.0006451051321165831,0.001544848874914519,0.0002200772504703637,0.006923693002887509,7.287710037779848e-05,0.0034796068428561318,0.005770796500690406,0.0011747818303731292,0.003110212509659706,0.0006101125248453566,0.0017155192141067796,0.006374357131255063,0.0027079302213068603,0.0018407413428802916,0.0033612101785428323],[0.0002560805679284869,0.0005083142346692201,0.0035011060435926303,0.0030328171438059035,0.0008760784432120216,0.00012992984408150614,0.005542728122543576,4.404486384270603e-06,6.665928240722998e-05,0.0031457092620135276,0.0016342665383193714,0.00033355721602531586,0.005431031269276997,0.00990473123116425,0.0029096527084557706,0.0038009377819477473,0.0002336348907506571,0.0022701227978374704,0.8828745304945707,0.0033578558165943857,0.000610373902026031,0.012353533209917139,0.0026000210263479218,0.004635721072545993,8.602283387662915e-05,0.0020967622168357705,0.007372376561540156,0.0008972127552339825,0.0032541728532192596,0.0014829324820545048,0.00125390291503258,8.969317663039513e-05,0.0007430150547778868,0.0005099512180690981,0.005149495859734525,0.002669818118997833,0.0010347995757803872,7.420769285313755e-05,0.0008572534768572102,2.78292949903233e-05,0.006360346863530533,0.0007967370318306521,0.003211225345838296,0.001068456411030136,0.0019465111503103672,0.0016659297157365575,0.00025560698812680647,6.651426802167193e-05,0.0035184296673131214,0.0034969990853600864],[0.0009263793551984017,0.0008523869065856621,0.0011844334071531163,0.0023822224673619267,0.0012747210889149183,0.004473976087295945,0.00011829158542790014,0.007495299224610001,0.00672515960846487,0.0021787556455054686,0.0017581033281487749,0.0009216781711628774,0.004904121015946636,0.0007700021861233807,0.0010413013009212674,0.0016852736091826227,0.001791509628955135,0.0033708276758764913,0.0024202850299723305,0.8848330636859203,0.0035143034451097926,0.0016483434788734518,0.005140440514504781,0.00040786668099355663,0.0030218404592648133,0.0003035011973307688,0.0003509394530743598,0.0009888389056609212,0.00011211246379600223,0.0032768641441118062,0.0023714326167215004,5.8256501900826e-05,0.00018236547499572153,0.0018322559248599702,0.004411918593205521,0.0029184018106177883,0.006774641125428552,0.0008459056004733152,0.0020112177800799963,0.001024280494369619,0.0039679969142810655,0.0013527512870345725,0.00697198127722603,0.003837981678507658,0.0040888913181237165,0.00015846422250929027,0.0037653702695062707,0.0027611587452650425,0.0005803930899582314,0.00021149352348706833],[1.1674217466359984e-05,0.0016950608385222356,0.0005311421226327586,0.012815058959422875,0.0022928747565343632,0.004189489864911723,0.0003093489154120786,0.0016321105169857233,0.00033531023819792966,0.0008029165222016624,0.002281935372947138,0.0004995552958624884,0.0011508461275345414,0.0005249063051560258,0.00662593107924629,0.0032967509516654767,0.0009182171843723165,0.003059357610407851,0.0004932450224035883,0.005636852701540441,0.8828093127605576,0.001045814339629627,0.0004819921063103855,0.0008921028174032745,0.003444989952648055,0.004185329857773984,0.0002646852845372015,8.686553192186807e-05,0.0038436062537555555,0.002677860298568059,0.003908987290032328,0.0033190833918636843,0.0019479987991975099,0.0014495015966549997,0.0022503690010392753,0.005787191483691223,0.0012357466174850794,0.0045795141868862545,0.0014077875211156799,0.01179320610682435,0.0005713433667937133,0.002865254494751469,0.000962524683887114,0.0032476167923054227,0.0035449774127399433,0.0009341692319790821,3.910642144690923e-06,0.0005730386556082751,5.8435717256668215e-05,0.0007241992012137667],[0.00034195424076306703,0.0001413298213524874,0.0036913834654486773,0.0001804743978866076,0.0008196419941163192,0.00011882765696143006,0.00018666497348476487,0.0002235162678084925,0.005655129357457313,0.010062156771117926,0.00023376026517583207,0.0009334998121174988,4.340458830872824e-06,0.0022844953420388205,0.0025517096531689105,0.002914076796398275,0.002167998427886662,0.004578901263130302,0.001125802146332785,0.006541578981733263,0.0011077604433793102,0.8809201496247978,0.0014703756189193599,0.0014723263077800126,0.0008380265043205772,3.126734943973986e-05,0.004498966131035191,0.008421533349153375,0.0002330005440112099,0.0005525172560220131,0.0002881661381092079,0.003356624050210691,0.0023651451108045863,0.0010936434074899006,0.001998781162412819,0.0003641155811949042,0.0069928449900565496,0.005147842314982595,0.0005846787638465027,0.0017276889688846106,0.004936042222726702,0.0036104976982844744,0.0004956891401693967,0.005076255221750617,0.00020199589873001983,0.00021483754248703308,0.009819277043858357,0.0015894307695098761,9.959509650356672e-05,0.005733683655918784],[0.0026716861169259615,0.012056790329911514,0.003488738874448674,0.002646236867695453,0.0027236353361330718,0.0008502338011332909,0.0035989563295140926,0.006454755868592972,6.233809382943231e-05,0.0034706339934044766,0.0013932369722159904,0.0023016597385987023,0.0019836075277678226,0.0010468074539465811,0.003981978979740469,7.06809692345558e-05,0.006537728341985672,0.001658646489677176,0.00016482482214407422,0.00018384300261489953,0.0004688178769661169,0.003476600283896111,0.8804686276031423,0.004708553926271837,0.0004887598817552897,0.007100643202758333,0.0038559837935985813,0.0007013948957037796,0.003743186158314272,0.0012273546293676506,0.0006205790909089955,0.0012239110479588006,0.0018185782938365642,0.0016928700508799896,0.0006022763731049713,0.0008088268203986161,0.001310287773130523,0.0002657433059916645,7.827830204648266e-05,0.0021532131412770003,2.2633982116268213e-05,7.054657419994337e-05,0.0002551609705783045,0.0006438933953956661,0.010540745250802348,0.00836059378216202,0.0010164859823626584,0.0007311428911989939,0.002054456180150296,0.0021428346302107843],[0.0005902506274986966,0.0021522016603984524,0.0020513334425491412,0.003859506641860287,0.002299333465639168,0.0011985154216788104,0.00019275510857326815,0.0005903663749506555,0.0015799053529948156,0.004667524442679247,9.034487237286354e-05,0.007717453515423071,0.005843692746972371,0.004283127958819955,0.0012108721895452926,2.26875503822636e-05,0.0002498370054166478,0.004418787146069908,0.0053913108311591535,0.0007811101114708977,0.0006532736359762607,0.0013489214352261252,0.003575718780257458,0.8803246192089265,0.003938928432819842,0.0032851845787512505,0.0007308613213696814,0.000328375354781633,0.00417144665355029,0.001176594958406809,0.0033083958748231306,0.0005599112358905144,0.00010998738829620299,0.0008544921871604204,0.0005114928439807606,0.010483775990301257,0.0014090577927329962,0.005812044297809771,0.0009515198380032569,0.004242487287391186,0.004678140673594703,0.004987957629234192,0.0006911179427744464,0.002553965678118491,0.0025127059920994,0.00012241825085382575,0.0001593115836237257,0.003994827667727951,0.0005344880817382829,0.0027970609373247925],[0.0023652952538930796,0.0013557824524253574,0.010059576480204556,0.0021520710891300057,0.005882100413361621,0.0012344451112687549,0.0009837649480305538,0.0035899245330049427,0.0026898660479406523,0.00283766599454555,0.001475307808307116,0.0007427078430641753,0.0006969183578509408,0.0007734429247255632,0.0007938040359276738,0.0010354076436099504,0.0013573283917146233,0.0070390319999883285,0.0026064627380142326,0.0004225538523128948,0.0014842677725487674,0.004727483684786155,0.002658337778181198,0.00772162205730342,0.8814989180919962,0.00012698165291004287,0.00017733426198685188,0.0019504922921399482,0.0010059060714972127,0.005500489510027128,0.001347337274746988,0.00011176376500890709,0.0005250516926277905,0.001447058449313021,0.00010199648254748772,0.00191069285283508,0.0027641832562265867,0.005044788996053185,0.0026971575856773807,0.0005283018507546604,0.004218066378309644,0.002336777260385416,0.000709580152885746,0.0011835389450252371,0.004147795572598249,0.002026790364635055,0.004069353418989858,0.000501452596276636,6.386560441260236e-05,0.007319156407992964],[0.0006608719450276963,0.001750105674019196,0.0007224938988688054,0.0028001551560362836,0.0006779584705869597,0.0026095222031310766,6.657686902306089e-05,0.000293998160044559,0.004926728101526882,0.0012143715919402873,0.006493732502300871,0.00020630536108919248,0.008868188681901033,0.0002911352500075014,0.006043175393876481,0.0013431021204138804,0.0044463203205381,0.0009026761640810456,0.001714319665798335,0.0006746912225815447,0.010018161012928106,0.00028090712200125057,0.0017617687854772353,0.0004978171523176542,0.00023226570626752867,0.8810471531193876,0.005605468795625864,0.0009371551907101672,0.0023662260445993454,0.004078352860105258,0.00044172481598215733,0.0007118300262431485,0.0030158453236263675,0.00041290746767987774,0.00609620738859199,0.004217270840180731,0.0020660031259318204,0.007075065549908461,0.001513134410669874,0.001830910422305548,0.0009324339428258929,0.002900322623457092,0.0008758018311046386,0.005996217484828945,0.0002058799268522161,0.002218780666220053,0.0005178035757360983,0.0024561021261847154,0.0005717811660213404,0.002412272743436269],[0.001604511498298174,0.006862090340595957,0.006642286749303296,0.0001724467741743963,0.0032088627719452996,0.0035293371859063615,0.0005253544468995775,0.004049634858253243,0.001243232872732595,0.0025049878911981615,0.0004628643850386685,0.001335872921552615,0.0023666160509985463,0.00186380192143274,0.0011901272957823125,0.0007374175623121723,0.005094754350980825,0.0001211412005154261,0.005256792769196822,0.00036738655112071334,0.0010861259092042903,0.002807577016238151,0.002791299454207505,0.002175342943974381,0.001645498932548748,0.006590962228321727,0.8837213611001024,0.0011789519751241881,0.006017253639211319,0.001579225713080323,0.002580773465601079,0.0006512625315597444,0.002559033919045443,0.0009756530510673097,0.001455495669232664,0.00015754827156956686,0.000375144467312102,0.0012827416328701933,0.013122250477253352,0.004585039439750581,0.0010133964625186572,0.001668507842884422,8.705020837789032e-05,0.005626715795265867,0.002315170675847773,0.001082935448928474,8.363715681457321e-05,0.0008165497436404188,0.0001926848718070158,0.0006352895584019984],[0.0009890619471338874,0.001998733466294953,0.007068326215707448,0.0009462040308208029,0.00020027534655307693,0.0011014052562608706,0.0001465518131337486,0.0014824493117056852,0.007089729583445065,0.0010322632576092081,3.0490023953492182e-05,0.00784146059848792,0.002108814651949037,0.013235313927721825,0.00810322918304367,0.008493276173840502,0.00018757142532253764,0.0005307850607581987,0.0007138888012842641,0.0004734191331545698,0.0007490246047426281,0.005400053636874425,0.00177193177754187,0.005314991297337932,0.0001877857905140308,0.0021628793833745738,0.0003463563864039735,0.8817301879669569,0.005878295359078752,0.0028135298674684677,0.001531157940343738,0.0012350515594337936,0.0007038653383787848,0.0017242790439021495,0.006290963578563921,0.0010074945161130644,0.0017160263663510136,0.0006834372274458085,0.0008731938379407708,0.0017252557071824096,0.00018228804326204264,0.0032406253975639835,0.0011830034826204908,1.4722093103864054e-05,0.002979771555204188,0.000895244585412524,0.00014887471574852527,0.0002906924681275194,0.0028937743741802007,0.0005519928906468717],[0.010832501341437166,0.0016465428787650045,0.0023972660789886636,0.006583889646494616,0.00010464951498555505,0.001097317499649701,0.0032629197385049507,0.0015691756819441447,0.0020301754710538903,7.376967492637253e-06,0.0001455651676369301,0.0007641158735757872,0.0018443560891988752,0.0029184668181356996,0.002844687248870411,0.00033840011506930146,0.006594735771044281,0.00142517281511579,0.010929659126526672,0.00025959136653603773,0.00025803032848860304,0.0003695829448627333,0.0025201091346643374,0.0011011228545165324,0.0004217548788391865,0.006347745072937408,0.0003621914709139733,0.004930867732504813,0.8866376955698396,0.003093567457505929,0.0028318212901231486,0.0054251810334679145,0.0024647666676055192,0.002868597074083452,2.3348276456510185e-05,0.004060062574745758,0.0010737704849974022,0.0002370072307051649,0.00023023053221665703,0.0001627227554438673,0.0010012765726437434,0.0022146898587230945,0.004522815386921682,0.0023239975858893778,0.00013814217740436632,0.003731564399828613,0.001961528712401909,0.00021367313202635426,0.0005310437450231105,0.00034452785319311963],[0.0018249025193431334,0.0009548478259274465,0.003561557128352341,0.011731331369386321,0.0001851762023913679,0.002359165088817868,0.004105774833110442,0.006454279357973634,0.005407721065992727,0.004577729250499227,0.0004345503709454674,0.00014656808897827383,0.00010758898596284167,5.896709225156639e-05,0.000918601936239069,0.00422229265785927,0.001182444836911292,0.0018222013275868778,0.0006150042871964524,0.004095607393545274,6.626019693296083e-05,0.0002882951950715376,0.0026536506557694036,0.0005986488494074039,0.0006669545010558465,0.0003261181994874016,2.7140679924844916e-05,0.0014363073877984105,0.0023832238807577843,0.8884308436600558,0.0015120649016743244,0.0037289294362121282,0.0025836485928847326,0.0005782599280440703,0.0024799978460730426,0.00037070630283863915,0.0003950879115970048,0.005494904036430141,0.0013503833173349952,0.0059519654463007264,0.0003943179503547922,0.0015574536496114396,0.0008024219859589101,0.004330040608522495,0.0047050201169613545,0.003089809353054915,0.003941271650934331,0.0009191060566028853,0.0006869499398338882,0.003483906143243003],[0.0025736150886295868,0.0009697842148731239,0.0008022323880424859,0.0008409430516240885,0.00012995948441173335,0.0030303096057087368,0.0005890050127330714,0.001295404508345216,0.0005450967983600181,0.0005822813766163728,0.0003897582542203618,0.0011414633361727011,0.002409291781991408,0.003688938861157347,0.006723065080019772,0.0017277515160893679,0.010296806443803354,0.0009596238417176639,0.0015938242621118788,0.0036292241059724417,0.0013812028408683756,0.0012963134798765206,0.0006151188055945661,0.002123538234672298,0.002801609296285441,0.0016270123403780141,0.0018951037812296274,0.00299141167849443,0.0027279663213900457,0.010377702203119754,0.8852646361365878,6.439084820444036e-05,0.009695347957975832,0.0008233249393019586,0.00012171780456801245,0.0009290050040729126,0.0016480330973809513,0.0004929707473692834,0.0010168145080253948,0.004823477010566967,0.005065590600786109,0.000937442537718698,0.0015640673559464793,0.007205821691136245,0.002011193314036361,0.002293773016415266,0.00044305715465921145,0.00031056359733386437,0.003468050936896218,6.536374650822675e-05],[0.011798493859675543,0.0051822989811531675,0.00035165186077942324,0.0066772165250293765,0.0033407636403410905,0.00016418845550302666,0.002042833444262055,0.002369178869173666,0.0016617669723993276,0.005065902862858595,0.0023662551583247676,0.0007892540347941613,0.001610716461802422,0.00026892611355571833,0.001182363893746633,0.00016242582468820274,0.0050056154982072625,0.0021661704732294164,0.0004220703630772656,0.0002477344526312639,0.002269941491620481,0.0006195501017454251,0.0017778474967073358,0.004977682228337195,0.00888101835883017,0.0027502604426258514,0.0012015043848048763,0.0010317960511729946,0.006179781760868789,0.00033070719856810105,0.00018534800543060277,0.8805480187299788,0.0033914939717497442,0.004540659719277804,0.0038600040862320057,0.001367860854427533,5.492218763650985e-05,0.0012762381199297231,0.002009925272717191,2.1643412040089168e-05,0.009675435486777146,0.0014066663210340758,0.0016315758943438725,0.002451812172752943,0.0018245935955418851,0.0006991393968959736,0.0004528933132930664,0.0007178051811102493,7.392329274858779e-05,0.0009141237255686476],[2.0959965573767135e-05,0.003524439519448698,0.004450443672138167,0.0017177752095686705,0.0016450671146799008,0.0010263544625353405,0.0013005066822131988,0.0006492942366771224,0.004482649698176372,0.0025292941870356843,0.0004479892763367957,0.0030752858093385403,0.0008939413448947131,0.0010628933291424896,0.0005871547160042205,0.0019600969204947092,0.002859357608987645,0.004678054442082844,0.004059862647372174,0.0006712584875703687,0.0023606378948553535,0.0028973012831342683,0.0033890493368162627,0.004256569230922902,0.0041570410205760905,0.0016439092071842023,0.0027964982120190175,0.000891668038318402,0.005864736059454826,0.00036218364990083326,0.00026479542755835175,0.0020184265801259623,0.8840234039978483,0.001994593050629485,0.0005194760856579402,0.0011352666154134607,0.0075434061132952325,0.0019888983606996757,0.0017710928708504633,0.0028861531761514778,0.004269409020985019,0.0002274167838764746,0.004575027332112178,0.0007398803606404704,0.008163885786639891,0.0004199183731415517,0.0038323315548751307,0.002137349894023729,0.0011556657385525233,7.132961346906283e-05],[0.003484444594417704,0.0014765882501878156,0.001264927384309292,0.0005605181943633513,0.00787060099686738,0.008377956545207784,0.0013692870167988918,0.00010469275981587746,0.007550859341921493,0.002550533254369324,0.000471932542642534,0.002442370527037504,0.0015783094064484313,0.0006224000105167132,0.0003750381486945707,0.0013150930344260723,0.004612195256680116,0.0002551352063279913,0.0005850263479846298,0.0007051746111944296,0.0002455339506251403,0.00601755071660852,0.006811067151538557,0.0011382487250981115,0.001234871808982643,0.0007255045388191519,0.005694889139686974,0.00328792972148883,0.0018529011108072374,0.0022527629384861045,0.0023478145191003774,0.005601126715387809,0.0036026999371931785,0.8805689779310769,0.0005207721250934165,0.0010007192298547099,0.0030319669627180885,0.003471031779912593,0.001005646161441217,0.0022266654667297955,0.0017415947808449837,0.004748503647734213,0.00223920537289861,0.0033018849835354776,0.0028421019282756197,0.0004121650422868298,0.002777123226732215,0.0014248768406549433,9.05164800947425e-05,0.0002102636360810734],[0.005020552807357367,0.007168971907166293,0.001078938115916813,0.0007480087009775067,0.0019019050503719462,6.623497321387397e-05,0.00034755271460099133,0.0018998292698898065,8.475151789925716e-05,0.0019796060938118004,0.004202459798372099,0.0011721091731412506,0.0009281986164063091,0.0020034605975051776,0.0016531893608077682,0.003370072660970677,0.00032674815847467855,9.167357273762934e-05,0.00035623477092400837,0.005503053742497777,0.0021922859384410306,0.0017397291192531152,0.0029368182198072704,0.002284894575518248,0.003276237037023593,0.0006949630851301117,0.0027113154927392016,3.75139056132473e-05,0.003380355373558207,4.60838292075788e-05,0.0024205249314128542,0.00028720591894829193,0.006882070484090394,0.0008686956156417526,0.8801111353612454,0.0022815152411223834,0.0038910383817428174,0.0024006477264561575,0.00857475166970712,0.0038551098068132614,0.0006055463541235357,0.00029058086416112956,0.0024713227311538724,0.0002946535935860073,0.00713572385360158,0.0007095053322880717,0.0074635308283729765,0.0028598741311627457,0.002471975249284687,0.0049208437457503],[0.0016653544148909406,0.0001582894481076709,0.0013465359620123411,0.0009781796496904445,0.011908333152922558,0.0012500278457933211,0.000621294001031752,5.809707808309352e-05,0.0018101452474261752,0.005279041240164438,0.001556064008749965,0.004872592209943606,0.0009017808215946454,0.011749941047237169,0.0004454241564119423,0.002451411831404467,0.0035674513381752757,0.0021443056415154024,0.0009128902975626364,0.0005164628974295364,0.002660417533996943,0.008170068127181834,0.0016109861060524882,7.007289399684198e-05,1.4569498104674336e-05,0.0004312253890027887,0.0015370022169866983,0.0005741306833795691,0.00014130754081884508,0.0008711665887901356,0.004715571145051224,4.2717093654727404e-05,0.005531081699883759,0.00040583503562609057,0.004015715598067473,0.8801840401940589,0.000846729699887146,0.0031647952536598013,0.0007612603753913923,0.0011872341781912355,0.0006527366693012053,0.00010626078196168064,0.00043415578596616805,0.0008262269369027341,0.00437132377226988,0.005220074121085155,0.002906271989403694,0.003942987058220252,0.004667875642285636,0.005742538100673595],[0.00016693033547676041,0.0002908390003316187,0.0038510085751062412,0.0001068181454496697,0.001921738429233895,0.004019954828281096,0.0062829220427637,0.0013316670793079592,0.0012486545182167812,5.132410681385778e-05,0.0006228945080400037,0.0006066523933763196,0.0012584980081162178,0.0005188651755954967,0.0019791185668982243,0.0032293362810797616,0.001783838272172578,0.0018801989048511975,0.0032895830152236327,0.004849039043627549,0.00553441641069445,0.000658448633461959,0.0020502425204836357,0.0018852065282035117,0.004217883603086341,0.00517127675031613,0.0005853942449133346,0.0031599038655329937,0.005189558292560286,0.00037858668888428044,0.0028703606501526476,0.0004104533561424481,0.0020892793555769397,0.001123412481659402,0.002750352611878711,0.0007544863296453369,0.882442494432486,0.005356972284334158,0.008697991242408642,0.00031656078521383044,0.0039051590218018477,2.481009994507688e-05,0.0031060546774081795,0.004105077366996168,0.0017896593387616343,0.004914825145130726,0.0025112784104170953,0.001312771484240537,0.0016457759237035006,0.001751426233997582],[0.0011517102034872156,0.007154571139630855,0.0012605630993029282,0.0013529366581445693,0.00035200237736863083,0.001560482884070317,0.008047880995885062,0.0010684366352840082,0.0030799827704572785,0.0022287575537755146,0.0018024926470656337,0.0012093097716365565,0.0022762369738768317,0.0004902634374328468,0.006770358771899651,0.0011718084405448702,0.0014568663049200378,0.0019344174740885164,0.001631466223526871,4.752655134995157e-05,0.0033074093556797004,0.00277927068035967,0.0036712316333885452,0.0011897958059044968,0.0019777333031633544,0.0015180314023064314,0.0006987348267081811,0.007194189696329786,1.3454040175967785e-06,0.0002089541781412833,0.00039481807343227996,0.0011373143987498397,0.0011011964542255118,0.0014095686129268598,0.0015352576810260786,0.003157972010143463,0.006063186955506611,0.8822383824110437,0.002403410020842855,3.5836038494775e-05,0.007560387311328795,0.000609260799564737,0.005312810508389918,0.0004052786075613059,0.00028709689609854327,0.0005397779682629825,0.005686040147400677,0.006541566017812843,0.0034819726659188,0.0015040992215222683],[0.00206850652552876,0.0013478176514875174,0.001118840234127249,0.0004283945774663089,0.0025618495270948055,0.0013853001445361095,0.0044031840011490644,0.0011586583126122806,0.011167972497807217,0.0012289186884420992,0.003375078670377154,0.007231214236062012,0.002250791518787075,0.0034571299003237467,0.00030540026894678373,5.058787110940817e-05,0.0009263690763247214,0.0018271539342155153,0.0001761270808004236,0.0038049923014340306,0.005807611544150836,0.00033422278608446625,0.0008107083711880577,0.006344802801166343,0.005056976114262973,0.0004530520013708771,0.0042155492285993554,0.0020638184469648126,0.0037551106955993154,0.0009487525839152619,0.002057561139348767,0.00034982367196634734,0.0036405186922612302,0.00813318514360417,0.0009990084947267854,0.005786266840255312,0.0002065198480495294,0.00045457539608762486,0.8800467852511227,0.0009949588179412668,0.0014911265957289852,0.00016102188063340522,0.004756586873501879,0.0028985592004429944,0.0007998203536944654,0.004404600720861741,9.112988552337559e-05,0.0006803034273097188,0.001839728278682661,0.00014302789632246427],[0.0008818996192332208,0.001391976506907016,0.0007565114606917342,0.0004180057917801365,0.0014167597173715427,0.002387840076731452,0.0006032833740584521,0.003708255448117191,0.0012790895952709785,0.0003043411109725869,0.002748410172451672,0.001039398912889639,0.009879736398828401,0.0036604587257463624,0.010399724366499625,0.007137862195829414,0.002587339007165082,0.0008643293157389915,0.004784333110617114,0.005268090432934405,0.0004337134480848822,0.005535913243897096,0.0017988823009010251,0.00026483728911476205,0.00533651269128372,0.005064227645851577,0.0013084590439389734,0.0007059541592870592,0.0011387867380299203,0.001225100251506988,0.0011907511571199413,0.0007125608328570564,0.004827236401294181,0.0012219213725753121,0.0002076870102269382,0.002043497668725699,0.003956912926885588,0.0002985662459657146,0.0003583665979314015,0.8802561654916747,0.005642125875514909,0.00046812375941812466,0.000154730422190644,0.0022977599865870897,0.0016002288449834328,0.0016719153162620777,8.678540231599718e-05,0.002246515898567691,0.0038530588127776355,0.0025750578243948076],[0.0009788549341948332,0.0002050403376246407,0.0032269702604259074,0.0016170317024483665,0.0010848315666526411,0.001139380858149962,0.004448343166869443,0.0007419835788068562,0.002197365900499244,0.0005479909896513638,0.003759413498690686,0.0002212574155495014,0.0015135187866245356,0.005712563074348528,0.002062487356171865,0.0014284848915317283,0.00011111837027846402,0.001191244841246623,0.0024663957467628323,0.0010038695418551234,0.000253877564616917,0.000751894043572413,0.0036920415622877065,0.0024712282347765105,0.00050729706215213,8.7601776400085e-05,0.0029871906123284863,0.0009675476277894521,0.008305551548749308,0.0018056864189735073,0.0011523981085088898,0.0004382864839388971,0.006674203382887142,0.008754128892237449,0.000850604887363224,0.002336381776593999,0.0021494179015175948,0.005157955159192058,0.003900264518899648,0.004301226368323952,0.8824612630643239,0.0007697174764502254,0.0015135410483220807,0.00425510540708818,0.008927214847413817,0.0014274491584722435,0.0003563816061727598,0.0016523779155663883,0.004367248818917285,0.0010667699077806054],[0.0014576268329372943,0.002110383719582783,0.003166112633917611,0.0007754430571405579,0.000254405368562677,0.00032246663463263907,0.003606067569169422,0.0028653592192691172,0.0023440833385061847,0.00011969184481896942,0.003892734499938749,0.004307141847411633,0.000791557412066036,0.00207301998442223,0.006140145578865605,0.0039867686349415584,0.0009147336711535438,0.0008125145912546113,0.00130231405498747,0.005290444810408783,6.76981644134903e-05,0.000845624989560698,0.0006641366331046142,0.0003031342190911709,0.004493057328052068,0.001009432098697965,2.100103242360417e-05,0.003717300624128646,0.0037690602924056907,0.004351561529753844,0.0014576337362180935,0.001246444045560466,0.0036831737076972876,0.005629504952711144,0.003681538317361168,0.003309581124437814,0.0012685188348299289,0.007817243903768662,0.002105231182605344,0.0009292102587286741,0.0003563618917024018,0.8834257092824005,0.002509065734063244,1.2459594623240795e-05,0.00012593000762766473,0.005246409162221034,0.00011880756315952685,0.0035100068520366526,0.005459363359984045,0.0023327842726437887],[0.002733912070008569,0.0017341676948055564,0.0006362923089832133,0.0027452461923436634,0.0019773497550705974,0.0008428943362025318,0.0003032507300557994,0.0018368439511592673,0.00022196054285524065,0.0009642528668145604,0.0007721751678969356,0.007091163956475004,0.001994986012505126,0.00047448485288469034,0.002569740519102592,0.00023359600107234992,0.00031535751648342867,0.00096132353143829,0.0013659411076018852,0.006318042260188607,0.00014688078138435612,1.81559615311285e-05,0.0016250978955511335,0.0032686147099040795,0.0003098495570630174,0.0004966999630839005,0.0015157776077902058,0.013749870467397894,0.0028602372251803803,0.008063100036477287,0.0029134410519571904,0.004961340501321192,0.0013868845679373561,0.00022325014127342463,0.0021302386012148193,0.009755472728587936,0.00030379978313309656,0.0004670468560418746,0.007892166881499013,0.0026818267596072413,0.0005027887059674357,0.0009860771154936586,0.8815126331787329,0.0034320396657603978,0.006278322868462005,0.0004484049497544124,0.0034704361953497814,0.0014576112074568494,0.00044496031996356454,0.0006039923411746963],[0.0003899011265429962,0.0027441745428306258,0.0015070595990741122,0.001143457484123565,0.0025751942613922003,0.00020710927604082575,0.000673502093068239,0.005465681057042349,0.001165404347065698,0.0011055490103357114,0.0008506764537485368,0.00048434144112777515,0.006152913511944639,0.003996380421214328,0.0006458060309693124,0.0024663796582548177,0.0007332067387431304,0.0014348732251376812,0.003342654015130107,0.006630537174962703,0.0025180063651448702,0.00042268336957270114,0.0026303067817578666,0.0032579821414313384,0.0021961172325234727,0.0016981680497287063,0.00014110740821403627,0.0042669538900049955,0.012051949283492366,0.00022504222256617657,0.0010190486089109948,0.0005451646312022899,0.007338716336186149,0.0029401885887689345,0.0008708162490297791,0.0041931042088140195,0.0014312493701208121,0.0061238281001686065,0.0005620113652878788,0.0026289585746085637,0.002640200038712864,0.0009016166582839696,0.0028567578972844175,0.8844747568102704,0.0011307654649473113,0.0003375741064697633,0.002182628417034001,0.00045762546278920705,0.002597751665272582,0.0016441192326515396],[0.0034437575485996895,9.165256996362208e-05,0.005529197568431484,0.0027022539186794016,0.0022309334630484907,0.00021982580480565326,0.006579399630403969,0.001305449604448681,0.0017372994254713711,0.0011528183192189379,0.0002266622836510898,0.0004573900076923012,0.0013302964718517076,0.003220988575952139,0.004180204772233779,0.00041774414584971116,0.0023239923884915987,9.706049152677335e-05,0.0027818712012887023,0.005655624324229282,0.0030754620658047043,0.0024518795703564788,0.004542977424398389,0.0003372053912410357,0.0014721832370559863,0.006303636475357267,0.004087524662392091,0.0017439093095969766,0.0014014162147269727,0.0037176875210962472,0.00038114375378224503,0.003721835706459983,0.0005376370920041498,0.00013444141984359227,0.0073009201211298065,0.0018732593206531542,0.0025452984625582297,0.0001569614087915304,0.0009367393562871154,0.0036676084019128205,0.002375287328272299,0.0011528449903633134,0.0048110361392870345,0.005623711336824907,0.8803061679725924,0.005480282491733024,0.0008839721002939539,0.0003588171628109255,0.00044079290734329643,0.002492938139191733],[0.00035813223493672637,0.008910484623022196,0.0026393055941544537,0.004464211605348605,0.00012231624355272196,0.0025356526969467752,0.004766315765547432,0.0006523570104231817,0.0018076062930195993,0.0002686165813315798,0.000989807311409928,0.0026099477551985097,0.0007776591581956713,0.005602966874515152,0.004467335517594992,0.002266159154400817,0.00018171299547503384,0.0008429375915085668,0.00018775732628024212,0.000389285956589031,0.001877007005773564,0.0006498649654679332,0.006667918622184492,0.003228836262572484,0.0018087356766683265,0.009243090435883422,0.0015210265700790035,0.00011756681211678004,0.0003330641907362163,0.0014204813380922104,0.0002518358686724059,0.0009067699740376178,0.0015436719648229782,0.0019358791249331159,0.0023918289187225654,0.0022630672730412182,0.010444145637656018,0.004388187344094156,0.0025486782781271263,0.0008324595278208027,0.0016735516764510028,0.0014946147882765116,0.006874127267006809,0.00041588023323331513,0.0010465483508650553,0.8801006359569116,0.0016427821674567565,0.00361654767848339,0.0003385534584797572,0.003582074341882144],[0.007660959524040961,0.0072713834795983465,0.000546668091741068,0.0035064468090464256,0.00046568212179133475,6.479983088977525e-05,0.0006751736420255153,1.165648314465771e-05,0.007670721824734488,0.00807003381551287,0.002679296303886702,0.0012385633823625499,0.00017710373118949043,0.0042285092895750775,7.753046251369496e-05,0.0015606933713681855,0.00021156717170267117,0.0017366453697379171,0.004425434854433818,0.0002757294917779661,0.0013617563748063771,0.002020214626672743,0.0005604521973497207,0.008049677719175941,0.0018647669026379632,1.596817017922708e-05,0.0002462097737333499,0.0018746489513776197,0.012204686325436689,0.001134858553595689,0.0002736553928670157,0.000270041258004027,0.0004939379747000714,5.453915294316973e-05,0.0014079719605904009,0.0008787414510940615,0.0012559407201114716,0.0023478869951888207,0.0002916628667409608,0.0014113481090023592,0.00029605704694633545,0.010369181098107493,0.001255178386456788,0.0007102771342127657,0.00845680908383096,0.0005491641963394728,0.8841763575843747,0.0006364972494319292,0.00035983029164093097,0.0026170834013773646],[0.002705061482352792,0.004178633663930995,0.0007194603631214731,0.007569670159576226,0.0010418853103537674,0.003221587143237904,0.00019235594221243151,0.0024244547234038814,0.0016293334377272936,0.0004990088091937634,0.0012887793674628677,0.002780846689815622,0.0007151832813971311,0.0009973130402743202,0.0003001238696754825,2.2767978470237913e-06,0.0025642100564795827,0.001651190936999964,0.003408759348237291,0.0016870281811887729,0.0004875722430657552,0.002033558220569557,0.008428857848834214,0.009055017721552051,0.002509131005869548,0.0009563343054198813,0.000879363101023004,0.0029256743198984446,0.0001730879698433178,0.0026990247462210524,0.008693341774543168,0.0024437106667350157,0.0027239147182755987,0.003053564082394979,0.0006142987943517355,0.0023277310733326646,0.00012147623081939815,0.003997051155092731,8.584470265116754e-05,0.003986494050930926,0.0014434499158581515,0.0016298124712547405,7.93192049571486e-05,0.003002265048888151,0.000896623147104971,0.004382053695250842,7.190754005300358e-05,0.8810828311343375,0.006074983955680152,0.003564542550702586],[0.00421213309454769,0.012552715504666486,0.0030483740879307442,0.00021132451090410606,0.007357824995850925,0.001482130607865543,0.001819141615491624,0.0007864038161647829,0.0006430558211437375,0.003949894385820695,0.0030650247834952985,0.0005600961126011519,0.0011748015102623658,0.0016176140956206395,0.0015858957702579184,0.004400640359679678,0.0001997812487149531,0.0002786274781437141,0.0006035363475888655,2.576006520408799e-05,0.0008112783199778322,0.0011028267860270042,0.0036197358834783987,0.00023316458189628558,0.003750894036405521,0.004880668716738038,0.001812686334598909,0.0021059914914302196,0.0004253092857633993,0.00035272861432085294,0.0029407380232886176,0.00011253952998319431,0.00013488867314167288,0.004205547612632475,0.0018688169978709904,0.004729218272373822,0.0006058073733607848,0.00023987678593486366,0.0007127875613177738,0.005854651828650748,0.0011293571822860889,0.001428022443001733,0.001473600108909143,0.0021000952344113048,0.0007791589341150677,0.004068078105627291,0.004093688058597971,0.0037827988892816544,0.8899715089687329,0.0010987591538904537],[0.005151713678781985,0.001848823853520358,0.0024810757786034297,0.004506452828279645,0.0015268463355306804,0.0018802050590625333,0.003412771773609764,0.0036653020770735607,0.0028944942539157617,4.158592602074059e-05,0.002558809303756512,0.0019397117513617898,0.0034219727890281134,0.0009296511108716652,0.0019040870088615446,0.002695168092996539,0.005581290566408388,0.0035051567518545796,0.0012029643797789088,0.001994845906351843,0.000711114564223912,0.0034374359785422147,0.0010945569164980745,0.0005747838655623182,0.000935213726583058,0.0017262256935097616,0.003960503031640662,0.0018178186757167095,0.002432371495850116,5.822074806964781e-05,0.0037407054787160126,0.0002434738766445666,0.0018510155282989204,0.0018069809958405469,0.0011613402820244694,0.0006943598975538755,0.0035940133630950155,0.00011017746428550379,0.0007665600641052346,0.003818376784312521,0.0077431888265557065,0.003640050738839689,0.0027839985587027414,0.0016432983709873798,0.006063335088512982,0.001332342894340546,0.0018653606752288448,0.0026879873798857376,0.0023396277621918564,0.882222632048013],[0.8804965243760737,0.002328683949585495,0.002747374469658203,0.0013879358389832772,0.0017631739322739955,0.0010037557568191911,0.003526029633054234,0.0038524633910894954,0.0023987305062631702,0.0029223023101500557,0.0006687736851680344,0.0002133301462093373,0.0026058607237185666,0.0011073364974981785,0.0012503898899859092,0.004268612987734865,0.0002455057964453499,0.0033125447868079267,0.0030584201738040697,0.00062615149927602,2.3930276567088265e-05,0.0003549054271309811,0.0023099718572237946,0.0008187250741921795,0.00035361235476486636,0.0034958811797967003,0.006181322656479401,0.0014444946556881999,0.002222906678290191,0.00709384572854249,0.0013087961564825462,0.006147148519072546,0.007308551438390242,0.0014010725371236797,0.00025294784782226444,0.0008342516581277504,0.002806427108560425,0.00426866732587897,0.0038629509662517656,0.0009300955603365624,0.0019449951170696566,0.000414516496652434,0.0010544707515965852,0.00100536385673954,0.004332594761201706,0.0015188176258981196,0.0008189251467750822,0.000457058649995489,0.004233737827680789,0.011015114409068834]]",0.01889619601524614,0.1807758964891043,1,6,0.14285714285714285,133.07849893179312,9.631727657843232,9.631727657843232,123.44677127394989,1.9622076079695077,9.945465543866398,True,True
50,1,reversible,"[[0.015181376668736665,0.007388475057814227,0.014472245331554686,0.037040842617414416,0.00995654381365412,0.011928689940906404,0.029971240747705366,0.005676283283692956,0.029972139029889794,0.030091126567822823,0.009299606719935719,0.022136834731976193,0.008339832616700325,0.017379057055249017,0.016507021026098766,0.023325662854168164,0.025701421217160195,0.004577155767094842,0.03540545637754605,0.021918865319997878,0.014478377788817592,0.02024745818554128,0.0166713349889274,0.03343487151153447,0.010813856746690276,0.01749444531125201,0.018494239502990506,0.02386952766212141,0.03221164100609826,0.017149008928341345,0.0349818049137022,0.023832885881444065,0.01943424532373411,0.02142046761642074,0.02416515870571638,0.012115837013170781,0.015214437981317181,0.03184730743209133,0.012057611764468349,0.02511505338524364,0.02227013120707678,0.030375104937748143,0.025874070288765105,0.021877782360677188,0.02049936172486815,0.018514150765769417,0.013003872687785467,0.009723751290204015,0.015299961742667973,0.02124236459969577],[0.00670271310403694,0.007405239924842558,0.03125319993600036,0.024571301674179303,0.012602376192472174,0.008751604695325994,0.026363903107537313,0.015415111252585713,0.014635759838238956,0.005270667370207782,0.015681316918098313,0.02996813841992556,0.027045254075954237,0.018812694870686746,0.02029195507651676,0.020737120970553684,0.009610845908420486,0.02154871275969248,0.022361149831179778,0.03570540588948439,0.024742925286440946,0.006515749757680169,0.02350589729067174,0.015381321988352552,0.019790564093473087,0.017461179807779083,0.015814281318046405,0.010891459066803031,0.024755448298074006,0.017060527220898614,0.018875282402467646,0.026418678075073188,0.005236568429652923,0.02005628724772083,0.02362780537534326,0.02733224442003697,0.012188966777369524,0.010594482883847815,0.02512506768069911,0.024564437033075558,0.028063933614873752,0.029649975125180687,0.015417838739028163,0.01592387105913968,0.02104780641671112,0.02956700787332435,0.01960847376193082,0.03618818890511794,0.0334277939191461,0.026431464316101317],[0.012362413901182317,0.029428358298146252,0.0347312113317196,0.022738813252138113,0.018755000909002242,0.008505079902621691,0.024586168747165318,0.023797147621792886,0.023445587097162345,0.024350766035180264,0.022254733998847493,0.03128192217671272,0.010842036048506096,0.025979579003414098,0.013421282820775845,0.018446926512640422,0.015767249161735462,0.015539445452205201,0.014816180223487524,0.02156727032003425,0.032349694370218514,0.011183777021951597,0.021887580479341827,0.0179139054859418,0.026430891078974193,0.020700375826294908,0.014899428388615703,0.014111726189232931,0.011861382056010278,0.026313639081888184,0.021174574229696576,0.022475720820140505,0.01649438834281158,0.008325151878804747,0.013766079586253518,0.015224715421608448,0.013889584572252625,0.0229558134702642,0.02037189957654663,0.011248220209446986,0.010916978368165206,0.025397197455182177,0.03164904527481414,0.03449324163158986,0.005344823725062769,0.012107726956161026,0.027538428935226875,0.03090908924050946,0.020675179490321487,0.0247725680222012],[0.03058216635727346,0.022362468080085917,0.02197798232664608,0.017391338220123693,0.01893575012988669,0.017210074293672516,0.018739087646612782,0.01260868016697904,0.020459022352682796,0.02881257329409215,0.01970502773032731,0.02599495932520882,0.03082215592157226,0.01401104538840639,0.017982424114592596,0.016983082010490244,0.02696025916469046,0.018821030009389377,0.016510579008169605,0.017043525856179357,0.02097703446480398,0.023009362449748612,0.022395032092357933,0.03325102762961961,0.023132423598333455,0.025464114807946376,0.018336513478563552,0.027812559023783368,0.028000044990764476,0.014497057227547324,0.01025699092102585,0.007329273276312111,0.01966220991286296,0.011535936669106565,0.01644976497615646,0.004268301400900365,0.028206037365284715,0.024455179564178336,0.013742885741222004,0.018821478210034992,0.013527229128855362,0.03204408755120659,0.0281196313038251,0.012485007484626196,0.012711775922178732,0.014384776528756554,0.022905300444425063,0.016267497033834653,0.02537031877129179,0.016667916633365434],[0.00857439291832339,0.01196331098269778,0.01890795227431898,0.01975103675391718,0.020426064066037107,0.026365071047760973,0.010521850327465618,0.01098962892590938,0.012969760574106414,0.014779526528598845,0.034593784990799965,0.014439759585470616,0.013097639114470774,0.022248115805985458,0.021429779046099686,0.01626409286432383,0.031068686326910854,0.01646217545181824,0.021718213816559535,0.022226148838998018,0.015414275183736914,0.026261723590642664,0.03008466230426245,0.011063314056802968,0.018055364339228767,0.029137417743995232,0.02216449963726574,0.026225608305613067,0.014123800172287518,0.030946983737786978,0.016885262543116522,0.0062253789669307995,0.015729494448981023,0.031199477624387267,0.029981539148449535,0.027148759661238673,0.005424572424473989,0.029207334389812264,0.028556889329960228,0.012651071525800328,0.03182604403827983,0.01589821260445206,0.004569159848884666,0.031219469866597443,0.018858715610012886,0.009035000276530635,0.03199119587413277,0.025762691809710237,0.023357622449204078,0.012197468246849854],[0.011538050515294116,0.009331072402696877,0.00963054178500671,0.020162066466821726,0.029612417239389212,0.023457878961165832,0.014649928985818189,0.019806148851289715,0.02072467373057303,0.02096630515438857,0.020701650987994286,0.014315073077282579,0.027948818279824216,0.021888089416190325,0.025650847560601805,0.01879070412869157,0.01589919461894286,0.01522820013641931,0.009499720776866684,0.02203128131228074,0.028302400691874712,0.021993718290212995,0.03144206505183902,0.022336484915514054,0.007624277870815291,0.015002684921330353,0.02193861415052008,0.013229323830625684,0.026642056675719113,0.008453354330154482,0.019648961028810977,0.023435020774922242,0.030228751690771657,0.030862489718184703,0.02075630697752634,0.019461496718456393,0.02133029870887438,0.023285312595170745,0.02541515726907799,0.01354811586084005,0.022090807671586565,0.016529480282643595,0.022818293044761948,0.021283331069567167,0.036461348624939896,0.014267571076814216,0.022441660665291064,0.02005471499785905,0.009006629514396989,0.018276606593359793],[0.028386748365468784,0.027524840655519772,0.02726053783112694,0.021496709097671866,0.011571995967515705,0.014345205018105142,0.009495778425222456,0.017384661263181635,0.018184266789435962,0.015721944372106264,0.021981200064456537,0.02141051542171771,0.01071582540824881,0.027033198200467838,0.008625521369127418,0.036881597505485225,0.02481441535053539,0.017408686795360333,0.027698726285067303,0.0069620537990967265,0.03384508765079819,0.021626545345472932,0.02475927433040838,0.030449583808026096,0.02849945346709772,0.010664271579061146,0.017543802720858905,0.01206550907102003,0.035849220053450065,0.017210474482035047,0.02309079608128674,0.018471995378224346,0.007047118103085521,0.012090230893786724,0.010562266992278349,0.016534356038175206,0.032237013676331076,0.014688870649157092,0.011191678179480935,0.01409461276675874,0.014575842332581619,0.027836038648775607,0.020817908669311356,0.017106339052621173,0.012678678479445371,0.030707067516827974,0.028921155344446895,0.019403105734838222,0.02230609216563257,0.018221182803807984],[0.005389274313765494,0.016133072019602526,0.02644988383614054,0.014499347814480234,0.012115866651374768,0.019441357261303135,0.017426956031200046,0.02792580203272654,0.037219413591744216,0.030221386689833797,0.021417134696716664,0.01337700182444198,0.03459399728913627,0.03568356840038255,0.02388246038480759,0.013758869310892863,0.005500438271489639,0.02746461501155352,0.023892265730879235,0.032867905424100834,0.025896812523279744,0.007911246024024715,0.02461900296477531,0.018226899276110355,0.017258006740484166,0.012077337097745932,0.021493671587773537,0.024875610923156634,0.018404779781656742,0.017412021879834823,0.008264457708956032,0.024919964375769512,0.006746213387495114,0.03176814068089776,0.018929217121344013,0.014460219045180573,0.011556376547536515,0.014549804229461593,0.009434853423556737,0.02817961730706036,0.017756450475483944,0.03050227031615371,0.021131717279424176,0.011592060151139633,0.01679008919532945,0.01993774753937143,0.018705938939039626,0.019731218539103708,0.020475168286755448,0.02713247006552631],[0.025413248980865267,0.01367923807758893,0.023272133593168008,0.021010671901370404,0.012769668997000294,0.01816730340728186,0.01627898494976452,0.03323883173787404,0.02265204175438037,0.02488052806848975,0.02070181231908611,0.013458815066407948,0.021968496588529247,0.019025632464550087,0.012310719991984244,0.02813042392108262,0.018744253946373062,0.025776263475808914,0.019382264619038487,0.017143860688062316,0.01604147795583167,0.024707692692722154,0.006685546120036514,0.02894221184708024,0.021218578901189833,0.019356733846215137,0.011821688848840517,0.016466092683767492,0.019927066666341742,0.01210786384138135,0.016643940305021532,0.020009713107482025,0.013585575419381789,0.021904417085126852,0.02287612441262801,0.02798565815653958,0.019589175064942142,0.03019596486118215,0.004336114066404415,0.02142364294371756,0.010270009905390216,0.0314450700351925,0.025487022275072747,0.012926480591089704,0.022299555664119758,0.012843293109019467,0.023932136261585576,0.024481953477298427,0.02576169605905335,0.026722309247639],[0.024337156868258682,0.004698953894423701,0.023055612170127134,0.028224486717815526,0.013880245373082977,0.017531279376786963,0.01342538421936705,0.025744209061681005,0.02373277570241741,0.008234804437334691,0.020845285789423157,0.01980191034195677,0.018962739011662913,0.01514524592172718,0.02728494904995322,0.01614982378120477,0.021065678779321046,0.01874461869958527,0.025023013329968424,0.010927207255264908,0.015390245477471831,0.022467567544012846,0.024348461145848797,0.02082270431024236,0.025316471431455545,0.01324426458735232,0.02620753571183877,0.0176643192030645,0.020360049967512242,0.023025908706421648,0.02454395279035252,0.02112956301090819,0.01866860378567216,0.019989973814739017,0.021590781593789327,0.03315301174290163,0.023769572762638518,0.03198554786700363,0.014351194331676904,0.014616233667371829,0.02321238295923633,0.021468208826218936,0.013673901859579892,0.0069080904860433735,0.021550122905853796,0.03076071054787633,0.025142387473954534,0.021372893416084747,0.009419384122421605,0.01703057416909307],[0.008365714056960948,0.015549812130294367,0.023436538990885315,0.02146980475877851,0.03613613862037657,0.019253235818172322,0.020877519924071306,0.0202924074222436,0.021963641562205274,0.023185416034231996,0.0057169034979728025,0.018002209640845188,0.023855441537948045,0.024272371957732793,0.02197597023214518,0.008601746905784684,0.00796026418575651,0.03397648302611499,0.02136137414196633,0.02357698604586796,0.03383331821345705,0.03524093628474095,0.024190799889555654,0.01114313541211006,0.012639009089929522,0.020241307610704348,0.02635344095623199,0.029725248895506585,0.032747491052801427,0.02008344953578432,0.014003220106161242,0.02371333919176165,0.024327482940522928,0.03226701973716513,0.025517257642967108,0.019342289157728582,0.012544510754728797,0.018577256387488358,0.018030047450177594,0.03139683366677596,0.011433428825925535,0.008424022457701415,0.017192300088813194,0.018062698987961746,0.0212154277534173,0.009751024925488645,0.00714520826237511,0.0034008323092748604,0.015322921764701255,0.022304760157687092],[0.01918716064142641,0.028632491188762405,0.03174104758874428,0.02728958569211731,0.014533170866478694,0.01282770820868386,0.01959347131591944,0.012212026749817223,0.013758134842316827,0.021221246237903144,0.017345330136142603,0.03426085182491769,0.0163176184065525,0.021087692013535938,0.01725175672711099,0.026398904387501598,0.028540311165198128,0.021139944343447497,0.00795674111075619,0.03240489502234104,0.019392915890228932,0.024380298965450426,0.01699578880783606,0.029325412932413517,0.00710830820372391,0.02336379238932088,0.01720111084546451,0.018568321009062274,0.027933079552270496,0.014288446369757629,0.0167546162393257,0.019350692662382794,0.024911360740583924,0.0083149404040871,0.01561904412246181,0.010298947635869155,0.026097254523899088,0.030330443790161588,0.005337711827276084,0.004034364642502168,0.021270019383330268,0.029823703824017823,0.009865191235073843,0.022775757105376104,0.031363812148762854,0.019080614480569538,0.01961665954463364,0.016618178928059144,0.023028187363802095,0.023250935962622944],[0.0078077447794346255,0.027910236783685236,0.01188260764644172,0.034949735924717465,0.01423857484476019,0.027051542782206256,0.010592122081176452,0.03411165519426317,0.024256389539506217,0.021950173031938778,0.024826603032449705,0.017625029729497907,0.0231971808065276,0.03302409758663157,0.01443635740078526,0.01657278559391051,0.02504199598545442,0.011631899872350313,0.019639724124112648,0.018551297574201604,0.013051422529950575,0.010186420090652869,0.013743759234654391,0.01931982651393285,0.035499306793475106,0.011385451338402923,0.02767809846717757,0.024983910763549912,0.008345293879995703,0.024270519127669744,0.026989552970879658,0.011674466557263195,0.016106475005379248,0.01690742645067359,0.03547364942543667,0.010587407849693281,0.020540688534744007,0.02587075321517127,0.01308986751163999,0.01902479772293234,0.02548898516195573,0.018903759201500402,0.0170909669372282,0.0217996500163661,0.028667287580997423,0.00996906327921285,0.02160403246535672,0.008159028583469022,0.032043181771392155,0.012247196705194904],[0.014566005251347708,0.0173807873308811,0.02549053780169818,0.014223202862753243,0.021652732859422992,0.018966291521137806,0.0239221801168124,0.031500416985215086,0.018806626653536763,0.015694922978277397,0.022614554590468006,0.020391450262179953,0.029564935632811068,0.009116227636891159,0.006675591208271438,0.019320536725145287,0.01656595187474089,0.017175726974191053,0.025023671079875746,0.02737796619317813,0.02418116381196625,0.020107850082426413,0.02058044712109844,0.027887970349171,0.018250298579227837,0.03440735672981727,0.03036525091278099,0.027704964416368615,0.0038573481343584432,0.008737756516280688,0.023225102388251123,0.029551508100933856,0.01798883471759617,0.030435968165893886,0.014770760041177448,0.029259819076537692,0.01824590224894713,0.010851934942753287,0.02627114775165825,0.018701377720804824,0.014017879746677281,0.028702499101345234,0.016563657173667576,0.015164074962691891,0.0076658369166073895,0.017995756270229042,0.020296138878560358,0.019732670124129034,0.016229319437942206,0.012219089041264923],[0.014146081371066004,0.019168826231924424,0.013464620323609441,0.018665012920048185,0.02132506525718293,0.022726339040232434,0.007804442353597469,0.021556601095897084,0.01244252287570689,0.028910739502653732,0.020935197968302316,0.01705711525207251,0.013214684488123041,0.006825632918258735,0.006380693174449083,0.011315267754758622,0.030120519399980335,0.024531016089209493,0.019923038052707894,0.02489273385877866,0.02015248108054098,0.011015203194326065,0.018910895007968637,0.025748710294653802,0.022402817213787656,0.02997313563196165,0.03181181829756378,0.03101142598324127,0.030546818864696058,0.021701577924896114,0.019851721385974706,0.01651242859529248,0.005491240589273509,0.035095988793787496,0.030704533613594886,0.021799005626109223,0.023912650627117612,0.017331020828355283,0.025797093429462604,0.018508246005247152,0.01643887027119663,0.013112938021833276,0.035001741874881726,0.01728499593155479,0.023878373919619684,0.003907804752439519,0.01156608868280388,0.021503646138645426,0.02136537229300882,0.022255205197606008],[0.021223816600753877,0.020798984538062653,0.019649257488951483,0.01871624010773223,0.017184011853790697,0.017676360843753222,0.03543139799070498,0.013185785522484231,0.030187233502992603,0.018168784924638064,0.008700369884370581,0.027712787028355324,0.016107076729874888,0.020974635572355932,0.012013979258320154,0.020370965219072053,0.0137646827918532,0.01559929181466752,0.035042484147468994,0.008756731518039533,0.01668200181877996,0.025952865856389232,0.027267968138329074,0.01833548159493887,0.014698763341296028,0.022359893811832867,0.020732188392676324,0.02112461184801366,0.02297391944426986,0.012241303885846988,0.026226347362452735,0.022730533275103958,0.028199391047528156,0.022894000104309774,0.020105166691781324,0.02761447758475859,0.021596116673888582,0.024107624935991494,0.015098667984291388,0.020510732718791592,0.008202843637467115,0.012345485878814125,0.014353543947794504,0.022763641353320485,0.02749369658707866,0.027404548177654482,0.006754560885423268,0.012639618024392717,0.018337820581076622,0.026987307077465328],[0.025313230114836785,0.010434129511082208,0.01817937693939861,0.032160819143320044,0.03553190943737672,0.016189217865835635,0.025803793009278687,0.005705865036084429,0.02177289280585019,0.025652783237500462,0.00871524249976847,0.03243052227514238,0.02634456883674613,0.019466710490986344,0.03461668188525452,0.01489934393047345,0.012310278305986664,0.021573528569347862,0.01144374249949219,0.010762979569873097,0.023006439027153713,0.024291182708656323,0.016494835661951323,0.031575232476755775,0.017636992710099,0.018290250751589018,0.033893331264530466,0.012882145836350231,0.016317232042594193,0.019018246268634523,0.02224132010890215,0.02522763782331108,0.031767100023610446,0.02018872534538096,0.02993535757657508,0.020495319231425554,0.01851936768317371,0.015933165142682393,0.030565278206388612,0.03381836113665735,0.014066009042666553,0.007360580843239974,0.01454551318961558,0.009980832701385932,0.020501726983769453,0.006627452601552114,0.010608113205011708,0.006916069627030693,0.013511669295417002,0.024476895520254054],[0.004110380764405161,0.02133103239108409,0.016336330633271588,0.020471155657069202,0.017166383733223357,0.01413823683083926,0.016505985082645988,0.025977278448883565,0.027300076975109198,0.020812851170704878,0.03391769658667819,0.02190256676661212,0.011157547463605363,0.018402941134251404,0.02570599697425619,0.015395782057418981,0.019670577866504106,0.006576907872378226,0.02461617890957424,0.01951606494801985,0.02562004192314459,0.015542043710592743,0.020827297851186827,0.031133968367401725,0.03153538514273782,0.014684083188827649,0.03406265574784522,0.03219663803483529,0.021581087725179058,0.025044278185268908,0.025422478167664592,0.01521342436597422,0.022247801038964846,0.0062554842558652755,0.01908888174791338,0.02732148804807681,0.01898457099333455,0.004441555671741607,0.013836365403257663,0.024570778076254587,0.011050386128343397,0.012200452884427079,0.003836007563339639,0.02110121488444483,0.03543969337379779,0.015458126143962877,0.03417490549825927,0.026352225574396503,0.016690528349164648,0.013074179687261654],[0.03141393960732165,0.021870087475513226,0.015389379018414443,0.01774300286252988,0.022375952955960843,0.008714116508853599,0.025947832187654188,0.022327665425527148,0.020282163215465828,0.027451142288957436,0.021068953315796918,0.008145021712730028,0.01861312596040168,0.026490428134509005,0.020627202146067804,0.034170993288876864,0.01030931611776186,0.0243212832222083,0.01010300485338476,0.016256617176225365,0.02552969145624999,0.02120144347226112,0.0080440139328434,0.028631744044861202,0.015316609541860678,0.015207390709461774,0.01818020144457674,0.022654288172578245,0.021534216848776173,0.018532342784436346,0.018377119086212,0.016189047509432654,0.020876125789839092,0.027263566175655517,0.01266005227970419,0.013407339232357785,0.024899836454303576,0.010531856076200415,0.029469394620384767,0.02060011160598291,0.017083645345512873,0.019794658051095912,0.01459059911125058,0.025418052578475465,0.018545280525100283,0.0244140608246288,0.029021319325253703,0.02012184836505438,0.014661279286443783,0.023621637875044812],[0.018719684871630112,0.03361387808700815,0.02156295532812614,0.017630008446567893,0.022041944871701104,0.019452728951062103,0.006277791888790535,0.029565570646353335,0.017268182957881646,0.011538736390135368,0.022383619689976642,0.03192977773145265,0.01692335570779469,0.027897635462886497,0.02480764930361332,0.00821926550762976,0.009333027669197289,0.01856035838881309,0.015647985552281793,0.01868288460335231,0.028049728596668884,0.02041516014403867,0.003246681704096345,0.01339121821649788,0.027323135798533953,0.024866670106959657,0.012855758789570359,0.02351406369652474,0.03304026276007397,0.010951485125460817,0.021329592686247862,0.018904329618060874,0.02976328004931993,0.030929435925016128,0.006957292336120881,0.029102081937880702,0.022859388887692428,0.02638461969998155,0.021678167370518083,0.017960483793044348,0.022304168039663265,0.036156996860274175,0.013483250463169706,0.006533822558344074,0.016006284622232563,0.02345474420002083,0.018118067816821303,0.009242540443892864,0.03019944533700813,0.008920800360010722],[0.011579718124996724,0.0218138994951645,0.030288718661560014,0.020320518543765487,0.014315496640980075,0.023402468678191256,0.028580037917698167,0.021815148203829866,0.015131431256236089,0.015219214435483398,0.030080444058079237,0.017894765361026084,0.011149814928814958,0.023074963843109385,0.018807850236555013,0.01466347008105082,0.018682588939634814,0.022817683778223942,0.0230129048429532,0.026267956071999637,0.025964047341246865,0.013456978273171173,0.026034536746780603,0.021183922419033305,0.004474811217427652,0.027497984344119306,0.024011182129147608,0.014200826626101842,0.022714143009592208,0.014213300176796872,0.0142544118524919,0.020972887247276407,0.021862138414407293,0.020245174632645507,0.016756235101336846,0.029792690934472555,0.03269285801093898,0.007645592197929033,0.02302164208945296,0.02725472083685568,0.024521462317658567,0.025322113991033013,0.010656444808561046,0.028857057254872406,0.011751840086626955,0.02437566469804535,0.022703466159261866,0.005593496812742086,0.011122922023503979,0.01792635414711734],[0.019295324057611488,0.0068446326316350704,0.01247678529884533,0.026558207669212474,0.029060964250428332,0.02166908325871831,0.02175994485635289,0.00794072632050466,0.027769707426589418,0.026473187035738373,0.03733280060928505,0.026805592061521315,0.010368952245580824,0.022862986055158182,0.012249169138011946,0.02718174900870914,0.02350389285742221,0.016493139408565557,0.022771665132028763,0.02278000901957833,0.01603433799368354,0.0021654699985395845,0.008335240384857832,0.015949824879899672,0.02921933515101933,0.02501503620389611,0.024668177563524914,0.0318066879157044,0.01896629320688738,0.02620811106460517,0.020067701512472086,0.013987130006730939,0.030861465469728594,0.025372116719445795,0.016260059794420773,0.016248684800766678,0.030947717252653644,0.01817862787705473,0.00826374031000414,0.02214525724340378,0.021878171223663093,0.01624088948482109,0.006357789380234749,0.021874642817958846,0.01870759364303658,0.025141296816608306,0.010123224131073484,0.016704174989737447,0.029313700027129817,0.010758983794939819],[0.015942238434510623,0.024777639906877282,0.02450243885368468,0.02593840233360861,0.0334063703268892,0.0310849589464139,0.024998037088935922,0.024796087168601048,0.007540034937708061,0.028788500632166578,0.025715248023008088,0.01875102699249269,0.014038353888885387,0.023481156044270028,0.02110199705424856,0.02865775792621402,0.01601535195300704,0.02217815874765851,0.00866960934611438,0.0036352825378960694,0.03112796239426881,0.008364028138641167,0.013627110670155318,0.023772651434077738,0.01549111452879428,0.017998661197678862,0.022882677363589198,0.01912032366307698,0.015233261520117128,0.027238401377799627,0.013691778028071373,0.01338298776569498,0.0058215630601854374,0.018530952089735094,0.010743966568016251,0.03243730647145817,0.010929821386675032,0.02685443385192978,0.028510068636606635,0.003453077292629762,0.02937362819053781,0.028503039728598148,0.0322489007805557,0.018525571052316003,0.02269744807998787,0.02016120340362234,0.012884463279449115,0.028641519096620858,0.004677598479141124,0.01905582932677876],[0.028861358746730015,0.014635749210801548,0.01810256139935818,0.03476440474509595,0.011089388120351887,0.019933899215156977,0.027751569496238807,0.01657157092534385,0.029464995542019035,0.02222403194097046,0.01069266816452496,0.029205595226068883,0.017813615028126624,0.02872233672954029,0.02593612843059996,0.017394820278166294,0.02767408327387005,0.029927141165170944,0.02785561234443989,0.013534952510909085,0.022863641857027762,0.014447458899237643,0.021459313038758577,0.005565161034692383,0.01586936212811151,0.01582898102425991,0.013189355701977257,0.016619751749041813,0.030569700130515774,0.022441939395660717,0.017926540006828383,0.018029783653882372,0.028324157656530766,0.009450441288113506,0.011692277189614192,0.028501350492366368,0.016249663900629874,0.018221899345072713,0.006227656191399025,0.017186527478181564,0.011633782390887451,0.014744519423531744,0.009596374645676054,0.02248838373081641,0.024607420681850286,0.019564331307626043,0.02084493973503321,0.017969934331964154,0.02937150768903043,0.02635736140819832],[0.01022416782013471,0.020625748188526295,0.02925444062528034,0.026489947950839393,0.019822518962612428,0.007452575552943678,0.0284493902836286,0.017185879537701967,0.023660351833734203,0.02959505405922701,0.013283788429591572,0.007753868264382906,0.03585080860578371,0.020587474684407057,0.024716248063758342,0.015273503361186061,0.01693095536576464,0.03320160928711411,0.016321414373189787,0.03024805350429289,0.005289857733248697,0.02898919270122607,0.015316202514404197,0.017381598477663567,0.0054018441772562984,0.008256164535152486,0.012484576108482876,0.023111327251663934,0.016673135310107244,0.0041186195439423525,0.026367343773109717,0.01777072678226244,0.013101348436050032,0.013871964777513153,0.026754765101087673,0.013751973983950738,0.015984700560185992,0.019405537189454133,0.004739290893959108,0.029293772814100262,0.03163327231255327,0.03363575800157799,0.023697967306287863,0.028326835356608255,0.03505081850384878,0.02074788828877472,0.022155849378326365,0.02426374263663345,0.013508669775042155,0.021987457021426546],[0.015140079159428896,0.016657343214641906,0.02097195104473249,0.026691265403169483,0.029280888949456487,0.01342323741460883,0.009744245999417984,0.01100862121787802,0.01975684508253856,0.014171780694137074,0.019472786410609566,0.023327925429774098,0.010524705344726137,0.03552753089647917,0.03026862551745124,0.021267097175234315,0.016071529152757138,0.014151042745909878,0.014833050153962864,0.02519794573238493,0.02975436908930196,0.022716820088926164,0.01628880592079198,0.0158695207936787,0.007557165805512778,0.03367940303075658,0.03418270223569235,0.015764554350789297,0.03270908211116293,0.013357797560997267,0.016009056724404412,0.01510583394814562,0.022785572077818266,0.018962796311033054,0.007948098794604943,0.024835313322549474,0.019740257852172784,0.025376568250800903,0.0208466185389569,0.03334586756023788,0.030250393657338462,0.014413408381145307,0.025728488694522208,0.023158412325008,0.02103844865073728,0.011645729183004102,0.011375833669121004,0.02007516808741463,0.014931353870829923,0.013058062373245761],[0.015469993060828684,0.014581670569288621,0.014590019913061093,0.018577317972497065,0.021528650189432615,0.01897243814411792,0.01549410342862132,0.018936426299335046,0.01166247465226631,0.02710493896261359,0.02450487755264071,0.016600262171394833,0.02472985768477694,0.030305137743954963,0.03105093536102324,0.019059403214040038,0.028785744730913245,0.03172822557866217,0.017139578001352213,0.01259130926927414,0.025112450870131565,0.021652554540213316,0.02001619653480368,0.012780860883155715,0.011045365340228874,0.033039393351464504,0.022392309214989563,0.022370503965103903,0.021075744937494305,0.010922592854135204,0.018354974316105003,0.015128974502861228,0.021776851484553498,0.01539567948117442,0.013566427778215321,0.019253600104959873,0.026007803102529498,0.024979652281626363,0.015174754365218307,0.019868915654101565,0.02923469834803544,0.02416421314953651,0.020250907257834905,0.02197677802834905,0.011103587029802022,0.028141435564742585,0.030930148449411023,0.007127557373826905,0.003302988993366218,0.020438715741934923],[0.02026721579238562,0.010193903333350782,0.014026943374116868,0.028602489026698204,0.025857174429699967,0.011613101665490011,0.010816456080925553,0.022246300210154283,0.016489153812877785,0.018544527678207055,0.028056748082219557,0.01818979117257832,0.022659087275259168,0.028066845888434094,0.030725895962166856,0.019712854400412785,0.011105754016695763,0.030442087464833553,0.021679460949546172,0.02337746908878542,0.015075988882295109,0.028339171412275842,0.01697722029455328,0.016347738584006736,0.020755241751461782,0.015466925577197985,0.022707660532375672,0.034382460244424304,0.02109434857573073,0.025512937860649235,0.029253646021927343,0.026086071178190902,0.019584361622508612,0.0034853233622553713,0.014654575514422898,0.01867869143770927,0.017836367842498913,0.02538133914505164,0.011636174009970725,0.017970927125444208,0.02316108290711514,0.017870837719906055,0.017688501386063663,0.020716637193972303,0.018453990889112492,0.03311216008735242,0.017061679189742853,0.007759870092994287,0.004101644310772875,0.026173165543179437],[0.02746970788499123,0.02327106006300609,0.011841565503257578,0.028920948438943835,0.013986143614498514,0.023489255553313135,0.032278249671619526,0.01653124597302009,0.020042048633503055,0.021467854161469724,0.031044222643799607,0.027483043177222104,0.007601766955721702,0.003924784125904722,0.03039763060122878,0.021532120157810846,0.014128538925015092,0.020494067332801087,0.020697508291335303,0.03299166379765429,0.02421918158552694,0.01697235413756651,0.013584859989297388,0.030200577998732995,0.015038728128540029,0.03223157879694878,0.021486737762089328,0.0211863939071053,0.014486297708753367,0.021444053891963348,0.025504817887295167,0.02631776934366153,0.015090089532546628,0.016234126709174828,0.015419496230121862,0.03309735891047564,0.016979960815709395,0.018185800963899178,0.015478160359115756,0.022555644125191867,0.021759991252224758,0.015641961467775533,0.010657589461532427,0.012929917956373686,0.007164101439984083,0.025441973822295554,0.012790102988986501,0.020620748461281035,0.011804849918544823,0.015881348941169396],[0.017277546106350204,0.018946965442975815,0.03103534544958646,0.017690312248414792,0.036204836371457674,0.00880506206469638,0.01830732755847442,0.01847676818641027,0.014386929308888676,0.02868325398598456,0.022492768320789013,0.01660859344551958,0.02611883642040924,0.010503371330521644,0.025513315483219636,0.013554428885306918,0.019454634367014244,0.028097338983941424,0.021043653928741763,0.012919198954751777,0.01790440442194455,0.027707490221480564,0.02869760987399104,0.026193064042274027,0.004388815790626334,0.01555069926799434,0.013155735646801428,0.03027284511618085,0.025334289750652144,0.00337898938713567,0.03380415703372308,0.01957570882390193,0.02830643257481693,0.02062600762603237,0.026783163612751116,0.009626194468563241,0.024710641686461848,0.02110488530214135,0.013575574821175006,0.03467869663127502,0.004658832603836287,0.01909042625061373,0.004192329416678903,0.013674755131046417,0.007019881152657333,0.015467319160410971,0.016553430230388886,0.03398079761994256,0.027529166952147483,0.02633716853890015],[0.029493729485893946,0.017542242812274806,0.02089944732950548,0.010474180684859178,0.016531053257221894,0.01712724004661239,0.02055490431034299,0.007338978450877892,0.016550121091136395,0.0255858937476008,0.013124324530723052,0.016297717106648506,0.024306078499585927,0.023363121267347624,0.019530717715887182,0.02430165203641069,0.019039590874280705,0.023868163270328892,0.017462752593559196,0.021056664424154835,0.01502652985600234,0.017754299663902375,0.012071699243455884,0.017509221599016935,0.023512916593582272,0.015596431917905277,0.0185006769120853,0.02904806546362928,0.025215554051502886,0.02828880197132531,0.013590573196224387,0.016189576696844867,0.031169088689160386,0.028507972408263416,0.022485580876253384,0.024375407300956376,0.022140013805547504,0.009111049309848414,0.0330618285623259,0.008522387280201838,0.030584711561426895,0.027158279370610525,0.016365339760916132,0.016651370915920814,0.02395610924880348,0.016885027651054325,0.016830810836023957,0.013535976617823136,0.022310237229671143,0.019595887874462932],[0.021087830830879537,0.0257673964328637,0.02328099515607254,0.007854685517180009,0.0063962627799083955,0.021437835423314358,0.017256716364020305,0.02322397013699609,0.020881114965423588,0.023116091071069385,0.023324350304809612,0.019754070614943744,0.011033773043196232,0.031197563073797032,0.017048994893138963,0.022104230980949043,0.022664254331597876,0.01498980188684197,0.0161444913045483,0.01958556440139444,0.023202533815333763,0.012986805043947532,0.012383101548471782,0.018481136573203126,0.016630798743418624,0.015444434566810505,0.016003358162577735,0.027184020183117892,0.027306319096044227,0.01719213203651038,0.016990387733839707,0.014828712270884241,0.011777870601386787,0.012228552241542607,0.02475099230343377,0.021654592602264044,0.02305113272629167,0.03204252559762126,0.018777015142477548,0.031431565938130346,0.03486608306102275,0.027395603774778954,0.030711309941388803,0.016758541796341415,0.022479419357728674,0.01944623725013291,0.008550523714056603,0.012452432192023579,0.019912363860968774,0.024929504611304876],[0.01756643146521866,0.005217552515221097,0.01745358785519571,0.021525874528457715,0.016509573637127697,0.028248565091675348,0.006725374752390294,0.006422582784549884,0.014482763867804583,0.020863939250169074,0.024444131318814635,0.025978742599388156,0.015550633775249864,0.01940013014153574,0.0057918711219352974,0.028013418217517894,0.029154326125064044,0.022393222475207326,0.021267359011641427,0.031500408832661725,0.024707592011362783,0.029271895350932033,0.0055027090321831265,0.029658948746572596,0.012525195253118768,0.023798404015663386,0.023531917271317038,0.020848509806410967,0.015994346147405875,0.025395570300041827,0.0334158482938738,0.012031710346939494,0.03547279388387272,0.030012017846006014,0.03671260158507517,0.011730351980351569,0.013126873049124578,0.01747848770070449,0.023422250867861174,0.005951884757727899,0.021001019621398588,0.00522091905643236,0.018602463722273935,0.02723423157044091,0.03277432010473038,0.014072598324671419,0.01868319928455518,0.016820433112224357,0.024278297092201095,0.012212120497700239],[0.018629761088220977,0.01922795335486048,0.008476237937962629,0.012151889518824602,0.031508729285500386,0.027750423194551545,0.011102020046666694,0.029100731577540614,0.02246816401208448,0.021496075028398252,0.03119598905235604,0.0083433851099051,0.01570679482223446,0.03158284188236629,0.03561790517416398,0.02188318482689527,0.017827761272544408,0.0060583297958685415,0.026724451041693693,0.031497049452802336,0.02201515675390671,0.023155463180093757,0.01685377335073155,0.009521674080727998,0.012760537206162596,0.01905692168950474,0.016007501740168063,0.00357002410879973,0.016556406414010814,0.017805348477982878,0.02940743790805249,0.012019823923347005,0.02887737210382078,0.01379727817980464,0.019854544694494387,0.02530327803082857,0.020816941128568155,0.026994733419222004,0.014385558794154063,0.014886329820843171,0.027296106943458874,0.00888979950516194,0.021739316682339017,0.01757472637855277,0.021241822076310913,0.02434376865566296,0.02214783702808502,0.02307808813811218,0.012107290282152704,0.029585461829498696],[0.022181816137561865,0.023907546830570565,0.014792799180173706,0.01828857038333504,0.031957044091516104,0.019697805677617298,0.010236551248209097,0.018300960086820795,0.024765519717228842,0.02450441955241094,0.02603772372272979,0.016541188556595577,0.03478123869150472,0.016176927498851402,0.032888381916860845,0.020282693950408263,0.027899824515415346,0.019511990453295852,0.013097570381944928,0.007477686202936371,0.019231174622465583,0.01566202892578338,0.010313193724049425,0.0124333865953321,0.025975339615029475,0.00843029432561405,0.01488741569655295,0.01584274478487333,0.016597261771532024,0.024402048705654992,0.02448071407780625,0.025677030031949283,0.03728264758075989,0.02095506651140111,0.0020042806879797953,0.0241351863260177,0.018829112125690047,0.03650125917846802,0.01044850354759873,0.012292290399618298,0.01856286748073903,0.010090923374787519,0.030378688815179297,0.020634492774346952,0.011381584313774337,0.018638340494496686,0.025234648717689226,0.025817831033936596,0.020843953412931465,0.018707431551955],[0.01027036617721133,0.02553947599053841,0.015108255662866965,0.004382280737835689,0.026723154758188553,0.017055680710706865,0.014798199063486134,0.012910443136525177,0.02797857412465208,0.034747542848486516,0.018226443920369702,0.010072335118500092,0.0095863631024138,0.029593060971013396,0.021562630545156596,0.025726449128842338,0.017639926246264384,0.025789949559574525,0.012809226232277569,0.02888524792447133,0.0315765118854185,0.014453371105521052,0.028754006578369292,0.02798857773805176,0.012329634156826867,0.024326194807823977,0.01951150689093415,0.018647846561750964,0.03289914825393888,0.008099236909340295,0.02450738130047258,0.020745659607808404,0.011000886512353616,0.02466215115161201,0.022288236748684645,0.02790828756127006,0.022431824129703824,0.027842154051891266,0.02136725995871497,0.02217565890801284,0.019960841910930463,0.0340947976074,0.009823574199028849,0.013874462124259797,0.016486485697824474,0.012724521714936515,0.02625246601829994,0.004420245618198032,0.014969019028611603,0.014472445302629072],[0.013088880303187677,0.01155893059613779,0.013988413912822498,0.029390113956265236,0.005418977178248411,0.018971594500295022,0.029281307111128738,0.010471334616396655,0.019875601306197203,0.025283463344958363,0.011996702152438553,0.025902770293800774,0.018875275744826805,0.018728270462478522,0.02400528426614156,0.02041891949894311,0.016176416049785657,0.018186997506744806,0.02414297967979498,0.02302664855189485,0.03516587167274609,0.027937892133757927,0.009832879674507135,0.01619473515446474,0.014544665229977402,0.019623272480622095,0.026748326092310724,0.018071855098859037,0.017129396994405726,0.021100248549932192,0.022591079824070423,0.022412152958191475,0.012493726715548877,0.020591365992810768,0.01764692232566059,0.02276557728539722,0.02188945251423708,0.023801666007964066,0.01147659573868153,0.03134051557088657,0.028361249066010084,0.030544945408518372,0.013797996363743044,0.026433981187204542,0.01873126560080683,0.020099038992551842,0.02417985785237797,0.008472135856634502,0.02187056748128263,0.015361883143351468],[0.027101611957548153,0.009938168296691793,0.022869029025872616,0.025206112464288,0.028861543517710024,0.020486359481731196,0.0131977495652121,0.013041072941832117,0.030306016883321903,0.03365462861452686,0.01757379450731066,0.02977871672372261,0.02351598645155253,0.011018318719630667,0.017209929815518117,0.022546925951359178,0.013766832614611485,0.0042089246443105365,0.01010124978177721,0.026290132556014863,0.008134960509296003,0.016233117641142377,0.023897885795938902,0.017963829782361086,0.017466291929680734,0.024953261877628863,0.025412953964075592,0.025438217023979564,0.01814736796258278,0.01782634734933224,0.009196092275136195,0.03081724896122602,0.01645547377408197,0.026413326965344847,0.033839411336177815,0.027950702573627834,0.023544158744387155,0.00861131172734681,0.02499617316924036,0.018077446442043142,0.015835157399051197,0.013519867073869834,0.03145113035421523,0.018066866740637455,0.029363945033283073,0.0200248435392406,0.00412722485584978,0.02586486770897432,0.020668775960753043,0.00502863701495265],[0.011708324320251809,0.0268933478263145,0.023157816612639964,0.016163075242358445,0.03219953309737062,0.025514470704661847,0.01147407634754218,0.009649445930556198,0.004965828230066158,0.017230191289222832,0.01946219787808414,0.005979892574236605,0.013576893904310217,0.030436747500603472,0.029230535848288868,0.016113229502255827,0.030135012287876146,0.01496129231260316,0.03225168834197171,0.024647651647707474,0.027950633927200465,0.008420318955806527,0.028950281335847077,0.00700552942742838,0.004867427108825063,0.023390585794767906,0.017615763706828852,0.013307405425950164,0.017624288714948377,0.013084244205652634,0.03807788677428708,0.020606523500437287,0.025162061003921963,0.016061342598853477,0.011052998034150703,0.024476525896115958,0.012953882390737833,0.02852230173750568,0.012595386329478857,0.030344022708796464,0.03889494295362725,0.0048037595076678135,0.022897621364500107,0.009562622892401581,0.025321060146111796,0.018067526735744844,0.024693102931685477,0.03241405056993043,0.028822631109272752,0.016702020812595062],[0.02221120957553313,0.02394688897055579,0.011645403754645756,0.02016064603826484,0.012991839407838516,0.012387318964333515,0.013160740538622824,0.026248649692191397,0.022345443203746283,0.015982407062051802,0.030866367523343333,0.004116404690542501,0.017971729693602934,0.019733197069979173,0.01910011227940754,0.019935621958826047,0.030366884241341995,0.02419750852266793,0.020533144805316067,0.01859840367704814,0.030137120811532473,0.02055120388205804,0.003193489421184418,0.017607963387110768,0.02740097750035477,0.034076278299052735,0.02100673849269847,0.018717951640249017,0.02339118088187027,0.030440924412508615,0.008939472464506496,0.03141585235127599,0.005823401754544146,0.01513726462611631,0.011843047375776012,0.02313567269180692,0.03221793188571048,0.01878679884888112,0.02763616718741558,0.02567088971702939,0.020443259709247836,0.016699631032345997,0.01621807160729567,0.01909553905854302,0.0052119801235719874,0.02669688384427527,0.01503448865460501,0.031210800529431936,0.024894050593353714,0.01086504554578799],[0.018292038439812093,0.02540926220396926,0.010497222809572384,0.013457388405120976,0.03035478891618302,0.0187590671676747,0.012640436338707437,0.015361345448968064,0.009948732165327412,0.023573695125001848,0.010439444474336665,0.020156356286879624,0.022362667152153633,0.013737490543428797,0.01575592302441973,0.007404816022680306,0.011730588328170356,0.010107189794969168,0.01581494438154771,0.02145086909855557,0.025183008484199604,0.018856834111635953,0.02523004359185015,0.011069886068838521,0.027481225276708605,0.02871060812262186,0.028706768382130522,0.02240515353382636,0.020958338732805087,0.003798161275847795,0.02979588158248734,0.0323658647194714,0.019083755567785857,0.025778740965706003,0.016610279657529967,0.019341300789417752,0.027078094623549723,0.01528408033480684,0.03290023657088778,0.0189867823158445,0.030790696818230857,0.018169458957168674,0.03144515266852022,0.027442382933534126,0.03032342267764715,0.008267048137678977,0.006383985584887254,0.018456211162085633,0.03314104293335546,0.018701287291461238],[0.026004432956552956,0.02798067037782887,0.02545353071074482,0.03322692276898676,0.015804586210172472,0.014630161293678012,0.025160896208178903,0.027503979677773682,0.031749706472713496,0.022724483355819974,0.00801697784858338,0.029457507033000343,0.017286596837839917,0.029318048570898318,0.013099724504525732,0.011615777864160641,0.006398103485907848,0.011631057187814903,0.019099649490480198,0.03624444778725921,0.02710512892981525,0.014590085812454955,0.025517719386750445,0.014623223188621465,0.030456743308364415,0.0142583189110407,0.024731395217702817,0.018018732826723505,0.015702891215846383,0.016221917652278168,0.0275768320093965,0.026506671875374237,0.004944936240813951,0.008750708748874082,0.009411374603872459,0.03443382057942155,0.030396415508403867,0.013601274963302464,0.0042352340006074525,0.01616584359427088,0.01893791952824483,0.0036054436506958707,0.02659308400594752,0.0054044244747546545,0.015190054139338702,0.03383829577399429,0.017816509323121052,0.018592351037201832,0.028802613132660804,0.021562775717184384],[0.023891573894036514,0.01569306185942578,0.03421158983428825,0.031448666870207184,0.004899159590840239,0.021783290056110727,0.020295800255038313,0.020551738733991146,0.02775598553514667,0.01561137195958407,0.01764718979222545,0.010509700173400586,0.016856925467518567,0.018248282131628154,0.03771396704074751,0.014566313751131064,0.013636993310556761,0.003944328698625699,0.015184514977344105,0.014577872366114679,0.01230309177548384,0.006160338512720314,0.03113981305180638,0.010265263149509424,0.023144283772789688,0.027451514808358203,0.022354803165961657,0.01923626628752608,0.011539787271326327,0.00384230975347532,0.017923282659579723,0.03204963385552968,0.019003544324373244,0.02308062462919135,0.030559171986749383,0.010700819315068957,0.014809808782749722,0.03412666608290552,0.02177393533464095,0.016933281033432415,0.035350404277696035,0.028682639284315973,0.014057034138316455,0.025298243257077586,0.018798871433915572,0.011811676348795788,0.026855466258123028,0.015865434748783266,0.030459907265231317,0.025393757136605417],[0.02046079982291516,0.01641618138246834,0.03776469274673364,0.014142322188518358,0.03390393143651663,0.020578761017759673,0.01689139269760982,0.011418622268090423,0.014257952197879484,0.00798814486811183,0.018778613345407886,0.02457519329942691,0.021777125590832242,0.016920803353438048,0.01886345077341159,0.02339761299658104,0.009477540673786127,0.021975583065136205,0.026792261592995362,0.007154943018894369,0.03374374393137053,0.02146736364851767,0.01811807240158789,0.02436466461018675,0.028020121222459976,0.02502650029276931,0.024571387962470846,0.022818563605374948,0.014179923477932838,0.01269392222274769,0.018470634933345033,0.017713331899167444,0.02817854533643144,0.018898596081553514,0.021023530881738996,0.015307453851491752,0.028736594749591095,0.019855450610684302,0.00921006914269101,0.020193571076026894,0.031246530322727166,0.005903902269226166,0.025622981685835003,0.0093101900687482,0.01779708823983021,0.02504215816773879,0.01221987028142159,0.02794841870206772,0.026155322611659884,0.012625567376092267],[0.017365875541375073,0.019654742881488267,0.0053005674811652135,0.013042930651032717,0.01855127164522285,0.0319337107835605,0.011340165901404521,0.014981079899464103,0.022279739148589404,0.022572242253362663,0.019978814029827444,0.03065420097393217,0.025940280866983384,0.007748215084192118,0.023604437009068537,0.02559764376327059,0.017634224406877178,0.03343181375560629,0.017706696553007936,0.01587692579827397,0.012447557328965173,0.016630017530460527,0.02010733226639292,0.024149343257377248,0.03140560412205908,0.02059406545566437,0.011245169468141691,0.018411805594047658,0.007116670868085721,0.005902596155887414,0.024070502184227863,0.021522175030027013,0.030716672786736513,0.020690442268335874,0.010503925087805833,0.016476005555309998,0.018444924647066038,0.029231314479790466,0.02209046116509218,0.004992533546919895,0.031274849986021806,0.015030937391485451,0.017246783675199395,0.01612077773349733,0.01828538398843932,0.02146047412717364,0.026267433653186834,0.02912508614269135,0.029556282852172523,0.033687293224033986],[0.016795626483761286,0.029566775904277573,0.012858421754476431,0.015805496482405954,0.009517564095457598,0.013381437525277574,0.0294116798510758,0.019050320038509025,0.01374125354594956,0.03450304153202189,0.009833412210973102,0.019970529492561468,0.009660030335612376,0.019478174903015753,0.004136736146354279,0.027322822953789197,0.0061044791447550685,0.015615751764970664,0.02496204871663651,0.024913953373536312,0.027648450416829454,0.02393307606774569,0.01912625496967465,0.02056081407755859,0.01990760227242834,0.012207623584464648,0.030520034384880112,0.03537770518312165,0.027064625527114472,0.013927219642618165,0.018167982751653978,0.019937592547419045,0.014123776567828289,0.025392290967758753,0.018420109340477504,0.013617625090365603,0.021194399814840354,0.021347112600795845,0.016879425853774086,0.027385134575228145,0.009130688961122603,0.03585678051906487,0.011604433478936398,0.02429096998049442,0.022981341652054434,0.025192486543477974,0.0234951966742828,0.025527908038704018,0.02079897861310361,0.01775280304676402],[0.011973534981356225,0.01990204256069466,0.029683935185036953,0.025544551521322494,0.03420466816374333,0.021363134945335625,0.02811605542924883,0.018141072647471525,0.025988947534114577,0.028623635936370337,0.007313514665960365,0.020839128098876242,0.02124791035037918,0.022297124105776025,0.01242707012107341,0.006835295729500671,0.009917390091837432,0.0350405277499286,0.03011720205072344,0.019533546194991185,0.026137482890936585,0.009781083461183965,0.01240615173258478,0.02223479899352594,0.021576983283546926,0.012103331906903806,0.0340469365524622,0.0185021068031997,0.013809645465871377,0.015128457409693482,0.018380919717398646,0.008897891766331337,0.019032027634335803,0.023447830148509523,0.025312759474871903,0.028515912779763442,0.025879557118837063,0.0044656574500771444,0.023414877900141986,0.015653095531626755,0.00715652588542113,0.01916208210455354,0.02677949410185542,0.012030868095939295,0.02855031979112793,0.023847142744578952,0.03190468978882313,0.010527094456870412,0.010595569659152773,0.021608417286134114],[0.009059570453316625,0.03716591199054411,0.03371262805473296,0.018357228424188687,0.02787213462385734,0.019317484537638013,0.01908684247012847,0.019362500549497137,0.026901554725944247,0.024621000136962768,0.0035222530106923415,0.0178633129354913,0.008119774061364068,0.021935390343314234,0.02337859577466343,0.012942501502541576,0.006542484366105369,0.027340389777305026,0.021129510150697996,0.010082881400975987,0.006515970002583162,0.0163311673619986,0.027905569561055634,0.019395596476435892,0.023910254462319706,0.021612498992853155,0.007938909387910314,0.00851486857189388,0.022528744950599998,0.03142420498999056,0.01495808100996931,0.01311211273706519,0.01733784331770234,0.024722663298413945,0.02620511496685451,0.004858337276428492,0.009175296218173713,0.028317937806789185,0.031100947649217156,0.03288066317878151,0.020935193790770433,0.020233847572733128,0.01600831918339399,0.027842722354743738,0.03203204293198703,0.0262178201183059,0.010652035519970364,0.008843037862623119,0.0315827111872806,0.02859153797119382],[0.01333852859478301,0.03212398957049457,0.021100828314573147,0.026788976084337814,0.023645660061309533,0.008117834480835447,0.020531947534530744,0.018800908290305663,0.026488025046304584,0.010153334473418017,0.014849804288248503,0.02316232466138802,0.029839046302487265,0.016881212412999953,0.021735047652381406,0.01757016372634075,0.0119601371127016,0.01620321899821082,0.014405795269873041,0.030827341990544557,0.012124347872429286,0.026816781446531976,0.004264435959716534,0.029663794571129058,0.01245612068188938,0.015041418634679622,0.003442477135218317,0.004211388520802812,0.01206804326489321,0.02382141826899854,0.02306929318151089,0.019619372972050353,0.02341638963161409,0.012136297009734271,0.019796582479984396,0.015394954654717337,0.022163127726442577,0.02117434254700432,0.025877228157269748,0.024540027373103374,0.035175835449029975,0.02933052720076374,0.028758494637763973,0.02438138383698897,0.030416626725000496,0.01998790035821243,0.010032108301338957,0.029552431786302805,0.01625650101057146,0.026486223738238758],[0.01900416271133973,0.02606581365846847,0.02594475339626098,0.01806091764181462,0.012671289280919304,0.016904477795989983,0.01721121464691294,0.025566365049619896,0.02819534507243301,0.01883838973263517,0.022182219862780676,0.023998888753715045,0.011703460678051813,0.013042788677579123,0.023233253813145272,0.0265348075471898,0.022233702363402646,0.01302488713568193,0.023817911716640015,0.00934478333425264,0.020052095768642177,0.01010033012585063,0.01782767933218864,0.027316855067076956,0.020805278213691217,0.013498846266402546,0.021859782859763456,0.027577307834914012,0.016660655281396004,0.0233868607735229,0.020793296581964184,0.02520601871667143,0.012087071670684249,0.03043307921130084,0.018232767621389877,0.015274088146931045,0.015975106299465476,0.005286567318132108,0.0153879743693261,0.010991053664077155,0.02036939142308802,0.022533100096170475,0.024603270203788004,0.012077511966116958,0.03557588011786176,0.017507349614851397,0.020995158666509056,0.027454253157375416,0.02717993072664491,0.02537200603536997]]",0.017641354688674164,0.9891469039850354,1,2,0.3333333333333333,82.70137099599602,1.9997716116337294,1.9997716116337296,80.70159938436228,1.9647172906226518,64.05324937971764,True,True
50,1,skewed,"[[0.8511320907447291,0.0005293564058551034,0.002130641314686514,0.001578427891930804,0.0025182707913561,0.00011308091526417163,0.0005399835065593309,0.0007529104103685593,0.0021627765154816044,0.0011847102417240315,0.0027389566659138777,0.001017373039510502,0.0058841342290976645,0.00658570373034751,0.004572770208364737,0.002981916823844977,0.002866609919664472,0.0014925677835459204,0.007611217549981487,0.003643574863277084,0.003249028594780455,0.0011023493711923768,0.00027073663175999235,0.0032018728504512144,0.00481063265348786,0.002328475537848106,0.0009277119848693926,0.0029307565378519445,0.004873765030894472,0.005472514473397284,0.0003164503200111779,0.0033400640315093422,0.0010157814385645951,0.0011901816548416746,0.003309319691265424,0.004193401562508228,0.0033064775336553195,0.0030405016205587625,0.007283002552367142,0.0015174509784037652,0.0038857708404219714,0.0034905414374743304,0.0023712834467249015,0.002699404140205796,0.0011047627500061117,0.002182184882658731,0.004613565144686942,0.005221162941875288,0.011064587212429122,0.003649188601794739],[0.0011320907447290984,0.850529356405855,0.002130641314686514,0.001578427891930804,0.0025182707913561,0.00011308091526417163,0.0005399835065593309,0.0007529104103685593,0.0021627765154816044,0.0011847102417240315,0.0027389566659138777,0.001017373039510502,0.0058841342290976645,0.00658570373034751,0.004572770208364737,0.002981916823844977,0.002866609919664472,0.0014925677835459204,0.007611217549981487,0.003643574863277084,0.003249028594780455,0.0011023493711923768,0.00027073663175999235,0.0032018728504512144,0.00481063265348786,0.002328475537848106,0.0009277119848693926,0.0029307565378519445,0.004873765030894472,0.005472514473397284,0.0003164503200111779,0.0033400640315093422,0.0010157814385645951,0.0011901816548416746,0.003309319691265424,0.004193401562508228,0.0033064775336553195,0.0030405016205587625,0.007283002552367142,0.0015174509784037652,0.0038857708404219714,0.0034905414374743304,0.0023712834467249015,0.002699404140205796,0.0011047627500061117,0.002182184882658731,0.004613565144686942,0.005221162941875288,0.011064587212429122,0.003649188601794739],[0.0011320907447290984,0.0005293564058551034,0.8521306413146865,0.001578427891930804,0.0025182707913561,0.00011308091526417163,0.0005399835065593309,0.0007529104103685593,0.0021627765154816044,0.0011847102417240315,0.0027389566659138777,0.001017373039510502,0.0058841342290976645,0.00658570373034751,0.004572770208364737,0.002981916823844977,0.002866609919664472,0.0014925677835459204,0.007611217549981487,0.003643574863277084,0.003249028594780455,0.0011023493711923768,0.00027073663175999235,0.0032018728504512144,0.00481063265348786,0.002328475537848106,0.0009277119848693926,0.0029307565378519445,0.004873765030894472,0.005472514473397284,0.0003164503200111779,0.0033400640315093422,0.0010157814385645951,0.0011901816548416746,0.003309319691265424,0.004193401562508228,0.0033064775336553195,0.0030405016205587625,0.007283002552367142,0.0015174509784037652,0.0038857708404219714,0.0034905414374743304,0.0023712834467249015,0.002699404140205796,0.0011047627500061117,0.002182184882658731,0.004613565144686942,0.005221162941875288,0.011064587212429122,0.003649188601794739],[0.0011320907447290984,0.0005293564058551034,0.002130641314686514,0.8515784278919308,0.0025182707913561,0.00011308091526417163,0.0005399835065593309,0.0007529104103685593,0.0021627765154816044,0.0011847102417240315,0.0027389566659138777,0.001017373039510502,0.0058841342290976645,0.00658570373034751,0.004572770208364737,0.002981916823844977,0.002866609919664472,0.0014925677835459204,0.007611217549981487,0.003643574863277084,0.003249028594780455,0.0011023493711923768,0.00027073663175999235,0.0032018728504512144,0.00481063265348786,0.002328475537848106,0.0009277119848693926,0.0029307565378519445,0.004873765030894472,0.005472514473397284,0.0003164503200111779,0.0033400640315093422,0.0010157814385645951,0.0011901816548416746,0.003309319691265424,0.004193401562508228,0.0033064775336553195,0.0030405016205587625,0.007283002552367142,0.0015174509784037652,0.0038857708404219714,0.0034905414374743304,0.0023712834467249015,0.002699404140205796,0.0011047627500061117,0.002182184882658731,0.004613565144686942,0.005221162941875288,0.011064587212429122,0.003649188601794739],[0.0011320907447290984,0.0005293564058551034,0.002130641314686514,0.001578427891930804,0.8525182707913561,0.00011308091526417163,0.0005399835065593309,0.0007529104103685593,0.0021627765154816044,0.0011847102417240315,0.0027389566659138777,0.001017373039510502,0.0058841342290976645,0.00658570373034751,0.004572770208364737,0.002981916823844977,0.002866609919664472,0.0014925677835459204,0.007611217549981487,0.003643574863277084,0.003249028594780455,0.0011023493711923768,0.00027073663175999235,0.0032018728504512144,0.00481063265348786,0.002328475537848106,0.0009277119848693926,0.0029307565378519445,0.004873765030894472,0.005472514473397284,0.0003164503200111779,0.0033400640315093422,0.0010157814385645951,0.0011901816548416746,0.003309319691265424,0.004193401562508228,0.0033064775336553195,0.0030405016205587625,0.007283002552367142,0.0015174509784037652,0.0038857708404219714,0.0034905414374743304,0.0023712834467249015,0.002699404140205796,0.0011047627500061117,0.002182184882658731,0.004613565144686942,0.005221162941875288,0.011064587212429122,0.003649188601794739],[0.0011320907447290984,0.0005293564058551034,0.002130641314686514,0.001578427891930804,0.0025182707913561,0.8501130809152642,0.0005399835065593309,0.0007529104103685593,0.0021627765154816044,0.0011847102417240315,0.0027389566659138777,0.001017373039510502,0.0058841342290976645,0.00658570373034751,0.004572770208364737,0.002981916823844977,0.002866609919664472,0.0014925677835459204,0.007611217549981487,0.003643574863277084,0.003249028594780455,0.0011023493711923768,0.00027073663175999235,0.0032018728504512144,0.00481063265348786,0.002328475537848106,0.0009277119848693926,0.0029307565378519445,0.004873765030894472,0.005472514473397284,0.0003164503200111779,0.0033400640315093422,0.0010157814385645951,0.0011901816548416746,0.003309319691265424,0.004193401562508228,0.0033064775336553195,0.0030405016205587625,0.007283002552367142,0.0015174509784037652,0.0038857708404219714,0.0034905414374743304,0.0023712834467249015,0.002699404140205796,0.0011047627500061117,0.002182184882658731,0.004613565144686942,0.005221162941875288,0.011064587212429122,0.003649188601794739],[0.0011320907447290984,0.0005293564058551034,0.002130641314686514,0.001578427891930804,0.0025182707913561,0.00011308091526417163,0.8505399835065593,0.0007529104103685593,0.0021627765154816044,0.0011847102417240315,0.0027389566659138777,0.001017373039510502,0.0058841342290976645,0.00658570373034751,0.004572770208364737,0.002981916823844977,0.002866609919664472,0.0014925677835459204,0.007611217549981487,0.003643574863277084,0.003249028594780455,0.0011023493711923768,0.00027073663175999235,0.0032018728504512144,0.00481063265348786,0.002328475537848106,0.0009277119848693926,0.0029307565378519445,0.004873765030894472,0.005472514473397284,0.0003164503200111779,0.0033400640315093422,0.0010157814385645951,0.0011901816548416746,0.003309319691265424,0.004193401562508228,0.0033064775336553195,0.0030405016205587625,0.007283002552367142,0.0015174509784037652,0.0038857708404219714,0.0034905414374743304,0.0023712834467249015,0.002699404140205796,0.0011047627500061117,0.002182184882658731,0.004613565144686942,0.005221162941875288,0.011064587212429122,0.003649188601794739],[0.0011320907447290984,0.0005293564058551034,0.002130641314686514,0.001578427891930804,0.0025182707913561,0.00011308091526417163,0.0005399835065593309,0.8507529104103685,0.0021627765154816044,0.0011847102417240315,0.0027389566659138777,0.001017373039510502,0.0058841342290976645,0.00658570373034751,0.004572770208364737,0.002981916823844977,0.002866609919664472,0.0014925677835459204,0.007611217549981487,0.003643574863277084,0.003249028594780455,0.0011023493711923768,0.00027073663175999235,0.0032018728504512144,0.00481063265348786,0.002328475537848106,0.0009277119848693926,0.0029307565378519445,0.004873765030894472,0.005472514473397284,0.0003164503200111779,0.0033400640315093422,0.0010157814385645951,0.0011901816548416746,0.003309319691265424,0.004193401562508228,0.0033064775336553195,0.0030405016205587625,0.007283002552367142,0.0015174509784037652,0.0038857708404219714,0.0034905414374743304,0.0023712834467249015,0.002699404140205796,0.0011047627500061117,0.002182184882658731,0.004613565144686942,0.005221162941875288,0.011064587212429122,0.003649188601794739],[0.0011320907447290984,0.0005293564058551034,0.002130641314686514,0.001578427891930804,0.0025182707913561,0.00011308091526417163,0.0005399835065593309,0.0007529104103685593,0.8521627765154816,0.0011847102417240315,0.0027389566659138777,0.001017373039510502,0.0058841342290976645,0.00658570373034751,0.004572770208364737,0.002981916823844977,0.002866609919664472,0.0014925677835459204,0.007611217549981487,0.003643574863277084,0.003249028594780455,0.0011023493711923768,0.00027073663175999235,0.0032018728504512144,0.00481063265348786,0.002328475537848106,0.0009277119848693926,0.0029307565378519445,0.004873765030894472,0.005472514473397284,0.0003164503200111779,0.0033400640315093422,0.0010157814385645951,0.0011901816548416746,0.003309319691265424,0.004193401562508228,0.0033064775336553195,0.0030405016205587625,0.007283002552367142,0.0015174509784037652,0.0038857708404219714,0.0034905414374743304,0.0023712834467249015,0.002699404140205796,0.0011047627500061117,0.002182184882658731,0.004613565144686942,0.005221162941875288,0.011064587212429122,0.003649188601794739],[0.0011320907447290984,0.0005293564058551034,0.002130641314686514,0.001578427891930804,0.0025182707913561,0.00011308091526417163,0.0005399835065593309,0.0007529104103685593,0.0021627765154816044,0.851184710241724,0.0027389566659138777,0.001017373039510502,0.0058841342290976645,0.00658570373034751,0.004572770208364737,0.002981916823844977,0.002866609919664472,0.0014925677835459204,0.007611217549981487,0.003643574863277084,0.003249028594780455,0.0011023493711923768,0.00027073663175999235,0.0032018728504512144,0.00481063265348786,0.002328475537848106,0.0009277119848693926,0.0029307565378519445,0.004873765030894472,0.005472514473397284,0.0003164503200111779,0.0033400640315093422,0.0010157814385645951,0.0011901816548416746,0.003309319691265424,0.004193401562508228,0.0033064775336553195,0.0030405016205587625,0.007283002552367142,0.0015174509784037652,0.0038857708404219714,0.0034905414374743304,0.0023712834467249015,0.002699404140205796,0.0011047627500061117,0.002182184882658731,0.004613565144686942,0.005221162941875288,0.011064587212429122,0.003649188601794739],[0.0011320907447290984,0.0005293564058551034,0.002130641314686514,0.001578427891930804,0.0025182707913561,0.00011308091526417163,0.0005399835065593309,0.0007529104103685593,0.0021627765154816044,0.0011847102417240315,0.8527389566659138,0.001017373039510502,0.0058841342290976645,0.00658570373034751,0.004572770208364737,0.002981916823844977,0.002866609919664472,0.0014925677835459204,0.007611217549981487,0.003643574863277084,0.003249028594780455,0.0011023493711923768,0.00027073663175999235,0.0032018728504512144,0.00481063265348786,0.002328475537848106,0.0009277119848693926,0.0029307565378519445,0.004873765030894472,0.005472514473397284,0.0003164503200111779,0.0033400640315093422,0.0010157814385645951,0.0011901816548416746,0.003309319691265424,0.004193401562508228,0.0033064775336553195,0.0030405016205587625,0.007283002552367142,0.0015174509784037652,0.0038857708404219714,0.0034905414374743304,0.0023712834467249015,0.002699404140205796,0.0011047627500061117,0.002182184882658731,0.004613565144686942,0.005221162941875288,0.011064587212429122,0.003649188601794739],[0.0011320907447290984,0.0005293564058551034,0.002130641314686514,0.001578427891930804,0.0025182707913561,0.00011308091526417163,0.0005399835065593309,0.0007529104103685593,0.0021627765154816044,0.0011847102417240315,0.0027389566659138777,0.8510173730395105,0.0058841342290976645,0.00658570373034751,0.004572770208364737,0.002981916823844977,0.002866609919664472,0.0014925677835459204,0.007611217549981487,0.003643574863277084,0.003249028594780455,0.0011023493711923768,0.00027073663175999235,0.0032018728504512144,0.00481063265348786,0.002328475537848106,0.0009277119848693926,0.0029307565378519445,0.004873765030894472,0.005472514473397284,0.0003164503200111779,0.0033400640315093422,0.0010157814385645951,0.0011901816548416746,0.003309319691265424,0.004193401562508228,0.0033064775336553195,0.0030405016205587625,0.007283002552367142,0.0015174509784037652,0.0038857708404219714,0.0034905414374743304,0.0023712834467249015,0.002699404140205796,0.0011047627500061117,0.002182184882658731,0.004613565144686942,0.005221162941875288,0.011064587212429122,0.003649188601794739],[0.0011320907447290984,0.0005293564058551034,0.002130641314686514,0.001578427891930804,0.0025182707913561,0.00011308091526417163,0.0005399835065593309,0.0007529104103685593,0.0021627765154816044,0.0011847102417240315,0.0027389566659138777,0.001017373039510502,0.8558841342290976,0.00658570373034751,0.004572770208364737,0.002981916823844977,0.002866609919664472,0.0014925677835459204,0.007611217549981487,0.003643574863277084,0.003249028594780455,0.0011023493711923768,0.00027073663175999235,0.0032018728504512144,0.00481063265348786,0.002328475537848106,0.0009277119848693926,0.0029307565378519445,0.004873765030894472,0.005472514473397284,0.0003164503200111779,0.0033400640315093422,0.0010157814385645951,0.0011901816548416746,0.003309319691265424,0.004193401562508228,0.0033064775336553195,0.0030405016205587625,0.007283002552367142,0.0015174509784037652,0.0038857708404219714,0.0034905414374743304,0.0023712834467249015,0.002699404140205796,0.0011047627500061117,0.002182184882658731,0.004613565144686942,0.005221162941875288,0.011064587212429122,0.003649188601794739],[0.0011320907447290984,0.0005293564058551034,0.002130641314686514,0.001578427891930804,0.0025182707913561,0.00011308091526417163,0.0005399835065593309,0.0007529104103685593,0.0021627765154816044,0.0011847102417240315,0.0027389566659138777,0.001017373039510502,0.0058841342290976645,0.8565857037303475,0.004572770208364737,0.002981916823844977,0.002866609919664472,0.0014925677835459204,0.007611217549981487,0.003643574863277084,0.003249028594780455,0.0011023493711923768,0.00027073663175999235,0.0032018728504512144,0.00481063265348786,0.002328475537848106,0.0009277119848693926,0.0029307565378519445,0.004873765030894472,0.005472514473397284,0.0003164503200111779,0.0033400640315093422,0.0010157814385645951,0.0011901816548416746,0.003309319691265424,0.004193401562508228,0.0033064775336553195,0.0030405016205587625,0.007283002552367142,0.0015174509784037652,0.0038857708404219714,0.0034905414374743304,0.0023712834467249015,0.002699404140205796,0.0011047627500061117,0.002182184882658731,0.004613565144686942,0.005221162941875288,0.011064587212429122,0.003649188601794739],[0.0011320907447290984,0.0005293564058551034,0.002130641314686514,0.001578427891930804,0.0025182707913561,0.00011308091526417163,0.0005399835065593309,0.0007529104103685593,0.0021627765154816044,0.0011847102417240315,0.0027389566659138777,0.001017373039510502,0.0058841342290976645,0.00658570373034751,0.8545727702083648,0.002981916823844977,0.002866609919664472,0.0014925677835459204,0.007611217549981487,0.003643574863277084,0.003249028594780455,0.0011023493711923768,0.00027073663175999235,0.0032018728504512144,0.00481063265348786,0.002328475537848106,0.0009277119848693926,0.0029307565378519445,0.004873765030894472,0.005472514473397284,0.0003164503200111779,0.0033400640315093422,0.0010157814385645951,0.0011901816548416746,0.003309319691265424,0.004193401562508228,0.0033064775336553195,0.0030405016205587625,0.007283002552367142,0.0015174509784037652,0.0038857708404219714,0.0034905414374743304,0.0023712834467249015,0.002699404140205796,0.0011047627500061117,0.002182184882658731,0.004613565144686942,0.005221162941875288,0.011064587212429122,0.003649188601794739],[0.0011320907447290984,0.0005293564058551034,0.002130641314686514,0.001578427891930804,0.0025182707913561,0.00011308091526417163,0.0005399835065593309,0.0007529104103685593,0.0021627765154816044,0.0011847102417240315,0.0027389566659138777,0.001017373039510502,0.0058841342290976645,0.00658570373034751,0.004572770208364737,0.8529819168238449,0.002866609919664472,0.0014925677835459204,0.007611217549981487,0.003643574863277084,0.003249028594780455,0.0011023493711923768,0.00027073663175999235,0.0032018728504512144,0.00481063265348786,0.002328475537848106,0.0009277119848693926,0.0029307565378519445,0.004873765030894472,0.005472514473397284,0.0003164503200111779,0.0033400640315093422,0.0010157814385645951,0.0011901816548416746,0.003309319691265424,0.004193401562508228,0.0033064775336553195,0.0030405016205587625,0.007283002552367142,0.0015174509784037652,0.0038857708404219714,0.0034905414374743304,0.0023712834467249015,0.002699404140205796,0.0011047627500061117,0.002182184882658731,0.004613565144686942,0.005221162941875288,0.011064587212429122,0.003649188601794739],[0.0011320907447290984,0.0005293564058551034,0.002130641314686514,0.001578427891930804,0.0025182707913561,0.00011308091526417163,0.0005399835065593309,0.0007529104103685593,0.0021627765154816044,0.0011847102417240315,0.0027389566659138777,0.001017373039510502,0.0058841342290976645,0.00658570373034751,0.004572770208364737,0.002981916823844977,0.8528666099196645,0.0014925677835459204,0.007611217549981487,0.003643574863277084,0.003249028594780455,0.0011023493711923768,0.00027073663175999235,0.0032018728504512144,0.00481063265348786,0.002328475537848106,0.0009277119848693926,0.0029307565378519445,0.004873765030894472,0.005472514473397284,0.0003164503200111779,0.0033400640315093422,0.0010157814385645951,0.0011901816548416746,0.003309319691265424,0.004193401562508228,0.0033064775336553195,0.0030405016205587625,0.007283002552367142,0.0015174509784037652,0.0038857708404219714,0.0034905414374743304,0.0023712834467249015,0.002699404140205796,0.0011047627500061117,0.002182184882658731,0.004613565144686942,0.005221162941875288,0.011064587212429122,0.003649188601794739],[0.0011320907447290984,0.0005293564058551034,0.002130641314686514,0.001578427891930804,0.0025182707913561,0.00011308091526417163,0.0005399835065593309,0.0007529104103685593,0.0021627765154816044,0.0011847102417240315,0.0027389566659138777,0.001017373039510502,0.0058841342290976645,0.00658570373034751,0.004572770208364737,0.002981916823844977,0.002866609919664472,0.8514925677835459,0.007611217549981487,0.003643574863277084,0.003249028594780455,0.0011023493711923768,0.00027073663175999235,0.0032018728504512144,0.00481063265348786,0.002328475537848106,0.0009277119848693926,0.0029307565378519445,0.004873765030894472,0.005472514473397284,0.0003164503200111779,0.0033400640315093422,0.0010157814385645951,0.0011901816548416746,0.003309319691265424,0.004193401562508228,0.0033064775336553195,0.0030405016205587625,0.007283002552367142,0.0015174509784037652,0.0038857708404219714,0.0034905414374743304,0.0023712834467249015,0.002699404140205796,0.0011047627500061117,0.002182184882658731,0.004613565144686942,0.005221162941875288,0.011064587212429122,0.003649188601794739],[0.0011320907447290984,0.0005293564058551034,0.002130641314686514,0.001578427891930804,0.0025182707913561,0.00011308091526417163,0.0005399835065593309,0.0007529104103685593,0.0021627765154816044,0.0011847102417240315,0.0027389566659138777,0.001017373039510502,0.0058841342290976645,0.00658570373034751,0.004572770208364737,0.002981916823844977,0.002866609919664472,0.0014925677835459204,0.8576112175499815,0.003643574863277084,0.003249028594780455,0.0011023493711923768,0.00027073663175999235,0.0032018728504512144,0.00481063265348786,0.002328475537848106,0.0009277119848693926,0.0029307565378519445,0.004873765030894472,0.005472514473397284,0.0003164503200111779,0.0033400640315093422,0.0010157814385645951,0.0011901816548416746,0.003309319691265424,0.004193401562508228,0.0033064775336553195,0.0030405016205587625,0.007283002552367142,0.0015174509784037652,0.0038857708404219714,0.0034905414374743304,0.0023712834467249015,0.002699404140205796,0.0011047627500061117,0.002182184882658731,0.004613565144686942,0.005221162941875288,0.011064587212429122,0.003649188601794739],[0.0011320907447290984,0.0005293564058551034,0.002130641314686514,0.001578427891930804,0.0025182707913561,0.00011308091526417163,0.0005399835065593309,0.0007529104103685593,0.0021627765154816044,0.0011847102417240315,0.0027389566659138777,0.001017373039510502,0.0058841342290976645,0.00658570373034751,0.004572770208364737,0.002981916823844977,0.002866609919664472,0.0014925677835459204,0.007611217549981487,0.853643574863277,0.003249028594780455,0.0011023493711923768,0.00027073663175999235,0.0032018728504512144,0.00481063265348786,0.002328475537848106,0.0009277119848693926,0.0029307565378519445,0.004873765030894472,0.005472514473397284,0.0003164503200111779,0.0033400640315093422,0.0010157814385645951,0.0011901816548416746,0.003309319691265424,0.004193401562508228,0.0033064775336553195,0.0030405016205587625,0.007283002552367142,0.0015174509784037652,0.0038857708404219714,0.0034905414374743304,0.0023712834467249015,0.002699404140205796,0.0011047627500061117,0.002182184882658731,0.004613565144686942,0.005221162941875288,0.011064587212429122,0.003649188601794739],[0.0011320907447290984,0.0005293564058551034,0.002130641314686514,0.001578427891930804,0.0025182707913561,0.00011308091526417163,0.0005399835065593309,0.0007529104103685593,0.0021627765154816044,0.0011847102417240315,0.0027389566659138777,0.001017373039510502,0.0058841342290976645,0.00658570373034751,0.004572770208364737,0.002981916823844977,0.002866609919664472,0.0014925677835459204,0.007611217549981487,0.003643574863277084,0.8532490285947805,0.0011023493711923768,0.00027073663175999235,0.0032018728504512144,0.00481063265348786,0.002328475537848106,0.0009277119848693926,0.0029307565378519445,0.004873765030894472,0.005472514473397284,0.0003164503200111779,0.0033400640315093422,0.0010157814385645951,0.0011901816548416746,0.003309319691265424,0.004193401562508228,0.0033064775336553195,0.0030405016205587625,0.007283002552367142,0.0015174509784037652,0.0038857708404219714,0.0034905414374743304,0.0023712834467249015,0.002699404140205796,0.0011047627500061117,0.002182184882658731,0.004613565144686942,0.005221162941875288,0.011064587212429122,0.003649188601794739],[0.0011320907447290984,0.0005293564058551034,0.002130641314686514,0.001578427891930804,0.0025182707913561,0.00011308091526417163,0.0005399835065593309,0.0007529104103685593,0.0021627765154816044,0.0011847102417240315,0.0027389566659138777,0.001017373039510502,0.0058841342290976645,0.00658570373034751,0.004572770208364737,0.002981916823844977,0.002866609919664472,0.0014925677835459204,0.007611217549981487,0.003643574863277084,0.003249028594780455,0.8511023493711923,0.00027073663175999235,0.0032018728504512144,0.00481063265348786,0.002328475537848106,0.0009277119848693926,0.0029307565378519445,0.004873765030894472,0.005472514473397284,0.0003164503200111779,0.0033400640315093422,0.0010157814385645951,0.0011901816548416746,0.003309319691265424,0.004193401562508228,0.0033064775336553195,0.0030405016205587625,0.007283002552367142,0.0015174509784037652,0.0038857708404219714,0.0034905414374743304,0.0023712834467249015,0.002699404140205796,0.0011047627500061117,0.002182184882658731,0.004613565144686942,0.005221162941875288,0.011064587212429122,0.003649188601794739],[0.0011320907447290984,0.0005293564058551034,0.002130641314686514,0.001578427891930804,0.0025182707913561,0.00011308091526417163,0.0005399835065593309,0.0007529104103685593,0.0021627765154816044,0.0011847102417240315,0.0027389566659138777,0.001017373039510502,0.0058841342290976645,0.00658570373034751,0.004572770208364737,0.002981916823844977,0.002866609919664472,0.0014925677835459204,0.007611217549981487,0.003643574863277084,0.003249028594780455,0.0011023493711923768,0.85027073663176,0.0032018728504512144,0.00481063265348786,0.002328475537848106,0.0009277119848693926,0.0029307565378519445,0.004873765030894472,0.005472514473397284,0.0003164503200111779,0.0033400640315093422,0.0010157814385645951,0.0011901816548416746,0.003309319691265424,0.004193401562508228,0.0033064775336553195,0.0030405016205587625,0.007283002552367142,0.0015174509784037652,0.0038857708404219714,0.0034905414374743304,0.0023712834467249015,0.002699404140205796,0.0011047627500061117,0.002182184882658731,0.004613565144686942,0.005221162941875288,0.011064587212429122,0.003649188601794739],[0.0011320907447290984,0.0005293564058551034,0.002130641314686514,0.001578427891930804,0.0025182707913561,0.00011308091526417163,0.0005399835065593309,0.0007529104103685593,0.0021627765154816044,0.0011847102417240315,0.0027389566659138777,0.001017373039510502,0.0058841342290976645,0.00658570373034751,0.004572770208364737,0.002981916823844977,0.002866609919664472,0.0014925677835459204,0.007611217549981487,0.003643574863277084,0.003249028594780455,0.0011023493711923768,0.00027073663175999235,0.8532018728504512,0.00481063265348786,0.002328475537848106,0.0009277119848693926,0.0029307565378519445,0.004873765030894472,0.005472514473397284,0.0003164503200111779,0.0033400640315093422,0.0010157814385645951,0.0011901816548416746,0.003309319691265424,0.004193401562508228,0.0033064775336553195,0.0030405016205587625,0.007283002552367142,0.0015174509784037652,0.0038857708404219714,0.0034905414374743304,0.0023712834467249015,0.002699404140205796,0.0011047627500061117,0.002182184882658731,0.004613565144686942,0.005221162941875288,0.011064587212429122,0.003649188601794739],[0.0011320907447290984,0.0005293564058551034,0.002130641314686514,0.001578427891930804,0.0025182707913561,0.00011308091526417163,0.0005399835065593309,0.0007529104103685593,0.0021627765154816044,0.0011847102417240315,0.0027389566659138777,0.001017373039510502,0.0058841342290976645,0.00658570373034751,0.004572770208364737,0.002981916823844977,0.002866609919664472,0.0014925677835459204,0.007611217549981487,0.003643574863277084,0.003249028594780455,0.0011023493711923768,0.00027073663175999235,0.0032018728504512144,0.8548106326534879,0.002328475537848106,0.0009277119848693926,0.0029307565378519445,0.004873765030894472,0.005472514473397284,0.0003164503200111779,0.0033400640315093422,0.0010157814385645951,0.0011901816548416746,0.003309319691265424,0.004193401562508228,0.0033064775336553195,0.0030405016205587625,0.007283002552367142,0.0015174509784037652,0.0038857708404219714,0.0034905414374743304,0.0023712834467249015,0.002699404140205796,0.0011047627500061117,0.002182184882658731,0.004613565144686942,0.005221162941875288,0.011064587212429122,0.003649188601794739],[0.0011320907447290984,0.0005293564058551034,0.002130641314686514,0.001578427891930804,0.0025182707913561,0.00011308091526417163,0.0005399835065593309,0.0007529104103685593,0.0021627765154816044,0.0011847102417240315,0.0027389566659138777,0.001017373039510502,0.0058841342290976645,0.00658570373034751,0.004572770208364737,0.002981916823844977,0.002866609919664472,0.0014925677835459204,0.007611217549981487,0.003643574863277084,0.003249028594780455,0.0011023493711923768,0.00027073663175999235,0.0032018728504512144,0.00481063265348786,0.8523284755378481,0.0009277119848693926,0.0029307565378519445,0.004873765030894472,0.005472514473397284,0.0003164503200111779,0.0033400640315093422,0.0010157814385645951,0.0011901816548416746,0.003309319691265424,0.004193401562508228,0.0033064775336553195,0.0030405016205587625,0.007283002552367142,0.0015174509784037652,0.0038857708404219714,0.0034905414374743304,0.0023712834467249015,0.002699404140205796,0.0011047627500061117,0.002182184882658731,0.004613565144686942,0.005221162941875288,0.011064587212429122,0.003649188601794739],[0.0011320907447290984,0.0005293564058551034,0.002130641314686514,0.001578427891930804,0.0025182707913561,0.00011308091526417163,0.0005399835065593309,0.0007529104103685593,0.0021627765154816044,0.0011847102417240315,0.0027389566659138777,0.001017373039510502,0.0058841342290976645,0.00658570373034751,0.004572770208364737,0.002981916823844977,0.002866609919664472,0.0014925677835459204,0.007611217549981487,0.003643574863277084,0.003249028594780455,0.0011023493711923768,0.00027073663175999235,0.0032018728504512144,0.00481063265348786,0.002328475537848106,0.8509277119848694,0.0029307565378519445,0.004873765030894472,0.005472514473397284,0.0003164503200111779,0.0033400640315093422,0.0010157814385645951,0.0011901816548416746,0.003309319691265424,0.004193401562508228,0.0033064775336553195,0.0030405016205587625,0.007283002552367142,0.0015174509784037652,0.0038857708404219714,0.0034905414374743304,0.0023712834467249015,0.002699404140205796,0.0011047627500061117,0.002182184882658731,0.004613565144686942,0.005221162941875288,0.011064587212429122,0.003649188601794739],[0.0011320907447290984,0.0005293564058551034,0.002130641314686514,0.001578427891930804,0.0025182707913561,0.00011308091526417163,0.0005399835065593309,0.0007529104103685593,0.0021627765154816044,0.0011847102417240315,0.0027389566659138777,0.001017373039510502,0.0058841342290976645,0.00658570373034751,0.004572770208364737,0.002981916823844977,0.002866609919664472,0.0014925677835459204,0.007611217549981487,0.003643574863277084,0.003249028594780455,0.0011023493711923768,0.00027073663175999235,0.0032018728504512144,0.00481063265348786,0.002328475537848106,0.0009277119848693926,0.8529307565378519,0.004873765030894472,0.005472514473397284,0.0003164503200111779,0.0033400640315093422,0.0010157814385645951,0.0011901816548416746,0.003309319691265424,0.004193401562508228,0.0033064775336553195,0.0030405016205587625,0.007283002552367142,0.0015174509784037652,0.0038857708404219714,0.0034905414374743304,0.0023712834467249015,0.002699404140205796,0.0011047627500061117,0.002182184882658731,0.004613565144686942,0.005221162941875288,0.011064587212429122,0.003649188601794739],[0.0011320907447290984,0.0005293564058551034,0.002130641314686514,0.001578427891930804,0.0025182707913561,0.00011308091526417163,0.0005399835065593309,0.0007529104103685593,0.0021627765154816044,0.0011847102417240315,0.0027389566659138777,0.001017373039510502,0.0058841342290976645,0.00658570373034751,0.004572770208364737,0.002981916823844977,0.002866609919664472,0.0014925677835459204,0.007611217549981487,0.003643574863277084,0.003249028594780455,0.0011023493711923768,0.00027073663175999235,0.0032018728504512144,0.00481063265348786,0.002328475537848106,0.0009277119848693926,0.0029307565378519445,0.8548737650308944,0.005472514473397284,0.0003164503200111779,0.0033400640315093422,0.0010157814385645951,0.0011901816548416746,0.003309319691265424,0.004193401562508228,0.0033064775336553195,0.0030405016205587625,0.007283002552367142,0.0015174509784037652,0.0038857708404219714,0.0034905414374743304,0.0023712834467249015,0.002699404140205796,0.0011047627500061117,0.002182184882658731,0.004613565144686942,0.005221162941875288,0.011064587212429122,0.003649188601794739],[0.0011320907447290984,0.0005293564058551034,0.002130641314686514,0.001578427891930804,0.0025182707913561,0.00011308091526417163,0.0005399835065593309,0.0007529104103685593,0.0021627765154816044,0.0011847102417240315,0.0027389566659138777,0.001017373039510502,0.0058841342290976645,0.00658570373034751,0.004572770208364737,0.002981916823844977,0.002866609919664472,0.0014925677835459204,0.007611217549981487,0.003643574863277084,0.003249028594780455,0.0011023493711923768,0.00027073663175999235,0.0032018728504512144,0.00481063265348786,0.002328475537848106,0.0009277119848693926,0.0029307565378519445,0.004873765030894472,0.8554725144733972,0.0003164503200111779,0.0033400640315093422,0.0010157814385645951,0.0011901816548416746,0.003309319691265424,0.004193401562508228,0.0033064775336553195,0.0030405016205587625,0.007283002552367142,0.0015174509784037652,0.0038857708404219714,0.0034905414374743304,0.0023712834467249015,0.002699404140205796,0.0011047627500061117,0.002182184882658731,0.004613565144686942,0.005221162941875288,0.011064587212429122,0.003649188601794739],[0.0011320907447290984,0.0005293564058551034,0.002130641314686514,0.001578427891930804,0.0025182707913561,0.00011308091526417163,0.0005399835065593309,0.0007529104103685593,0.0021627765154816044,0.0011847102417240315,0.0027389566659138777,0.001017373039510502,0.0058841342290976645,0.00658570373034751,0.004572770208364737,0.002981916823844977,0.002866609919664472,0.0014925677835459204,0.007611217549981487,0.003643574863277084,0.003249028594780455,0.0011023493711923768,0.00027073663175999235,0.0032018728504512144,0.00481063265348786,0.002328475537848106,0.0009277119848693926,0.0029307565378519445,0.004873765030894472,0.005472514473397284,0.8503164503200111,0.0033400640315093422,0.0010157814385645951,0.0011901816548416746,0.003309319691265424,0.004193401562508228,0.0033064775336553195,0.0030405016205587625,0.007283002552367142,0.0015174509784037652,0.0038857708404219714,0.0034905414374743304,0.0023712834467249015,0.002699404140205796,0.0011047627500061117,0.002182184882658731,0.004613565144686942,0.005221162941875288,0.011064587212429122,0.003649188601794739],[0.0011320907447290984,0.0005293564058551034,0.002130641314686514,0.001578427891930804,0.0025182707913561,0.00011308091526417163,0.0005399835065593309,0.0007529104103685593,0.0021627765154816044,0.0011847102417240315,0.0027389566659138777,0.001017373039510502,0.0058841342290976645,0.00658570373034751,0.004572770208364737,0.002981916823844977,0.002866609919664472,0.0014925677835459204,0.007611217549981487,0.003643574863277084,0.003249028594780455,0.0011023493711923768,0.00027073663175999235,0.0032018728504512144,0.00481063265348786,0.002328475537848106,0.0009277119848693926,0.0029307565378519445,0.004873765030894472,0.005472514473397284,0.0003164503200111779,0.8533400640315093,0.0010157814385645951,0.0011901816548416746,0.003309319691265424,0.004193401562508228,0.0033064775336553195,0.0030405016205587625,0.007283002552367142,0.0015174509784037652,0.0038857708404219714,0.0034905414374743304,0.0023712834467249015,0.002699404140205796,0.0011047627500061117,0.002182184882658731,0.004613565144686942,0.005221162941875288,0.011064587212429122,0.003649188601794739],[0.0011320907447290984,0.0005293564058551034,0.002130641314686514,0.001578427891930804,0.0025182707913561,0.00011308091526417163,0.0005399835065593309,0.0007529104103685593,0.0021627765154816044,0.0011847102417240315,0.0027389566659138777,0.001017373039510502,0.0058841342290976645,0.00658570373034751,0.004572770208364737,0.002981916823844977,0.002866609919664472,0.0014925677835459204,0.007611217549981487,0.003643574863277084,0.003249028594780455,0.0011023493711923768,0.00027073663175999235,0.0032018728504512144,0.00481063265348786,0.002328475537848106,0.0009277119848693926,0.0029307565378519445,0.004873765030894472,0.005472514473397284,0.0003164503200111779,0.0033400640315093422,0.8510157814385646,0.0011901816548416746,0.003309319691265424,0.004193401562508228,0.0033064775336553195,0.0030405016205587625,0.007283002552367142,0.0015174509784037652,0.0038857708404219714,0.0034905414374743304,0.0023712834467249015,0.002699404140205796,0.0011047627500061117,0.002182184882658731,0.004613565144686942,0.005221162941875288,0.011064587212429122,0.003649188601794739],[0.0011320907447290984,0.0005293564058551034,0.002130641314686514,0.001578427891930804,0.0025182707913561,0.00011308091526417163,0.0005399835065593309,0.0007529104103685593,0.0021627765154816044,0.0011847102417240315,0.0027389566659138777,0.001017373039510502,0.0058841342290976645,0.00658570373034751,0.004572770208364737,0.002981916823844977,0.002866609919664472,0.0014925677835459204,0.007611217549981487,0.003643574863277084,0.003249028594780455,0.0011023493711923768,0.00027073663175999235,0.0032018728504512144,0.00481063265348786,0.002328475537848106,0.0009277119848693926,0.0029307565378519445,0.004873765030894472,0.005472514473397284,0.0003164503200111779,0.0033400640315093422,0.0010157814385645951,0.8511901816548416,0.003309319691265424,0.004193401562508228,0.0033064775336553195,0.0030405016205587625,0.007283002552367142,0.0015174509784037652,0.0038857708404219714,0.0034905414374743304,0.0023712834467249015,0.002699404140205796,0.0011047627500061117,0.002182184882658731,0.004613565144686942,0.005221162941875288,0.011064587212429122,0.003649188601794739],[0.0011320907447290984,0.0005293564058551034,0.002130641314686514,0.001578427891930804,0.0025182707913561,0.00011308091526417163,0.0005399835065593309,0.0007529104103685593,0.0021627765154816044,0.0011847102417240315,0.0027389566659138777,0.001017373039510502,0.0058841342290976645,0.00658570373034751,0.004572770208364737,0.002981916823844977,0.002866609919664472,0.0014925677835459204,0.007611217549981487,0.003643574863277084,0.003249028594780455,0.0011023493711923768,0.00027073663175999235,0.0032018728504512144,0.00481063265348786,0.002328475537848106,0.0009277119848693926,0.0029307565378519445,0.004873765030894472,0.005472514473397284,0.0003164503200111779,0.0033400640315093422,0.0010157814385645951,0.0011901816548416746,0.8533093196912654,0.004193401562508228,0.0033064775336553195,0.0030405016205587625,0.007283002552367142,0.0015174509784037652,0.0038857708404219714,0.0034905414374743304,0.0023712834467249015,0.002699404140205796,0.0011047627500061117,0.002182184882658731,0.004613565144686942,0.005221162941875288,0.011064587212429122,0.003649188601794739],[0.0011320907447290984,0.0005293564058551034,0.002130641314686514,0.001578427891930804,0.0025182707913561,0.00011308091526417163,0.0005399835065593309,0.0007529104103685593,0.0021627765154816044,0.0011847102417240315,0.0027389566659138777,0.001017373039510502,0.0058841342290976645,0.00658570373034751,0.004572770208364737,0.002981916823844977,0.002866609919664472,0.0014925677835459204,0.007611217549981487,0.003643574863277084,0.003249028594780455,0.0011023493711923768,0.00027073663175999235,0.0032018728504512144,0.00481063265348786,0.002328475537848106,0.0009277119848693926,0.0029307565378519445,0.004873765030894472,0.005472514473397284,0.0003164503200111779,0.0033400640315093422,0.0010157814385645951,0.0011901816548416746,0.003309319691265424,0.8541934015625082,0.0033064775336553195,0.0030405016205587625,0.007283002552367142,0.0015174509784037652,0.0038857708404219714,0.0034905414374743304,0.0023712834467249015,0.002699404140205796,0.0011047627500061117,0.002182184882658731,0.004613565144686942,0.005221162941875288,0.011064587212429122,0.003649188601794739],[0.0011320907447290984,0.0005293564058551034,0.002130641314686514,0.001578427891930804,0.0025182707913561,0.00011308091526417163,0.0005399835065593309,0.0007529104103685593,0.0021627765154816044,0.0011847102417240315,0.0027389566659138777,0.001017373039510502,0.0058841342290976645,0.00658570373034751,0.004572770208364737,0.002981916823844977,0.002866609919664472,0.0014925677835459204,0.007611217549981487,0.003643574863277084,0.003249028594780455,0.0011023493711923768,0.00027073663175999235,0.0032018728504512144,0.00481063265348786,0.002328475537848106,0.0009277119848693926,0.0029307565378519445,0.004873765030894472,0.005472514473397284,0.0003164503200111779,0.0033400640315093422,0.0010157814385645951,0.0011901816548416746,0.003309319691265424,0.004193401562508228,0.8533064775336553,0.0030405016205587625,0.007283002552367142,0.0015174509784037652,0.0038857708404219714,0.0034905414374743304,0.0023712834467249015,0.002699404140205796,0.0011047627500061117,0.002182184882658731,0.004613565144686942,0.005221162941875288,0.011064587212429122,0.003649188601794739],[0.0011320907447290984,0.0005293564058551034,0.002130641314686514,0.001578427891930804,0.0025182707913561,0.00011308091526417163,0.0005399835065593309,0.0007529104103685593,0.0021627765154816044,0.0011847102417240315,0.0027389566659138777,0.001017373039510502,0.0058841342290976645,0.00658570373034751,0.004572770208364737,0.002981916823844977,0.002866609919664472,0.0014925677835459204,0.007611217549981487,0.003643574863277084,0.003249028594780455,0.0011023493711923768,0.00027073663175999235,0.0032018728504512144,0.00481063265348786,0.002328475537848106,0.0009277119848693926,0.0029307565378519445,0.004873765030894472,0.005472514473397284,0.0003164503200111779,0.0033400640315093422,0.0010157814385645951,0.0011901816548416746,0.003309319691265424,0.004193401562508228,0.0033064775336553195,0.8530405016205588,0.007283002552367142,0.0015174509784037652,0.0038857708404219714,0.0034905414374743304,0.0023712834467249015,0.002699404140205796,0.0011047627500061117,0.002182184882658731,0.004613565144686942,0.005221162941875288,0.011064587212429122,0.003649188601794739],[0.0011320907447290984,0.0005293564058551034,0.002130641314686514,0.001578427891930804,0.0025182707913561,0.00011308091526417163,0.0005399835065593309,0.0007529104103685593,0.0021627765154816044,0.0011847102417240315,0.0027389566659138777,0.001017373039510502,0.0058841342290976645,0.00658570373034751,0.004572770208364737,0.002981916823844977,0.002866609919664472,0.0014925677835459204,0.007611217549981487,0.003643574863277084,0.003249028594780455,0.0011023493711923768,0.00027073663175999235,0.0032018728504512144,0.00481063265348786,0.002328475537848106,0.0009277119848693926,0.0029307565378519445,0.004873765030894472,0.005472514473397284,0.0003164503200111779,0.0033400640315093422,0.0010157814385645951,0.0011901816548416746,0.003309319691265424,0.004193401562508228,0.0033064775336553195,0.0030405016205587625,0.8572830025523671,0.0015174509784037652,0.0038857708404219714,0.0034905414374743304,0.0023712834467249015,0.002699404140205796,0.0011047627500061117,0.002182184882658731,0.004613565144686942,0.005221162941875288,0.011064587212429122,0.003649188601794739],[0.0011320907447290984,0.0005293564058551034,0.002130641314686514,0.001578427891930804,0.0025182707913561,0.00011308091526417163,0.0005399835065593309,0.0007529104103685593,0.0021627765154816044,0.0011847102417240315,0.0027389566659138777,0.001017373039510502,0.0058841342290976645,0.00658570373034751,0.004572770208364737,0.002981916823844977,0.002866609919664472,0.0014925677835459204,0.007611217549981487,0.003643574863277084,0.003249028594780455,0.0011023493711923768,0.00027073663175999235,0.0032018728504512144,0.00481063265348786,0.002328475537848106,0.0009277119848693926,0.0029307565378519445,0.004873765030894472,0.005472514473397284,0.0003164503200111779,0.0033400640315093422,0.0010157814385645951,0.0011901816548416746,0.003309319691265424,0.004193401562508228,0.0033064775336553195,0.0030405016205587625,0.007283002552367142,0.8515174509784037,0.0038857708404219714,0.0034905414374743304,0.0023712834467249015,0.002699404140205796,0.0011047627500061117,0.002182184882658731,0.004613565144686942,0.005221162941875288,0.011064587212429122,0.003649188601794739],[0.0011320907447290984,0.0005293564058551034,0.002130641314686514,0.001578427891930804,0.0025182707913561,0.00011308091526417163,0.0005399835065593309,0.0007529104103685593,0.0021627765154816044,0.0011847102417240315,0.0027389566659138777,0.001017373039510502,0.0058841342290976645,0.00658570373034751,0.004572770208364737,0.002981916823844977,0.002866609919664472,0.0014925677835459204,0.007611217549981487,0.003643574863277084,0.003249028594780455,0.0011023493711923768,0.00027073663175999235,0.0032018728504512144,0.00481063265348786,0.002328475537848106,0.0009277119848693926,0.0029307565378519445,0.004873765030894472,0.005472514473397284,0.0003164503200111779,0.0033400640315093422,0.0010157814385645951,0.0011901816548416746,0.003309319691265424,0.004193401562508228,0.0033064775336553195,0.0030405016205587625,0.007283002552367142,0.0015174509784037652,0.8538857708404219,0.0034905414374743304,0.0023712834467249015,0.002699404140205796,0.0011047627500061117,0.002182184882658731,0.004613565144686942,0.005221162941875288,0.011064587212429122,0.003649188601794739],[0.0011320907447290984,0.0005293564058551034,0.002130641314686514,0.001578427891930804,0.0025182707913561,0.00011308091526417163,0.0005399835065593309,0.0007529104103685593,0.0021627765154816044,0.0011847102417240315,0.0027389566659138777,0.001017373039510502,0.0058841342290976645,0.00658570373034751,0.004572770208364737,0.002981916823844977,0.002866609919664472,0.0014925677835459204,0.007611217549981487,0.003643574863277084,0.003249028594780455,0.0011023493711923768,0.00027073663175999235,0.0032018728504512144,0.00481063265348786,0.002328475537848106,0.0009277119848693926,0.0029307565378519445,0.004873765030894472,0.005472514473397284,0.0003164503200111779,0.0033400640315093422,0.0010157814385645951,0.0011901816548416746,0.003309319691265424,0.004193401562508228,0.0033064775336553195,0.0030405016205587625,0.007283002552367142,0.0015174509784037652,0.0038857708404219714,0.8534905414374743,0.0023712834467249015,0.002699404140205796,0.0011047627500061117,0.002182184882658731,0.004613565144686942,0.005221162941875288,0.011064587212429122,0.003649188601794739],[0.0011320907447290984,0.0005293564058551034,0.002130641314686514,0.001578427891930804,0.0025182707913561,0.00011308091526417163,0.0005399835065593309,0.0007529104103685593,0.0021627765154816044,0.0011847102417240315,0.0027389566659138777,0.001017373039510502,0.0058841342290976645,0.00658570373034751,0.004572770208364737,0.002981916823844977,0.002866609919664472,0.0014925677835459204,0.007611217549981487,0.003643574863277084,0.003249028594780455,0.0011023493711923768,0.00027073663175999235,0.0032018728504512144,0.00481063265348786,0.002328475537848106,0.0009277119848693926,0.0029307565378519445,0.004873765030894472,0.005472514473397284,0.0003164503200111779,0.0033400640315093422,0.0010157814385645951,0.0011901816548416746,0.003309319691265424,0.004193401562508228,0.0033064775336553195,0.0030405016205587625,0.007283002552367142,0.0015174509784037652,0.0038857708404219714,0.0034905414374743304,0.8523712834467249,0.002699404140205796,0.0011047627500061117,0.002182184882658731,0.004613565144686942,0.005221162941875288,0.011064587212429122,0.003649188601794739],[0.0011320907447290984,0.0005293564058551034,0.002130641314686514,0.001578427891930804,0.0025182707913561,0.00011308091526417163,0.0005399835065593309,0.0007529104103685593,0.0021627765154816044,0.0011847102417240315,0.0027389566659138777,0.001017373039510502,0.0058841342290976645,0.00658570373034751,0.004572770208364737,0.002981916823844977,0.002866609919664472,0.0014925677835459204,0.007611217549981487,0.003643574863277084,0.003249028594780455,0.0011023493711923768,0.00027073663175999235,0.0032018728504512144,0.00481063265348786,0.002328475537848106,0.0009277119848693926,0.0029307565378519445,0.004873765030894472,0.005472514473397284,0.0003164503200111779,0.0033400640315093422,0.0010157814385645951,0.0011901816548416746,0.003309319691265424,0.004193401562508228,0.0033064775336553195,0.0030405016205587625,0.007283002552367142,0.0015174509784037652,0.0038857708404219714,0.0034905414374743304,0.0023712834467249015,0.8526994041402057,0.0011047627500061117,0.002182184882658731,0.004613565144686942,0.005221162941875288,0.011064587212429122,0.003649188601794739],[0.0011320907447290984,0.0005293564058551034,0.002130641314686514,0.001578427891930804,0.0025182707913561,0.00011308091526417163,0.0005399835065593309,0.0007529104103685593,0.0021627765154816044,0.0011847102417240315,0.0027389566659138777,0.001017373039510502,0.0058841342290976645,0.00658570373034751,0.004572770208364737,0.002981916823844977,0.002866609919664472,0.0014925677835459204,0.007611217549981487,0.003643574863277084,0.003249028594780455,0.0011023493711923768,0.00027073663175999235,0.0032018728504512144,0.00481063265348786,0.002328475537848106,0.0009277119848693926,0.0029307565378519445,0.004873765030894472,0.005472514473397284,0.0003164503200111779,0.0033400640315093422,0.0010157814385645951,0.0011901816548416746,0.003309319691265424,0.004193401562508228,0.0033064775336553195,0.0030405016205587625,0.007283002552367142,0.0015174509784037652,0.0038857708404219714,0.0034905414374743304,0.0023712834467249015,0.002699404140205796,0.8511047627500061,0.002182184882658731,0.004613565144686942,0.005221162941875288,0.011064587212429122,0.003649188601794739],[0.0011320907447290984,0.0005293564058551034,0.002130641314686514,0.001578427891930804,0.0025182707913561,0.00011308091526417163,0.0005399835065593309,0.0007529104103685593,0.0021627765154816044,0.0011847102417240315,0.0027389566659138777,0.001017373039510502,0.0058841342290976645,0.00658570373034751,0.004572770208364737,0.002981916823844977,0.002866609919664472,0.0014925677835459204,0.007611217549981487,0.003643574863277084,0.003249028594780455,0.0011023493711923768,0.00027073663175999235,0.0032018728504512144,0.00481063265348786,0.002328475537848106,0.0009277119848693926,0.0029307565378519445,0.004873765030894472,0.005472514473397284,0.0003164503200111779,0.0033400640315093422,0.0010157814385645951,0.0011901816548416746,0.003309319691265424,0.004193401562508228,0.0033064775336553195,0.0030405016205587625,0.007283002552367142,0.0015174509784037652,0.0038857708404219714,0.0034905414374743304,0.0023712834467249015,0.002699404140205796,0.0011047627500061117,0.8521821848826587,0.004613565144686942,0.005221162941875288,0.011064587212429122,0.003649188601794739],[0.0011320907447290984,0.0005293564058551034,0.002130641314686514,0.001578427891930804,0.0025182707913561,0.00011308091526417163,0.0005399835065593309,0.0007529104103685593,0.0021627765154816044,0.0011847102417240315,0.0027389566659138777,0.001017373039510502,0.0058841342290976645,0.00658570373034751,0.004572770208364737,0.002981916823844977,0.002866609919664472,0.0014925677835459204,0.007611217549981487,0.003643574863277084,0.003249028594780455,0.0011023493711923768,0.00027073663175999235,0.0032018728504512144,0.00481063265348786,0.002328475537848106,0.0009277119848693926,0.0029307565378519445,0.004873765030894472,0.005472514473397284,0.0003164503200111779,0.0033400640315093422,0.0010157814385645951,0.0011901816548416746,0.003309319691265424,0.004193401562508228,0.0033064775336553195,0.0030405016205587625,0.007283002552367142,0.0015174509784037652,0.0038857708404219714,0.0034905414374743304,0.0023712834467249015,0.002699404140205796,0.0011047627500061117,0.002182184882658731,0.8546135651446869,0.005221162941875288,0.011064587212429122,0.003649188601794739],[0.0011320907447290984,0.0005293564058551034,0.002130641314686514,0.001578427891930804,0.0025182707913561,0.00011308091526417163,0.0005399835065593309,0.0007529104103685593,0.0021627765154816044,0.0011847102417240315,0.0027389566659138777,0.001017373039510502,0.0058841342290976645,0.00658570373034751,0.004572770208364737,0.002981916823844977,0.002866609919664472,0.0014925677835459204,0.007611217549981487,0.003643574863277084,0.003249028594780455,0.0011023493711923768,0.00027073663175999235,0.0032018728504512144,0.00481063265348786,0.002328475537848106,0.0009277119848693926,0.0029307565378519445,0.004873765030894472,0.005472514473397284,0.0003164503200111779,0.0033400640315093422,0.0010157814385645951,0.0011901816548416746,0.003309319691265424,0.004193401562508228,0.0033064775336553195,0.0030405016205587625,0.007283002552367142,0.0015174509784037652,0.0038857708404219714,0.0034905414374743304,0.0023712834467249015,0.002699404140205796,0.0011047627500061117,0.002182184882658731,0.004613565144686942,0.8552211629418752,0.011064587212429122,0.003649188601794739],[0.0011320907447290984,0.0005293564058551034,0.002130641314686514,0.001578427891930804,0.0025182707913561,0.00011308091526417163,0.0005399835065593309,0.0007529104103685593,0.0021627765154816044,0.0011847102417240315,0.0027389566659138777,0.001017373039510502,0.0058841342290976645,0.00658570373034751,0.004572770208364737,0.002981916823844977,0.002866609919664472,0.0014925677835459204,0.007611217549981487,0.003643574863277084,0.003249028594780455,0.0011023493711923768,0.00027073663175999235,0.0032018728504512144,0.00481063265348786,0.002328475537848106,0.0009277119848693926,0.0029307565378519445,0.004873765030894472,0.005472514473397284,0.0003164503200111779,0.0033400640315093422,0.0010157814385645951,0.0011901816548416746,0.003309319691265424,0.004193401562508228,0.0033064775336553195,0.0030405016205587625,0.007283002552367142,0.0015174509784037652,0.0038857708404219714,0.0034905414374743304,0.0023712834467249015,0.002699404140205796,0.0011047627500061117,0.002182184882658731,0.004613565144686942,0.005221162941875288,0.8610645872124291,0.003649188601794739],[0.0011320907447290984,0.0005293564058551034,0.002130641314686514,0.001578427891930804,0.0025182707913561,0.00011308091526417163,0.0005399835065593309,0.0007529104103685593,0.0021627765154816044,0.0011847102417240315,0.0027389566659138777,0.001017373039510502,0.0058841342290976645,0.00658570373034751,0.004572770208364737,0.002981916823844977,0.002866609919664472,0.0014925677835459204,0.007611217549981487,0.003643574863277084,0.003249028594780455,0.0011023493711923768,0.00027073663175999235,0.0032018728504512144,0.00481063265348786,0.002328475537848106,0.0009277119848693926,0.0029307565378519445,0.004873765030894472,0.005472514473397284,0.0003164503200111779,0.0033400640315093422,0.0010157814385645951,0.0011901816548416746,0.003309319691265424,0.004193401562508228,0.0033064775336553195,0.0030405016205587625,0.007283002552367142,0.0015174509784037652,0.0038857708404219714,0.0034905414374743304,0.0023712834467249015,0.002699404140205796,0.0011047627500061117,0.002182184882658731,0.004613565144686942,0.005221162941875288,0.011064587212429122,0.8536491886017947]]",0.0007538727684278097,0.2774999999999983,1,4,0.2,436.119922896702,13.32328169642096,13.32328169642096,422.79664120028104,1.9984922544631445,4.760919362392183,True,True
2,0,iid-corner,"[[0.19207804821885702,0.807921951781143],[0.19207804821885702,0.807921951781143]]",0.19207804821885702,1.0,1,2,0.5,2.0,1.6158439035622858,1.6158439035622858,0.3841560964377142,1.615843903562286,0.38415609643771403,True,True
3,0,iid-corner,"[[0.3059760851398937,0.061812394415393164,0.6322115204447131],[0.3059760851398937,0.061812394415393164,0.6322115204447131],[0.3059760851398937,0.061812394415393164,0.6322115204447131]]",0.061812394415393164,1.0,1,2,0.5,2.0,1.8763752111692136,1.8763752111692136,0.12362478883078643,1.8763752111692136,0.12362478883078633,True,True
5,0,iid-corner,"[[0.2928802288535141,0.24339665597213347,0.03445528416205635,0.06688259027350464,0.3623852407387915],[0.2928802288535141,0.24339665597213347,0.03445528416205635,0.06688259027350464,0.3623852407387915],[0.2928802288535141,0.24339665597213347,0.03445528416205635,0.06688259027350464,0.3623852407387915],[0.2928802288535141,0.24339665597213347,0.03445528416205635,0.06688259027350464,0.3623852407387915],[0.2928802288535141,0.24339665597213347,0.03445528416205635,0.06688259027350464,0.3623852407387915]]",0.03445528416205635,0.9999999999999999,1,2,0.5,2.0,1.9310894316758869,1.9310894316758869,0.06891056832411313,1.9310894316758873,0.0689105683241127,True,True
10,0,iid-corner,"[[0.0870294546607498,0.08882428051038178,0.041767601342158456,0.0770632907502181,0.04292542117222523,0.1090092941599456,0.08102773605015771,0.39877633328868,0.03367064743129748,0.039905940634185955],[0.0870294546607498,0.08882428051038178,0.041767601342158456,0.0770632907502181,0.04292542117222523,0.1090092941599456,0.08102773605015771,0.39877633328868,0.03367064743129748,0.039905940634185955],[0.0870294546607498,0.08882428051038178,0.041767601342158456,0.0770632907502181,0.04292542117222523,0.1090092941599456,0.08102773605015771,0.39877633328868,0.03367064743129748,0.039905940634185955],[0.0870294546607498,0.08882428051038178,0.041767601342158456,0.0770632907502181,0.04292542117222523,0.1090092941599456,0.08102773605015771,0.39877633328868,0.03367064743129748,0.039905940634185955],[0.0870294546607498,0.08882428051038178,0.041767601342158456,0.0770632907502181,0.04292542117222523,0.1090092941599456,0.08102773605015771,0.39877633328868,0.03367064743129748,0.039905940634185955],[0.0870294546607498,0.08882428051038178,0.041767601342158456,0.0770632907502181,0.04292542117222523,0.1090092941599456,0.08102773605015771,0.39877633328868,0.03367064743129748,0.039905940634185955],[0.0870294546607498,0.08882428051038178,0.041767601342158456,0.0770632907502181,0.04292542117222523,0.1090092941599456,0.08102773605015771,0.39877633328868,0.03367064743129748,0.039905940634185955],[0.0870294546607498,0.08882428051038178,0.041767601342158456,0.0770632907502181,0.04292542117222523,0.1090092941599456,0.08102773605015771,0.39877633328868,0.03367064743129748,0.039905940634185955],[0.0870294546607498,0.08882428051038178,0.041767601342158456,0.0770632907502181,0.04292542117222523,0.1090092941599456,0.08102773605015771,0.39877633328868,0.03367064743129748,0.039905940634185955],[0.0870294546607498,0.08882428051038178,0.041767601342158456,0.0770632907502181,0.04292542117222523,0.1090092941599456,0.08102773605015771,0.39877633328868,0.03367064743129748,0.039905940634185955]]",0.03367064743129748,0.9999999999999999,1,2,0.5,2.0,1.932658705137405,1.932658705137405,0.0673412948625951,1.9326587051374051,0.06734129486259496,True,True
25,0,iid-corner,"[[0.014170689806553973,0.16087111235035423,0.005644741704069858,0.033788440584738774,0.005634578888343917,0.018628137916601065,0.16430513330345867,0.05820944539800015,0.011223265439427357,0.026285737002617996,0.019143966611632084,0.030106748858448107,0.04856632065402598,0.02512212854607366,0.013648538507154483,0.012060009647380503,0.041753610236478805,0.028882880566510852,0.0807551889669513,0.01421619260579936,0.03954956894082931,0.07836058799907268,0.03907419737028629,0.0003147075690908704,0.029684070526099636],[0.014170689806553973,0.16087111235035423,0.005644741704069858,0.033788440584738774,0.005634578888343917,0.018628137916601065,0.16430513330345867,0.05820944539800015,0.011223265439427357,0.026285737002617996,0.019143966611632084,0.030106748858448107,0.04856632065402598,0.02512212854607366,0.013648538507154483,0.012060009647380503,0.041753610236478805,0.028882880566510852,0.0807551889669513,0.01421619260579936,0.03954956894082931,0.07836058799907268,0.03907419737028629,0.0003147075690908704,0.029684070526099636],[0.014170689806553973,0.16087111235035423,0.005644741704069858,0.033788440584738774,0.005634578888343917,0.018628137916601065,0.16430513330345867,0.05820944539800015,0.011223265439427357,0.026285737002617996,0.019143966611632084,0.030106748858448107,0.04856632065402598,0.02512212854607366,0.013648538507154483,0.012060009647380503,0.041753610236478805,0.028882880566510852,0.0807551889669513,0.01421619260579936,0.03954956894082931,0.07836058799907268,0.03907419737028629,0.0003147075690908704,0.029684070526099636],[0.014170689806553973,0.16087111235035423,0.005644741704069858,0.033788440584738774,0.005634578888343917,0.018628137916601065,0.16430513330345867,0.05820944539800015,0.011223265439427357,0.026285737002617996,0.019143966611632084,0.030106748858448107,0.04856632065402598,0.02512212854607366,0.013648538507154483,0.012060009647380503,0.041753610236478805,0.028882880566510852,0.0807551889669513,0.01421619260579936,0.03954956894082931,0.07836058799907268,0.03907419737028629,0.0003147075690908704,0.029684070526099636],[0.014170689806553973,0.16087111235035423,0.005644741704069858,0.033788440584738774,0.005634578888343917,0.018628137916601065,0.16430513330345867,0.05820944539800015,0.011223265439427357,0.026285737002617996,0.019143966611632084,0.030106748858448107,0.04856632065402598,0.02512212854607366,0.013648538507154483,0.012060009647380503,0.041753610236478805,0.028882880566510852,0.0807551889669513,0.01421619260579936,0.03954956894082931,0.07836058799907268,0.03907419737028629,0.0003147075690908704,0.029684070526099636],[0.014170689806553973,0.16087111235035423,0.005644741704069858,0.033788440584738774,0.005634578888343917,0.018628137916601065,0.16430513330345867,0.05820944539800015,0.011223265439427357,0.026285737002617996,0.019143966611632084,0.030106748858448107,0.04856632065402598,0.02512212854607366,0.013648538507154483,0.012060009647380503,0.041753610236478805,0.028882880566510852,0.0807551889669513,0.01421619260579936,0.03954956894082931,0.07836058799907268,0.03907419737028629,0.0003147075690908704,0.029684070526099636],[0.014170689806553973,0.16087111235035423,0.005644741704069858,0.033788440584738774,0.005634578888343917,0.018628137916601065,0.16430513330345867,0.05820944539800015,0.011223265439427357,0.026285737002617996,0.019143966611632084,0.030106748858448107,0.04856632065402598,0.02512212854607366,0.013648538507154483,0.012060009647380503,0.041753610236478805,0.028882880566510852,0.0807551889669513,0.01421619260579936,0.03954956894082931,0.07836058799907268,0.03907419737028629,0.0003147075690908704,0.029684070526099636],[0.014170689806553973,0.16087111235035423,0.005644741704069858,0.033788440584738774,0.005634578888343917,0.018628137916601065,0.16430513330345867,0.05820944539800015,0.011223265439427357,0.026285737002617996,0.019143966611632084,0.030106748858448107,0.04856632065402598,0.02512212854607366,0.013648538507154483,0.012060009647380503,0.041753610236478805,0.028882880566510852,0.0807551889669513,0.01421619260579936,0.03954956894082931,0.07836058799907268,0.03907419737028629,0.0003147075690908704,0.029684070526099636],[0.014170689806553973,0.16087111235035423,0.005644741704069858,0.033788440584738774,0.005634578888343917,0.018628137916601065,0.16430513330345867,0.05820944539800015,0.011223265439427357,0.026285737002617996,0.019143966611632084,0.030106748858448107,0.04856632065402598,0.02512212854607366,0.013648538507154483,0.012060009647380503,0.041753610236478805,0.028882880566510852,0.0807551889669513,0.01421619260579936,0.03954956894082931,0.07836058799907268,0.03907419737028629,0.0003147075690908704,0.029684070526099636],[0.014170689806553973,0.16087111235035423,0.005644741704069858,0.033788440584738774,0.005634578888343917,0.018628137916601065,0.16430513330345867,0.05820944539800015,0.011223265439427357,0.026285737002617996,0.019143966611632084,0.030106748858448107,0.04856632065402598,0.02512212854607366,0.013648538507154483,0.012060009647380503,0.041753610236478805,0.028882880566510852,0.0807551889669513,0.01421619260579936,0.03954956894082931,0.07836058799907268,0.03907419737028629,0.0003147075690908704,0.029684070526099636],[0.014170689806553973,0.16087111235035423,0.005644741704069858,0.033788440584738774,0.005634578888343917,0.018628137916601065,0.16430513330345867,0.05820944539800015,0.011223265439427357,0.026285737002617996,0.019143966611632084,0.030106748858448107,0.04856632065402598,0.02512212854607366,0.013648538507154483,0.012060009647380503,0.041753610236478805,0.028882880566510852,0.0807551889669513,0.01421619260579936,0.03954956894082931,0.07836058799907268,0.03907419737028629,0.0003147075690908704,0.029684070526099636],[0.014170689806553973,0.16087111235035423,0.005644741704069858,0.033788440584738774,0.005634578888343917,0.018628137916601065,0.16430513330345867,0.05820944539800015,0.011223265439427357,0.026285737002617996,0.019143966611632084,0.030106748858448107,0.04856632065402598,0.02512212854607366,0.013648538507154483,0.012060009647380503,0.041753610236478805,0.028882880566510852,0.0807551889669513,0.01421619260579936,0.03954956894082931,0.07836058799907268,0.03907419737028629,0.0003147075690908704,0.029684070526099636],[0.014170689806553973,0.16087111235035423,0.005644741704069858,0.033788440584738774,0.005634578888343917,0.018628137916601065,0.16430513330345867,0.05820944539800015,0.011223265439427357,0.026285737002617996,0.019143966611632084,0.030106748858448107,0.04856632065402598,0.02512212854607366,0.013648538507154483,0.012060009647380503,0.041753610236478805,0.028882880566510852,0.0807551889669513,0.01421619260579936,0.03954956894082931,0.07836058799907268,0.03907419737028629,0.0003147075690908704,0.029684070526099636],[0.014170689806553973,0.16087111235035423,0.005644741704069858,0.033788440584738774,0.005634578888343917,0.018628137916601065,0.16430513330345867,0.05820944539800015,0.011223265439427357,0.026285737002617996,0.019143966611632084,0.030106748858448107,0.04856632065402598,0.02512212854607366,0.013648538507154483,0.012060009647380503,0.041753610236478805,0.028882880566510852,0.0807551889669513,0.01421619260579936,0.03954956894082931,0.07836058799907268,0.03907419737028629,0.0003147075690908704,0.029684070526099636],[0.014170689806553973,0.16087111235035423,0.005644741704069858,0.033788440584738774,0.005634578888343917,0.018628137916601065,0.16430513330345867,0.05820944539800015,0.011223265439427357,0.026285737002617996,0.019143966611632084,0.030106748858448107,0.04856632065402598,0.02512212854607366,0.013648538507154483,0.012060009647380503,0.041753610236478805,0.028882880566510852,0.0807551889669513,0.01421619260579936,0.03954956894082931,0.07836058799907268,0.03907419737028629,0.0003147075690908704,0.029684070526099636],[0.014170689806553973,0.16087111235035423,0.005644741704069858,0.033788440584738774,0.005634578888343917,0.018628137916601065,0.16430513330345867,0.05820944539800015,0.011223265439427357,0.026285737002617996,0.019143966611632084,0.030106748858448107,0.04856632065402598,0.02512212854607366,0.013648538507154483,0.012060009647380503,0.041753610236478805,0.028882880566510852,0.0807551889669513,0.01421619260579936,0.03954956894082931,0.07836058799907268,0.03907419737028629,0.0003147075690908704,0.029684070526099636],[0.014170689806553973,0.16087111235035423,0.005644741704069858,0.033788440584738774,0.005634578888343917,0.018628137916601065,0.16430513330345867,0.05820944539800015,0.011223265439427357,0.026285737002617996,0.019143966611632084,0.030106748858448107,0.04856632065402598,0.02512212854607366,0.013648538507154483,0.012060009647380503,0.041753610236478805,0.028882880566510852,0.0807551889669513,0.01421619260579936,0.03954956894082931,0.07836058799907268,0.03907419737028629,0.0003147075690908704,0.029684070526099636],[0.014170689806553973,0.16087111235035423,0.005644741704069858,0.033788440584738774,0.005634578888343917,0.018628137916601065,0.16430513330345867,0.05820944539800015,0.011223265439427357,0.026285737002617996,0.019143966611632084,0.030106748858448107,0.04856632065402598,0.02512212854607366,0.013648538507154483,0.012060009647380503,0.041753610236478805,0.028882880566510852,0.0807551889669513,0.01421619260579936,0.03954956894082931,0.07836058799907268,0.03907419737028629,0.0003147075690908704,0.029684070526099636],[0.014170689806553973,0.16087111235035423,0.005644741704069858,0.033788440584738774,0.005634578888343917,0.018628137916601065,0.16430513330345867,0.05820944539800015,0.011223265439427357,0.026285737002617996,0.019143966611632084,0.030106748858448107,0.04856632065402598,0.02512212854607366,0.013648538507154483,0.012060009647380503,0.041753610236478805,0.028882880566510852,0.0807551889669513,0.01421619260579936,0.03954956894082931,0.07836058799907268,0.03907419737028629,0.0003147075690908704,0.029684070526099636],[0.014170689806553973,0.16087111235035423,0.005644741704069858,0.033788440584738774,0.005634578888343917,0.018628137916601065,0.16430513330345867,0.05820944539800015,0.011223265439427357,0.026285737002617996,0.019143966611632084,0.030106748858448107,0.04856632065402598,0.02512212854607366,0.013648538507154483,0.012060009647380503,0.041753610236478805,0.028882880566510852,0.0807551889669513,0.01421619260579936,0.03954956894082931,0.07836058799907268,0.03907419737028629,0.0003147075690908704,0.029684070526099636],[0.014170689806553973,0.16087111235035423,0.005644741704069858,0.033788440584738774,0.005634578888343917,0.018628137916601065,0.16430513330345867,0.05820944539800015,0.011223265439427357,0.026285737002617996,0.019143966611632084,0.030106748858448107,0.04856632065402598,0.02512212854607366,0.013648538507154483,0.012060009647380503,0.041753610236478805,0.028882880566510852,0.0807551889669513,0.01421619260579936,0.03954956894082931,0.07836058799907268,0.03907419737028629,0.0003147075690908704,0.029684070526099636],[0.014170689806553973,0.16087111235035423,0.005644741704069858,0.033788440584738774,0.005634578888343917,0.018628137916601065,0.16430513330345867,0.05820944539800015,0.011223265439427357,0.026285737002617996,0.019143966611632084,0.030106748858448107,0.04856632065402598,0.02512212854607366,0.013648538507154483,0.012060009647380503,0.041753610236478805,0.028882880566510852,0.0807551889669513,0.01421619260579936,0.03954956894082931,0.07836058799907268,0.03907419737028629,0.0003147075690908704,0.029684070526099636],[0.014170689806553973,0.16087111235035423,0.005644741704069858,0.033788440584738774,0.005634578888343917,0.018628137916601065,0.16430513330345867,0.05820944539800015,0.011223265439427357,0.026285737002617996,0.019143966611632084,0.030106748858448107,0.04856632065402598,0.02512212854607366,0.013648538507154483,0.012060009647380503,0.041753610236478805,0.028882880566510852,0.0807551889669513,0.01421619260579936,0.03954956894082931,0.07836058799907268,0.03907419737028629,0.0003147075690908704,0.029684070526099636],[0.014170689806553973,0.16087111235035423,0.005644741704069858,0.033788440584738774,0.005634578888343917,0.018628137916601065,0.16430513330345867,0.05820944539800015,0.011223265439427357,0.026285737002617996,0.019143966611632084,0.030106748858448107,0.04856632065402598,0.02512212854607366,0.013648538507154483,0.012060009647380503,0.041753610236478805,0.028882880566510852,0.0807551889669513,0.01421619260579936,0.03954956894082931,0.07836058799907268,0.03907419737028629,0.0003147075690908704,0.029684070526099636],[0.014170689806553973,0.16087111235035423,0.005644741704069858,0.033788440584738774,0.005634578888343917,0.018628137916601065,0.16430513330345867,0.05820944539800015,0.011223265439427357,0.026285737002617996,0.019143966611632084,0.030106748858448107,0.04856632065402598,0.02512212854607366,0.013648538507154483,0.012060009647380503,0.041753610236478805,0.028882880566510852,0.0807551889669513,0.01421619260579936,0.03954956894082931,0.07836058799907268,0.03907419737028629,0.0003147075690908704,0.029684070526099636]]",0.0003147075690908704,0.9999999999999999,1,2,0.5,2.0,1.9993705848618184,1.9993705848618184,0.0006294151381815993,1.9993705848618182,0.0006294151381817408,True,True
50,0,iid-corner,"[[0.03087036634739548,0.020547764169001354,0.009635602511490447,0.011367187767008225,0.038796582863360365,0.06842287973389115,0.002032694899032221,0.022669109370462914,0.0002385498156573758,0.009589513937598482,0.0065560788556456315,0.00913533947933014,0.01207703657681685,0.04234010427943131,0.0006392931937893499,0.02615494900261719,0.0252411930443476,0.017724820411781,0.0039534745081208815,0.028551198147262723,0.06245927416984826,0.010293994694517519,0.007983203991899803,0.0014198229519112615,0.012270690055920332,0.015013381133003843,0.02875947783607669,0.010196648451727904,0.004667419668082797,0.022737255919019952,0.046818536001606764,0.02789411748597704,0.018243587659414525,0.013950265611565338,0.00046162415555906026,0.003186764331827628,0.017008770256249275,0.020040763452890232,0.031426516777114916,0.006907169958490888,0.09172743740322906,0.011205036876357113,0.023503456480739034,0.007079852151534008,0.030401021645810097,0.008734797608135988,0.029958906708529544,0.02454819716129262,0.017516663363886072,0.007041607123741561],[0.03087036634739548,0.020547764169001354,0.009635602511490447,0.011367187767008225,0.038796582863360365,0.06842287973389115,0.002032694899032221,0.022669109370462914,0.0002385498156573758,0.009589513937598482,0.0065560788556456315,0.00913533947933014,0.01207703657681685,0.04234010427943131,0.0006392931937893499,0.02615494900261719,0.0252411930443476,0.017724820411781,0.0039534745081208815,0.028551198147262723,0.06245927416984826,0.010293994694517519,0.007983203991899803,0.0014198229519112615,0.012270690055920332,0.015013381133003843,0.02875947783607669,0.010196648451727904,0.004667419668082797,0.022737255919019952,0.046818536001606764,0.02789411748597704,0.018243587659414525,0.013950265611565338,0.00046162415555906026,0.003186764331827628,0.017008770256249275,0.020040763452890232,0.031426516777114916,0.006907169958490888,0.09172743740322906,0.011205036876357113,0.023503456480739034,0.007079852151534008,0.030401021645810097,0.008734797608135988,0.029958906708529544,0.02454819716129262,0.017516663363886072,0.007041607123741561],[0.03087036634739548,0.020547764169001354,0.009635602511490447,0.011367187767008225,0.038796582863360365,0.06842287973389115,0.002032694899032221,0.022669109370462914,0.0002385498156573758,0.009589513937598482,0.0065560788556456315,0.00913533947933014,0.01207703657681685,0.04234010427943131,0.0006392931937893499,0.02615494900261719,0.0252411930443476,0.017724820411781,0.0039534745081208815,0.028551198147262723,0.06245927416984826,0.010293994694517519,0.007983203991899803,0.0014198229519112615,0.012270690055920332,0.015013381133003843,0.02875947783607669,0.010196648451727904,0.004667419668082797,0.022737255919019952,0.046818536001606764,0.02789411748597704,0.018243587659414525,0.013950265611565338,0.00046162415555906026,0.003186764331827628,0.017008770256249275,0.020040763452890232,0.031426516777114916,0.006907169958490888,0.09172743740322906,0.011205036876357113,0.023503456480739034,0.007079852151534008,0.030401021645810097,0.008734797608135988,0.029958906708529544,0.02454819716129262,0.017516663363886072,0.007041607123741561],[0.03087036634739548,0.020547764169001354,0.009635602511490447,0.011367187767008225,0.038796582863360365,0.06842287973389115,0.002032694899032221,0.022669109370462914,0.0002385498156573758,0.009589513937598482,0.0065560788556456315,0.00913533947933014,0.01207703657681685,0.04234010427943131,0.0006392931937893499,0.02615494900261719,0.0252411930443476,0.017724820411781,0.0039534745081208815,0.028551198147262723,0.06245927416984826,0.010293994694517519,0.007983203991899803,0.0014198229519112615,0.012270690055920332,0.015013381133003843,0.02875947783607669,0.010196648451727904,0.004667419668082797,0.022737255919019952,0.046818536001606764,0.02789411748597704,0.018243587659414525,0.013950265611565338,0.00046162415555906026,0.003186764331827628,0.017008770256249275,0.020040763452890232,0.031426516777114916,0.006907169958490888,0.09172743740322906,0.011205036876357113,0.023503456480739034,0.007079852151534008,0.030401021645810097,0.008734797608135988,0.029958906708529544,0.02454819716129262,0.017516663363886072,0.007041607123741561],[0.03087036634739548,0.020547764169001354,0.009635602511490447,0.011367187767008225,0.038796582863360365,0.06842287973389115,0.002032694899032221,0.022669109370462914,0.0002385498156573758,0.009589513937598482,0.0065560788556456315,0.00913533947933014,0.01207703657681685,0.04234010427943131,0.0006392931937893499,0.02615494900261719,0.0252411930443476,0.017724820411781,0.0039534745081208815,0.028551198147262723,0.06245927416984826,0.010293994694517519,0.007983203991899803,0.0014198229519112615,0.012270690055920332,0.015013381133003843,0.02875947783607669,0.010196648451727904,0.004667419668082797,0.022737255919019952,0.046818536001606764,0.02789411748597704,0.018243587659414525,0.013950265611565338,0.00046162415555906026,0.003186764331827628,0.017008770256249275,0.020040763452890232,0.031426516777114916,0.006907169958490888,0.09172743740322906,0.011205036876357113,0.023503456480739034,0.007079852151534008,0.030401021645810097,0.008734797608135988,0.029958906708529544,0.02454819716129262,0.017516663363886072,0.007041607123741561],[0.03087036634739548,0.020547764169001354,0.009635602511490447,0.011367187767008225,0.038796582863360365,0.06842287973389115,0.002032694899032221,0.022669109370462914,0.0002385498156573758,0.009589513937598482,0.0065560788556456315,0.00913533947933014,0.01207703657681685,0.04234010427943131,0.0006392931937893499,0.02615494900261719,0.0252411930443476,0.017724820411781,0.0039534745081208815,0.028551198147262723,0.06245927416984826,0.010293994694517519,0.007983203991899803,0.0014198229519112615,0.012270690055920332,0.015013381133003843,0.02875947783607669,0.010196648451727904,0.004667419668082797,0.022737255919019952,0.046818536001606764,0.02789411748597704,0.018243587659414525,0.013950265611565338,0.00046162415555906026,0.003186764331827628,0.017008770256249275,0.020040763452890232,0.031426516777114916,0.006907169958490888,0.09172743740322906,0.011205036876357113,0.023503456480739034,0.007079852151534008,0.030401021645810097,0.008734797608135988,0.029958906708529544,0.02454819716129262,0.017516663363886072,0.007041607123741561],[0.03087036634739548,0.020547764169001354,0.009635602511490447,0.011367187767008225,0.038796582863360365,0.06842287973389115,0.002032694899032221,0.022669109370462914,0.0002385498156573758,0.009589513937598482,0.0065560788556456315,0.00913533947933014,0.01207703657681685,0.04234010427943131,0.0006392931937893499,0.02615494900261719,0.0252411930443476,0.017724820411781,0.0039534745081208815,0.028551198147262723,0.06245927416984826,0.010293994694517519,0.007983203991899803,0.0014198229519112615,0.012270690055920332,0.015013381133003843,0.02875947783607669,0.010196648451727904,0.004667419668082797,0.022737255919019952,0.046818536001606764,0.02789411748597704,0.018243587659414525,0.013950265611565338,0.00046162415555906026,0.003186764331827628,0.017008770256249275,0.020040763452890232,0.031426516777114916,0.006907169958490888,0.09172743740322906,0.011205036876357113,0.023503456480739034,0.007079852151534008,0.030401021645810097,0.008734797608135988,0.029958906708529544,0.02454819716129262,0.017516663363886072,0.007041607123741561],[0.03087036634739548,0.020547764169001354,0.009635602511490447,0.011367187767008225,0.038796582863360365,0.06842287973389115,0.002032694899032221,0.022669109370462914,0.0002385498156573758,0.009589513937598482,0.0065560788556456315,0.00913533947933014,0.01207703657681685,0.04234010427943131,0.0006392931937893499,0.02615494900261719,0.0252411930443476,0.017724820411781,0.0039534745081208815,0.028551198147262723,0.06245927416984826,0.010293994694517519,0.007983203991899803,0.0014198229519112615,0.012270690055920332,0.015013381133003843,0.02875947783607669,0.010196648451727904,0.004667419668082797,0.022737255919019952,0.046818536001606764,0.02789411748597704,0.018243587659414525,0.013950265611565338,0.00046162415555906026,0.003186764331827628,0.017008770256249275,0.020040763452890232,0.031426516777114916,0.006907169958490888,0.09172743740322906,0.011205036876357113,0.023503456480739034,0.007079852151534008,0.030401021645810097,0.008734797608135988,0.029958906708529544,0.02454819716129262,0.017516663363886072,0.007041607123741561],[0.03087036634739548,0.020547764169001354,0.009635602511490447,0.011367187767008225,0.038796582863360365,0.06842287973389115,0.002032694899032221,0.022669109370462914,0.0002385498156573758,0.009589513937598482,0.0065560788556456315,0.00913533947933014,0.01207703657681685,0.04234010427943131,0.0006392931937893499,0.02615494900261719,0.0252411930443476,0.017724820411781,0.0039534745081208815,0.028551198147262723,0.06245927416984826,0.010293994694517519,0.007983203991899803,0.0014198229519112615,0.012270690055920332,0.015013381133003843,0.02875947783607669,0.010196648451727904,0.004667419668082797,0.022737255919019952,0.046818536001606764,0.02789411748597704,0.018243587659414525,0.013950265611565338,0.00046162415555906026,0.003186764331827628,0.017008770256249275,0.020040763452890232,0.031426516777114916,0.006907169958490888,0.09172743740322906,0.011205036876357113,0.023503456480739034,0.007079852151534008,0.030401021645810097,0.008734797608135988,0.029958906708529544,0.02454819716129262,0.017516663363886072,0.007041607123741561],[0.03087036634739548,0.020547764169001354,0.009635602511490447,0.011367187767008225,0.038796582863360365,0.06842287973389115,0.002032694899032221,0.022669109370462914,0.0002385498156573758,0.009589513937598482,0.0065560788556456315,0.00913533947933014,0.01207703657681685,0.04234010427943131,0.0006392931937893499,0.02615494900261719,0.0252411930443476,0.017724820411781,0.0039534745081208815,0.028551198147262723,0.06245927416984826,0.010293994694517519,0.007983203991899803,0.0014198229519112615,0.012270690055920332,0.015013381133003843,0.02875947783607669,0.010196648451727904,0.004667419668082797,0.022737255919019952,0.046818536001606764,0.02789411748597704,0.018243587659414525,0.013950265611565338,0.00046162415555906026,0.003186764331827628,0.017008770256249275,0.020040763452890232,0.031426516777114916,0.006907169958490888,0.09172743740322906,0.011205036876357113,0.023503456480739034,0.007079852151534008,0.030401021645810097,0.008734797608135988,0.029958906708529544,0.02454819716129262,0.017516663363886072,0.007041607123741561],[0.03087036634739548,0.020547764169001354,0.009635602511490447,0.011367187767008225,0.038796582863360365,0.06842287973389115,0.002032694899032221,0.022669109370462914,0.0002385498156573758,0.009589513937598482,0.0065560788556456315,0.00913533947933014,0.01207703657681685,0.04234010427943131,0.0006392931937893499,0.02615494900261719,0.0252411930443476,0.017724820411781,0.0039534745081208815,0.028551198147262723,0.06245927416984826,0.010293994694517519,0.007983203991899803,0.0014198229519112615,0.012270690055920332,0.015013381133003843,0.02875947783607669,0.010196648451727904,0.004667419668082797,0.022737255919019952,0.046818536001606764,0.02789411748597704,0.018243587659414525,0.013950265611565338,0.00046162415555906026,0.003186764331827628,0.017008770256249275,0.020040763452890232,0.031426516777114916,0.006907169958490888,0.09172743740322906,0.011205036876357113,0.023503456480739034,0.007079852151534008,0.030401021645810097,0.008734797608135988,0.029958906708529544,0.02454819716129262,0.017516663363886072,0.007041607123741561],[0.03087036634739548,0.020547764169001354,0.009635602511490447,0.011367187767008225,0.038796582863360365,0.06842287973389115,0.002032694899032221,0.022669109370462914,0.0002385498156573758,0.009589513937598482,0.0065560788556456315,0.00913533947933014,0.01207703657681685,0.04234010427943131,0.0006392931937893499,0.02615494900261719,0.0252411930443476,0.017724820411781,0.0039534745081208815,0.028551198147262723,0.06245927416984826,0.010293994694517519,0.007983203991899803,0.0014198229519112615,0.012270690055920332,0.015013381133003843,0.02875947783607669,0.010196648451727904,0.004667419668082797,0.022737255919019952,0.046818536001606764,0.02789411748597704,0.018243587659414525,0.013950265611565338,0.00046162415555906026,0.003186764331827628,0.017008770256249275,0.020040763452890232,0.031426516777114916,0.006907169958490888,0.09172743740322906,0.011205036876357113,0.023503456480739034,0.007079852151534008,0.030401021645810097,0.008734797608135988,0.029958906708529544,0.02454819716129262,0.017516663363886072,0.007041607123741561],[0.03087036634739548,0.020547764169001354,0.009635602511490447,0.011367187767008225,0.038796582863360365,0.06842287973389115,0.002032694899032221,0.022669109370462914,0.0002385498156573758,0.009589513937598482,0.0065560788556456315,0.00913533947933014,0.01207703657681685,0.04234010427943131,0.0006392931937893499,0.02615494900261719,0.0252411930443476,0.017724820411781,0.0039534745081208815,0.028551198147262723,0.06245927416984826,0.010293994694517519,0.007983203991899803,0.0014198229519112615,0.012270690055920332,0.015013381133003843,0.02875947783607669,0.010196648451727904,0.004667419668082797,0.022737255919019952,0.046818536001606764,0.02789411748597704,0.018243587659414525,0.013950265611565338,0.00046162415555906026,0.003186764331827628,0.017008770256249275,0.020040763452890232,0.031426516777114916,0.006907169958490888,0.09172743740322906,0.011205036876357113,0.023503456480739034,0.007079852151534008,0.030401021645810097,0.008734797608135988,0.029958906708529544,0.02454819716129262,0.017516663363886072,0.007041607123741561],[0.03087036634739548,0.020547764169001354,0.009635602511490447,0.011367187767008225,0.038796582863360365,0.06842287973389115,0.002032694899032221,0.022669109370462914,0.0002385498156573758,0.009589513937598482,0.0065560788556456315,0.00913533947933014,0.01207703657681685,0.04234010427943131,0.0006392931937893499,0.02615494900261719,0.0252411930443476,0.017724820411781,0.0039534745081208815,0.028551198147262723,0.06245927416984826,0.010293994694517519,0.007983203991899803,0.0014198229519112615,0.012270690055920332,0.015013381133003843,0.02875947783607669,0.010196648451727904,0.004667419668082797,0.022737255919019952,0.046818536001606764,0.02789411748597704,0.018243587659414525,0.013950265611565338,0.00046162415555906026,0.003186764331827628,0.017008770256249275,0.020040763452890232,0.031426516777114916,0.006907169958490888,0.09172743740322906,0.011205036876357113,0.023503456480739034,0.007079852151534008,0.030401021645810097,0.008734797608135988,0.029958906708529544,0.02454819716129262,0.017516663363886072,0.007041607123741561],[0.03087036634739548,0.020547764169001354,0.009635602511490447,0.011367187767008225,0.038796582863360365,0.06842287973389115,0.002032694899032221,0.022669109370462914,0.0002385498156573758,0.009589513937598482,0.0065560788556456315,0.00913533947933014,0.01207703657681685,0.04234010427943131,0.0006392931937893499,0.02615494900261719,0.0252411930443476,0.017724820411781,0.0039534745081208815,0.028551198147262723,0.06245927416984826,0.010293994694517519,0.007983203991899803,0.0014198229519112615,0.012270690055920332,0.015013381133003843,0.02875947783607669,0.010196648451727904,0.004667419668082797,0.022737255919019952,0.046818536001606764,0.02789411748597704,0.018243587659414525,0.013950265611565338,0.00046162415555906026,0.003186764331827628,0.017008770256249275,0.020040763452890232,0.031426516777114916,0.006907169958490888,0.09172743740322906,0.011205036876357113,0.023503456480739034,0.007079852151534008,0.030401021645810097,0.008734797608135988,0.029958906708529544,0.02454819716129262,0.017516663363886072,0.007041607123741561],[0.03087036634739548,0.020547764169001354,0.009635602511490447,0.011367187767008225,0.038796582863360365,0.06842287973389115,0.002032694899032221,0.022669109370462914,0.0002385498156573758,0.009589513937598482,0.0065560788556456315,0.00913533947933014,0.01207703657681685,0.04234010427943131,0.0006392931937893499,0.02615494900261719,0.0252411930443476,0.017724820411781,0.0039534745081208815,0.028551198147262723,0.06245927416984826,0.010293994694517519,0.007983203991899803,0.0014198229519112615,0.012270690055920332,0.015013381133003843,0.02875947783607669,0.010196648451727904,0.004667419668082797,0.022737255919019952,0.046818536001606764,0.02789411748597704,0.018243587659414525,0.013950265611565338,0.00046162415555906026,0.003186764331827628,0.017008770256249275,0.020040763452890232,0.031426516777114916,0.006907169958490888,0.09172743740322906,0.011205036876357113,0.023503456480739034,0.007079852151534008,0.030401021645810097,0.008734797608135988,0.029958906708529544,0.02454819716129262,0.017516663363886072,0.007041607123741561],[0.03087036634739548,0.020547764169001354,0.009635602511490447,0.011367187767008225,0.038796582863360365,0.06842287973389115,0.002032694899032221,0.022669109370462914,0.0002385498156573758,0.009589513937598482,0.0065560788556456315,0.00913533947933014,0.01207703657681685,0.04234010427943131,0.0006392931937893499,0.02615494900261719,0.0252411930443476,0.017724820411781,0.0039534745081208815,0.028551198147262723,0.06245927416984826,0.010293994694517519,0.007983203991899803,0.0014198229519112615,0.012270690055920332,0.015013381133003843,0.02875947783607669,0.010196648451727904,0.004667419668082797,0.022737255919019952,0.046818536001606764,0.02789411748597704,0.018243587659414525,0.013950265611565338,0.00046162415555906026,0.003186764331827628,0.017008770256249275,0.020040763452890232,0.031426516777114916,0.006907169958490888,0.09172743740322906,0.011205036876357113,0.023503456480739034,0.007079852151534008,0.030401021645810097,0.008734797608135988,0.029958906708529544,0.02454819716129262,0.017516663363886072,0.007041607123741561],[0.03087036634739548,0.020547764169001354,0.009635602511490447,0.011367187767008225,0.038796582863360365,0.06842287973389115,0.002032694899032221,0.022669109370462914,0.0002385498156573758,0.009589513937598482,0.0065560788556456315,0.00913533947933014,0.01207703657681685,0.04234010427943131,0.0006392931937893499,0.02615494900261719,0.0252411930443476,0.017724820411781,0.0039534745081208815,0.028551198147262723,0.06245927416984826,0.010293994694517519,0.007983203991899803,0.0014198229519112615,0.012270690055920332,0.015013381133003843,0.02875947783607669,0.010196648451727904,0.004667419668082797,0.022737255919019952,0.046818536001606764,0.02789411748597704,0.018243587659414525,0.013950265611565338,0.00046162415555906026,0.003186764331827628,0.017008770256249275,0.020040763452890232,0.031426516777114916,0.006907169958490888,0.09172743740322906,0.011205036876357113,0.023503456480739034,0.007079852151534008,0.030401021645810097,0.008734797608135988,0.029958906708529544,0.02454819716129262,0.017516663363886072,0.007041607123741561],[0.03087036634739548,0.020547764169001354,0.009635602511490447,0.011367187767008225,0.038796582863360365,0.06842287973389115,0.002032694899032221,0.022669109370462914,0.0002385498156573758,0.009589513937598482,0.0065560788556456315,0.00913533947933014,0.01207703657681685,0.04234010427943131,0.0006392931937893499,0.02615494900261719,0.0252411930443476,0.017724820411781,0.0039534745081208815,0.028551198147262723,0.06245927416984826,0.010293994694517519,0.007983203991899803,0.0014198229519112615,0.012270690055920332,0.015013381133003843,0.02875947783607669,0.010196648451727904,0.004667419668082797,0.022737255919019952,0.046818536001606764,0.02789411748597704,0.018243587659414525,0.013950265611565338,0.00046162415555906026,0.003186764331827628,0.017008770256249275,0.020040763452890232,0.031426516777114916,0.006907169958490888,0.09172743740322906,0.011205036876357113,0.023503456480739034,0.007079852151534008,0.030401021645810097,0.008734797608135988,0.029958906708529544,0.02454819716129262,0.017516663363886072,0.007041607123741561],[0.03087036634739548,0.020547764169001354,0.009635602511490447,0.011367187767008225,0.038796582863360365,0.06842287973389115,0.002032694899032221,0.022669109370462914,0.0002385498156573758,0.009589513937598482,0.0065560788556456315,0.00913533947933014,0.01207703657681685,0.04234010427943131,0.0006392931937893499,0.02615494900261719,0.0252411930443476,0.017724820411781,0.0039534745081208815,0.028551198147262723,0.06245927416984826,0.010293994694517519,0.007983203991899803,0.0014198229519112615,0.012270690055920332,0.015013381133003843,0.02875947783607669,0.010196648451727904,0.004667419668082797,0.022737255919019952,0.046818536001606764,0.02789411748597704,0.018243587659414525,0.013950265611565338,0.00046162415555906026,0.003186764331827628,0.017008770256249275,0.020040763452890232,0.031426516777114916,0.006907169958490888,0.09172743740322906,0.011205036876357113,0.023503456480739034,0.007079852151534008,0.030401021645810097,0.008734797608135988,0.029958906708529544,0.02454819716129262,0.017516663363886072,0.007041607123741561],[0.03087036634739548,0.020547764169001354,0.009635602511490447,0.011367187767008225,0.038796582863360365,0.06842287973389115,0.002032694899032221,0.022669109370462914,0.0002385498156573758,0.009589513937598482,0.0065560788556456315,0.00913533947933014,0.01207703657681685,0.04234010427943131,0.0006392931937893499,0.02615494900261719,0.0252411930443476,0.017724820411781,0.0039534745081208815,0.028551198147262723,0.06245927416984826,0.010293994694517519,0.007983203991899803,0.0014198229519112615,0.012270690055920332,0.015013381133003843,0.02875947783607669,0.010196648451727904,0.004667419668082797,0.022737255919019952,0.046818536001606764,0.02789411748597704,0.018243587659414525,0.013950265611565338,0.00046162415555906026,0.003186764331827628,0.017008770256249275,0.020040763452890232,0.031426516777114916,0.006907169958490888,0.09172743740322906,0.011205036876357113,0.023503456480739034,0.007079852151534008,0.030401021645810097,0.008734797608135988,0.029958906708529544,0.02454819716129262,0.017516663363886072,0.007041607123741561],[0.03087036634739548,0.020547764169001354,0.009635602511490447,0.011367187767008225,0.038796582863360365,0.06842287973389115,0.002032694899032221,0.022669109370462914,0.0002385498156573758,0.009589513937598482,0.0065560788556456315,0.00913533947933014,0.01207703657681685,0.04234010427943131,0.0006392931937893499,0.02615494900261719,0.0252411930443476,0.017724820411781,0.0039534745081208815,0.028551198147262723,0.06245927416984826,0.010293994694517519,0.007983203991899803,0.0014198229519112615,0.012270690055920332,0.015013381133003843,0.02875947783607669,0.010196648451727904,0.004667419668082797,0.022737255919019952,0.046818536001606764,0.02789411748597704,0.018243587659414525,0.013950265611565338,0.00046162415555906026,0.003186764331827628,0.017008770256249275,0.020040763452890232,0.031426516777114916,0.006907169958490888,0.09172743740322906,0.011205036876357113,0.023503456480739034,0.007079852151534008,0.030401021645810097,0.008734797608135988,0.029958906708529544,0.02454819716129262,0.017516663363886072,0.007041607123741561],[0.03087036634739548,0.020547764169001354,0.009635602511490447,0.011367187767008225,0.038796582863360365,0.06842287973389115,0.002032694899032221,0.022669109370462914,0.0002385498156573758,0.009589513937598482,0.0065560788556456315,0.00913533947933014,0.01207703657681685,0.04234010427943131,0.0006392931937893499,0.02615494900261719,0.0252411930443476,0.017724820411781,0.0039534745081208815,0.028551198147262723,0.06245927416984826,0.010293994694517519,0.007983203991899803,0.0014198229519112615,0.012270690055920332,0.015013381133003843,0.02875947783607669,0.010196648451727904,0.004667419668082797,0.022737255919019952,0.046818536001606764,0.02789411748597704,0.018243587659414525,0.013950265611565338,0.00046162415555906026,0.003186764331827628,0.017008770256249275,0.020040763452890232,0.031426516777114916,0.006907169958490888,0.09172743740322906,0.011205036876357113,0.023503456480739034,0.007079852151534008,0.030401021645810097,0.008734797608135988,0.029958906708529544,0.02454819716129262,0.017516663363886072,0.007041607123741561],[0.03087036634739548,0.020547764169001354,0.009635602511490447,0.011367187767008225,0.038796582863360365,0.06842287973389115,0.002032694899032221,0.022669109370462914,0.0002385498156573758,0.009589513937598482,0.0065560788556456315,0.00913533947933014,0.01207703657681685,0.04234010427943131,0.0006392931937893499,0.02615494900261719,0.0252411930443476,0.017724820411781,0.0039534745081208815,0.028551198147262723,0.06245927416984826,0.010293994694517519,0.007983203991899803,0.0014198229519112615,0.012270690055920332,0.015013381133003843,0.02875947783607669,0.010196648451727904,0.004667419668082797,0.022737255919019952,0.046818536001606764,0.02789411748597704,0.018243587659414525,0.013950265611565338,0.00046162415555906026,0.003186764331827628,0.017008770256249275,0.020040763452890232,0.031426516777114916,0.006907169958490888,0.09172743740322906,0.011205036876357113,0.023503456480739034,0.007079852151534008,0.030401021645810097,0.008734797608135988,0.029958906708529544,0.02454819716129262,0.017516663363886072,0.007041607123741561],[0.03087036634739548,0.020547764169001354,0.009635602511490447,0.011367187767008225,0.038796582863360365,0.06842287973389115,0.002032694899032221,0.022669109370462914,0.0002385498156573758,0.009589513937598482,0.0065560788556456315,0.00913533947933014,0.01207703657681685,0.04234010427943131,0.0006392931937893499,0.02615494900261719,0.0252411930443476,0.017724820411781,0.0039534745081208815,0.028551198147262723,0.06245927416984826,0.010293994694517519,0.007983203991899803,0.0014198229519112615,0.012270690055920332,0.015013381133003843,0.02875947783607669,0.010196648451727904,0.004667419668082797,0.022737255919019952,0.046818536001606764,0.02789411748597704,0.018243587659414525,0.013950265611565338,0.00046162415555906026,0.003186764331827628,0.017008770256249275,0.020040763452890232,0.031426516777114916,0.006907169958490888,0.09172743740322906,0.011205036876357113,0.023503456480739034,0.007079852151534008,0.030401021645810097,0.008734797608135988,0.029958906708529544,0.02454819716129262,0.017516663363886072,0.007041607123741561],[0.03087036634739548,0.020547764169001354,0.009635602511490447,0.011367187767008225,0.038796582863360365,0.06842287973389115,0.002032694899032221,0.022669109370462914,0.0002385498156573758,0.009589513937598482,0.0065560788556456315,0.00913533947933014,0.01207703657681685,0.04234010427943131,0.0006392931937893499,0.02615494900261719,0.0252411930443476,0.017724820411781,0.0039534745081208815,0.028551198147262723,0.06245927416984826,0.010293994694517519,0.007983203991899803,0.0014198229519112615,0.012270690055920332,0.015013381133003843,0.02875947783607669,0.010196648451727904,0.004667419668082797,0.022737255919019952,0.046818536001606764,0.02789411748597704,0.018243587659414525,0.013950265611565338,0.00046162415555906026,0.003186764331827628,0.017008770256249275,0.020040763452890232,0.031426516777114916,0.006907169958490888,0.09172743740322906,0.011205036876357113,0.023503456480739034,0.007079852151534008,0.030401021645810097,0.008734797608135988,0.029958906708529544,0.02454819716129262,0.017516663363886072,0.007041607123741561],[0.03087036634739548,0.020547764169001354,0.009635602511490447,0.011367187767008225,0.038796582863360365,0.06842287973389115,0.002032694899032221,0.022669109370462914,0.0002385498156573758,0.009589513937598482,0.0065560788556456315,0.00913533947933014,0.01207703657681685,0.04234010427943131,0.0006392931937893499,0.02615494900261719,0.0252411930443476,0.017724820411781,0.0039534745081208815,0.028551198147262723,0.06245927416984826,0.010293994694517519,0.007983203991899803,0.0014198229519112615,0.012270690055920332,0.015013381133003843,0.02875947783607669,0.010196648451727904,0.004667419668082797,0.022737255919019952,0.046818536001606764,0.02789411748597704,0.018243587659414525,0.013950265611565338,0.00046162415555906026,0.003186764331827628,0.017008770256249275,0.020040763452890232,0.031426516777114916,0.006907169958490888,0.09172743740322906,0.011205036876357113,0.023503456480739034,0.007079852151534008,0.030401021645810097,0.008734797608135988,0.029958906708529544,0.02454819716129262,0.017516663363886072,0.007041607123741561],[0.03087036634739548,0.020547764169001354,0.009635602511490447,0.011367187767008225,0.038796582863360365,0.06842287973389115,0.002032694899032221,0.022669109370462914,0.0002385498156573758,0.009589513937598482,0.0065560788556456315,0.00913533947933014,0.01207703657681685,0.04234010427943131,0.0006392931937893499,0.02615494900261719,0.0252411930443476,0.017724820411781,0.0039534745081208815,0.028551198147262723,0.06245927416984826,0.010293994694517519,0.007983203991899803,0.0014198229519112615,0.012270690055920332,0.015013381133003843,0.02875947783607669,0.010196648451727904,0.004667419668082797,0.022737255919019952,0.046818536001606764,0.02789411748597704,0.018243587659414525,0.013950265611565338,0.00046162415555906026,0.003186764331827628,0.017008770256249275,0.020040763452890232,0.031426516777114916,0.006907169958490888,0.09172743740322906,0.011205036876357113,0.023503456480739034,0.007079852151534008,0.030401021645810097,0.008734797608135988,0.029958906708529544,0.02454819716129262,0.017516663363886072,0.007041607123741561],[0.03087036634739548,0.020547764169001354,0.009635602511490447,0.011367187767008225,0.038796582863360365,0.06842287973389115,0.002032694899032221,0.022669109370462914,0.0002385498156573758,0.009589513937598482,0.0065560788556456315,0.00913533947933014,0.01207703657681685,0.04234010427943131,0.0006392931937893499,0.02615494900261719,0.0252411930443476,0.017724820411781,0.0039534745081208815,0.028551198147262723,0.06245927416984826,0.010293994694517519,0.007983203991899803,0.0014198229519112615,0.012270690055920332,0.015013381133003843,0.02875947783607669,0.010196648451727904,0.004667419668082797,0.022737255919019952,0.046818536001606764,0.02789411748597704,0.018243587659414525,0.013950265611565338,0.00046162415555906026,0.003186764331827628,0.017008770256249275,0.020040763452890232,0.031426516777114916,0.006907169958490888,0.09172743740322906,0.011205036876357113,0.023503456480739034,0.007079852151534008,0.030401021645810097,0.008734797608135988,0.029958906708529544,0.02454819716129262,0.017516663363886072,0.007041607123741561],[0.03087036634739548,0.020547764169001354,0.009635602511490447,0.011367187767008225,0.038796582863360365,0.06842287973389115,0.002032694899032221,0.022669109370462914,0.0002385498156573758,0.009589513937598482,0.0065560788556456315,0.00913533947933014,0.01207703657681685,0.04234010427943131,0.0006392931937893499,0.02615494900261719,0.0252411930443476,0.017724820411781,0.0039534745081208815,0.028551198147262723,0.06245927416984826,0.010293994694517519,0.007983203991899803,0.0014198229519112615,0.012270690055920332,0.015013381133003843,0.02875947783607669,0.010196648451727904,0.004667419668082797,0.022737255919019952,0.046818536001606764,0.02789411748597704,0.018243587659414525,0.013950265611565338,0.00046162415555906026,0.003186764331827628,0.017008770256249275,0.020040763452890232,0.031426516777114916,0.006907169958490888,0.09172743740322906,0.011205036876357113,0.023503456480739034,0.007079852151534008,0.030401021645810097,0.008734797608135988,0.029958906708529544,0.02454819716129262,0.017516663363886072,0.007041607123741561],[0.03087036634739548,0.020547764169001354,0.009635602511490447,0.011367187767008225,0.038796582863360365,0.06842287973389115,0.002032694899032221,0.022669109370462914,0.0002385498156573758,0.009589513937598482,0.0065560788556456315,0.00913533947933014,0.01207703657681685,0.04234010427943131,0.0006392931937893499,0.02615494900261719,0.0252411930443476,0.017724820411781,0.0039534745081208815,0.028551198147262723,0.06245927416984826,0.010293994694517519,0.007983203991899803,0.0014198229519112615,0.012270690055920332,0.015013381133003843,0.02875947783607669,0.010196648451727904,0.004667419668082797,0.022737255919019952,0.046818536001606764,0.02789411748597704,0.018243587659414525,0.013950265611565338,0.00046162415555906026,0.003186764331827628,0.017008770256249275,0.020040763452890232,0.031426516777114916,0.006907169958490888,0.09172743740322906,0.011205036876357113,0.023503456480739034,0.007079852151534008,0.030401021645810097,0.008734797608135988,0.029958906708529544,0.02454819716129262,0.017516663363886072,0.007041607123741561],[0.03087036634739548,0.020547764169001354,0.009635602511490447,0.011367187767008225,0.038796582863360365,0.06842287973389115,0.002032694899032221,0.022669109370462914,0.0002385498156573758,0.009589513937598482,0.0065560788556456315,0.00913533947933014,0.01207703657681685,0.04234010427943131,0.0006392931937893499,0.02615494900261719,0.0252411930443476,0.017724820411781,0.0039534745081208815,0.028551198147262723,0.06245927416984826,0.010293994694517519,0.007983203991899803,0.0014198229519112615,0.012270690055920332,0.015013381133003843,0.02875947783607669,0.010196648451727904,0.004667419668082797,0.022737255919019952,0.046818536001606764,0.02789411748597704,0.018243587659414525,0.013950265611565338,0.00046162415555906026,0.003186764331827628,0.017008770256249275,0.020040763452890232,0.031426516777114916,0.006907169958490888,0.09172743740322906,0.011205036876357113,0.023503456480739034,0.007079852151534008,0.030401021645810097,0.008734797608135988,0.029958906708529544,0.02454819716129262,0.017516663363886072,0.007041607123741561],[0.03087036634739548,0.020547764169001354,0.009635602511490447,0.011367187767008225,0.038796582863360365,0.06842287973389115,0.002032694899032221,0.022669109370462914,0.0002385498156573758,0.009589513937598482,0.0065560788556456315,0.00913533947933014,0.01207703657681685,0.04234010427943131,0.0006392931937893499,0.02615494900261719,0.0252411930443476,0.017724820411781,0.0039534745081208815,0.028551198147262723,0.06245927416984826,0.010293994694517519,0.007983203991899803,0.0014198229519112615,0.012270690055920332,0.015013381133003843,0.02875947783607669,0.010196648451727904,0.004667419668082797,0.022737255919019952,0.046818536001606764,0.02789411748597704,0.018243587659414525,0.013950265611565338,0.00046162415555906026,0.003186764331827628,0.017008770256249275,0.020040763452890232,0.031426516777114916,0.006907169958490888,0.09172743740322906,0.011205036876357113,0.023503456480739034,0.007079852151534008,0.030401021645810097,0.008734797608135988,0.029958906708529544,0.02454819716129262,0.017516663363886072,0.007041607123741561],[0.03087036634739548,0.020547764169001354,0.009635602511490447,0.011367187767008225,0.038796582863360365,0.06842287973389115,0.002032694899032221,0.022669109370462914,0.0002385498156573758,0.009589513937598482,0.0065560788556456315,0.00913533947933014,0.01207703657681685,0.04234010427943131,0.0006392931937893499,0.02615494900261719,0.0252411930443476,0.017724820411781,0.0039534745081208815,0.028551198147262723,0.06245927416984826,0.010293994694517519,0.007983203991899803,0.0014198229519112615,0.012270690055920332,0.015013381133003843,0.02875947783607669,0.010196648451727904,0.004667419668082797,0.022737255919019952,0.046818536001606764,0.02789411748597704,0.018243587659414525,0.013950265611565338,0.00046162415555906026,0.003186764331827628,0.017008770256249275,0.020040763452890232,0.031426516777114916,0.006907169958490888,0.09172743740322906,0.011205036876357113,0.023503456480739034,0.007079852151534008,0.030401021645810097,0.008734797608135988,0.029958906708529544,0.02454819716129262,0.017516663363886072,0.007041607123741561],[0.03087036634739548,0.020547764169001354,0.009635602511490447,0.011367187767008225,0.038796582863360365,0.06842287973389115,0.002032694899032221,0.022669109370462914,0.0002385498156573758,0.009589513937598482,0.0065560788556456315,0.00913533947933014,0.01207703657681685,0.04234010427943131,0.0006392931937893499,0.02615494900261719,0.0252411930443476,0.017724820411781,0.0039534745081208815,0.028551198147262723,0.06245927416984826,0.010293994694517519,0.007983203991899803,0.0014198229519112615,0.012270690055920332,0.015013381133003843,0.02875947783607669,0.010196648451727904,0.004667419668082797,0.022737255919019952,0.046818536001606764,0.02789411748597704,0.018243587659414525,0.013950265611565338,0.00046162415555906026,0.003186764331827628,0.017008770256249275,0.020040763452890232,0.031426516777114916,0.006907169958490888,0.09172743740322906,0.011205036876357113,0.023503456480739034,0.007079852151534008,0.030401021645810097,0.008734797608135988,0.029958906708529544,0.02454819716129262,0.017516663363886072,0.007041607123741561],[0.03087036634739548,0.020547764169001354,0.009635602511490447,0.011367187767008225,0.038796582863360365,0.06842287973389115,0.002032694899032221,0.022669109370462914,0.0002385498156573758,0.009589513937598482,0.0065560788556456315,0.00913533947933014,0.01207703657681685,0.04234010427943131,0.0006392931937893499,0.02615494900261719,0.0252411930443476,0.017724820411781,0.0039534745081208815,0.028551198147262723,0.06245927416984826,0.010293994694517519,0.007983203991899803,0.0014198229519112615,0.012270690055920332,0.015013381133003843,0.02875947783607669,0.010196648451727904,0.004667419668082797,0.022737255919019952,0.046818536001606764,0.02789411748597704,0.018243587659414525,0.013950265611565338,0.00046162415555906026,0.003186764331827628,0.017008770256249275,0.020040763452890232,0.031426516777114916,0.006907169958490888,0.09172743740322906,0.011205036876357113,0.023503456480739034,0.007079852151534008,0.030401021645810097,0.008734797608135988,0.029958906708529544,0.02454819716129262,0.017516663363886072,0.007041607123741561],[0.03087036634739548,0.020547764169001354,0.009635602511490447,0.011367187767008225,0.038796582863360365,0.06842287973389115,0.002032694899032221,0.022669109370462914,0.0002385498156573758,0.009589513937598482,0.0065560788556456315,0.00913533947933014,0.01207703657681685,0.04234010427943131,0.0006392931937893499,0.02615494900261719,0.0252411930443476,0.017724820411781,0.0039534745081208815,0.028551198147262723,0.06245927416984826,0.010293994694517519,0.007983203991899803,0.0014198229519112615,0.012270690055920332,0.015013381133003843,0.02875947783607669,0.010196648451727904,0.004667419668082797,0.022737255919019952,0.046818536001606764,0.02789411748597704,0.018243587659414525,0.013950265611565338,0.00046162415555906026,0.003186764331827628,0.017008770256249275,0.020040763452890232,0.031426516777114916,0.006907169958490888,0.09172743740322906,0.011205036876357113,0.023503456480739034,0.007079852151534008,0.030401021645810097,0.008734797608135988,0.029958906708529544,0.02454819716129262,0.017516663363886072,0.007041607123741561],[0.03087036634739548,0.020547764169001354,0.009635602511490447,0.011367187767008225,0.038796582863360365,0.06842287973389115,0.002032694899032221,0.022669109370462914,0.0002385498156573758,0.009589513937598482,0.0065560788556456315,0.00913533947933014,0.01207703657681685,0.04234010427943131,0.0006392931937893499,0.02615494900261719,0.0252411930443476,0.017724820411781,0.0039534745081208815,0.028551198147262723,0.06245927416984826,0.010293994694517519,0.007983203991899803,0.0014198229519112615,0.012270690055920332,0.015013381133003843,0.02875947783607669,0.010196648451727904,0.004667419668082797,0.022737255919019952,0.046818536001606764,0.02789411748597704,0.018243587659414525,0.013950265611565338,0.00046162415555906026,0.003186764331827628,0.017008770256249275,0.020040763452890232,0.031426516777114916,0.006907169958490888,0.09172743740322906,0.011205036876357113,0.023503456480739034,0.007079852151534008,0.030401021645810097,0.008734797608135988,0.029958906708529544,0.02454819716129262,0.017516663363886072,0.007041607123741561],[0.03087036634739548,0.020547764169001354,0.009635602511490447,0.011367187767008225,0.038796582863360365,0.06842287973389115,0.002032694899032221,0.022669109370462914,0.0002385498156573758,0.009589513937598482,0.0065560788556456315,0.00913533947933014,0.01207703657681685,0.04234010427943131,0.0006392931937893499,0.02615494900261719,0.0252411930443476,0.017724820411781,0.0039534745081208815,0.028551198147262723,0.06245927416984826,0.010293994694517519,0.007983203991899803,0.0014198229519112615,0.012270690055920332,0.015013381133003843,0.02875947783607669,0.010196648451727904,0.004667419668082797,0.022737255919019952,0.046818536001606764,0.02789411748597704,0.018243587659414525,0.013950265611565338,0.00046162415555906026,0.003186764331827628,0.017008770256249275,0.020040763452890232,0.031426516777114916,0.006907169958490888,0.09172743740322906,0.011205036876357113,0.023503456480739034,0.007079852151534008,0.030401021645810097,0.008734797608135988,0.029958906708529544,0.02454819716129262,0.017516663363886072,0.007041607123741561],[0.03087036634739548,0.020547764169001354,0.009635602511490447,0.011367187767008225,0.038796582863360365,0.06842287973389115,0.002032694899032221,0.022669109370462914,0.0002385498156573758,0.009589513937598482,0.0065560788556456315,0.00913533947933014,0.01207703657681685,0.04234010427943131,0.0006392931937893499,0.02615494900261719,0.0252411930443476,0.017724820411781,0.0039534745081208815,0.028551198147262723,0.06245927416984826,0.010293994694517519,0.007983203991899803,0.0014198229519112615,0.012270690055920332,0.015013381133003843,0.02875947783607669,0.010196648451727904,0.004667419668082797,0.022737255919019952,0.046818536001606764,0.02789411748597704,0.018243587659414525,0.013950265611565338,0.00046162415555906026,0.003186764331827628,0.017008770256249275,0.020040763452890232,0.031426516777114916,0.006907169958490888,0.09172743740322906,0.011205036876357113,0.023503456480739034,0.007079852151534008,0.030401021645810097,0.008734797608135988,0.029958906708529544,0.02454819716129262,0.017516663363886072,0.007041607123741561],[0.03087036634739548,0.020547764169001354,0.009635602511490447,0.011367187767008225,0.038796582863360365,0.06842287973389115,0.002032694899032221,0.022669109370462914,0.0002385498156573758,0.009589513937598482,0.0065560788556456315,0.00913533947933014,0.01207703657681685,0.04234010427943131,0.0006392931937893499,0.02615494900261719,0.0252411930443476,0.017724820411781,0.0039534745081208815,0.028551198147262723,0.06245927416984826,0.010293994694517519,0.007983203991899803,0.0014198229519112615,0.012270690055920332,0.015013381133003843,0.02875947783607669,0.010196648451727904,0.004667419668082797,0.022737255919019952,0.046818536001606764,0.02789411748597704,0.018243587659414525,0.013950265611565338,0.00046162415555906026,0.003186764331827628,0.017008770256249275,0.020040763452890232,0.031426516777114916,0.006907169958490888,0.09172743740322906,0.011205036876357113,0.023503456480739034,0.007079852151534008,0.030401021645810097,0.008734797608135988,0.029958906708529544,0.02454819716129262,0.017516663363886072,0.007041607123741561],[0.03087036634739548,0.020547764169001354,0.009635602511490447,0.011367187767008225,0.038796582863360365,0.06842287973389115,0.002032694899032221,0.022669109370462914,0.0002385498156573758,0.009589513937598482,0.0065560788556456315,0.00913533947933014,0.01207703657681685,0.04234010427943131,0.0006392931937893499,0.02615494900261719,0.0252411930443476,0.017724820411781,0.0039534745081208815,0.028551198147262723,0.06245927416984826,0.010293994694517519,0.007983203991899803,0.0014198229519112615,0.012270690055920332,0.015013381133003843,0.02875947783607669,0.010196648451727904,0.004667419668082797,0.022737255919019952,0.046818536001606764,0.02789411748597704,0.018243587659414525,0.013950265611565338,0.00046162415555906026,0.003186764331827628,0.017008770256249275,0.020040763452890232,0.031426516777114916,0.006907169958490888,0.09172743740322906,0.011205036876357113,0.023503456480739034,0.007079852151534008,0.030401021645810097,0.008734797608135988,0.029958906708529544,0.02454819716129262,0.017516663363886072,0.007041607123741561],[0.03087036634739548,0.020547764169001354,0.009635602511490447,0.011367187767008225,0.038796582863360365,0.06842287973389115,0.002032694899032221,0.022669109370462914,0.0002385498156573758,0.009589513937598482,0.0065560788556456315,0.00913533947933014,0.01207703657681685,0.04234010427943131,0.0006392931937893499,0.02615494900261719,0.0252411930443476,0.017724820411781,0.0039534745081208815,0.028551198147262723,0.06245927416984826,0.010293994694517519,0.007983203991899803,0.0014198229519112615,0.012270690055920332,0.015013381133003843,0.02875947783607669,0.010196648451727904,0.004667419668082797,0.022737255919019952,0.046818536001606764,0.02789411748597704,0.018243587659414525,0.013950265611565338,0.00046162415555906026,0.003186764331827628,0.017008770256249275,0.020040763452890232,0.031426516777114916,0.006907169958490888,0.09172743740322906,0.011205036876357113,0.023503456480739034,0.007079852151534008,0.030401021645810097,0.008734797608135988,0.029958906708529544,0.02454819716129262,0.017516663363886072,0.007041607123741561],[0.03087036634739548,0.020547764169001354,0.009635602511490447,0.011367187767008225,0.038796582863360365,0.06842287973389115,0.002032694899032221,0.022669109370462914,0.0002385498156573758,0.009589513937598482,0.0065560788556456315,0.00913533947933014,0.01207703657681685,0.04234010427943131,0.0006392931937893499,0.02615494900261719,0.0252411930443476,0.017724820411781,0.0039534745081208815,0.028551198147262723,0.06245927416984826,0.010293994694517519,0.007983203991899803,0.0014198229519112615,0.012270690055920332,0.015013381133003843,0.02875947783607669,0.010196648451727904,0.004667419668082797,0.022737255919019952,0.046818536001606764,0.02789411748597704,0.018243587659414525,0.013950265611565338,0.00046162415555906026,0.003186764331827628,0.017008770256249275,0.020040763452890232,0.031426516777114916,0.006907169958490888,0.09172743740322906,0.011205036876357113,0.023503456480739034,0.007079852151534008,0.030401021645810097,0.008734797608135988,0.029958906708529544,0.02454819716129262,0.017516663363886072,0.007041607123741561],[0.03087036634739548,0.020547764169001354,0.009635602511490447,0.011367187767008225,0.038796582863360365,0.06842287973389115,0.002032694899032221,0.022669109370462914,0.0002385498156573758,0.009589513937598482,0.0065560788556456315,0.00913533947933014,0.01207703657681685,0.04234010427943131,0.0006392931937893499,0.02615494900261719,0.0252411930443476,0.017724820411781,0.0039534745081208815,0.028551198147262723,0.06245927416984826,0.010293994694517519,0.007983203991899803,0.0014198229519112615,0.012270690055920332,0.015013381133003843,0.02875947783607669,0.010196648451727904,0.004667419668082797,0.022737255919019952,0.046818536001606764,0.02789411748597704,0.018243587659414525,0.013950265611565338,0.00046162415555906026,0.003186764331827628,0.017008770256249275,0.020040763452890232,0.031426516777114916,0.006907169958490888,0.09172743740322906,0.011205036876357113,0.023503456480739034,0.007079852151534008,0.030401021645810097,0.008734797608135988,0.029958906708529544,0.02454819716129262,0.017516663363886072,0.007041607123741561],[0.03087036634739548,0.020547764169001354,0.009635602511490447,0.011367187767008225,0.038796582863360365,0.06842287973389115,0.002032694899032221,0.022669109370462914,0.0002385498156573758,0.009589513937598482,0.0065560788556456315,0.00913533947933014,0.01207703657681685,0.04234010427943131,0.0006392931937893499,0.02615494900261719,0.0252411930443476,0.017724820411781,0.0039534745081208815,0.028551198147262723,0.06245927416984826,0.010293994694517519,0.007983203991899803,0.0014198229519112615,0.012270690055920332,0.015013381133003843,0.02875947783607669,0.010196648451727904,0.004667419668082797,0.022737255919019952,0.046818536001606764,0.02789411748597704,0.018243587659414525,0.013950265611565338,0.00046162415555906026,0.003186764331827628,0.017008770256249275,0.020040763452890232,0.031426516777114916,0.006907169958490888,0.09172743740322906,0.011205036876357113,0.023503456480739034,0.007079852151534008,0.030401021645810097,0.008734797608135988,0.029958906708529544,0.02454819716129262,0.017516663363886072,0.007041607123741561],[0.03087036634739548,0.020547764169001354,0.009635602511490447,0.011367187767008225,0.038796582863360365,0.06842287973389115,0.002032694899032221,0.022669109370462914,0.0002385498156573758,0.009589513937598482,0.0065560788556456315,0.00913533947933014,0.01207703657681685,0.04234010427943131,0.0006392931937893499,0.02615494900261719,0.0252411930443476,0.017724820411781,0.0039534745081208815,0.028551198147262723,0.06245927416984826,0.010293994694517519,0.007983203991899803,0.0014198229519112615,0.012270690055920332,0.015013381133003843,0.02875947783607669,0.010196648451727904,0.004667419668082797,0.022737255919019952,0.046818536001606764,0.02789411748597704,0.018243587659414525,0.013950265611565338,0.00046162415555906026,0.003186764331827628,0.017008770256249275,0.020040763452890232,0.031426516777114916,0.006907169958490888,0.09172743740322906,0.011205036876357113,0.023503456480739034,0.007079852151534008,0.030401021645810097,0.008734797608135988,0.029958906708529544,0.02454819716129262,0.017516663363886072,0.007041607123741561],[0.03087036634739548,0.020547764169001354,0.009635602511490447,0.011367187767008225,0.038796582863360365,0.06842287973389115,0.002032694899032221,0.022669109370462914,0.0002385498156573758,0.009589513937598482,0.0065560788556456315,0.00913533947933014,0.01207703657681685,0.04234010427943131,0.0006392931937893499,0.02615494900261719,0.0252411930443476,0.017724820411781,0.0039534745081208815,0.028551198147262723,0.06245927416984826,0.010293994694517519,0.007983203991899803,0.0014198229519112615,0.012270690055920332,0.015013381133003843,0.02875947783607669,0.010196648451727904,0.004667419668082797,0.022737255919019952,0.046818536001606764,0.02789411748597704,0.018243587659414525,0.013950265611565338,0.00046162415555906026,0.003186764331827628,0.017008770256249275,0.020040763452890232,0.031426516777114916,0.006907169958490888,0.09172743740322906,0.011205036876357113,0.023503456480739034,0.007079852151534008,0.030401021645810097,0.008734797608135988,0.029958906708529544,0.02454819716129262,0.017516663363886072,0.007041607123741561],[0.03087036634739548,0.020547764169001354,0.009635602511490447,0.011367187767008225,0.038796582863360365,0.06842287973389115,0.002032694899032221,0.022669109370462914,0.0002385498156573758,0.009589513937598482,0.0065560788556456315,0.00913533947933014,0.01207703657681685,0.04234010427943131,0.0006392931937893499,0.02615494900261719,0.0252411930443476,0.017724820411781,0.0039534745081208815,0.028551198147262723,0.06245927416984826,0.010293994694517519,0.007983203991899803,0.0014198229519112615,0.012270690055920332,0.015013381133003843,0.02875947783607669,0.010196648451727904,0.004667419668082797,0.022737255919019952,0.046818536001606764,0.02789411748597704,0.018243587659414525,0.013950265611565338,0.00046162415555906026,0.003186764331827628,0.017008770256249275,0.020040763452890232,0.031426516777114916,0.006907169958490888,0.09172743740322906,0.011205036876357113,0.023503456480739034,0.007079852151534008,0.030401021645810097,0.008734797608135988,0.029958906708529544,0.02454819716129262,0.017516663363886072,0.007041607123741561],[0.03087036634739548,0.020547764169001354,0.009635602511490447,0.011367187767008225,0.038796582863360365,0.06842287973389115,0.002032694899032221,0.022669109370462914,0.0002385498156573758,0.009589513937598482,0.0065560788556456315,0.00913533947933014,0.01207703657681685,0.04234010427943131,0.0006392931937893499,0.02615494900261719,0.0252411930443476,0.017724820411781,0.0039534745081208815,0.028551198147262723,0.06245927416984826,0.010293994694517519,0.007983203991899803,0.0014198229519112615,0.012270690055920332,0.015013381133003843,0.02875947783607669,0.010196648451727904,0.004667419668082797,0.022737255919019952,0.046818536001606764,0.02789411748597704,0.018243587659414525,0.013950265611565338,0.00046162415555906026,0.003186764331827628,0.017008770256249275,0.020040763452890232,0.031426516777114916,0.006907169958490888,0.09172743740322906,0.011205036876357113,0.023503456480739034,0.007079852151534008,0.030401021645810097,0.008734797608135988,0.029958906708529544,0.02454819716129262,0.017516663363886072,0.007041607123741561]]",0.0002385498156573758,0.9999999999999997,1,2,0.5,2.0,1.9995229003686856,1.9995229003686856,0.0004770996313143705,1.9995229003686852,0.0004770996313147516,True,True
