theta,trial,seed,initial_state,alpha,horizon,stopped,stopping_time
0.4,0,260517587,0,0.05000000000000001,10000,False,
0.4,0,260517587,0,0.009999999999999995,10000,False,
0.42000000000000004,1,260517588,0,0.05000000000000001,10000,False,
0.42000000000000004,1,260517588,0,0.009999999999999995,10000,False,
0.44,2,260517589,0,0.05000000000000001,10000,False,
0.44,2,260517589,0,0.009999999999999995,10000,False,
0.46,3,260517590,0,0.05000000000000001,10000,False,
0.46,3,260517590,0,0.009999999999999995,10000,False,
0.48000000000000004,4,260517591,0,0.05000000000000001,10000,False,
0.48000000000000004,4,260517591,0,0.009999999999999995,10000,False,
0.5,5,260517592,0,0.05000000000000001,10000,False,
0.5,5,260517592,0,0.009999999999999995,10000,False,
0.52,6,260517593,0,0.05000000000000001,10000,False,
0.52,6,260517593,0,0.009999999999999995,10000,False,
0.54,7,260517594,0,0.05000000000000001,10000,False,
0.54,7,260517594,0,0.009999999999999995,10000,False,
0.56,8,260517595,0,0.05000000000000001,10000,False,
0.56,8,260517595,0,0.009999999999999995,10000,False,
0.5800000000000001,9,260517596,0,0.05000000000000001,10000,False,
0.5800000000000001,9,260517596,0,0.009999999999999995,10000,False,
0.6000000000000001,10,260517597,0,0.05000000000000001,10000,False,
0.6000000000000001,10,260517597,0,0.009999999999999995,10000,False,
0.6200000000000001,11,260517598,0,0.05000000000000001,10000,False,
0.6200000000000001,11,260517598,0,0.009999999999999995,10000,False,
0.6400000000000001,12,260517599,0,0.05000000000000001,10000,False,
0.6400000000000001,12,260517599,0,0.009999999999999995,10000,False,
0.66,13,260517600,0,0.05000000000000001,10000,False,
0.66,13,260517600,0,0.009999999999999995,10000,False,
0.68,14,260517601,0,0.05000000000000001,10000,False,
0.68,14,260517601,0,0.009999999999999995,10000,False,
0.7,15,260517602,0,0.05000000000000001,10000,False,
0.7,15,260517602,0,0.009999999999999995,10000,False,
0.72,16,260517603,0,0.05000000000000001,10000,False,
0.72,16,260517603,0,0.009999999999999995,10000,False,
0.74,17,260517604,0,0.05000000000000001,10000,False,
0.74,17,260517604,0,0.009999999999999995,10000,False,
0.76,18,260517605,0,0.05000000000000001,10000,False,
0.76,18,260517605,0,0.009999999999999995,10000,False,
0.78,19,260517606,0,0.05000000000000001,10000,False,
0.78,19,260517606,0,0.009999999999999995,10000,False,
0.8,20,260517607,0,0.05000000000000001,10000,False,
0.8,20,260517607,0,0.009999999999999995,10000,False,
0.4,21,260517608,1,0.05000000000000001,10000,False,
0.4,21,260517608,1,0.009999999999999995,10000,False,
0.42000000000000004,22,260517609,1,0.05000000000000001,10000,False,
0.42000000000000004,22,260517609,1,0.009999999999999995,10000,False,
0.44,23,260517610,1,0.05000000000000001,10000,False,
0.44,23,260517610,1,0.009999999999999995,10000,False,
0.46,24,260517611,1,0.05000000000000001,10000,False,
0.46,24,260517611,1,0.009999999999999995,10000,False,
0.48000000000000004,25,260517612,1,0.05000000000000001,10000,False,
0.48000000000000004,25,260517612,1,0.009999999999999995,10000,False,
0.5,26,260517613,1,0.05000000000000001,10000,False,
0.5,26,260517613,1,0.009999999999999995,10000,False,
0.52,27,260517614,1,0.05000000000000001,10000,False,
0.52,27,260517614,1,0.009999999999999995,10000,False,
0.54,28,260517615,1,0.05000000000000001,10000,False,
0.54,28,260517615,1,0.009999999999999995,10000,False,
0.56,29,260517616,1,0.05000000000000001,10000,False,
0.56,29,260517616,1,0.009999999999999995,10000,False,
0.5800000000000001,30,260517617,1,0.05000000000000001,10000,False,
0.5800000000000001,30,260517617,1,0.009999999999999995,10000,False,
0.6000000000000001,31,260517618,1,0.05000000000000001,10000,False,
0.6000000000000001,31,260517618,1,0.009999999999999995,10000,False,
0.6200000000000001,32,260517619,1,0.05000000000000001,10000,False,
0.6200000000000001,32,260517619,1,0.009999999999999995,10000,False,
0.6400000000000001,33,260517620,1,0.05000000000000001,10000,False,
0.6400000000000001,33,260517620,1,0.009999999999999995,10000,False,
0.66,34,260517621,1,0.05000000000000001,10000,False,
0.66,34,260517621,1,0.009999999999999995,10000,False,
0.68,35,260517622,1,0.05000000000000001,10000,False,
0.68,35,260517622,1,0.009999999999999995,10000,False,
0.7,36,260517623,1,0.05000000000000001,10000,False,
0.7,36,260517623,1,0.009999999999999995,10000,False,
0.72,37,260517624,1,0.05000000000000001,10000,False,
0.72,37,260517624,1,0.009999999999999995,10000,False,
0.74,38,260517625,1,0.05000000000000001,10000,False,
0.74,38,260517625,1,0.009999999999999995,10000,False,
0.76,39,260517626,1,0.05000000000000001,10000,False,
0.76,39,260517626,1,0.009999999999999995,10000,False,
0.78,40,260517627,1,0.05000000000000001,10000,False,
0.78,40,260517627,1,0.009999999999999995,10000,False,
0.8,41,260517628,1,0.05000000000000001,10000,False,
0.8,41,260517628,1,0.009999999999999995,10000,False,
0.4,42,260517629,2,0.05000000000000001,10000,False,
0.4,42,260517629,2,0.009999999999999995,10000,False,
0.42000000000000004,43,260517630,2,0.05000000000000001,10000,False,
0.42000000000000004,43,260517630,2,0.009999999999999995,10000,False,
0.44,44,260517631,2,0.05000000000000001,10000,False,
0.44,44,260517631,2,0.009999999999999995,10000,False,
0.46,45,260517632,2,0.05000000000000001,10000,False,
0.46,45,260517632,2,0.009999999999999995,10000,False,
0.48000000000000004,46,260517633,2,0.05000000000000001,10000,False,
0.48000000000000004,46,260517633,2,0.009999999999999995,10000,False,
0.5,47,260517634,2,0.05000000000000001,10000,False,
0.5,47,260517634,2,0.009999999999999995,10000,False,
0.52,48,260517635,2,0.05000000000000001,10000,False,
0.52,48,260517635,2,0.009999999999999995,10000,False,
0.54,49,260517636,2,0.05000000000000001,10000,False,
0.54,49,260517636,2,0.009999999999999995,10000,False,
0.56,50,260517637,2,0.05000000000000001,10000,False,
0.56,50,260517637,2,0.009999999999999995,10000,False,
0.5800000000000001,51,260517638,2,0.05000000000000001,10000,False,
0.5800000000000001,51,260517638,2,0.009999999999999995,10000,False,
0.6000000000000001,52,260517639,2,0.05000000000000001,10000,False,
0.6000000000000001,52,260517639,2,0.009999999999999995,10000,False,
0.6200000000000001,53,260517640,2,0.05000000000000001,10000,False,
0.6200000000000001,53,260517640,2,0.009999999999999995,10000,False,
0.6400000000000001,54,260517641,2,0.05000000000000001,10000,False,
0.6400000000000001,54,260517641,2,0.009999999999999995,10000,False,
0.66,55,260517642,2,0.05000000000000001,10000,False,
0.66,55,260517642,2,0.009999999999999995,10000,False,
0.68,56,260517643,2,0.05000000000000001,10000,False,
0.68,56,260517643,2,0.009999999999999995,10000,False,
0.7,57,260517644,2,0.05000000000000001,10000,False,
0.7,57,260517644,2,0.009999999999999995,10000,False,
0.72,58,260517645,2,0.05000000000000001,10000,False,
0.72,58,260517645,2,0.009999999999999995,10000,False,
0.74,59,260517646,2,0.05000000000000001,10000,False,
0.74,59,260517646,2,0.009999999999999995,10000,False,
0.76,60,260517647,2,0.05000000000000001,10000,False,
0.76,60,260517647,2,0.009999999999999995,10000,False,
0.78,61,260517648,2,0.05000000000000001,10000,False,
0.78,61,260517648,2,0.009999999999999995,10000,False,
0.8,62,260517649,2,0.05000000000000001,10000,False,
0.8,62,260517649,2,0.009999999999999995,10000,False,
0.4,63,260517650,3,0.05000000000000001,10000,False,
0.4,63,260517650,3,0.009999999999999995,10000,False,
0.42000000000000004,64,260517651,3,0.05000000000000001,10000,False,
0.42000000000000004,64,260517651,3,0.009999999999999995,10000,False,
0.44,65,260517652,3,0.05000000000000001,10000,False,
0.44,65,260517652,3,0.009999999999999995,10000,False,
0.46,66,260517653,3,0.05000000000000001,10000,False,
0.46,66,260517653,3,0.009999999999999995,10000,False,
0.48000000000000004,67,260517654,3,0.05000000000000001,10000,False,
0.48000000000000004,67,260517654,3,0.009999999999999995,10000,False,
0.5,68,260517655,3,0.05000000000000001,10000,False,
0.5,68,260517655,3,0.009999999999999995,10000,False,
0.52,69,260517656,3,0.05000000000000001,10000,False,
0.52,69,260517656,3,0.009999999999999995,10000,False,
0.54,70,260517657,3,0.05000000000000001,10000,False,
0.54,70,260517657,3,0.009999999999999995,10000,False,
0.56,71,260517658,3,0.05000000000000001,10000,False,
0.56,71,260517658,3,0.009999999999999995,10000,False,
0.5800000000000001,72,260517659,3,0.05000000000000001,10000,False,
0.5800000000000001,72,260517659,3,0.009999999999999995,10000,False,
0.6000000000000001,73,260517660,3,0.05000000000000001,10000,False,
0.6000000000000001,73,260517660,3,0.009999999999999995,10000,False,
0.6200000000000001,74,260517661,3,0.05000000000000001,10000,False,
0.6200000000000001,74,260517661,3,0.009999999999999995,10000,False,
0.6400000000000001,75,260517662,3,0.05000000000000001,10000,False,
0.6400000000000001,75,260517662,3,0.009999999999999995,10000,False,
0.66,76,260517663,3,0.05000000000000001,10000,False,
0.66,76,260517663,3,0.009999999999999995,10000,False,
0.68,77,260517664,3,0.05000000000000001,10000,False,
0.68,77,260517664,3,0.009999999999999995,10000,False,
0.7,78,260517665,3,0.05000000000000001,10000,False,
0.7,78,260517665,3,0.009999999999999995,10000,False,
0.72,79,260517666,3,0.05000000000000001,10000,False,
0.72,79,260517666,3,0.009999999999999995,10000,False,
0.74,80,260517667,3,0.05000000000000001,10000,False,
0.74,80,260517667,3,0.009999999999999995,10000,False,
0.76,81,260517668,3,0.05000000000000001,10000,False,
0.76,81,260517668,3,0.009999999999999995,10000,False,
0.78,82,260517669,3,0.05000000000000001,10000,False,
0.78,82,260517669,3,0.009999999999999995,10000,False,
0.8,83,260517670,3,0.05000000000000001,10000,False,
0.8,83,260517670,3,0.009999999999999995,10000,False,
0.4,84,260517671,4,0.05000000000000001,10000,False,
0.4,84,260517671,4,0.009999999999999995,10000,False,
0.42000000000000004,85,260517672,4,0.05000000000000001,10000,False,
0.42000000000000004,85,260517672,4,0.009999999999999995,10000,False,
0.44,86,260517673,4,0.05000000000000001,10000,False,
0.44,86,260517673,4,0.009999999999999995,10000,False,
0.46,87,260517674,4,0.05000000000000001,10000,False,
0.46,87,260517674,4,0.009999999999999995,10000,False,
0.48000000000000004,88,260517675,4,0.05000000000000001,10000,False,
0.48000000000000004,88,260517675,4,0.009999999999999995,10000,False,
0.5,89,260517676,4,0.05000000000000001,10000,False,
0.5,89,260517676,4,0.009999999999999995,10000,False,
0.52,90,260517677,4,0.05000000000000001,10000,False,
0.52,90,260517677,4,0.009999999999999995,10000,False,
0.54,91,260517678,4,0.05000000000000001,10000,False,
0.54,91,260517678,4,0.009999999999999995,10000,False,
0.56,92,260517679,4,0.05000000000000001,10000,False,
0.56,92,260517679,4,0.009999999999999995,10000,False,
0.5800000000000001,93,260517680,4,0.05000000000000001,10000,False,
0.5800000000000001,93,260517680,4,0.009999999999999995,10000,False,
0.6000000000000001,94,260517681,4,0.05000000000000001,10000,False,
0.6000000000000001,94,260517681,4,0.009999999999999995,10000,False,
0.6200000000000001,95,260517682,4,0.05000000000000001,10000,False,
0.6200000000000001,95,260517682,4,0.009999999999999995,10000,False,
0.6400000000000001,96,260517683,4,0.05000000000000001,10000,False,
0.6400000000000001,96,260517683,4,0.009999999999999995,10000,False,
0.66,97,260517684,4,0.05000000000000001,10000,False,
0.66,97,260517684,4,0.009999999999999995,10000,False,
0.68,98,260517685,4,0.05000000000000001,10000,False,
0.68,98,260517685,4,0.009999999999999995,10000,False,
0.7,99,260517686,4,0.05000000000000001,10000,False,
0.7,99,260517686,4,0.009999999999999995,10000,False,
0.72,100,260517687,4,0.05000000000000001,10000,False,
0.72,100,260517687,4,0.009999999999999995,10000,False,
0.74,101,260517688,4,0.05000000000000001,10000,False,
0.74,101,260517688,4,0.009999999999999995,10000,False,
0.76,102,260517689,4,0.05000000000000001,10000,False,
0.76,102,260517689,4,0.009999999999999995,10000,False,
0.78,103,260517690,4,0.05000000000000001,10000,False,
0.78,103,260517690,4,0.009999999999999995,10000,False,
0.8,104,260517691,4,0.05000000000000001,10000,False,
0.8,104,260517691,4,0.009999999999999995,10000,False,
0.4,105,260517692,0,0.05000000000000001,10000,False,
0.4,105,260517692,0,0.009999999999999995,10000,False,
0.42000000000000004,106,260517693,0,0.05000000000000001,10000,False,
0.42000000000000004,106,260517693,0,0.009999999999999995,10000,False,
0.44,107,260517694,0,0.05000000000000001,10000,False,
0.44,107,260517694,0,0.009999999999999995,10000,False,
0.46,108,260517695,0,0.05000000000000001,10000,False,
0.46,108,260517695,0,0.009999999999999995,10000,False,
0.48000000000000004,109,260517696,0,0.05000000000000001,10000,False,
0.48000000000000004,109,260517696,0,0.009999999999999995,10000,False,
0.5,110,260517697,0,0.05000000000000001,10000,False,
0.5,110,260517697,0,0.009999999999999995,10000,False,
0.52,111,260517698,0,0.05000000000000001,10000,False,
0.52,111,260517698,0,0.009999999999999995,10000,False,
0.54,112,260517699,0,0.05000000000000001,10000,False,
0.54,112,260517699,0,0.009999999999999995,10000,False,
0.56,113,260517700,0,0.05000000000000001,10000,False,
0.56,113,260517700,0,0.009999999999999995,10000,False,
0.5800000000000001,114,260517701,0,0.05000000000000001,10000,False,
0.5800000000000001,114,260517701,0,0.009999999999999995,10000,False,
0.6000000000000001,115,260517702,0,0.05000000000000001,10000,False,
0.6000000000000001,115,260517702,0,0.009999999999999995,10000,False,
0.6200000000000001,116,260517703,0,0.05000000000000001,10000,False,
0.6200000000000001,116,260517703,0,0.009999999999999995,10000,False,
0.6400000000000001,117,260517704,0,0.05000000000000001,10000,False,
0.6400000000000001,117,260517704,0,0.009999999999999995,10000,False,
0.66,118,260517705,0,0.05000000000000001,10000,False,
0.66,118,260517705,0,0.009999999999999995,10000,False,
0.68,119,260517706,0,0.05000000000000001,10000,False,
0.68,119,260517706,0,0.009999999999999995,10000,False,
0.7,120,260517707,0,0.05000000000000001,10000,False,
0.7,120,260517707,0,0.009999999999999995,10000,False,
0.72,121,260517708,0,0.05000000000000001,10000,False,
0.72,121,260517708,0,0.009999999999999995,10000,False,
0.74,122,260517709,0,0.05000000000000001,10000,False,
0.74,122,260517709,0,0.009999999999999995,10000,False,
0.76,123,260517710,0,0.05000000000000001,10000,False,
0.76,123,260517710,0,0.009999999999999995,10000,False,
0.78,124,260517711,0,0.05000000000000001,10000,False,
0.78,124,260517711,0,0.009999999999999995,10000,False,
0.8,125,260517712,0,0.05000000000000001,10000,False,
0.8,125,260517712,0,0.009999999999999995,10000,False,
0.4,126,260517713,1,0.05000000000000001,10000,False,
0.4,126,260517713,1,0.009999999999999995,10000,False,
0.42000000000000004,127,260517714,1,0.05000000000000001,10000,False,
0.42000000000000004,127,260517714,1,0.009999999999999995,10000,False,
0.44,128,260517715,1,0.05000000000000001,10000,False,
0.44,128,260517715,1,0.009999999999999995,10000,False,
0.46,129,260517716,1,0.05000000000000001,10000,False,
0.46,129,260517716,1,0.009999999999999995,10000,False,
0.48000000000000004,130,260517717,1,0.05000000000000001,10000,False,
0.48000000000000004,130,260517717,1,0.009999999999999995,10000,False,
0.5,131,260517718,1,0.05000000000000001,10000,False,
0.5,131,260517718,1,0.009999999999999995,10000,False,
0.52,132,260517719,1,0.05000000000000001,10000,False,
0.52,132,260517719,1,0.009999999999999995,10000,False,
0.54,133,260517720,1,0.05000000000000001,10000,False,
0.54,133,260517720,1,0.009999999999999995,10000,False,
0.56,134,260517721,1,0.05000000000000001,10000,False,
0.56,134,260517721,1,0.009999999999999995,10000,False,
0.5800000000000001,135,260517722,1,0.05000000000000001,10000,False,
0.5800000000000001,135,260517722,1,0.009999999999999995,10000,False,
0.6000000000000001,136,260517723,1,0.05000000000000001,10000,False,
0.6000000000000001,136,260517723,1,0.009999999999999995,10000,False,
0.6200000000000001,137,260517724,1,0.05000000000000001,10000,False,
0.6200000000000001,137,260517724,1,0.009999999999999995,10000,False,
0.6400000000000001,138,260517725,1,0.05000000000000001,10000,False,
0.6400000000000001,138,260517725,1,0.009999999999999995,10000,False,
0.66,139,260517726,1,0.05000000000000001,10000,False,
0.66,139,260517726,1,0.009999999999999995,10000,False,
0.68,140,260517727,1,0.05000000000000001,10000,False,
0.68,140,260517727,1,0.009999999999999995,10000,False,
0.7,141,260517728,1,0.05000000000000001,10000,False,
0.7,141,260517728,1,0.009999999999999995,10000,False,
0.72,142,260517729,1,0.05000000000000001,10000,False,
0.72,142,260517729,1,0.009999999999999995,10000,False,
0.74,143,260517730,1,0.05000000000000001,10000,False,
0.74,143,260517730,1,0.009999999999999995,10000,False,
0.76,144,260517731,1,0.05000000000000001,10000,False,
0.76,144,260517731,1,0.009999999999999995,10000,False,
0.78,145,260517732,1,0.05000000000000001,10000,False,
0.78,145,260517732,1,0.009999999999999995,10000,False,
0.8,146,260517733,1,0.05000000000000001,10000,False,
0.8,146,260517733,1,0.009999999999999995,10000,False,
0.4,147,260517734,2,0.05000000000000001,10000,False,
0.4,147,260517734,2,0.009999999999999995,10000,False,
0.42000000000000004,148,260517735,2,0.05000000000000001,10000,False,
0.42000000000000004,148,260517735,2,0.009999999999999995,10000,False,
0.44,149,260517736,2,0.05000000000000001,10000,False,
0.44,149,260517736,2,0.009999999999999995,10000,False,
0.46,150,260517737,2,0.05000000000000001,10000,False,
0.46,150,260517737,2,0.009999999999999995,10000,False,
0.48000000000000004,151,260517738,2,0.05000000000000001,10000,False,
0.48000000000000004,151,260517738,2,0.009999999999999995,10000,False,
0.5,152,260517739,2,0.05000000000000001,10000,False,
0.5,152,260517739,2,0.009999999999999995,10000,False,
0.52,153,260517740,2,0.05000000000000001,10000,False,
0.52,153,260517740,2,0.009999999999999995,10000,False,
0.54,154,260517741,2,0.05000000000000001,10000,False,
0.54,154,260517741,2,0.009999999999999995,10000,False,
0.56,155,260517742,2,0.05000000000000001,10000,False,
0.56,155,260517742,2,0.009999999999999995,10000,False,
0.5800000000000001,156,260517743,2,0.05000000000000001,10000,False,
0.5800000000000001,156,260517743,2,0.009999999999999995,10000,False,
0.6000000000000001,157,260517744,2,0.05000000000000001,10000,False,
0.6000000000000001,157,260517744,2,0.009999999999999995,10000,False,
0.6200000000000001,158,260517745,2,0.05000000000000001,10000,False,
0.6200000000000001,158,260517745,2,0.009999999999999995,10000,False,
0.6400000000000001,159,260517746,2,0.05000000000000001,10000,False,
0.6400000000000001,159,260517746,2,0.009999999999999995,10000,False,
0.66,160,260517747,2,0.05000000000000001,10000,False,
0.66,160,260517747,2,0.009999999999999995,10000,False,
0.68,161,260517748,2,0.05000000000000001,10000,False,
0.68,161,260517748,2,0.009999999999999995,10000,False,
0.7,162,260517749,2,0.05000000000000001,10000,False,
0.7,162,260517749,2,0.009999999999999995,10000,False,
0.72,163,260517750,2,0.05000000000000001,10000,False,
0.72,163,260517750,2,0.009999999999999995,10000,False,
0.74,164,260517751,2,0.05000000000000001,10000,False,
0.74,164,260517751,2,0.009999999999999995,10000,False,
0.76,165,260517752,2,0.05000000000000001,10000,False,
0.76,165,260517752,2,0.009999999999999995,10000,False,
0.78,166,260517753,2,0.05000000000000001,10000,False,
0.78,166,260517753,2,0.009999999999999995,10000,False,
0.8,167,260517754,2,0.05000000000000001,10000,False,
0.8,167,260517754,2,0.009999999999999995,10000,False,
0.4,168,260517755,3,0.05000000000000001,10000,False,
0.4,168,260517755,3,0.009999999999999995,10000,False,
0.42000000000000004,169,260517756,3,0.05000000000000001,10000,False,
0.42000000000000004,169,260517756,3,0.009999999999999995,10000,False,
0.44,170,260517757,3,0.05000000000000001,10000,False,
0.44,170,260517757,3,0.009999999999999995,10000,False,
0.46,171,260517758,3,0.05000000000000001,10000,False,
0.46,171,260517758,3,0.009999999999999995,10000,False,
0.48000000000000004,172,260517759,3,0.05000000000000001,10000,False,
0.48000000000000004,172,260517759,3,0.009999999999999995,10000,False,
0.5,173,260517760,3,0.05000000000000001,10000,False,
0.5,173,260517760,3,0.009999999999999995,10000,False,
0.52,174,260517761,3,0.05000000000000001,10000,False,
0.52,174,260517761,3,0.009999999999999995,10000,False,
0.54,175,260517762,3,0.05000000000000001,10000,False,
0.54,175,260517762,3,0.009999999999999995,10000,False,
0.56,176,260517763,3,0.05000000000000001,10000,False,
0.56,176,260517763,3,0.009999999999999995,10000,False,
0.5800000000000001,177,260517764,3,0.05000000000000001,10000,False,
0.5800000000000001,177,260517764,3,0.009999999999999995,10000,False,
0.6000000000000001,178,260517765,3,0.05000000000000001,10000,False,
0.6000000000000001,178,260517765,3,0.009999999999999995,10000,False,
0.6200000000000001,179,260517766,3,0.05000000000000001,10000,False,
0.6200000000000001,179,260517766,3,0.009999999999999995,10000,False,
0.6400000000000001,180,260517767,3,0.05000000000000001,10000,False,
0.6400000000000001,180,260517767,3,0.009999999999999995,10000,False,
0.66,181,260517768,3,0.05000000000000001,10000,False,
0.66,181,260517768,3,0.009999999999999995,10000,False,
0.68,182,260517769,3,0.05000000000000001,10000,False,
0.68,182,260517769,3,0.009999999999999995,10000,False,
0.7,183,260517770,3,0.05000000000000001,10000,False,
0.7,183,260517770,3,0.009999999999999995,10000,False,
0.72,184,260517771,3,0.05000000000000001,10000,False,
0.72,184,260517771,3,0.009999999999999995,10000,False,
0.74,185,260517772,3,0.05000000000000001,10000,False,
0.74,185,260517772,3,0.009999999999999995,10000,False,
0.76,186,260517773,3,0.05000000000000001,10000,False,
0.76,186,260517773,3,0.009999999999999995,10000,False,
0.78,187,260517774,3,0.05000000000000001,10000,False,
0.78,187,260517774,3,0.009999999999999995,10000,False,
0.8,188,260517775,3,0.05000000000000001,10000,False,
0.8,188,260517775,3,0.009999999999999995,10000,False,
0.4,189,260517776,4,0.05000000000000001,10000,False,
0.4,189,260517776,4,0.009999999999999995,10000,False,
0.42000000000000004,190,260517777,4,0.05000000000000001,10000,False,
0.42000000000000004,190,260517777,4,0.009999999999999995,10000,False,
0.44,191,260517778,4,0.05000000000000001,10000,False,
0.44,191,260517778,4,0.009999999999999995,10000,False,
0.46,192,260517779,4,0.05000000000000001,10000,False,
0.46,192,260517779,4,0.009999999999999995,10000,False,
0.48000000000000004,193,260517780,4,0.05000000000000001,10000,False,
0.48000000000000004,193,260517780,4,0.009999999999999995,10000,False,
0.5,194,260517781,4,0.05000000000000001,10000,False,
0.5,194,260517781,4,0.009999999999999995,10000,False,
0.52,195,260517782,4,0.05000000000000001,10000,False,
0.52,195,260517782,4,0.009999999999999995,10000,False,
0.54,196,260517783,4,0.05000000000000001,10000,False,
0.54,196,260517783,4,0.009999999999999995,10000,False,
0.56,197,260517784,4,0.05000000000000001,10000,False,
0.56,197,260517784,4,0.009999999999999995,10000,False,
0.5800000000000001,198,260517785,4,0.05000000000000001,10000,False,
0.5800000000000001,198,260517785,4,0.009999999999999995,10000,False,
0.6000000000000001,199,260517786,4,0.05000000000000001,10000,False,
0.6000000000000001,199,260517786,4,0.009999999999999995,10000,False,
0.6200000000000001,200,260517787,4,0.05000000000000001,10000,False,
0.6200000000000001,200,260517787,4,0.009999999999999995,10000,False,
0.6400000000000001,201,260517788,4,0.05000000000000001,10000,False,
0.6400000000000001,201,260517788,4,0.009999999999999995,10000,False,
0.66,202,260517789,4,0.05000000000000001,10000,False,
0.66,202,260517789,4,0.009999999999999995,10000,False,
0.68,203,260517790,4,0.05000000000000001,10000,False,
0.68,203,260517790,4,0.009999999999999995,10000,False,
0.7,204,260517791,4,0.05000000000000001,10000,False,
0.7,204,260517791,4,0.009999999999999995,10000,False,
0.72,205,260517792,4,0.05000000000000001,10000,False,
0.72,205,260517792,4,0.009999999999999995,10000,False,
0.74,206,260517793,4,0.05000000000000001,10000,False,
0.74,206,260517793,4,0.009999999999999995,10000,False,
0.76,207,260517794,4,0.05000000000000001,10000,False,
0.76,207,260517794,4,0.009999999999999995,10000,False,
0.78,208,260517795,4,0.05000000000000001,10000,False,
0.78,208,260517795,4,0.009999999999999995,10000,False,
0.8,209,260517796,4,0.05000000000000001,10000,False,
0.8,209,260517796,4,0.009999999999999995,10000,False,
0.4,210,260517797,0,0.05000000000000001,10000,False,
0.4,210,260517797,0,0.009999999999999995,10000,False,
0.42000000000000004,211,260517798,0,0.05000000000000001,10000,False,
0.42000000000000004,211,260517798,0,0.009999999999999995,10000,False,
0.44,212,260517799,0,0.05000000000000001,10000,False,
0.44,212,260517799,0,0.009999999999999995,10000,False,
0.46,213,260517800,0,0.05000000000000001,10000,False,
0.46,213,260517800,0,0.009999999999999995,10000,False,
0.48000000000000004,214,260517801,0,0.05000000000000001,10000,False,
0.48000000000000004,214,260517801,0,0.009999999999999995,10000,False,
0.5,215,260517802,0,0.05000000000000001,10000,False,
0.5,215,260517802,0,0.009999999999999995,10000,False,
0.52,216,260517803,0,0.05000000000000001,10000,False,
0.52,216,260517803,0,0.009999999999999995,10000,False,
0.54,217,260517804,0,0.05000000000000001,10000,False,
0.54,217,260517804,0,0.009999999999999995,10000,False,
0.56,218,260517805,0,0.05000000000000001,10000,False,
0.56,218,260517805,0,0.009999999999999995,10000,False,
0.5800000000000001,219,260517806,0,0.05000000000000001,10000,False,
0.5800000000000001,219,260517806,0,0.009999999999999995,10000,False,
0.6000000000000001,220,260517807,0,0.05000000000000001,10000,False,
0.6000000000000001,220,260517807,0,0.009999999999999995,10000,False,
0.6200000000000001,221,260517808,0,0.05000000000000001,10000,False,
0.6200000000000001,221,260517808,0,0.009999999999999995,10000,False,
0.6400000000000001,222,260517809,0,0.05000000000000001,10000,False,
0.6400000000000001,222,260517809,0,0.009999999999999995,10000,False,
0.66,223,260517810,0,0.05000000000000001,10000,False,
0.66,223,260517810,0,0.009999999999999995,10000,False,
0.68,224,260517811,0,0.05000000000000001,10000,False,
0.68,224,260517811,0,0.009999999999999995,10000,False,
0.7,225,260517812,0,0.05000000000000001,10000,False,
0.7,225,260517812,0,0.009999999999999995,10000,False,
0.72,226,260517813,0,0.05000000000000001,10000,False,
0.72,226,260517813,0,0.009999999999999995,10000,False,
0.74,227,260517814,0,0.05000000000000001,10000,False,
0.74,227,260517814,0,0.009999999999999995,10000,False,
0.76,228,260517815,0,0.05000000000000001,10000,False,
0.76,228,260517815,0,0.009999999999999995,10000,False,
0.78,229,260517816,0,0.05000000000000001,10000,False,
0.78,229,260517816,0,0.009999999999999995,10000,False,
0.8,230,260517817,0,0.05000000000000001,10000,False,
0.8,230,260517817,0,0.009999999999999995,10000,False,
0.4,231,260517818,1,0.05000000000000001,10000,False,
0.4,231,260517818,1,0.009999999999999995,10000,False,
0.42000000000000004,232,260517819,1,0.05000000000000001,10000,False,
0.42000000000000004,232,260517819,1,0.009999999999999995,10000,False,
0.44,233,260517820,1,0.05000000000000001,10000,False,
0.44,233,260517820,1,0.009999999999999995,10000,False,
0.46,234,260517821,1,0.05000000000000001,10000,False,
0.46,234,260517821,1,0.009999999999999995,10000,False,
0.48000000000000004,235,260517822,1,0.05000000000000001,10000,False,
0.48000000000000004,235,260517822,1,0.009999999999999995,10000,False,
0.5,236,260517823,1,0.05000000000000001,10000,False,
0.5,236,260517823,1,0.009999999999999995,10000,False,
0.52,237,260517824,1,0.05000000000000001,10000,False,
0.52,237,260517824,1,0.009999999999999995,10000,False,
0.54,238,260517825,1,0.05000000000000001,10000,False,
0.54,238,260517825,1,0.009999999999999995,10000,False,
0.56,239,260517826,1,0.05000000000000001,10000,False,
0.56,239,260517826,1,0.009999999999999995,10000,False,
0.5800000000000001,240,260517827,1,0.05000000000000001,10000,False,
0.5800000000000001,240,260517827,1,0.009999999999999995,10000,False,
0.6000000000000001,241,260517828,1,0.05000000000000001,10000,False,
0.6000000000000001,241,260517828,1,0.009999999999999995,10000,False,
0.6200000000000001,242,260517829,1,0.05000000000000001,10000,False,
0.6200000000000001,242,260517829,1,0.009999999999999995,10000,False,
0.6400000000000001,243,260517830,1,0.05000000000000001,10000,False,
0.6400000000000001,243,260517830,1,0.009999999999999995,10000,False,
0.66,244,260517831,1,0.05000000000000001,10000,False,
0.66,244,260517831,1,0.009999999999999995,10000,False,
0.68,245,260517832,1,0.05000000000000001,10000,False,
0.68,245,260517832,1,0.009999999999999995,10000,False,
0.7,246,260517833,1,0.05000000000000001,10000,False,
0.7,246,260517833,1,0.009999999999999995,10000,False,
0.72,247,260517834,1,0.05000000000000001,10000,False,
0.72,247,260517834,1,0.009999999999999995,10000,False,
0.74,248,260517835,1,0.05000000000000001,10000,False,
0.74,248,260517835,1,0.009999999999999995,10000,False,
0.76,249,260517836,1,0.05000000000000001,10000,False,
0.76,249,260517836,1,0.009999999999999995,10000,False,
0.78,250,260517837,1,0.05000000000000001,10000,False,
0.78,250,260517837,1,0.009999999999999995,10000,False,
0.8,251,260517838,1,0.05000000000000001,10000,False,
0.8,251,260517838,1,0.009999999999999995,10000,False,
0.4,252,260517839,2,0.05000000000000001,10000,False,
0.4,252,260517839,2,0.009999999999999995,10000,False,
0.42000000000000004,253,260517840,2,0.05000000000000001,10000,False,
0.42000000000000004,253,260517840,2,0.009999999999999995,10000,False,
0.44,254,260517841,2,0.05000000000000001,10000,False,
0.44,254,260517841,2,0.009999999999999995,10000,False,
0.46,255,260517842,2,0.05000000000000001,10000,False,
0.46,255,260517842,2,0.009999999999999995,10000,False,
0.48000000000000004,256,260517843,2,0.05000000000000001,10000,False,
0.48000000000000004,256,260517843,2,0.009999999999999995,10000,False,
0.5,257,260517844,2,0.05000000000000001,10000,False,
0.5,257,260517844,2,0.009999999999999995,10000,False,
0.52,258,260517845,2,0.05000000000000001,10000,False,
0.52,258,260517845,2,0.009999999999999995,10000,False,
0.54,259,260517846,2,0.05000000000000001,10000,False,
0.54,259,260517846,2,0.009999999999999995,10000,False,
0.56,260,260517847,2,0.05000000000000001,10000,False,
0.56,260,260517847,2,0.009999999999999995,10000,False,
0.5800000000000001,261,260517848,2,0.05000000000000001,10000,False,
0.5800000000000001,261,260517848,2,0.009999999999999995,10000,False,
0.6000000000000001,262,260517849,2,0.05000000000000001,10000,False,
0.6000000000000001,262,260517849,2,0.009999999999999995,10000,False,
0.6200000000000001,263,260517850,2,0.05000000000000001,10000,False,
0.6200000000000001,263,260517850,2,0.009999999999999995,10000,False,
0.6400000000000001,264,260517851,2,0.05000000000000001,10000,False,
0.6400000000000001,264,260517851,2,0.009999999999999995,10000,False,
0.66,265,260517852,2,0.05000000000000001,10000,False,
0.66,265,260517852,2,0.009999999999999995,10000,False,
0.68,266,260517853,2,0.05000000000000001,10000,False,
0.68,266,260517853,2,0.009999999999999995,10000,False,
0.7,267,260517854,2,0.05000000000000001,10000,False,
0.7,267,260517854,2,0.009999999999999995,10000,False,
0.72,268,260517855,2,0.05000000000000001,10000,False,
0.72,268,260517855,2,0.009999999999999995,10000,False,
0.74,269,260517856,2,0.05000000000000001,10000,False,
0.74,269,260517856,2,0.009999999999999995,10000,False,
0.76,270,260517857,2,0.05000000000000001,10000,False,
0.76,270,260517857,2,0.009999999999999995,10000,False,
0.78,271,260517858,2,0.05000000000000001,10000,False,
0.78,271,260517858,2,0.009999999999999995,10000,False,
0.8,272,260517859,2,0.05000000000000001,10000,False,
0.8,272,260517859,2,0.009999999999999995,10000,False,
0.4,273,260517860,3,0.05000000000000001,10000,False,
0.4,273,260517860,3,0.009999999999999995,10000,False,
0.42000000000000004,274,260517861,3,0.05000000000000001,10000,False,
0.42000000000000004,274,260517861,3,0.009999999999999995,10000,False,
0.44,275,260517862,3,0.05000000000000001,10000,False,
0.44,275,260517862,3,0.009999999999999995,10000,False,
0.46,276,260517863,3,0.05000000000000001,10000,False,
0.46,276,260517863,3,0.009999999999999995,10000,False,
0.48000000000000004,277,260517864,3,0.05000000000000001,10000,False,
0.48000000000000004,277,260517864,3,0.009999999999999995,10000,False,
0.5,278,260517865,3,0.05000000000000001,10000,False,
0.5,278,260517865,3,0.009999999999999995,10000,False,
0.52,279,260517866,3,0.05000000000000001,10000,False,
0.52,279,260517866,3,0.009999999999999995,10000,False,
0.54,280,260517867,3,0.05000000000000001,10000,False,
0.54,280,260517867,3,0.009999999999999995,10000,False,
0.56,281,260517868,3,0.05000000000000001,10000,False,
0.56,281,260517868,3,0.009999999999999995,10000,False,
0.5800000000000001,282,260517869,3,0.05000000000000001,10000,False,
0.5800000000000001,282,260517869,3,0.009999999999999995,10000,False,
0.6000000000000001,283,260517870,3,0.05000000000000001,10000,False,
0.6000000000000001,283,260517870,3,0.009999999999999995,10000,False,
0.6200000000000001,284,260517871,3,0.05000000000000001,10000,False,
0.6200000000000001,284,260517871,3,0.009999999999999995,10000,False,
0.6400000000000001,285,260517872,3,0.05000000000000001,10000,False,
0.6400000000000001,285,260517872,3,0.009999999999999995,10000,False,
0.66,286,260517873,3,0.05000000000000001,10000,False,
0.66,286,260517873,3,0.009999999999999995,10000,False,
0.68,287,260517874,3,0.05000000000000001,10000,False,
0.68,287,260517874,3,0.009999999999999995,10000,False,
0.7,288,260517875,3,0.05000000000000001,10000,False,
0.7,288,260517875,3,0.009999999999999995,10000,False,
0.72,289,260517876,3,0.05000000000000001,10000,False,
0.72,289,260517876,3,0.009999999999999995,10000,False,
0.74,290,260517877,3,0.05000000000000001,10000,False,
0.74,290,260517877,3,0.009999999999999995,10000,False,
0.76,291,260517878,3,0.05000000000000001,10000,False,
0.76,291,260517878,3,0.009999999999999995,10000,False,
0.78,292,260517879,3,0.05000000000000001,10000,False,
0.78,292,260517879,3,0.009999999999999995,10000,False,
0.8,293,260517880,3,0.05000000000000001,10000,False,
0.8,293,260517880,3,0.009999999999999995,10000,False,
0.4,294,260517881,4,0.05000000000000001,10000,False,
0.4,294,260517881,4,0.009999999999999995,10000,False,
0.42000000000000004,295,260517882,4,0.05000000000000001,10000,False,
0.42000000000000004,295,260517882,4,0.009999999999999995,10000,False,
0.44,296,260517883,4,0.05000000000000001,10000,False,
0.44,296,260517883,4,0.009999999999999995,10000,False,
0.46,297,260517884,4,0.05000000000000001,10000,False,
0.46,297,260517884,4,0.009999999999999995,10000,False,
0.48000000000000004,298,260517885,4,0.05000000000000001,10000,False,
0.48000000000000004,298,260517885,4,0.009999999999999995,10000,False,
0.5,299,260517886,4,0.05000000000000001,10000,False,
0.5,299,260517886,4,0.009999999999999995,10000,False,
0.52,300,260517887,4,0.05000000000000001,10000,False,
0.52,300,260517887,4,0.009999999999999995,10000,False,
0.54,301,260517888,4,0.05000000000000001,10000,False,
0.54,301,260517888,4,0.009999999999999995,10000,False,
0.56,302,260517889,4,0.05000000000000001,10000,False,
0.56,302,260517889,4,0.009999999999999995,10000,False,
0.5800000000000001,303,260517890,4,0.05000000000000001,10000,False,
0.5800000000000001,303,260517890,4,0.009999999999999995,10000,False,
0.6000000000000001,304,260517891,4,0.05000000000000001,10000,False,
0.6000000000000001,304,260517891,4,0.009999999999999995,10000,False,
0.6200000000000001,305,260517892,4,0.05000000000000001,10000,False,
0.6200000000000001,305,260517892,4,0.009999999999999995,10000,False,
0.6400000000000001,306,260517893,4,0.05000000000000001,10000,False,
0.6400000000000001,306,260517893,4,0.009999999999999995,10000,False,
0.66,307,260517894,4,0.05000000000000001,10000,False,
0.66,307,260517894,4,0.009999999999999995,10000,False,
0.68,308,260517895,4,0.05000000000000001,10000,False,
0.68,308,260517895,4,0.009999999999999995,10000,False,
0.7,309,260517896,4,0.05000000000000001,10000,False,
0.7,309,260517896,4,0.009999999999999995,10000,False,
0.72,310,260517897,4,0.05000000000000001,10000,False,
0.72,310,260517897,4,0.009999999999999995,10000,False,
0.74,311,260517898,4,0.05000000000000001,10000,False,
0.74,311,260517898,4,0.009999999999999995,10000,False,
0.76,312,260517899,4,0.05000000000000001,10000,False,
0.76,312,260517899,4,0.009999999999999995,10000,False,
0.78,313,260517900,4,0.05000000000000001,10000,False,
0.78,313,260517900,4,0.009999999999999995,10000,False,
0.8,314,260517901,4,0.05000000000000001,10000,False,
0.8,314,260517901,4,0.009999999999999995,10000,False,
0.4,315,260517902,0,0.05000000000000001,10000,False,
0.4,315,260517902,0,0.009999999999999995,10000,False,
0.42000000000000004,316,260517903,0,0.05000000000000001,10000,False,
0.42000000000000004,316,260517903,0,0.009999999999999995,10000,False,
0.44,317,260517904,0,0.05000000000000001,10000,False,
0.44,317,260517904,0,0.009999999999999995,10000,False,
0.46,318,260517905,0,0.05000000000000001,10000,False,
0.46,318,260517905,0,0.009999999999999995,10000,False,
0.48000000000000004,319,260517906,0,0.05000000000000001,10000,False,
0.48000000000000004,319,260517906,0,0.009999999999999995,10000,False,
0.5,320,260517907,0,0.05000000000000001,10000,False,
0.5,320,260517907,0,0.009999999999999995,10000,False,
0.52,321,260517908,0,0.05000000000000001,10000,False,
0.52,321,260517908,0,0.009999999999999995,10000,False,
0.54,322,260517909,0,0.05000000000000001,10000,False,
0.54,322,260517909,0,0.009999999999999995,10000,False,
0.56,323,260517910,0,0.05000000000000001,10000,False,
0.56,323,260517910,0,0.009999999999999995,10000,False,
0.5800000000000001,324,260517911,0,0.05000000000000001,10000,False,
0.5800000000000001,324,260517911,0,0.009999999999999995,10000,False,
0.6000000000000001,325,260517912,0,0.05000000000000001,10000,False,
0.6000000000000001,325,260517912,0,0.009999999999999995,10000,False,
0.6200000000000001,326,260517913,0,0.05000000000000001,10000,False,
0.6200000000000001,326,260517913,0,0.009999999999999995,10000,False,
0.6400000000000001,327,260517914,0,0.05000000000000001,10000,False,
0.6400000000000001,327,260517914,0,0.009999999999999995,10000,False,
0.66,328,260517915,0,0.05000000000000001,10000,False,
0.66,328,260517915,0,0.009999999999999995,10000,False,
0.68,329,260517916,0,0.05000000000000001,10000,False,
0.68,329,260517916,0,0.009999999999999995,10000,False,
0.7,330,260517917,0,0.05000000000000001,10000,False,
0.7,330,260517917,0,0.009999999999999995,10000,False,
0.72,331,260517918,0,0.05000000000000001,10000,False,
0.72,331,260517918,0,0.009999999999999995,10000,False,
0.74,332,260517919,0,0.05000000000000001,10000,False,
0.74,332,260517919,0,0.009999999999999995,10000,False,
0.76,333,260517920,0,0.05000000000000001,10000,False,
0.76,333,260517920,0,0.009999999999999995,10000,False,
0.78,334,260517921,0,0.05000000000000001,10000,False,
0.78,334,260517921,0,0.009999999999999995,10000,False,
0.8,335,260517922,0,0.05000000000000001,10000,False,
0.8,335,260517922,0,0.009999999999999995,10000,False,
0.4,336,260517923,1,0.05000000000000001,10000,False,
0.4,336,260517923,1,0.009999999999999995,10000,False,
0.42000000000000004,337,260517924,1,0.05000000000000001,10000,False,
0.42000000000000004,337,260517924,1,0.009999999999999995,10000,False,
0.44,338,260517925,1,0.05000000000000001,10000,False,
0.44,338,260517925,1,0.009999999999999995,10000,False,
0.46,339,260517926,1,0.05000000000000001,10000,False,
0.46,339,260517926,1,0.009999999999999995,10000,False,
0.48000000000000004,340,260517927,1,0.05000000000000001,10000,False,
0.48000000000000004,340,260517927,1,0.009999999999999995,10000,False,
0.5,341,260517928,1,0.05000000000000001,10000,False,
0.5,341,260517928,1,0.009999999999999995,10000,False,
0.52,342,260517929,1,0.05000000000000001,10000,False,
0.52,342,260517929,1,0.009999999999999995,10000,False,
0.54,343,260517930,1,0.05000000000000001,10000,False,
0.54,343,260517930,1,0.009999999999999995,10000,False,
0.56,344,260517931,1,0.05000000000000001,10000,False,
0.56,344,260517931,1,0.009999999999999995,10000,False,
0.5800000000000001,345,260517932,1,0.05000000000000001,10000,False,
0.5800000000000001,345,260517932,1,0.009999999999999995,10000,False,
0.6000000000000001,346,260517933,1,0.05000000000000001,10000,False,
0.6000000000000001,346,260517933,1,0.009999999999999995,10000,False,
0.6200000000000001,347,260517934,1,0.05000000000000001,10000,False,
0.6200000000000001,347,260517934,1,0.009999999999999995,10000,False,
0.6400000000000001,348,260517935,1,0.05000000000000001,10000,False,
0.6400000000000001,348,260517935,1,0.009999999999999995,10000,False,
0.66,349,260517936,1,0.05000000000000001,10000,False,
0.66,349,260517936,1,0.009999999999999995,10000,False,
0.68,350,260517937,1,0.05000000000000001,10000,False,
0.68,350,260517937,1,0.009999999999999995,10000,False,
0.7,351,260517938,1,0.05000000000000001,10000,False,
0.7,351,260517938,1,0.009999999999999995,10000,False,
0.72,352,260517939,1,0.05000000000000001,10000,False,
0.72,352,260517939,1,0.009999999999999995,10000,False,
0.74,353,260517940,1,0.05000000000000001,10000,False,
0.74,353,260517940,1,0.009999999999999995,10000,False,
0.76,354,260517941,1,0.05000000000000001,10000,False,
0.76,354,260517941,1,0.009999999999999995,10000,False,
0.78,355,260517942,1,0.05000000000000001,10000,False,
0.78,355,260517942,1,0.009999999999999995,10000,False,
0.8,356,260517943,1,0.05000000000000001,10000,False,
0.8,356,260517943,1,0.009999999999999995,10000,False,
0.4,357,260517944,2,0.05000000000000001,10000,False,
0.4,357,260517944,2,0.009999999999999995,10000,False,
0.42000000000000004,358,260517945,2,0.05000000000000001,10000,False,
0.42000000000000004,358,260517945,2,0.009999999999999995,10000,False,
0.44,359,260517946,2,0.05000000000000001,10000,False,
0.44,359,260517946,2,0.009999999999999995,10000,False,
0.46,360,260517947,2,0.05000000000000001,10000,False,
0.46,360,260517947,2,0.009999999999999995,10000,False,
0.48000000000000004,361,260517948,2,0.05000000000000001,10000,False,
0.48000000000000004,361,260517948,2,0.009999999999999995,10000,False,
0.5,362,260517949,2,0.05000000000000001,10000,False,
0.5,362,260517949,2,0.009999999999999995,10000,False,
0.52,363,260517950,2,0.05000000000000001,10000,False,
0.52,363,260517950,2,0.009999999999999995,10000,False,
0.54,364,260517951,2,0.05000000000000001,10000,False,
0.54,364,260517951,2,0.009999999999999995,10000,False,
0.56,365,260517952,2,0.05000000000000001,10000,False,
0.56,365,260517952,2,0.009999999999999995,10000,False,
0.5800000000000001,366,260517953,2,0.05000000000000001,10000,False,
0.5800000000000001,366,260517953,2,0.009999999999999995,10000,False,
0.6000000000000001,367,260517954,2,0.05000000000000001,10000,False,
0.6000000000000001,367,260517954,2,0.009999999999999995,10000,False,
0.6200000000000001,368,260517955,2,0.05000000000000001,10000,False,
0.6200000000000001,368,260517955,2,0.009999999999999995,10000,False,
0.6400000000000001,369,260517956,2,0.05000000000000001,10000,False,
0.6400000000000001,369,260517956,2,0.009999999999999995,10000,False,
0.66,370,260517957,2,0.05000000000000001,10000,False,
0.66,370,260517957,2,0.009999999999999995,10000,False,
0.68,371,260517958,2,0.05000000000000001,10000,False,
0.68,371,260517958,2,0.009999999999999995,10000,False,
0.7,372,260517959,2,0.05000000000000001,10000,False,
0.7,372,260517959,2,0.009999999999999995,10000,False,
0.72,373,260517960,2,0.05000000000000001,10000,False,
0.72,373,260517960,2,0.009999999999999995,10000,False,
0.74,374,260517961,2,0.05000000000000001,10000,False,
0.74,374,260517961,2,0.009999999999999995,10000,False,
0.76,375,260517962,2,0.05000000000000001,10000,False,
0.76,375,260517962,2,0.009999999999999995,10000,False,
0.78,376,260517963,2,0.05000000000000001,10000,False,
0.78,376,260517963,2,0.009999999999999995,10000,False,
0.8,377,260517964,2,0.05000000000000001,10000,False,
0.8,377,260517964,2,0.009999999999999995,10000,False,
0.4,378,260517965,3,0.05000000000000001,10000,False,
0.4,378,260517965,3,0.009999999999999995,10000,False,
0.42000000000000004,379,260517966,3,0.05000000000000001,10000,False,
0.42000000000000004,379,260517966,3,0.009999999999999995,10000,False,
0.44,380,260517967,3,0.05000000000000001,10000,False,
0.44,380,260517967,3,0.009999999999999995,10000,False,
0.46,381,260517968,3,0.05000000000000001,10000,False,
0.46,381,260517968,3,0.009999999999999995,10000,False,
0.48000000000000004,382,260517969,3,0.05000000000000001,10000,False,
0.48000000000000004,382,260517969,3,0.009999999999999995,10000,False,
0.5,383,260517970,3,0.05000000000000001,10000,False,
0.5,383,260517970,3,0.009999999999999995,10000,False,
0.52,384,260517971,3,0.05000000000000001,10000,False,
0.52,384,260517971,3,0.009999999999999995,10000,False,
0.54,385,260517972,3,0.05000000000000001,10000,False,
0.54,385,260517972,3,0.009999999999999995,10000,False,
0.56,386,260517973,3,0.05000000000000001,10000,False,
0.56,386,260517973,3,0.009999999999999995,10000,False,
0.5800000000000001,387,260517974,3,0.05000000000000001,10000,False,
0.5800000000000001,387,260517974,3,0.009999999999999995,10000,False,
0.6000000000000001,388,260517975,3,0.05000000000000001,10000,False,
0.6000000000000001,388,260517975,3,0.009999999999999995,10000,False,
0.6200000000000001,389,260517976,3,0.05000000000000001,10000,False,
0.6200000000000001,389,260517976,3,0.009999999999999995,10000,False,
0.6400000000000001,390,260517977,3,0.05000000000000001,10000,False,
0.6400000000000001,390,260517977,3,0.009999999999999995,10000,False,
0.66,391,260517978,3,0.05000000000000001,10000,False,
0.66,391,260517978,3,0.009999999999999995,10000,False,
0.68,392,260517979,3,0.05000000000000001,10000,False,
0.68,392,260517979,3,0.009999999999999995,10000,False,
0.7,393,260517980,3,0.05000000000000001,10000,False,
0.7,393,260517980,3,0.009999999999999995,10000,False,
0.72,394,260517981,3,0.05000000000000001,10000,False,
0.72,394,260517981,3,0.009999999999999995,10000,False,
0.74,395,260517982,3,0.05000000000000001,10000,False,
0.74,395,260517982,3,0.009999999999999995,10000,False,
0.76,396,260517983,3,0.05000000000000001,10000,False,
0.76,396,260517983,3,0.009999999999999995,10000,False,
0.78,397,260517984,3,0.05000000000000001,10000,False,
0.78,397,260517984,3,0.009999999999999995,10000,False,
0.8,398,260517985,3,0.05000000000000001,10000,False,
0.8,398,260517985,3,0.009999999999999995,10000,False,
0.4,399,260517986,4,0.05000000000000001,10000,False,
0.4,399,260517986,4,0.009999999999999995,10000,False,
0.42000000000000004,400,260517987,4,0.05000000000000001,10000,False,
0.42000000000000004,400,260517987,4,0.009999999999999995,10000,False,
0.44,401,260517988,4,0.05000000000000001,10000,False,
0.44,401,260517988,4,0.009999999999999995,10000,False,
0.46,402,260517989,4,0.05000000000000001,10000,False,
0.46,402,260517989,4,0.009999999999999995,10000,False,
0.48000000000000004,403,260517990,4,0.05000000000000001,10000,False,
0.48000000000000004,403,260517990,4,0.009999999999999995,10000,False,
0.5,404,260517991,4,0.05000000000000001,10000,False,
0.5,404,260517991,4,0.009999999999999995,10000,False,
0.52,405,260517992,4,0.05000000000000001,10000,False,
0.52,405,260517992,4,0.009999999999999995,10000,False,
0.54,406,260517993,4,0.05000000000000001,10000,False,
0.54,406,260517993,4,0.009999999999999995,10000,False,
0.56,407,260517994,4,0.05000000000000001,10000,False,
0.56,407,260517994,4,0.009999999999999995,10000,False,
0.5800000000000001,408,260517995,4,0.05000000000000001,10000,False,
0.5800000000000001,408,260517995,4,0.009999999999999995,10000,False,
0.6000000000000001,409,260517996,4,0.05000000000000001,10000,False,
0.6000000000000001,409,260517996,4,0.009999999999999995,10000,False,
0.6200000000000001,410,260517997,4,0.05000000000000001,10000,False,
0.6200000000000001,410,260517997,4,0.009999999999999995,10000,False,
0.6400000000000001,411,260517998,4,0.05000000000000001,10000,False,
0.6400000000000001,411,260517998,4,0.009999999999999995,10000,False,
0.66,412,260517999,4,0.05000000000000001,10000,False,
0.66,412,260517999,4,0.009999999999999995,10000,False,
0.68,413,260518000,4,0.05000000000000001,10000,False,
0.68,413,260518000,4,0.009999999999999995,10000,False,
0.7,414,260518001,4,0.05000000000000001,10000,False,
0.7,414,260518001,4,0.009999999999999995,10000,False,
0.72,415,260518002,4,0.05000000000000001,10000,False,
0.72,415,260518002,4,0.009999999999999995,10000,False,
0.74,416,260518003,4,0.05000000000000001,10000,False,
0.74,416,260518003,4,0.009999999999999995,10000,False,
0.76,417,260518004,4,0.05000000000000001,10000,False,
0.76,417,260518004,4,0.009999999999999995,10000,False,
0.78,418,260518005,4,0.05000000000000001,10000,False,
0.78,418,260518005,4,0.009999999999999995,10000,False,
0.8,419,260518006,4,0.05000000000000001,10000,False,
0.8,419,260518006,4,0.009999999999999995,10000,False,
0.4,420,260518007,0,0.05000000000000001,10000,False,
0.4,420,260518007,0,0.009999999999999995,10000,False,
0.42000000000000004,421,260518008,0,0.05000000000000001,10000,False,
0.42000000000000004,421,260518008,0,0.009999999999999995,10000,False,
0.44,422,260518009,0,0.05000000000000001,10000,False,
0.44,422,260518009,0,0.009999999999999995,10000,False,
0.46,423,260518010,0,0.05000000000000001,10000,False,
0.46,423,260518010,0,0.009999999999999995,10000,False,
0.48000000000000004,424,260518011,0,0.05000000000000001,10000,False,
0.48000000000000004,424,260518011,0,0.009999999999999995,10000,False,
0.5,425,260518012,0,0.05000000000000001,10000,False,
0.5,425,260518012,0,0.009999999999999995,10000,False,
0.52,426,260518013,0,0.05000000000000001,10000,False,
0.52,426,260518013,0,0.009999999999999995,10000,False,
0.54,427,260518014,0,0.05000000000000001,10000,False,
0.54,427,260518014,0,0.009999999999999995,10000,False,
0.56,428,260518015,0,0.05000000000000001,10000,False,
0.56,428,260518015,0,0.009999999999999995,10000,False,
0.5800000000000001,429,260518016,0,0.05000000000000001,10000,False,
0.5800000000000001,429,260518016,0,0.009999999999999995,10000,False,
0.6000000000000001,430,260518017,0,0.05000000000000001,10000,False,
0.6000000000000001,430,260518017,0,0.009999999999999995,10000,False,
0.6200000000000001,431,260518018,0,0.05000000000000001,10000,False,
0.6200000000000001,431,260518018,0,0.009999999999999995,10000,False,
0.6400000000000001,432,260518019,0,0.05000000000000001,10000,False,
0.6400000000000001,432,260518019,0,0.009999999999999995,10000,False,
0.66,433,260518020,0,0.05000000000000001,10000,False,
0.66,433,260518020,0,0.009999999999999995,10000,False,
0.68,434,260518021,0,0.05000000000000001,10000,False,
0.68,434,260518021,0,0.009999999999999995,10000,False,
0.7,435,260518022,0,0.05000000000000001,10000,False,
0.7,435,260518022,0,0.009999999999999995,10000,False,
0.72,436,260518023,0,0.05000000000000001,10000,False,
0.72,436,260518023,0,0.009999999999999995,10000,False,
0.74,437,260518024,0,0.05000000000000001,10000,False,
0.74,437,260518024,0,0.009999999999999995,10000,False,
0.76,438,260518025,0,0.05000000000000001,10000,False,
0.76,438,260518025,0,0.009999999999999995,10000,False,
0.78,439,260518026,0,0.05000000000000001,10000,False,
0.78,439,260518026,0,0.009999999999999995,10000,False,
0.8,440,260518027,0,0.05000000000000001,10000,False,
0.8,440,260518027,0,0.009999999999999995,10000,False,
0.4,441,260518028,1,0.05000000000000001,10000,False,
0.4,441,260518028,1,0.009999999999999995,10000,False,
0.42000000000000004,442,260518029,1,0.05000000000000001,10000,False,
0.42000000000000004,442,260518029,1,0.009999999999999995,10000,False,
0.44,443,260518030,1,0.05000000000000001,10000,False,
0.44,443,260518030,1,0.009999999999999995,10000,False,
0.46,444,260518031,1,0.05000000000000001,10000,False,
0.46,444,260518031,1,0.009999999999999995,10000,False,
0.48000000000000004,445,260518032,1,0.05000000000000001,10000,False,
0.48000000000000004,445,260518032,1,0.009999999999999995,10000,False,
0.5,446,260518033,1,0.05000000000000001,10000,False,
0.5,446,260518033,1,0.009999999999999995,10000,False,
0.52,447,260518034,1,0.05000000000000001,10000,False,
0.52,447,260518034,1,0.009999999999999995,10000,False,
0.54,448,260518035,1,0.05000000000000001,10000,False,
0.54,448,260518035,1,0.009999999999999995,10000,False,
0.56,449,260518036,1,0.05000000000000001,10000,False,
0.56,449,260518036,1,0.009999999999999995,10000,False,
0.5800000000000001,450,260518037,1,0.05000000000000001,10000,False,
0.5800000000000001,450,260518037,1,0.009999999999999995,10000,False,
0.6000000000000001,451,260518038,1,0.05000000000000001,10000,False,
0.6000000000000001,451,260518038,1,0.009999999999999995,10000,False,
0.6200000000000001,452,260518039,1,0.05000000000000001,10000,False,
0.6200000000000001,452,260518039,1,0.009999999999999995,10000,False,
0.6400000000000001,453,260518040,1,0.05000000000000001,10000,False,
0.6400000000000001,453,260518040,1,0.009999999999999995,10000,False,
0.66,454,260518041,1,0.05000000000000001,10000,False,
0.66,454,260518041,1,0.009999999999999995,10000,False,
0.68,455,260518042,1,0.05000000000000001,10000,False,
0.68,455,260518042,1,0.009999999999999995,10000,False,
0.7,456,260518043,1,0.05000000000000001,10000,False,
0.7,456,260518043,1,0.009999999999999995,10000,False,
0.72,457,260518044,1,0.05000000000000001,10000,False,
0.72,457,260518044,1,0.009999999999999995,10000,False,
0.74,458,260518045,1,0.05000000000000001,10000,False,
0.74,458,260518045,1,0.009999999999999995,10000,False,
0.76,459,260518046,1,0.05000000000000001,10000,False,
0.76,459,260518046,1,0.009999999999999995,10000,False,
0.78,460,260518047,1,0.05000000000000001,10000,False,
0.78,460,260518047,1,0.009999999999999995,10000,False,
0.8,461,260518048,1,0.05000000000000001,10000,False,
0.8,461,260518048,1,0.009999999999999995,10000,False,
0.4,462,260518049,2,0.05000000000000001,10000,False,
0.4,462,260518049,2,0.009999999999999995,10000,False,
0.42000000000000004,463,260518050,2,0.05000000000000001,10000,False,
0.42000000000000004,463,260518050,2,0.009999999999999995,10000,False,
0.44,464,260518051,2,0.05000000000000001,10000,False,
0.44,464,260518051,2,0.009999999999999995,10000,False,
0.46,465,260518052,2,0.05000000000000001,10000,False,
0.46,465,260518052,2,0.009999999999999995,10000,False,
0.48000000000000004,466,260518053,2,0.05000000000000001,10000,False,
0.48000000000000004,466,260518053,2,0.009999999999999995,10000,False,
0.5,467,260518054,2,0.05000000000000001,10000,False,
0.5,467,260518054,2,0.009999999999999995,10000,False,
0.52,468,260518055,2,0.05000000000000001,10000,False,
0.52,468,260518055,2,0.009999999999999995,10000,False,
0.54,469,260518056,2,0.05000000000000001,10000,False,
0.54,469,260518056,2,0.009999999999999995,10000,False,
0.56,470,260518057,2,0.05000000000000001,10000,False,
0.56,470,260518057,2,0.009999999999999995,10000,False,
0.5800000000000001,471,260518058,2,0.05000000000000001,10000,False,
0.5800000000000001,471,260518058,2,0.009999999999999995,10000,False,
0.6000000000000001,472,260518059,2,0.05000000000000001,10000,False,
0.6000000000000001,472,260518059,2,0.009999999999999995,10000,False,
0.6200000000000001,473,260518060,2,0.05000000000000001,10000,False,
0.6200000000000001,473,260518060,2,0.009999999999999995,10000,False,
0.6400000000000001,474,260518061,2,0.05000000000000001,10000,False,
0.6400000000000001,474,260518061,2,0.009999999999999995,10000,False,
0.66,475,260518062,2,0.05000000000000001,10000,False,
0.66,475,260518062,2,0.009999999999999995,10000,False,
0.68,476,260518063,2,0.05000000000000001,10000,False,
0.68,476,260518063,2,0.009999999999999995,10000,False,
0.7,477,260518064,2,0.05000000000000001,10000,False,
0.7,477,260518064,2,0.009999999999999995,10000,False,
0.72,478,260518065,2,0.05000000000000001,10000,False,
0.72,478,260518065,2,0.009999999999999995,10000,False,
0.74,479,260518066,2,0.05000000000000001,10000,False,
0.74,479,260518066,2,0.009999999999999995,10000,False,
0.76,480,260518067,2,0.05000000000000001,10000,False,
0.76,480,260518067,2,0.009999999999999995,10000,False,
0.78,481,260518068,2,0.05000000000000001,10000,False,
0.78,481,260518068,2,0.009999999999999995,10000,False,
0.8,482,260518069,2,0.05000000000000001,10000,False,
0.8,482,260518069,2,0.009999999999999995,10000,False,
0.4,483,260518070,3,0.05000000000000001,10000,False,
0.4,483,260518070,3,0.009999999999999995,10000,False,
0.42000000000000004,484,260518071,3,0.05000000000000001,10000,False,
0.42000000000000004,484,260518071,3,0.009999999999999995,10000,False,
0.44,485,260518072,3,0.05000000000000001,10000,False,
0.44,485,260518072,3,0.009999999999999995,10000,False,
0.46,486,260518073,3,0.05000000000000001,10000,False,
0.46,486,260518073,3,0.009999999999999995,10000,False,
0.48000000000000004,487,260518074,3,0.05000000000000001,10000,False,
0.48000000000000004,487,260518074,3,0.009999999999999995,10000,False,
0.5,488,260518075,3,0.05000000000000001,10000,False,
0.5,488,260518075,3,0.009999999999999995,10000,False,
0.52,489,260518076,3,0.05000000000000001,10000,False,
0.52,489,260518076,3,0.009999999999999995,10000,False,
0.54,490,260518077,3,0.05000000000000001,10000,False,
0.54,490,260518077,3,0.009999999999999995,10000,False,
0.56,491,260518078,3,0.05000000000000001,10000,False,
0.56,491,260518078,3,0.009999999999999995,10000,False,
0.5800000000000001,492,260518079,3,0.05000000000000001,10000,False,
0.5800000000000001,492,260518079,3,0.009999999999999995,10000,False,
0.6000000000000001,493,260518080,3,0.05000000000000001,10000,False,
0.6000000000000001,493,260518080,3,0.009999999999999995,10000,False,
0.6200000000000001,494,260518081,3,0.05000000000000001,10000,False,
0.6200000000000001,494,260518081,3,0.009999999999999995,10000,False,
0.6400000000000001,495,260518082,3,0.05000000000000001,10000,False,
0.6400000000000001,495,260518082,3,0.009999999999999995,10000,False,
0.66,496,260518083,3,0.05000000000000001,10000,False,
0.66,496,260518083,3,0.009999999999999995,10000,False,
0.68,497,260518084,3,0.05000000000000001,10000,False,
0.68,497,260518084,3,0.009999999999999995,10000,False,
0.7,498,260518085,3,0.05000000000000001,10000,False,
0.7,498,260518085,3,0.009999999999999995,10000,False,
0.72,499,260518086,3,0.05000000000000001,10000,False,
0.72,499,260518086,3,0.009999999999999995,10000,False,
0.74,500,260518087,3,0.05000000000000001,10000,False,
0.74,500,260518087,3,0.009999999999999995,10000,False,
0.76,501,260518088,3,0.05000000000000001,10000,False,
0.76,501,260518088,3,0.009999999999999995,10000,False,
0.78,502,260518089,3,0.05000000000000001,10000,False,
0.78,502,260518089,3,0.009999999999999995,10000,False,
0.8,503,260518090,3,0.05000000000000001,10000,False,
0.8,503,260518090,3,0.009999999999999995,10000,False,
0.4,504,260518091,4,0.05000000000000001,10000,False,
0.4,504,260518091,4,0.009999999999999995,10000,False,
0.42000000000000004,505,260518092,4,0.05000000000000001,10000,False,
0.42000000000000004,505,260518092,4,0.009999999999999995,10000,False,
0.44,506,260518093,4,0.05000000000000001,10000,False,
0.44,506,260518093,4,0.009999999999999995,10000,False,
0.46,507,260518094,4,0.05000000000000001,10000,False,
0.46,507,260518094,4,0.009999999999999995,10000,False,
0.48000000000000004,508,260518095,4,0.05000000000000001,10000,False,
0.48000000000000004,508,260518095,4,0.009999999999999995,10000,False,
0.5,509,260518096,4,0.05000000000000001,10000,False,
0.5,509,260518096,4,0.009999999999999995,10000,False,
0.52,510,260518097,4,0.05000000000000001,10000,False,
0.52,510,260518097,4,0.009999999999999995,10000,False,
0.54,511,260518098,4,0.05000000000000001,10000,False,
0.54,511,260518098,4,0.009999999999999995,10000,False,
0.56,512,260518099,4,0.05000000000000001,10000,False,
0.56,512,260518099,4,0.009999999999999995,10000,False,
0.5800000000000001,513,260518100,4,0.05000000000000001,10000,False,
0.5800000000000001,513,260518100,4,0.009999999999999995,10000,False,
0.6000000000000001,514,260518101,4,0.05000000000000001,10000,False,
0.6000000000000001,514,260518101,4,0.009999999999999995,10000,False,
0.6200000000000001,515,260518102,4,0.05000000000000001,10000,False,
0.6200000000000001,515,260518102,4,0.009999999999999995,10000,False,
0.6400000000000001,516,260518103,4,0.05000000000000001,10000,False,
0.6400000000000001,516,260518103,4,0.009999999999999995,10000,False,
0.66,517,260518104,4,0.05000000000000001,10000,False,
0.66,517,260518104,4,0.009999999999999995,10000,False,
0.68,518,260518105,4,0.05000000000000001,10000,False,
0.68,518,260518105,4,0.009999999999999995,10000,False,
0.7,519,260518106,4,0.05000000000000001,10000,False,
0.7,519,260518106,4,0.009999999999999995,10000,False,
0.72,520,260518107,4,0.05000000000000001,10000,False,
0.72,520,260518107,4,0.009999999999999995,10000,False,
0.74,521,260518108,4,0.05000000000000001,10000,False,
0.74,521,260518108,4,0.009999999999999995,10000,False,
0.76,522,260518109,4,0.05000000000000001,10000,False,
0.76,522,260518109,4,0.009999999999999995,10000,False,
0.78,523,260518110,4,0.05000000000000001,10000,False,
0.78,523,260518110,4,0.009999999999999995,10000,False,
0.8,524,260518111,4,0.05000000000000001,10000,False,
0.8,524,260518111,4,0.009999999999999995,10000,False,
0.4,525,260518112,0,0.05000000000000001,10000,False,
0.4,525,260518112,0,0.009999999999999995,10000,False,
0.42000000000000004,526,260518113,0,0.05000000000000001,10000,False,
0.42000000000000004,526,260518113,0,0.009999999999999995,10000,False,
0.44,527,260518114,0,0.05000000000000001,10000,False,
0.44,527,260518114,0,0.009999999999999995,10000,False,
0.46,528,260518115,0,0.05000000000000001,10000,False,
0.46,528,260518115,0,0.009999999999999995,10000,False,
0.48000000000000004,529,260518116,0,0.05000000000000001,10000,False,
0.48000000000000004,529,260518116,0,0.009999999999999995,10000,False,
0.5,530,260518117,0,0.05000000000000001,10000,False,
0.5,530,260518117,0,0.009999999999999995,10000,False,
0.52,531,260518118,0,0.05000000000000001,10000,False,
0.52,531,260518118,0,0.009999999999999995,10000,False,
0.54,532,260518119,0,0.05000000000000001,10000,False,
0.54,532,260518119,0,0.009999999999999995,10000,False,
0.56,533,260518120,0,0.05000000000000001,10000,False,
0.56,533,260518120,0,0.009999999999999995,10000,False,
0.5800000000000001,534,260518121,0,0.05000000000000001,10000,False,
0.5800000000000001,534,260518121,0,0.009999999999999995,10000,False,
0.6000000000000001,535,260518122,0,0.05000000000000001,10000,False,
0.6000000000000001,535,260518122,0,0.009999999999999995,10000,False,
0.6200000000000001,536,260518123,0,0.05000000000000001,10000,False,
0.6200000000000001,536,260518123,0,0.009999999999999995,10000,False,
0.6400000000000001,537,260518124,0,0.05000000000000001,10000,False,
0.6400000000000001,537,260518124,0,0.009999999999999995,10000,False,
0.66,538,260518125,0,0.05000000000000001,10000,False,
0.66,538,260518125,0,0.009999999999999995,10000,False,
0.68,539,260518126,0,0.05000000000000001,10000,False,
0.68,539,260518126,0,0.009999999999999995,10000,False,
0.7,540,260518127,0,0.05000000000000001,10000,False,
0.7,540,260518127,0,0.009999999999999995,10000,False,
0.72,541,260518128,0,0.05000000000000001,10000,False,
0.72,541,260518128,0,0.009999999999999995,10000,False,
0.74,542,260518129,0,0.05000000000000001,10000,False,
0.74,542,260518129,0,0.009999999999999995,10000,False,
0.76,543,260518130,0,0.05000000000000001,10000,False,
0.76,543,260518130,0,0.009999999999999995,10000,False,
0.78,544,260518131,0,0.05000000000000001,10000,False,
0.78,544,260518131,0,0.009999999999999995,10000,False,
0.8,545,260518132,0,0.05000000000000001,10000,False,
0.8,545,260518132,0,0.009999999999999995,10000,False,
0.4,546,260518133,1,0.05000000000000001,10000,False,
0.4,546,260518133,1,0.009999999999999995,10000,False,
0.42000000000000004,547,260518134,1,0.05000000000000001,10000,False,
0.42000000000000004,547,260518134,1,0.009999999999999995,10000,False,
0.44,548,260518135,1,0.05000000000000001,10000,False,
0.44,548,260518135,1,0.009999999999999995,10000,False,
0.46,549,260518136,1,0.05000000000000001,10000,False,
0.46,549,260518136,1,0.009999999999999995,10000,False,
0.48000000000000004,550,260518137,1,0.05000000000000001,10000,False,
0.48000000000000004,550,260518137,1,0.009999999999999995,10000,False,
0.5,551,260518138,1,0.05000000000000001,10000,False,
0.5,551,260518138,1,0.009999999999999995,10000,False,
0.52,552,260518139,1,0.05000000000000001,10000,False,
0.52,552,260518139,1,0.009999999999999995,10000,False,
0.54,553,260518140,1,0.05000000000000001,10000,False,
0.54,553,260518140,1,0.009999999999999995,10000,False,
0.56,554,260518141,1,0.05000000000000001,10000,False,
0.56,554,260518141,1,0.009999999999999995,10000,False,
0.5800000000000001,555,260518142,1,0.05000000000000001,10000,False,
0.5800000000000001,555,260518142,1,0.009999999999999995,10000,False,
0.6000000000000001,556,260518143,1,0.05000000000000001,10000,False,
0.6000000000000001,556,260518143,1,0.009999999999999995,10000,False,
0.6200000000000001,557,260518144,1,0.05000000000000001,10000,False,
0.6200000000000001,557,260518144,1,0.009999999999999995,10000,False,
0.6400000000000001,558,260518145,1,0.05000000000000001,10000,False,
0.6400000000000001,558,260518145,1,0.009999999999999995,10000,False,
0.66,559,260518146,1,0.05000000000000001,10000,False,
0.66,559,260518146,1,0.009999999999999995,10000,False,
0.68,560,260518147,1,0.05000000000000001,10000,False,
0.68,560,260518147,1,0.009999999999999995,10000,False,
0.7,561,260518148,1,0.05000000000000001,10000,False,
0.7,561,260518148,1,0.009999999999999995,10000,False,
0.72,562,260518149,1,0.05000000000000001,10000,False,
0.72,562,260518149,1,0.009999999999999995,10000,False,
0.74,563,260518150,1,0.05000000000000001,10000,False,
0.74,563,260518150,1,0.009999999999999995,10000,False,
0.76,564,260518151,1,0.05000000000000001,10000,False,
0.76,564,260518151,1,0.009999999999999995,10000,False,
0.78,565,260518152,1,0.05000000000000001,10000,False,
0.78,565,260518152,1,0.009999999999999995,10000,False,
0.8,566,260518153,1,0.05000000000000001,10000,False,
0.8,566,260518153,1,0.009999999999999995,10000,False,
0.4,567,260518154,2,0.05000000000000001,10000,False,
0.4,567,260518154,2,0.009999999999999995,10000,False,
0.42000000000000004,568,260518155,2,0.05000000000000001,10000,False,
0.42000000000000004,568,260518155,2,0.009999999999999995,10000,False,
0.44,569,260518156,2,0.05000000000000001,10000,False,
0.44,569,260518156,2,0.009999999999999995,10000,False,
0.46,570,260518157,2,0.05000000000000001,10000,False,
0.46,570,260518157,2,0.009999999999999995,10000,False,
0.48000000000000004,571,260518158,2,0.05000000000000001,10000,False,
0.48000000000000004,571,260518158,2,0.009999999999999995,10000,False,
0.5,572,260518159,2,0.05000000000000001,10000,False,
0.5,572,260518159,2,0.009999999999999995,10000,False,
0.52,573,260518160,2,0.05000000000000001,10000,False,
0.52,573,260518160,2,0.009999999999999995,10000,False,
0.54,574,260518161,2,0.05000000000000001,10000,False,
0.54,574,260518161,2,0.009999999999999995,10000,False,
0.56,575,260518162,2,0.05000000000000001,10000,False,
0.56,575,260518162,2,0.009999999999999995,10000,False,
0.5800000000000001,576,260518163,2,0.05000000000000001,10000,False,
0.5800000000000001,576,260518163,2,0.009999999999999995,10000,False,
0.6000000000000001,577,260518164,2,0.05000000000000001,10000,False,
0.6000000000000001,577,260518164,2,0.009999999999999995,10000,False,
0.6200000000000001,578,260518165,2,0.05000000000000001,10000,False,
0.6200000000000001,578,260518165,2,0.009999999999999995,10000,False,
0.6400000000000001,579,260518166,2,0.05000000000000001,10000,False,
0.6400000000000001,579,260518166,2,0.009999999999999995,10000,False,
0.66,580,260518167,2,0.05000000000000001,10000,False,
0.66,580,260518167,2,0.009999999999999995,10000,False,
0.68,581,260518168,2,0.05000000000000001,10000,False,
0.68,581,260518168,2,0.009999999999999995,10000,False,
0.7,582,260518169,2,0.05000000000000001,10000,False,
0.7,582,260518169,2,0.009999999999999995,10000,False,
0.72,583,260518170,2,0.05000000000000001,10000,False,
0.72,583,260518170,2,0.009999999999999995,10000,False,
0.74,584,260518171,2,0.05000000000000001,10000,False,
0.74,584,260518171,2,0.009999999999999995,10000,False,
0.76,585,260518172,2,0.05000000000000001,10000,False,
0.76,585,260518172,2,0.009999999999999995,10000,False,
0.78,586,260518173,2,0.05000000000000001,10000,False,
0.78,586,260518173,2,0.009999999999999995,10000,False,
0.8,587,260518174,2,0.05000000000000001,10000,False,
0.8,587,260518174,2,0.009999999999999995,10000,False,
0.4,588,260518175,3,0.05000000000000001,10000,False,
0.4,588,260518175,3,0.009999999999999995,10000,False,
0.42000000000000004,589,260518176,3,0.05000000000000001,10000,False,
0.42000000000000004,589,260518176,3,0.009999999999999995,10000,False,
0.44,590,260518177,3,0.05000000000000001,10000,False,
0.44,590,260518177,3,0.009999999999999995,10000,False,
0.46,591,260518178,3,0.05000000000000001,10000,False,
0.46,591,260518178,3,0.009999999999999995,10000,False,
0.48000000000000004,592,260518179,3,0.05000000000000001,10000,False,
0.48000000000000004,592,260518179,3,0.009999999999999995,10000,False,
0.5,593,260518180,3,0.05000000000000001,10000,False,
0.5,593,260518180,3,0.009999999999999995,10000,False,
0.52,594,260518181,3,0.05000000000000001,10000,False,
0.52,594,260518181,3,0.009999999999999995,10000,False,
0.54,595,260518182,3,0.05000000000000001,10000,False,
0.54,595,260518182,3,0.009999999999999995,10000,False,
0.56,596,260518183,3,0.05000000000000001,10000,False,
0.56,596,260518183,3,0.009999999999999995,10000,False,
0.5800000000000001,597,260518184,3,0.05000000000000001,10000,False,
0.5800000000000001,597,260518184,3,0.009999999999999995,10000,False,
0.6000000000000001,598,260518185,3,0.05000000000000001,10000,False,
0.6000000000000001,598,260518185,3,0.009999999999999995,10000,False,
0.6200000000000001,599,260518186,3,0.05000000000000001,10000,False,
0.6200000000000001,599,260518186,3,0.009999999999999995,10000,False,
0.6400000000000001,600,260518187,3,0.05000000000000001,10000,False,
0.6400000000000001,600,260518187,3,0.009999999999999995,10000,False,
0.66,601,260518188,3,0.05000000000000001,10000,False,
0.66,601,260518188,3,0.009999999999999995,10000,False,
0.68,602,260518189,3,0.05000000000000001,10000,False,
0.68,602,260518189,3,0.009999999999999995,10000,False,
0.7,603,260518190,3,0.05000000000000001,10000,False,
0.7,603,260518190,3,0.009999999999999995,10000,False,
0.72,604,260518191,3,0.05000000000000001,10000,False,
0.72,604,260518191,3,0.009999999999999995,10000,False,
0.74,605,260518192,3,0.05000000000000001,10000,False,
0.74,605,260518192,3,0.009999999999999995,10000,False,
0.76,606,260518193,3,0.05000000000000001,10000,False,
0.76,606,260518193,3,0.009999999999999995,10000,False,
0.78,607,260518194,3,0.05000000000000001,10000,False,
0.78,607,260518194,3,0.009999999999999995,10000,False,
0.8,608,260518195,3,0.05000000000000001,10000,False,
0.8,608,260518195,3,0.009999999999999995,10000,False,
0.4,609,260518196,4,0.05000000000000001,10000,False,
0.4,609,260518196,4,0.009999999999999995,10000,False,
0.42000000000000004,610,260518197,4,0.05000000000000001,10000,False,
0.42000000000000004,610,260518197,4,0.009999999999999995,10000,False,
0.44,611,260518198,4,0.05000000000000001,10000,False,
0.44,611,260518198,4,0.009999999999999995,10000,False,
0.46,612,260518199,4,0.05000000000000001,10000,False,
0.46,612,260518199,4,0.009999999999999995,10000,False,
0.48000000000000004,613,260518200,4,0.05000000000000001,10000,False,
0.48000000000000004,613,260518200,4,0.009999999999999995,10000,False,
0.5,614,260518201,4,0.05000000000000001,10000,False,
0.5,614,260518201,4,0.009999999999999995,10000,False,
0.52,615,260518202,4,0.05000000000000001,10000,False,
0.52,615,260518202,4,0.009999999999999995,10000,False,
0.54,616,260518203,4,0.05000000000000001,10000,False,
0.54,616,260518203,4,0.009999999999999995,10000,False,
0.56,617,260518204,4,0.05000000000000001,10000,False,
0.56,617,260518204,4,0.009999999999999995,10000,False,
0.5800000000000001,618,260518205,4,0.05000000000000001,10000,False,
0.5800000000000001,618,260518205,4,0.009999999999999995,10000,False,
0.6000000000000001,619,260518206,4,0.05000000000000001,10000,False,
0.6000000000000001,619,260518206,4,0.009999999999999995,10000,False,
0.6200000000000001,620,260518207,4,0.05000000000000001,10000,False,
0.6200000000000001,620,260518207,4,0.009999999999999995,10000,False,
0.6400000000000001,621,260518208,4,0.05000000000000001,10000,False,
0.6400000000000001,621,260518208,4,0.009999999999999995,10000,False,
0.66,622,260518209,4,0.05000000000000001,10000,False,
0.66,622,260518209,4,0.009999999999999995,10000,False,
0.68,623,260518210,4,0.05000000000000001,10000,False,
0.68,623,260518210,4,0.009999999999999995,10000,False,
0.7,624,260518211,4,0.05000000000000001,10000,False,
0.7,624,260518211,4,0.009999999999999995,10000,False,
0.72,625,260518212,4,0.05000000000000001,10000,False,
0.72,625,260518212,4,0.009999999999999995,10000,False,
0.74,626,260518213,4,0.05000000000000001,10000,False,
0.74,626,260518213,4,0.009999999999999995,10000,False,
0.76,627,260518214,4,0.05000000000000001,10000,False,
0.76,627,260518214,4,0.009999999999999995,10000,False,
0.78,628,260518215,4,0.05000000000000001,10000,False,
0.78,628,260518215,4,0.009999999999999995,10000,False,
0.8,629,260518216,4,0.05000000000000001,10000,False,
0.8,629,260518216,4,0.009999999999999995,10000,False,
0.4,630,260518217,0,0.05000000000000001,10000,False,
0.4,630,260518217,0,0.009999999999999995,10000,False,
0.42000000000000004,631,260518218,0,0.05000000000000001,10000,False,
0.42000000000000004,631,260518218,0,0.009999999999999995,10000,False,
0.44,632,260518219,0,0.05000000000000001,10000,False,
0.44,632,260518219,0,0.009999999999999995,10000,False,
0.46,633,260518220,0,0.05000000000000001,10000,False,
0.46,633,260518220,0,0.009999999999999995,10000,False,
0.48000000000000004,634,260518221,0,0.05000000000000001,10000,False,
0.48000000000000004,634,260518221,0,0.009999999999999995,10000,False,
0.5,635,260518222,0,0.05000000000000001,10000,False,
0.5,635,260518222,0,0.009999999999999995,10000,False,
0.52,636,260518223,0,0.05000000000000001,10000,False,
0.52,636,260518223,0,0.009999999999999995,10000,False,
0.54,637,260518224,0,0.05000000000000001,10000,False,
0.54,637,260518224,0,0.009999999999999995,10000,False,
0.56,638,260518225,0,0.05000000000000001,10000,False,
0.56,638,260518225,0,0.009999999999999995,10000,False,
0.5800000000000001,639,260518226,0,0.05000000000000001,10000,False,
0.5800000000000001,639,260518226,0,0.009999999999999995,10000,False,
0.6000000000000001,640,260518227,0,0.05000000000000001,10000,False,
0.6000000000000001,640,260518227,0,0.009999999999999995,10000,False,
0.6200000000000001,641,260518228,0,0.05000000000000001,10000,False,
0.6200000000000001,641,260518228,0,0.009999999999999995,10000,False,
0.6400000000000001,642,260518229,0,0.05000000000000001,10000,False,
0.6400000000000001,642,260518229,0,0.009999999999999995,10000,False,
0.66,643,260518230,0,0.05000000000000001,10000,False,
0.66,643,260518230,0,0.009999999999999995,10000,False,
0.68,644,260518231,0,0.05000000000000001,10000,False,
0.68,644,260518231,0,0.009999999999999995,10000,False,
0.7,645,260518232,0,0.05000000000000001,10000,False,
0.7,645,260518232,0,0.009999999999999995,10000,False,
0.72,646,260518233,0,0.05000000000000001,10000,False,
0.72,646,260518233,0,0.009999999999999995,10000,False,
0.74,647,260518234,0,0.05000000000000001,10000,False,
0.74,647,260518234,0,0.009999999999999995,10000,False,
0.76,648,260518235,0,0.05000000000000001,10000,False,
0.76,648,260518235,0,0.009999999999999995,10000,False,
0.78,649,260518236,0,0.05000000000000001,10000,False,
0.78,649,260518236,0,0.009999999999999995,10000,False,
0.8,650,260518237,0,0.05000000000000001,10000,False,
0.8,650,260518237,0,0.009999999999999995,10000,False,
0.4,651,260518238,1,0.05000000000000001,10000,False,
0.4,651,260518238,1,0.009999999999999995,10000,False,
0.42000000000000004,652,260518239,1,0.05000000000000001,10000,False,
0.42000000000000004,652,260518239,1,0.009999999999999995,10000,False,
0.44,653,260518240,1,0.05000000000000001,10000,False,
0.44,653,260518240,1,0.009999999999999995,10000,False,
0.46,654,260518241,1,0.05000000000000001,10000,False,
0.46,654,260518241,1,0.009999999999999995,10000,False,
0.48000000000000004,655,260518242,1,0.05000000000000001,10000,False,
0.48000000000000004,655,260518242,1,0.009999999999999995,10000,False,
0.5,656,260518243,1,0.05000000000000001,10000,False,
0.5,656,260518243,1,0.009999999999999995,10000,False,
0.52,657,260518244,1,0.05000000000000001,10000,False,
0.52,657,260518244,1,0.009999999999999995,10000,False,
0.54,658,260518245,1,0.05000000000000001,10000,False,
0.54,658,260518245,1,0.009999999999999995,10000,False,
0.56,659,260518246,1,0.05000000000000001,10000,False,
0.56,659,260518246,1,0.009999999999999995,10000,False,
0.5800000000000001,660,260518247,1,0.05000000000000001,10000,False,
0.5800000000000001,660,260518247,1,0.009999999999999995,10000,False,
0.6000000000000001,661,260518248,1,0.05000000000000001,10000,False,
0.6000000000000001,661,260518248,1,0.009999999999999995,10000,False,
0.6200000000000001,662,260518249,1,0.05000000000000001,10000,False,
0.6200000000000001,662,260518249,1,0.009999999999999995,10000,False,
0.6400000000000001,663,260518250,1,0.05000000000000001,10000,False,
0.6400000000000001,663,260518250,1,0.009999999999999995,10000,False,
0.66,664,260518251,1,0.05000000000000001,10000,False,
0.66,664,260518251,1,0.009999999999999995,10000,False,
0.68,665,260518252,1,0.05000000000000001,10000,False,
0.68,665,260518252,1,0.009999999999999995,10000,False,
0.7,666,260518253,1,0.05000000000000001,10000,False,
0.7,666,260518253,1,0.009999999999999995,10000,False,
0.72,667,260518254,1,0.05000000000000001,10000,False,
0.72,667,260518254,1,0.009999999999999995,10000,False,
0.74,668,260518255,1,0.05000000000000001,10000,False,
0.74,668,260518255,1,0.009999999999999995,10000,False,
0.76,669,260518256,1,0.05000000000000001,10000,False,
0.76,669,260518256,1,0.009999999999999995,10000,False,
0.78,670,260518257,1,0.05000000000000001,10000,False,
0.78,670,260518257,1,0.009999999999999995,10000,False,
0.8,671,260518258,1,0.05000000000000001,10000,False,
0.8,671,260518258,1,0.009999999999999995,10000,False,
0.4,672,260518259,2,0.05000000000000001,10000,False,
0.4,672,260518259,2,0.009999999999999995,10000,False,
0.42000000000000004,673,260518260,2,0.05000000000000001,10000,False,
0.42000000000000004,673,260518260,2,0.009999999999999995,10000,False,
0.44,674,260518261,2,0.05000000000000001,10000,False,
0.44,674,260518261,2,0.009999999999999995,10000,False,
0.46,675,260518262,2,0.05000000000000001,10000,False,
0.46,675,260518262,2,0.009999999999999995,10000,False,
0.48000000000000004,676,260518263,2,0.05000000000000001,10000,False,
0.48000000000000004,676,260518263,2,0.009999999999999995,10000,False,
0.5,677,260518264,2,0.05000000000000001,10000,False,
0.5,677,260518264,2,0.009999999999999995,10000,False,
0.52,678,260518265,2,0.05000000000000001,10000,False,
0.52,678,260518265,2,0.009999999999999995,10000,False,
0.54,679,260518266,2,0.05000000000000001,10000,False,
0.54,679,260518266,2,0.009999999999999995,10000,False,
0.56,680,260518267,2,0.05000000000000001,10000,False,
0.56,680,260518267,2,0.009999999999999995,10000,False,
0.5800000000000001,681,260518268,2,0.05000000000000001,10000,False,
0.5800000000000001,681,260518268,2,0.009999999999999995,10000,False,
0.6000000000000001,682,260518269,2,0.05000000000000001,10000,False,
0.6000000000000001,682,260518269,2,0.009999999999999995,10000,False,
0.6200000000000001,683,260518270,2,0.05000000000000001,10000,False,
0.6200000000000001,683,260518270,2,0.009999999999999995,10000,False,
0.6400000000000001,684,260518271,2,0.05000000000000001,10000,False,
0.6400000000000001,684,260518271,2,0.009999999999999995,10000,False,
0.66,685,260518272,2,0.05000000000000001,10000,False,
0.66,685,260518272,2,0.009999999999999995,10000,False,
0.68,686,260518273,2,0.05000000000000001,10000,False,
0.68,686,260518273,2,0.009999999999999995,10000,False,
0.7,687,260518274,2,0.05000000000000001,10000,False,
0.7,687,260518274,2,0.009999999999999995,10000,False,
0.72,688,260518275,2,0.05000000000000001,10000,False,
0.72,688,260518275,2,0.009999999999999995,10000,False,
0.74,689,260518276,2,0.05000000000000001,10000,False,
0.74,689,260518276,2,0.009999999999999995,10000,False,
0.76,690,260518277,2,0.05000000000000001,10000,False,
0.76,690,260518277,2,0.009999999999999995,10000,False,
0.78,691,260518278,2,0.05000000000000001,10000,False,
0.78,691,260518278,2,0.009999999999999995,10000,False,
0.8,692,260518279,2,0.05000000000000001,10000,False,
0.8,692,260518279,2,0.009999999999999995,10000,False,
0.4,693,260518280,3,0.05000000000000001,10000,False,
0.4,693,260518280,3,0.009999999999999995,10000,False,
0.42000000000000004,694,260518281,3,0.05000000000000001,10000,False,
0.42000000000000004,694,260518281,3,0.009999999999999995,10000,False,
0.44,695,260518282,3,0.05000000000000001,10000,False,
0.44,695,260518282,3,0.009999999999999995,10000,False,
0.46,696,260518283,3,0.05000000000000001,10000,False,
0.46,696,260518283,3,0.009999999999999995,10000,False,
0.48000000000000004,697,260518284,3,0.05000000000000001,10000,False,
0.48000000000000004,697,260518284,3,0.009999999999999995,10000,False,
0.5,698,260518285,3,0.05000000000000001,10000,False,
0.5,698,260518285,3,0.009999999999999995,10000,False,
0.52,699,260518286,3,0.05000000000000001,10000,False,
0.52,699,260518286,3,0.009999999999999995,10000,False,
0.54,700,260518287,3,0.05000000000000001,10000,False,
0.54,700,260518287,3,0.009999999999999995,10000,False,
0.56,701,260518288,3,0.05000000000000001,10000,False,
0.56,701,260518288,3,0.009999999999999995,10000,False,
0.5800000000000001,702,260518289,3,0.05000000000000001,10000,False,
0.5800000000000001,702,260518289,3,0.009999999999999995,10000,False,
0.6000000000000001,703,260518290,3,0.05000000000000001,10000,False,
0.6000000000000001,703,260518290,3,0.009999999999999995,10000,False,
0.6200000000000001,704,260518291,3,0.05000000000000001,10000,False,
0.6200000000000001,704,260518291,3,0.009999999999999995,10000,False,
0.6400000000000001,705,260518292,3,0.05000000000000001,10000,False,
0.6400000000000001,705,260518292,3,0.009999999999999995,10000,False,
0.66,706,260518293,3,0.05000000000000001,10000,False,
0.66,706,260518293,3,0.009999999999999995,10000,False,
0.68,707,260518294,3,0.05000000000000001,10000,False,
0.68,707,260518294,3,0.009999999999999995,10000,False,
0.7,708,260518295,3,0.05000000000000001,10000,False,
0.7,708,260518295,3,0.009999999999999995,10000,False,
0.72,709,260518296,3,0.05000000000000001,10000,False,
0.72,709,260518296,3,0.009999999999999995,10000,False,
0.74,710,260518297,3,0.05000000000000001,10000,False,
0.74,710,260518297,3,0.009999999999999995,10000,False,
0.76,711,260518298,3,0.05000000000000001,10000,False,
0.76,711,260518298,3,0.009999999999999995,10000,False,
0.78,712,260518299,3,0.05000000000000001,10000,False,
0.78,712,260518299,3,0.009999999999999995,10000,False,
0.8,713,260518300,3,0.05000000000000001,10000,False,
0.8,713,260518300,3,0.009999999999999995,10000,False,
0.4,714,260518301,4,0.05000000000000001,10000,False,
0.4,714,260518301,4,0.009999999999999995,10000,False,
0.42000000000000004,715,260518302,4,0.05000000000000001,10000,False,
0.42000000000000004,715,260518302,4,0.009999999999999995,10000,False,
0.44,716,260518303,4,0.05000000000000001,10000,False,
0.44,716,260518303,4,0.009999999999999995,10000,False,
0.46,717,260518304,4,0.05000000000000001,10000,False,
0.46,717,260518304,4,0.009999999999999995,10000,False,
0.48000000000000004,718,260518305,4,0.05000000000000001,10000,False,
0.48000000000000004,718,260518305,4,0.009999999999999995,10000,False,
0.5,719,260518306,4,0.05000000000000001,10000,False,
0.5,719,260518306,4,0.009999999999999995,10000,False,
0.52,720,260518307,4,0.05000000000000001,10000,False,
0.52,720,260518307,4,0.009999999999999995,10000,False,
0.54,721,260518308,4,0.05000000000000001,10000,False,
0.54,721,260518308,4,0.009999999999999995,10000,False,
0.56,722,260518309,4,0.05000000000000001,10000,False,
0.56,722,260518309,4,0.009999999999999995,10000,False,
0.5800000000000001,723,260518310,4,0.05000000000000001,10000,False,
0.5800000000000001,723,260518310,4,0.009999999999999995,10000,False,
0.6000000000000001,724,260518311,4,0.05000000000000001,10000,False,
0.6000000000000001,724,260518311,4,0.009999999999999995,10000,False,
0.6200000000000001,725,260518312,4,0.05000000000000001,10000,False,
0.6200000000000001,725,260518312,4,0.009999999999999995,10000,False,
0.6400000000000001,726,260518313,4,0.05000000000000001,10000,False,
0.6400000000000001,726,260518313,4,0.009999999999999995,10000,False,
0.66,727,260518314,4,0.05000000000000001,10000,False,
0.66,727,260518314,4,0.009999999999999995,10000,False,
0.68,728,260518315,4,0.05000000000000001,10000,False,
0.68,728,260518315,4,0.009999999999999995,10000,False,
0.7,729,260518316,4,0.05000000000000001,10000,False,
0.7,729,260518316,4,0.009999999999999995,10000,False,
0.72,730,260518317,4,0.05000000000000001,10000,False,
0.72,730,260518317,4,0.009999999999999995,10000,False,
0.74,731,260518318,4,0.05000000000000001,10000,False,
0.74,731,260518318,4,0.009999999999999995,10000,False,
0.76,732,260518319,4,0.05000000000000001,10000,False,
0.76,732,260518319,4,0.009999999999999995,10000,False,
0.78,733,260518320,4,0.05000000000000001,10000,False,
0.78,733,260518320,4,0.009999999999999995,10000,False,
0.8,734,260518321,4,0.05000000000000001,10000,False,
0.8,734,260518321,4,0.009999999999999995,10000,False,
0.4,735,260518322,0,0.05000000000000001,10000,False,
0.4,735,260518322,0,0.009999999999999995,10000,False,
0.42000000000000004,736,260518323,0,0.05000000000000001,10000,False,
0.42000000000000004,736,260518323,0,0.009999999999999995,10000,False,
0.44,737,260518324,0,0.05000000000000001,10000,False,
0.44,737,260518324,0,0.009999999999999995,10000,False,
0.46,738,260518325,0,0.05000000000000001,10000,False,
0.46,738,260518325,0,0.009999999999999995,10000,False,
0.48000000000000004,739,260518326,0,0.05000000000000001,10000,False,
0.48000000000000004,739,260518326,0,0.009999999999999995,10000,False,
0.5,740,260518327,0,0.05000000000000001,10000,False,
0.5,740,260518327,0,0.009999999999999995,10000,False,
0.52,741,260518328,0,0.05000000000000001,10000,False,
0.52,741,260518328,0,0.009999999999999995,10000,False,
0.54,742,260518329,0,0.05000000000000001,10000,False,
0.54,742,260518329,0,0.009999999999999995,10000,False,
0.56,743,260518330,0,0.05000000000000001,10000,False,
0.56,743,260518330,0,0.009999999999999995,10000,False,
0.5800000000000001,744,260518331,0,0.05000000000000001,10000,False,
0.5800000000000001,744,260518331,0,0.009999999999999995,10000,False,
0.6000000000000001,745,260518332,0,0.05000000000000001,10000,False,
0.6000000000000001,745,260518332,0,0.009999999999999995,10000,False,
0.6200000000000001,746,260518333,0,0.05000000000000001,10000,False,
0.6200000000000001,746,260518333,0,0.009999999999999995,10000,False,
0.6400000000000001,747,260518334,0,0.05000000000000001,10000,False,
0.6400000000000001,747,260518334,0,0.009999999999999995,10000,False,
0.66,748,260518335,0,0.05000000000000001,10000,False,
0.66,748,260518335,0,0.009999999999999995,10000,False,
0.68,749,260518336,0,0.05000000000000001,10000,False,
0.68,749,260518336,0,0.009999999999999995,10000,False,
0.7,750,260518337,0,0.05000000000000001,10000,False,
0.7,750,260518337,0,0.009999999999999995,10000,False,
0.72,751,260518338,0,0.05000000000000001,10000,False,
0.72,751,260518338,0,0.009999999999999995,10000,False,
0.74,752,260518339,0,0.05000000000000001,10000,False,
0.74,752,260518339,0,0.009999999999999995,10000,False,
0.76,753,260518340,0,0.05000000000000001,10000,False,
0.76,753,260518340,0,0.009999999999999995,10000,False,
0.78,754,260518341,0,0.05000000000000001,10000,False,
0.78,754,260518341,0,0.009999999999999995,10000,False,
0.8,755,260518342,0,0.05000000000000001,10000,False,
0.8,755,260518342,0,0.009999999999999995,10000,False,
0.4,756,260518343,1,0.05000000000000001,10000,False,
0.4,756,260518343,1,0.009999999999999995,10000,False,
0.42000000000000004,757,260518344,1,0.05000000000000001,10000,False,
0.42000000000000004,757,260518344,1,0.009999999999999995,10000,False,
0.44,758,260518345,1,0.05000000000000001,10000,False,
0.44,758,260518345,1,0.009999999999999995,10000,False,
0.46,759,260518346,1,0.05000000000000001,10000,False,
0.46,759,260518346,1,0.009999999999999995,10000,False,
0.48000000000000004,760,260518347,1,0.05000000000000001,10000,False,
0.48000000000000004,760,260518347,1,0.009999999999999995,10000,False,
0.5,761,260518348,1,0.05000000000000001,10000,False,
0.5,761,260518348,1,0.009999999999999995,10000,False,
0.52,762,260518349,1,0.05000000000000001,10000,False,
0.52,762,260518349,1,0.009999999999999995,10000,False,
0.54,763,260518350,1,0.05000000000000001,10000,False,
0.54,763,260518350,1,0.009999999999999995,10000,False,
0.56,764,260518351,1,0.05000000000000001,10000,False,
0.56,764,260518351,1,0.009999999999999995,10000,False,
0.5800000000000001,765,260518352,1,0.05000000000000001,10000,False,
0.5800000000000001,765,260518352,1,0.009999999999999995,10000,False,
0.6000000000000001,766,260518353,1,0.05000000000000001,10000,False,
0.6000000000000001,766,260518353,1,0.009999999999999995,10000,False,
0.6200000000000001,767,260518354,1,0.05000000000000001,10000,False,
0.6200000000000001,767,260518354,1,0.009999999999999995,10000,False,
0.6400000000000001,768,260518355,1,0.05000000000000001,10000,False,
0.6400000000000001,768,260518355,1,0.009999999999999995,10000,False,
0.66,769,260518356,1,0.05000000000000001,10000,False,
0.66,769,260518356,1,0.009999999999999995,10000,False,
0.68,770,260518357,1,0.05000000000000001,10000,False,
0.68,770,260518357,1,0.009999999999999995,10000,False,
0.7,771,260518358,1,0.05000000000000001,10000,False,
0.7,771,260518358,1,0.009999999999999995,10000,False,
0.72,772,260518359,1,0.05000000000000001,10000,False,
0.72,772,260518359,1,0.009999999999999995,10000,False,
0.74,773,260518360,1,0.05000000000000001,10000,False,
0.74,773,260518360,1,0.009999999999999995,10000,False,
0.76,774,260518361,1,0.05000000000000001,10000,False,
0.76,774,260518361,1,0.009999999999999995,10000,False,
0.78,775,260518362,1,0.05000000000000001,10000,False,
0.78,775,260518362,1,0.009999999999999995,10000,False,
0.8,776,260518363,1,0.05000000000000001,10000,False,
0.8,776,260518363,1,0.009999999999999995,10000,False,
0.4,777,260518364,2,0.05000000000000001,10000,False,
0.4,777,260518364,2,0.009999999999999995,10000,False,
0.42000000000000004,778,260518365,2,0.05000000000000001,10000,False,
0.42000000000000004,778,260518365,2,0.009999999999999995,10000,False,
0.44,779,260518366,2,0.05000000000000001,10000,False,
0.44,779,260518366,2,0.009999999999999995,10000,False,
0.46,780,260518367,2,0.05000000000000001,10000,False,
0.46,780,260518367,2,0.009999999999999995,10000,False,
0.48000000000000004,781,260518368,2,0.05000000000000001,10000,False,
0.48000000000000004,781,260518368,2,0.009999999999999995,10000,False,
0.5,782,260518369,2,0.05000000000000001,10000,False,
0.5,782,260518369,2,0.009999999999999995,10000,False,
0.52,783,260518370,2,0.05000000000000001,10000,False,
0.52,783,260518370,2,0.009999999999999995,10000,False,
0.54,784,260518371,2,0.05000000000000001,10000,False,
0.54,784,260518371,2,0.009999999999999995,10000,False,
0.56,785,260518372,2,0.05000000000000001,10000,False,
0.56,785,260518372,2,0.009999999999999995,10000,False,
0.5800000000000001,786,260518373,2,0.05000000000000001,10000,False,
0.5800000000000001,786,260518373,2,0.009999999999999995,10000,False,
0.6000000000000001,787,260518374,2,0.05000000000000001,10000,False,
0.6000000000000001,787,260518374,2,0.009999999999999995,10000,False,
0.6200000000000001,788,260518375,2,0.05000000000000001,10000,False,
0.6200000000000001,788,260518375,2,0.009999999999999995,10000,False,
0.6400000000000001,789,260518376,2,0.05000000000000001,10000,False,
0.6400000000000001,789,260518376,2,0.009999999999999995,10000,False,
0.66,790,260518377,2,0.05000000000000001,10000,False,
0.66,790,260518377,2,0.009999999999999995,10000,False,
0.68,791,260518378,2,0.05000000000000001,10000,False,
0.68,791,260518378,2,0.009999999999999995,10000,False,
0.7,792,260518379,2,0.05000000000000001,10000,False,
0.7,792,260518379,2,0.009999999999999995,10000,False,
0.72,793,260518380,2,0.05000000000000001,10000,False,
0.72,793,260518380,2,0.009999999999999995,10000,False,
0.74,794,260518381,2,0.05000000000000001,10000,False,
0.74,794,260518381,2,0.009999999999999995,10000,False,
0.76,795,260518382,2,0.05000000000000001,10000,False,
0.76,795,260518382,2,0.009999999999999995,10000,False,
0.78,796,260518383,2,0.05000000000000001,10000,False,
0.78,796,260518383,2,0.009999999999999995,10000,False,
0.8,797,260518384,2,0.05000000000000001,10000,False,
0.8,797,260518384,2,0.009999999999999995,10000,False,
0.4,798,260518385,3,0.05000000000000001,10000,False,
0.4,798,260518385,3,0.009999999999999995,10000,False,
0.42000000000000004,799,260518386,3,0.05000000000000001,10000,False,
0.42000000000000004,799,260518386,3,0.009999999999999995,10000,False,
0.44,800,260518387,3,0.05000000000000001,10000,False,
0.44,800,260518387,3,0.009999999999999995,10000,False,
0.46,801,260518388,3,0.05000000000000001,10000,False,
0.46,801,260518388,3,0.009999999999999995,10000,False,
0.48000000000000004,802,260518389,3,0.05000000000000001,10000,False,
0.48000000000000004,802,260518389,3,0.009999999999999995,10000,False,
0.5,803,260518390,3,0.05000000000000001,10000,False,
0.5,803,260518390,3,0.009999999999999995,10000,False,
0.52,804,260518391,3,0.05000000000000001,10000,False,
0.52,804,260518391,3,0.009999999999999995,10000,False,
0.54,805,260518392,3,0.05000000000000001,10000,False,
0.54,805,260518392,3,0.009999999999999995,10000,False,
0.56,806,260518393,3,0.05000000000000001,10000,False,
0.56,806,260518393,3,0.009999999999999995,10000,False,
0.5800000000000001,807,260518394,3,0.05000000000000001,10000,False,
0.5800000000000001,807,260518394,3,0.009999999999999995,10000,False,
0.6000000000000001,808,260518395,3,0.05000000000000001,10000,False,
0.6000000000000001,808,260518395,3,0.009999999999999995,10000,False,
0.6200000000000001,809,260518396,3,0.05000000000000001,10000,False,
0.6200000000000001,809,260518396,3,0.009999999999999995,10000,False,
0.6400000000000001,810,260518397,3,0.05000000000000001,10000,False,
0.6400000000000001,810,260518397,3,0.009999999999999995,10000,False,
0.66,811,260518398,3,0.05000000000000001,10000,False,
0.66,811,260518398,3,0.009999999999999995,10000,False,
0.68,812,260518399,3,0.05000000000000001,10000,False,
0.68,812,260518399,3,0.009999999999999995,10000,False,
0.7,813,260518400,3,0.05000000000000001,10000,False,
0.7,813,260518400,3,0.009999999999999995,10000,False,
0.72,814,260518401,3,0.05000000000000001,10000,False,
0.72,814,260518401,3,0.009999999999999995,10000,False,
0.74,815,260518402,3,0.05000000000000001,10000,False,
0.74,815,260518402,3,0.009999999999999995,10000,False,
0.76,816,260518403,3,0.05000000000000001,10000,False,
0.76,816,260518403,3,0.009999999999999995,10000,False,
0.78,817,260518404,3,0.05000000000000001,10000,False,
0.78,817,260518404,3,0.009999999999999995,10000,False,
0.8,818,260518405,3,0.05000000000000001,10000,False,
0.8,818,260518405,3,0.009999999999999995,10000,False,
0.4,819,260518406,4,0.05000000000000001,10000,False,
0.4,819,260518406,4,0.009999999999999995,10000,False,
0.42000000000000004,820,260518407,4,0.05000000000000001,10000,False,
0.42000000000000004,820,260518407,4,0.009999999999999995,10000,False,
0.44,821,260518408,4,0.05000000000000001,10000,False,
0.44,821,260518408,4,0.009999999999999995,10000,False,
0.46,822,260518409,4,0.05000000000000001,10000,False,
0.46,822,260518409,4,0.009999999999999995,10000,False,
0.48000000000000004,823,260518410,4,0.05000000000000001,10000,False,
0.48000000000000004,823,260518410,4,0.009999999999999995,10000,False,
0.5,824,260518411,4,0.05000000000000001,10000,False,
0.5,824,260518411,4,0.009999999999999995,10000,False,
0.52,825,260518412,4,0.05000000000000001,10000,False,
0.52,825,260518412,4,0.009999999999999995,10000,False,
0.54,826,260518413,4,0.05000000000000001,10000,False,
0.54,826,260518413,4,0.009999999999999995,10000,False,
0.56,827,260518414,4,0.05000000000000001,10000,False,
0.56,827,260518414,4,0.009999999999999995,10000,False,
0.5800000000000001,828,260518415,4,0.05000000000000001,10000,False,
0.5800000000000001,828,260518415,4,0.009999999999999995,10000,False,
0.6000000000000001,829,260518416,4,0.05000000000000001,10000,False,
0.6000000000000001,829,260518416,4,0.009999999999999995,10000,False,
0.6200000000000001,830,260518417,4,0.05000000000000001,10000,False,
0.6200000000000001,830,260518417,4,0.009999999999999995,10000,False,
0.6400000000000001,831,260518418,4,0.05000000000000001,10000,False,
0.6400000000000001,831,260518418,4,0.009999999999999995,10000,False,
0.66,832,260518419,4,0.05000000000000001,10000,False,
0.66,832,260518419,4,0.009999999999999995,10000,False,
0.68,833,260518420,4,0.05000000000000001,10000,False,
0.68,833,260518420,4,0.009999999999999995,10000,False,
0.7,834,260518421,4,0.05000000000000001,10000,False,
0.7,834,260518421,4,0.009999999999999995,10000,False,
0.72,835,260518422,4,0.05000000000000001,10000,False,
0.72,835,260518422,4,0.009999999999999995,10000,False,
0.74,836,260518423,4,0.05000000000000001,10000,False,
0.74,836,260518423,4,0.009999999999999995,10000,False,
0.76,837,260518424,4,0.05000000000000001,10000,False,
0.76,837,260518424,4,0.009999999999999995,10000,False,
0.78,838,260518425,4,0.05000000000000001,10000,False,
0.78,838,260518425,4,0.009999999999999995,10000,False,
0.8,839,260518426,4,0.05000000000000001,10000,False,
0.8,839,260518426,4,0.009999999999999995,10000,False,
0.4,840,260518427,0,0.05000000000000001,10000,False,
0.4,840,260518427,0,0.009999999999999995,10000,False,
0.42000000000000004,841,260518428,0,0.05000000000000001,10000,False,
0.42000000000000004,841,260518428,0,0.009999999999999995,10000,False,
0.44,842,260518429,0,0.05000000000000001,10000,False,
0.44,842,260518429,0,0.009999999999999995,10000,False,
0.46,843,260518430,0,0.05000000000000001,10000,False,
0.46,843,260518430,0,0.009999999999999995,10000,False,
0.48000000000000004,844,260518431,0,0.05000000000000001,10000,False,
0.48000000000000004,844,260518431,0,0.009999999999999995,10000,False,
0.5,845,260518432,0,0.05000000000000001,10000,False,
0.5,845,260518432,0,0.009999999999999995,10000,False,
0.52,846,260518433,0,0.05000000000000001,10000,False,
0.52,846,260518433,0,0.009999999999999995,10000,False,
0.54,847,260518434,0,0.05000000000000001,10000,False,
0.54,847,260518434,0,0.009999999999999995,10000,False,
0.56,848,260518435,0,0.05000000000000001,10000,False,
0.56,848,260518435,0,0.009999999999999995,10000,False,
0.5800000000000001,849,260518436,0,0.05000000000000001,10000,False,
0.5800000000000001,849,260518436,0,0.009999999999999995,10000,False,
0.6000000000000001,850,260518437,0,0.05000000000000001,10000,False,
0.6000000000000001,850,260518437,0,0.009999999999999995,10000,False,
0.6200000000000001,851,260518438,0,0.05000000000000001,10000,False,
0.6200000000000001,851,260518438,0,0.009999999999999995,10000,False,
0.6400000000000001,852,260518439,0,0.05000000000000001,10000,False,
0.6400000000000001,852,260518439,0,0.009999999999999995,10000,False,
0.66,853,260518440,0,0.05000000000000001,10000,False,
0.66,853,260518440,0,0.009999999999999995,10000,False,
0.68,854,260518441,0,0.05000000000000001,10000,False,
0.68,854,260518441,0,0.009999999999999995,10000,False,
0.7,855,260518442,0,0.05000000000000001,10000,False,
0.7,855,260518442,0,0.009999999999999995,10000,False,
0.72,856,260518443,0,0.05000000000000001,10000,False,
0.72,856,260518443,0,0.009999999999999995,10000,False,
0.74,857,260518444,0,0.05000000000000001,10000,False,
0.74,857,260518444,0,0.009999999999999995,10000,False,
0.76,858,260518445,0,0.05000000000000001,10000,False,
0.76,858,260518445,0,0.009999999999999995,10000,False,
0.78,859,260518446,0,0.05000000000000001,10000,False,
0.78,859,260518446,0,0.009999999999999995,10000,False,
0.8,860,260518447,0,0.05000000000000001,10000,False,
0.8,860,260518447,0,0.009999999999999995,10000,False,
0.4,861,260518448,1,0.05000000000000001,10000,False,
0.4,861,260518448,1,0.009999999999999995,10000,False,
0.42000000000000004,862,260518449,1,0.05000000000000001,10000,False,
0.42000000000000004,862,260518449,1,0.009999999999999995,10000,False,
0.44,863,260518450,1,0.05000000000000001,10000,False,
0.44,863,260518450,1,0.009999999999999995,10000,False,
0.46,864,260518451,1,0.05000000000000001,10000,False,
0.46,864,260518451,1,0.009999999999999995,10000,False,
0.48000000000000004,865,260518452,1,0.05000000000000001,10000,False,
0.48000000000000004,865,260518452,1,0.009999999999999995,10000,False,
0.5,866,260518453,1,0.05000000000000001,10000,False,
0.5,866,260518453,1,0.009999999999999995,10000,False,
0.52,867,260518454,1,0.05000000000000001,10000,False,
0.52,867,260518454,1,0.009999999999999995,10000,False,
0.54,868,260518455,1,0.05000000000000001,10000,False,
0.54,868,260518455,1,0.009999999999999995,10000,False,
0.56,869,260518456,1,0.05000000000000001,10000,False,
0.56,869,260518456,1,0.009999999999999995,10000,False,
0.5800000000000001,870,260518457,1,0.05000000000000001,10000,False,
0.5800000000000001,870,260518457,1,0.009999999999999995,10000,False,
0.6000000000000001,871,260518458,1,0.05000000000000001,10000,False,
0.6000000000000001,871,260518458,1,0.009999999999999995,10000,False,
0.6200000000000001,872,260518459,1,0.05000000000000001,10000,False,
0.6200000000000001,872,260518459,1,0.009999999999999995,10000,False,
0.6400000000000001,873,260518460,1,0.05000000000000001,10000,False,
0.6400000000000001,873,260518460,1,0.009999999999999995,10000,False,
0.66,874,260518461,1,0.05000000000000001,10000,False,
0.66,874,260518461,1,0.009999999999999995,10000,False,
0.68,875,260518462,1,0.05000000000000001,10000,False,
0.68,875,260518462,1,0.009999999999999995,10000,False,
0.7,876,260518463,1,0.05000000000000001,10000,False,
0.7,876,260518463,1,0.009999999999999995,10000,False,
0.72,877,260518464,1,0.05000000000000001,10000,False,
0.72,877,260518464,1,0.009999999999999995,10000,False,
0.74,878,260518465,1,0.05000000000000001,10000,False,
0.74,878,260518465,1,0.009999999999999995,10000,False,
0.76,879,260518466,1,0.05000000000000001,10000,False,
0.76,879,260518466,1,0.009999999999999995,10000,False,
0.78,880,260518467,1,0.05000000000000001,10000,False,
0.78,880,260518467,1,0.009999999999999995,10000,False,
0.8,881,260518468,1,0.05000000000000001,10000,False,
0.8,881,260518468,1,0.009999999999999995,10000,False,
0.4,882,260518469,2,0.05000000000000001,10000,False,
0.4,882,260518469,2,0.009999999999999995,10000,False,
0.42000000000000004,883,260518470,2,0.05000000000000001,10000,False,
0.42000000000000004,883,260518470,2,0.009999999999999995,10000,False,
0.44,884,260518471,2,0.05000000000000001,10000,False,
0.44,884,260518471,2,0.009999999999999995,10000,False,
0.46,885,260518472,2,0.05000000000000001,10000,False,
0.46,885,260518472,2,0.009999999999999995,10000,False,
0.48000000000000004,886,260518473,2,0.05000000000000001,10000,False,
0.48000000000000004,886,260518473,2,0.009999999999999995,10000,False,
0.5,887,260518474,2,0.05000000000000001,10000,False,
0.5,887,260518474,2,0.009999999999999995,10000,False,
0.52,888,260518475,2,0.05000000000000001,10000,False,
0.52,888,260518475,2,0.009999999999999995,10000,False,
0.54,889,260518476,2,0.05000000000000001,10000,False,
0.54,889,260518476,2,0.009999999999999995,10000,False,
0.56,890,260518477,2,0.05000000000000001,10000,False,
0.56,890,260518477,2,0.009999999999999995,10000,False,
0.5800000000000001,891,260518478,2,0.05000000000000001,10000,False,
0.5800000000000001,891,260518478,2,0.009999999999999995,10000,False,
0.6000000000000001,892,260518479,2,0.05000000000000001,10000,False,
0.6000000000000001,892,260518479,2,0.009999999999999995,10000,False,
0.6200000000000001,893,260518480,2,0.05000000000000001,10000,False,
0.6200000000000001,893,260518480,2,0.009999999999999995,10000,False,
0.6400000000000001,894,260518481,2,0.05000000000000001,10000,False,
0.6400000000000001,894,260518481,2,0.009999999999999995,10000,False,
0.66,895,260518482,2,0.05000000000000001,10000,False,
0.66,895,260518482,2,0.009999999999999995,10000,False,
0.68,896,260518483,2,0.05000000000000001,10000,False,
0.68,896,260518483,2,0.009999999999999995,10000,False,
0.7,897,260518484,2,0.05000000000000001,10000,False,
0.7,897,260518484,2,0.009999999999999995,10000,False,
0.72,898,260518485,2,0.05000000000000001,10000,False,
0.72,898,260518485,2,0.009999999999999995,10000,False,
0.74,899,260518486,2,0.05000000000000001,10000,False,
0.74,899,260518486,2,0.009999999999999995,10000,False,
0.76,900,260518487,2,0.05000000000000001,10000,False,
0.76,900,260518487,2,0.009999999999999995,10000,False,
0.78,901,260518488,2,0.05000000000000001,10000,False,
0.78,901,260518488,2,0.009999999999999995,10000,False,
0.8,902,260518489,2,0.05000000000000001,10000,False,
0.8,902,260518489,2,0.009999999999999995,10000,False,
0.4,903,260518490,3,0.05000000000000001,10000,False,
0.4,903,260518490,3,0.009999999999999995,10000,False,
0.42000000000000004,904,260518491,3,0.05000000000000001,10000,False,
0.42000000000000004,904,260518491,3,0.009999999999999995,10000,False,
0.44,905,260518492,3,0.05000000000000001,10000,False,
0.44,905,260518492,3,0.009999999999999995,10000,False,
0.46,906,260518493,3,0.05000000000000001,10000,False,
0.46,906,260518493,3,0.009999999999999995,10000,False,
0.48000000000000004,907,260518494,3,0.05000000000000001,10000,False,
0.48000000000000004,907,260518494,3,0.009999999999999995,10000,False,
0.5,908,260518495,3,0.05000000000000001,10000,False,
0.5,908,260518495,3,0.009999999999999995,10000,False,
0.52,909,260518496,3,0.05000000000000001,10000,False,
0.52,909,260518496,3,0.009999999999999995,10000,False,
0.54,910,260518497,3,0.05000000000000001,10000,False,
0.54,910,260518497,3,0.009999999999999995,10000,False,
0.56,911,260518498,3,0.05000000000000001,10000,False,
0.56,911,260518498,3,0.009999999999999995,10000,False,
0.5800000000000001,912,260518499,3,0.05000000000000001,10000,False,
0.5800000000000001,912,260518499,3,0.009999999999999995,10000,False,
0.6000000000000001,913,260518500,3,0.05000000000000001,10000,False,
0.6000000000000001,913,260518500,3,0.009999999999999995,10000,False,
0.6200000000000001,914,260518501,3,0.05000000000000001,10000,False,
0.6200000000000001,914,260518501,3,0.009999999999999995,10000,False,
0.6400000000000001,915,260518502,3,0.05000000000000001,10000,False,
0.6400000000000001,915,260518502,3,0.009999999999999995,10000,False,
0.66,916,260518503,3,0.05000000000000001,10000,False,
0.66,916,260518503,3,0.009999999999999995,10000,False,
0.68,917,260518504,3,0.05000000000000001,10000,False,
0.68,917,260518504,3,0.009999999999999995,10000,False,
0.7,918,260518505,3,0.05000000000000001,10000,False,
0.7,918,260518505,3,0.009999999999999995,10000,False,
0.72,919,260518506,3,0.05000000000000001,10000,False,
0.72,919,260518506,3,0.009999999999999995,10000,False,
0.74,920,260518507,3,0.05000000000000001,10000,False,
0.74,920,260518507,3,0.009999999999999995,10000,False,
0.76,921,260518508,3,0.05000000000000001,10000,False,
0.76,921,260518508,3,0.009999999999999995,10000,False,
0.78,922,260518509,3,0.05000000000000001,10000,False,
0.78,922,260518509,3,0.009999999999999995,10000,False,
0.8,923,260518510,3,0.05000000000000001,10000,False,
0.8,923,260518510,3,0.009999999999999995,10000,False,
0.4,924,260518511,4,0.05000000000000001,10000,False,
0.4,924,260518511,4,0.009999999999999995,10000,False,
0.42000000000000004,925,260518512,4,0.05000000000000001,10000,False,
0.42000000000000004,925,260518512,4,0.009999999999999995,10000,False,
0.44,926,260518513,4,0.05000000000000001,10000,False,
0.44,926,260518513,4,0.009999999999999995,10000,False,
0.46,927,260518514,4,0.05000000000000001,10000,False,
0.46,927,260518514,4,0.009999999999999995,10000,False,
0.48000000000000004,928,260518515,4,0.05000000000000001,10000,False,
0.48000000000000004,928,260518515,4,0.009999999999999995,10000,False,
0.5,929,260518516,4,0.05000000000000001,10000,False,
0.5,929,260518516,4,0.009999999999999995,10000,False,
0.52,930,260518517,4,0.05000000000000001,10000,False,
0.52,930,260518517,4,0.009999999999999995,10000,False,
0.54,931,260518518,4,0.05000000000000001,10000,False,
0.54,931,260518518,4,0.009999999999999995,10000,False,
0.56,932,260518519,4,0.05000000000000001,10000,False,
0.56,932,260518519,4,0.009999999999999995,10000,False,
0.5800000000000001,933,260518520,4,0.05000000000000001,10000,False,
0.5800000000000001,933,260518520,4,0.009999999999999995,10000,False,
0.6000000000000001,934,260518521,4,0.05000000000000001,10000,False,
0.6000000000000001,934,260518521,4,0.009999999999999995,10000,False,
0.6200000000000001,935,260518522,4,0.05000000000000001,10000,False,
0.6200000000000001,935,260518522,4,0.009999999999999995,10000,False,
0.6400000000000001,936,260518523,4,0.05000000000000001,10000,False,
0.6400000000000001,936,260518523,4,0.009999999999999995,10000,False,
0.66,937,260518524,4,0.05000000000000001,10000,False,
0.66,937,260518524,4,0.009999999999999995,10000,False,
0.68,938,260518525,4,0.05000000000000001,10000,False,
0.68,938,260518525,4,0.009999999999999995,10000,False,
0.7,939,260518526,4,0.05000000000000001,10000,False,
0.7,939,260518526,4,0.009999999999999995,10000,False,
0.72,940,260518527,4,0.05000000000000001,10000,False,
0.72,940,260518527,4,0.009999999999999995,10000,False,
0.74,941,260518528,4,0.05000000000000001,10000,False,
0.74,941,260518528,4,0.009999999999999995,10000,False,
0.76,942,260518529,4,0.05000000000000001,10000,False,
0.76,942,260518529,4,0.009999999999999995,10000,False,
0.78,943,260518530,4,0.05000000000000001,10000,False,
0.78,943,260518530,4,0.009999999999999995,10000,False,
0.8,944,260518531,4,0.05000000000000001,10000,False,
0.8,944,260518531,4,0.009999999999999995,10000,False,
0.4,945,260518532,0,0.05000000000000001,10000,False,
0.4,945,260518532,0,0.009999999999999995,10000,False,
0.42000000000000004,946,260518533,0,0.05000000000000001,10000,False,
0.42000000000000004,946,260518533,0,0.009999999999999995,10000,False,
0.44,947,260518534,0,0.05000000000000001,10000,False,
0.44,947,260518534,0,0.009999999999999995,10000,False,
0.46,948,260518535,0,0.05000000000000001,10000,False,
0.46,948,260518535,0,0.009999999999999995,10000,False,
0.48000000000000004,949,260518536,0,0.05000000000000001,10000,False,
0.48000000000000004,949,260518536,0,0.009999999999999995,10000,False,
0.5,950,260518537,0,0.05000000000000001,10000,False,
0.5,950,260518537,0,0.009999999999999995,10000,False,
0.52,951,260518538,0,0.05000000000000001,10000,False,
0.52,951,260518538,0,0.009999999999999995,10000,False,
0.54,952,260518539,0,0.05000000000000001,10000,False,
0.54,952,260518539,0,0.009999999999999995,10000,False,
0.56,953,260518540,0,0.05000000000000001,10000,False,
0.56,953,260518540,0,0.009999999999999995,10000,False,
0.5800000000000001,954,260518541,0,0.05000000000000001,10000,False,
0.5800000000000001,954,260518541,0,0.009999999999999995,10000,False,
0.6000000000000001,955,260518542,0,0.05000000000000001,10000,False,
0.6000000000000001,955,260518542,0,0.009999999999999995,10000,False,
0.6200000000000001,956,260518543,0,0.05000000000000001,10000,False,
0.6200000000000001,956,260518543,0,0.009999999999999995,10000,False,
0.6400000000000001,957,260518544,0,0.05000000000000001,10000,False,
0.6400000000000001,957,260518544,0,0.009999999999999995,10000,False,
0.66,958,260518545,0,0.05000000000000001,10000,False,
0.66,958,260518545,0,0.009999999999999995,10000,False,
0.68,959,260518546,0,0.05000000000000001,10000,False,
0.68,959,260518546,0,0.009999999999999995,10000,False,
0.7,960,260518547,0,0.05000000000000001,10000,False,
0.7,960,260518547,0,0.009999999999999995,10000,False,
0.72,961,260518548,0,0.05000000000000001,10000,False,
0.72,961,260518548,0,0.009999999999999995,10000,False,
0.74,962,260518549,0,0.05000000000000001,10000,False,
0.74,962,260518549,0,0.009999999999999995,10000,False,
0.76,963,260518550,0,0.05000000000000001,10000,False,
0.76,963,260518550,0,0.009999999999999995,10000,False,
0.78,964,260518551,0,0.05000000000000001,10000,False,
0.78,964,260518551,0,0.009999999999999995,10000,False,
0.8,965,260518552,0,0.05000000000000001,10000,False,
0.8,965,260518552,0,0.009999999999999995,10000,False,
0.4,966,260518553,1,0.05000000000000001,10000,False,
0.4,966,260518553,1,0.009999999999999995,10000,False,
0.42000000000000004,967,260518554,1,0.05000000000000001,10000,False,
0.42000000000000004,967,260518554,1,0.009999999999999995,10000,False,
0.44,968,260518555,1,0.05000000000000001,10000,False,
0.44,968,260518555,1,0.009999999999999995,10000,False,
0.46,969,260518556,1,0.05000000000000001,10000,False,
0.46,969,260518556,1,0.009999999999999995,10000,False,
0.48000000000000004,970,260518557,1,0.05000000000000001,10000,False,
0.48000000000000004,970,260518557,1,0.009999999999999995,10000,False,
0.5,971,260518558,1,0.05000000000000001,10000,False,
0.5,971,260518558,1,0.009999999999999995,10000,False,
0.52,972,260518559,1,0.05000000000000001,10000,False,
0.52,972,260518559,1,0.009999999999999995,10000,False,
0.54,973,260518560,1,0.05000000000000001,10000,False,
0.54,973,260518560,1,0.009999999999999995,10000,False,
0.56,974,260518561,1,0.05000000000000001,10000,False,
0.56,974,260518561,1,0.009999999999999995,10000,False,
0.5800000000000001,975,260518562,1,0.05000000000000001,10000,False,
0.5800000000000001,975,260518562,1,0.009999999999999995,10000,False,
0.6000000000000001,976,260518563,1,0.05000000000000001,10000,False,
0.6000000000000001,976,260518563,1,0.009999999999999995,10000,False,
0.6200000000000001,977,260518564,1,0.05000000000000001,10000,False,
0.6200000000000001,977,260518564,1,0.009999999999999995,10000,False,
0.6400000000000001,978,260518565,1,0.05000000000000001,10000,False,
0.6400000000000001,978,260518565,1,0.009999999999999995,10000,False,
0.66,979,260518566,1,0.05000000000000001,10000,False,
0.66,979,260518566,1,0.009999999999999995,10000,False,
0.68,980,260518567,1,0.05000000000000001,10000,False,
0.68,980,260518567,1,0.009999999999999995,10000,False,
0.7,981,260518568,1,0.05000000000000001,10000,False,
0.7,981,260518568,1,0.009999999999999995,10000,False,
0.72,982,260518569,1,0.05000000000000001,10000,False,
0.72,982,260518569,1,0.009999999999999995,10000,False,
0.74,983,260518570,1,0.05000000000000001,10000,False,
0.74,983,260518570,1,0.009999999999999995,10000,False,
0.76,984,260518571,1,0.05000000000000001,10000,False,
0.76,984,260518571,1,0.009999999999999995,10000,False,
0.78,985,260518572,1,0.05000000000000001,10000,False,
0.78,985,260518572,1,0.009999999999999995,10000,False,
0.8,986,260518573,1,0.05000000000000001,10000,False,
0.8,986,260518573,1,0.009999999999999995,10000,False,
0.4,987,260518574,2,0.05000000000000001,10000,False,
0.4,987,260518574,2,0.009999999999999995,10000,False,
0.42000000000000004,988,260518575,2,0.05000000000000001,10000,False,
0.42000000000000004,988,260518575,2,0.009999999999999995,10000,False,
0.44,989,260518576,2,0.05000000000000001,10000,False,
0.44,989,260518576,2,0.009999999999999995,10000,False,
0.46,990,260518577,2,0.05000000000000001,10000,False,
0.46,990,260518577,2,0.009999999999999995,10000,False,
0.48000000000000004,991,260518578,2,0.05000000000000001,10000,False,
0.48000000000000004,991,260518578,2,0.009999999999999995,10000,False,
0.5,992,260518579,2,0.05000000000000001,10000,False,
0.5,992,260518579,2,0.009999999999999995,10000,False,
0.52,993,260518580,2,0.05000000000000001,10000,False,
0.52,993,260518580,2,0.009999999999999995,10000,False,
0.54,994,260518581,2,0.05000000000000001,10000,False,
0.54,994,260518581,2,0.009999999999999995,10000,False,
0.56,995,260518582,2,0.05000000000000001,10000,False,
0.56,995,260518582,2,0.009999999999999995,10000,False,
0.5800000000000001,996,260518583,2,0.05000000000000001,10000,False,
0.5800000000000001,996,260518583,2,0.009999999999999995,10000,False,
0.6000000000000001,997,260518584,2,0.05000000000000001,10000,False,
0.6000000000000001,997,260518584,2,0.009999999999999995,10000,False,
0.6200000000000001,998,260518585,2,0.05000000000000001,10000,False,
0.6200000000000001,998,260518585,2,0.009999999999999995,10000,False,
0.6400000000000001,999,260518586,2,0.05000000000000001,10000,False,
0.6400000000000001,999,260518586,2,0.009999999999999995,10000,False,
0.66,1000,260518587,2,0.05000000000000001,10000,False,
0.66,1000,260518587,2,0.009999999999999995,10000,False,
0.68,1001,260518588,2,0.05000000000000001,10000,False,
0.68,1001,260518588,2,0.009999999999999995,10000,False,
0.7,1002,260518589,2,0.05000000000000001,10000,False,
0.7,1002,260518589,2,0.009999999999999995,10000,False,
0.72,1003,260518590,2,0.05000000000000001,10000,False,
0.72,1003,260518590,2,0.009999999999999995,10000,False,
0.74,1004,260518591,2,0.05000000000000001,10000,False,
0.74,1004,260518591,2,0.009999999999999995,10000,False,
0.76,1005,260518592,2,0.05000000000000001,10000,False,
0.76,1005,260518592,2,0.009999999999999995,10000,False,
0.78,1006,260518593,2,0.05000000000000001,10000,False,
0.78,1006,260518593,2,0.009999999999999995,10000,False,
0.8,1007,260518594,2,0.05000000000000001,10000,False,
0.8,1007,260518594,2,0.009999999999999995,10000,False,
0.4,1008,260518595,3,0.05000000000000001,10000,False,
0.4,1008,260518595,3,0.009999999999999995,10000,False,
0.42000000000000004,1009,260518596,3,0.05000000000000001,10000,False,
0.42000000000000004,1009,260518596,3,0.009999999999999995,10000,False,
0.44,1010,260518597,3,0.05000000000000001,10000,False,
0.44,1010,260518597,3,0.009999999999999995,10000,False,
0.46,1011,260518598,3,0.05000000000000001,10000,False,
0.46,1011,260518598,3,0.009999999999999995,10000,False,
0.48000000000000004,1012,260518599,3,0.05000000000000001,10000,False,
0.48000000000000004,1012,260518599,3,0.009999999999999995,10000,False,
0.5,1013,260518600,3,0.05000000000000001,10000,False,
0.5,1013,260518600,3,0.009999999999999995,10000,False,
0.52,1014,260518601,3,0.05000000000000001,10000,False,
0.52,1014,260518601,3,0.009999999999999995,10000,False,
0.54,1015,260518602,3,0.05000000000000001,10000,False,
0.54,1015,260518602,3,0.009999999999999995,10000,False,
0.56,1016,260518603,3,0.05000000000000001,10000,False,
0.56,1016,260518603,3,0.009999999999999995,10000,False,
0.5800000000000001,1017,260518604,3,0.05000000000000001,10000,False,
0.5800000000000001,1017,260518604,3,0.009999999999999995,10000,False,
0.6000000000000001,1018,260518605,3,0.05000000000000001,10000,False,
0.6000000000000001,1018,260518605,3,0.009999999999999995,10000,False,
0.6200000000000001,1019,260518606,3,0.05000000000000001,10000,False,
0.6200000000000001,1019,260518606,3,0.009999999999999995,10000,False,
0.6400000000000001,1020,260518607,3,0.05000000000000001,10000,False,
0.6400000000000001,1020,260518607,3,0.009999999999999995,10000,False,
0.66,1021,260518608,3,0.05000000000000001,10000,False,
0.66,1021,260518608,3,0.009999999999999995,10000,False,
0.68,1022,260518609,3,0.05000000000000001,10000,False,
0.68,1022,260518609,3,0.009999999999999995,10000,False,
0.7,1023,260518610,3,0.05000000000000001,10000,False,
0.7,1023,260518610,3,0.009999999999999995,10000,False,
0.72,1024,260518611,3,0.05000000000000001,10000,False,
0.72,1024,260518611,3,0.009999999999999995,10000,False,
0.74,1025,260518612,3,0.05000000000000001,10000,False,
0.74,1025,260518612,3,0.009999999999999995,10000,False,
0.76,1026,260518613,3,0.05000000000000001,10000,False,
0.76,1026,260518613,3,0.009999999999999995,10000,False,
0.78,1027,260518614,3,0.05000000000000001,10000,False,
0.78,1027,260518614,3,0.009999999999999995,10000,False,
0.8,1028,260518615,3,0.05000000000000001,10000,False,
0.8,1028,260518615,3,0.009999999999999995,10000,False,
0.4,1029,260518616,4,0.05000000000000001,10000,False,
0.4,1029,260518616,4,0.009999999999999995,10000,False,
0.42000000000000004,1030,260518617,4,0.05000000000000001,10000,False,
0.42000000000000004,1030,260518617,4,0.009999999999999995,10000,False,
0.44,1031,260518618,4,0.05000000000000001,10000,False,
0.44,1031,260518618,4,0.009999999999999995,10000,False,
0.46,1032,260518619,4,0.05000000000000001,10000,False,
0.46,1032,260518619,4,0.009999999999999995,10000,False,
0.48000000000000004,1033,260518620,4,0.05000000000000001,10000,False,
0.48000000000000004,1033,260518620,4,0.009999999999999995,10000,False,
0.5,1034,260518621,4,0.05000000000000001,10000,False,
0.5,1034,260518621,4,0.009999999999999995,10000,False,
0.52,1035,260518622,4,0.05000000000000001,10000,False,
0.52,1035,260518622,4,0.009999999999999995,10000,False,
0.54,1036,260518623,4,0.05000000000000001,10000,False,
0.54,1036,260518623,4,0.009999999999999995,10000,False,
0.56,1037,260518624,4,0.05000000000000001,10000,False,
0.56,1037,260518624,4,0.009999999999999995,10000,False,
0.5800000000000001,1038,260518625,4,0.05000000000000001,10000,False,
0.5800000000000001,1038,260518625,4,0.009999999999999995,10000,False,
0.6000000000000001,1039,260518626,4,0.05000000000000001,10000,False,
0.6000000000000001,1039,260518626,4,0.009999999999999995,10000,False,
0.6200000000000001,1040,260518627,4,0.05000000000000001,10000,False,
0.6200000000000001,1040,260518627,4,0.009999999999999995,10000,False,
0.6400000000000001,1041,260518628,4,0.05000000000000001,10000,False,
0.6400000000000001,1041,260518628,4,0.009999999999999995,10000,False,
0.66,1042,260518629,4,0.05000000000000001,10000,False,
0.66,1042,260518629,4,0.009999999999999995,10000,False,
0.68,1043,260518630,4,0.05000000000000001,10000,False,
0.68,1043,260518630,4,0.009999999999999995,10000,False,
0.7,1044,260518631,4,0.05000000000000001,10000,False,
0.7,1044,260518631,4,0.009999999999999995,10000,False,
0.72,1045,260518632,4,0.05000000000000001,10000,False,
0.72,1045,260518632,4,0.009999999999999995,10000,False,
0.74,1046,260518633,4,0.05000000000000001,10000,False,
0.74,1046,260518633,4,0.009999999999999995,10000,False,
0.76,1047,260518634,4,0.05000000000000001,10000,False,
0.76,1047,260518634,4,0.009999999999999995,10000,False,
0.78,1048,260518635,4,0.05000000000000001,10000,False,
0.78,1048,260518635,4,0.009999999999999995,10000,False,
0.8,1049,260518636,4,0.05000000000000001,10000,False,
0.8,1049,260518636,4,0.009999999999999995,10000,False,
0.4,1050,260518637,0,0.05000000000000001,10000,False,
0.4,1050,260518637,0,0.009999999999999995,10000,False,
0.42000000000000004,1051,260518638,0,0.05000000000000001,10000,False,
0.42000000000000004,1051,260518638,0,0.009999999999999995,10000,False,
0.44,1052,260518639,0,0.05000000000000001,10000,False,
0.44,1052,260518639,0,0.009999999999999995,10000,False,
0.46,1053,260518640,0,0.05000000000000001,10000,False,
0.46,1053,260518640,0,0.009999999999999995,10000,False,
0.48000000000000004,1054,260518641,0,0.05000000000000001,10000,False,
0.48000000000000004,1054,260518641,0,0.009999999999999995,10000,False,
0.5,1055,260518642,0,0.05000000000000001,10000,False,
0.5,1055,260518642,0,0.009999999999999995,10000,False,
0.52,1056,260518643,0,0.05000000000000001,10000,False,
0.52,1056,260518643,0,0.009999999999999995,10000,False,
0.54,1057,260518644,0,0.05000000000000001,10000,False,
0.54,1057,260518644,0,0.009999999999999995,10000,False,
0.56,1058,260518645,0,0.05000000000000001,10000,False,
0.56,1058,260518645,0,0.009999999999999995,10000,False,
0.5800000000000001,1059,260518646,0,0.05000000000000001,10000,False,
0.5800000000000001,1059,260518646,0,0.009999999999999995,10000,False,
0.6000000000000001,1060,260518647,0,0.05000000000000001,10000,False,
0.6000000000000001,1060,260518647,0,0.009999999999999995,10000,False,
0.6200000000000001,1061,260518648,0,0.05000000000000001,10000,False,
0.6200000000000001,1061,260518648,0,0.009999999999999995,10000,False,
0.6400000000000001,1062,260518649,0,0.05000000000000001,10000,False,
0.6400000000000001,1062,260518649,0,0.009999999999999995,10000,False,
0.66,1063,260518650,0,0.05000000000000001,10000,False,
0.66,1063,260518650,0,0.009999999999999995,10000,False,
0.68,1064,260518651,0,0.05000000000000001,10000,False,
0.68,1064,260518651,0,0.009999999999999995,10000,False,
0.7,1065,260518652,0,0.05000000000000001,10000,False,
0.7,1065,260518652,0,0.009999999999999995,10000,False,
0.72,1066,260518653,0,0.05000000000000001,10000,False,
0.72,1066,260518653,0,0.009999999999999995,10000,False,
0.74,1067,260518654,0,0.05000000000000001,10000,False,
0.74,1067,260518654,0,0.009999999999999995,10000,False,
0.76,1068,260518655,0,0.05000000000000001,10000,False,
0.76,1068,260518655,0,0.009999999999999995,10000,False,
0.78,1069,260518656,0,0.05000000000000001,10000,False,
0.78,1069,260518656,0,0.009999999999999995,10000,False,
0.8,1070,260518657,0,0.05000000000000001,10000,False,
0.8,1070,260518657,0,0.009999999999999995,10000,False,
0.4,1071,260518658,1,0.05000000000000001,10000,False,
0.4,1071,260518658,1,0.009999999999999995,10000,False,
0.42000000000000004,1072,260518659,1,0.05000000000000001,10000,False,
0.42000000000000004,1072,260518659,1,0.009999999999999995,10000,False,
0.44,1073,260518660,1,0.05000000000000001,10000,False,
0.44,1073,260518660,1,0.009999999999999995,10000,False,
0.46,1074,260518661,1,0.05000000000000001,10000,False,
0.46,1074,260518661,1,0.009999999999999995,10000,False,
0.48000000000000004,1075,260518662,1,0.05000000000000001,10000,False,
0.48000000000000004,1075,260518662,1,0.009999999999999995,10000,False,
0.5,1076,260518663,1,0.05000000000000001,10000,False,
0.5,1076,260518663,1,0.009999999999999995,10000,False,
0.52,1077,260518664,1,0.05000000000000001,10000,False,
0.52,1077,260518664,1,0.009999999999999995,10000,False,
0.54,1078,260518665,1,0.05000000000000001,10000,False,
0.54,1078,260518665,1,0.009999999999999995,10000,False,
0.56,1079,260518666,1,0.05000000000000001,10000,False,
0.56,1079,260518666,1,0.009999999999999995,10000,False,
0.5800000000000001,1080,260518667,1,0.05000000000000001,10000,False,
0.5800000000000001,1080,260518667,1,0.009999999999999995,10000,False,
0.6000000000000001,1081,260518668,1,0.05000000000000001,10000,False,
0.6000000000000001,1081,260518668,1,0.009999999999999995,10000,False,
0.6200000000000001,1082,260518669,1,0.05000000000000001,10000,False,
0.6200000000000001,1082,260518669,1,0.009999999999999995,10000,False,
0.6400000000000001,1083,260518670,1,0.05000000000000001,10000,False,
0.6400000000000001,1083,260518670,1,0.009999999999999995,10000,False,
0.66,1084,260518671,1,0.05000000000000001,10000,False,
0.66,1084,260518671,1,0.009999999999999995,10000,False,
0.68,1085,260518672,1,0.05000000000000001,10000,False,
0.68,1085,260518672,1,0.009999999999999995,10000,False,
0.7,1086,260518673,1,0.05000000000000001,10000,False,
0.7,1086,260518673,1,0.009999999999999995,10000,False,
0.72,1087,260518674,1,0.05000000000000001,10000,False,
0.72,1087,260518674,1,0.009999999999999995,10000,False,
0.74,1088,260518675,1,0.05000000000000001,10000,False,
0.74,1088,260518675,1,0.009999999999999995,10000,False,
0.76,1089,260518676,1,0.05000000000000001,10000,False,
0.76,1089,260518676,1,0.009999999999999995,10000,False,
0.78,1090,260518677,1,0.05000000000000001,10000,False,
0.78,1090,260518677,1,0.009999999999999995,10000,False,
0.8,1091,260518678,1,0.05000000000000001,10000,False,
0.8,1091,260518678,1,0.009999999999999995,10000,False,
0.4,1092,260518679,2,0.05000000000000001,10000,False,
0.4,1092,260518679,2,0.009999999999999995,10000,False,
0.42000000000000004,1093,260518680,2,0.05000000000000001,10000,False,
0.42000000000000004,1093,260518680,2,0.009999999999999995,10000,False,
0.44,1094,260518681,2,0.05000000000000001,10000,False,
0.44,1094,260518681,2,0.009999999999999995,10000,False,
0.46,1095,260518682,2,0.05000000000000001,10000,False,
0.46,1095,260518682,2,0.009999999999999995,10000,False,
0.48000000000000004,1096,260518683,2,0.05000000000000001,10000,False,
0.48000000000000004,1096,260518683,2,0.009999999999999995,10000,False,
0.5,1097,260518684,2,0.05000000000000001,10000,False,
0.5,1097,260518684,2,0.009999999999999995,10000,False,
0.52,1098,260518685,2,0.05000000000000001,10000,False,
0.52,1098,260518685,2,0.009999999999999995,10000,False,
0.54,1099,260518686,2,0.05000000000000001,10000,False,
0.54,1099,260518686,2,0.009999999999999995,10000,False,
0.56,1100,260518687,2,0.05000000000000001,10000,False,
0.56,1100,260518687,2,0.009999999999999995,10000,False,
0.5800000000000001,1101,260518688,2,0.05000000000000001,10000,False,
0.5800000000000001,1101,260518688,2,0.009999999999999995,10000,False,
0.6000000000000001,1102,260518689,2,0.05000000000000001,10000,False,
0.6000000000000001,1102,260518689,2,0.009999999999999995,10000,False,
0.6200000000000001,1103,260518690,2,0.05000000000000001,10000,False,
0.6200000000000001,1103,260518690,2,0.009999999999999995,10000,False,
0.6400000000000001,1104,260518691,2,0.05000000000000001,10000,False,
0.6400000000000001,1104,260518691,2,0.009999999999999995,10000,False,
0.66,1105,260518692,2,0.05000000000000001,10000,False,
0.66,1105,260518692,2,0.009999999999999995,10000,False,
0.68,1106,260518693,2,0.05000000000000001,10000,False,
0.68,1106,260518693,2,0.009999999999999995,10000,False,
0.7,1107,260518694,2,0.05000000000000001,10000,False,
0.7,1107,260518694,2,0.009999999999999995,10000,False,
0.72,1108,260518695,2,0.05000000000000001,10000,False,
0.72,1108,260518695,2,0.009999999999999995,10000,False,
0.74,1109,260518696,2,0.05000000000000001,10000,False,
0.74,1109,260518696,2,0.009999999999999995,10000,False,
0.76,1110,260518697,2,0.05000000000000001,10000,False,
0.76,1110,260518697,2,0.009999999999999995,10000,False,
0.78,1111,260518698,2,0.05000000000000001,10000,False,
0.78,1111,260518698,2,0.009999999999999995,10000,False,
0.8,1112,260518699,2,0.05000000000000001,10000,False,
0.8,1112,260518699,2,0.009999999999999995,10000,False,
0.4,1113,260518700,3,0.05000000000000001,10000,False,
0.4,1113,260518700,3,0.009999999999999995,10000,False,
0.42000000000000004,1114,260518701,3,0.05000000000000001,10000,False,
0.42000000000000004,1114,260518701,3,0.009999999999999995,10000,False,
0.44,1115,260518702,3,0.05000000000000001,10000,False,
0.44,1115,260518702,3,0.009999999999999995,10000,False,
0.46,1116,260518703,3,0.05000000000000001,10000,False,
0.46,1116,260518703,3,0.009999999999999995,10000,False,
0.48000000000000004,1117,260518704,3,0.05000000000000001,10000,False,
0.48000000000000004,1117,260518704,3,0.009999999999999995,10000,False,
0.5,1118,260518705,3,0.05000000000000001,10000,False,
0.5,1118,260518705,3,0.009999999999999995,10000,False,
0.52,1119,260518706,3,0.05000000000000001,10000,False,
0.52,1119,260518706,3,0.009999999999999995,10000,False,
0.54,1120,260518707,3,0.05000000000000001,10000,False,
0.54,1120,260518707,3,0.009999999999999995,10000,False,
0.56,1121,260518708,3,0.05000000000000001,10000,False,
0.56,1121,260518708,3,0.009999999999999995,10000,False,
0.5800000000000001,1122,260518709,3,0.05000000000000001,10000,False,
0.5800000000000001,1122,260518709,3,0.009999999999999995,10000,False,
0.6000000000000001,1123,260518710,3,0.05000000000000001,10000,False,
0.6000000000000001,1123,260518710,3,0.009999999999999995,10000,False,
0.6200000000000001,1124,260518711,3,0.05000000000000001,10000,False,
0.6200000000000001,1124,260518711,3,0.009999999999999995,10000,False,
0.6400000000000001,1125,260518712,3,0.05000000000000001,10000,False,
0.6400000000000001,1125,260518712,3,0.009999999999999995,10000,False,
0.66,1126,260518713,3,0.05000000000000001,10000,False,
0.66,1126,260518713,3,0.009999999999999995,10000,False,
0.68,1127,260518714,3,0.05000000000000001,10000,False,
0.68,1127,260518714,3,0.009999999999999995,10000,False,
0.7,1128,260518715,3,0.05000000000000001,10000,False,
0.7,1128,260518715,3,0.009999999999999995,10000,False,
0.72,1129,260518716,3,0.05000000000000001,10000,False,
0.72,1129,260518716,3,0.009999999999999995,10000,False,
0.74,1130,260518717,3,0.05000000000000001,10000,False,
0.74,1130,260518717,3,0.009999999999999995,10000,False,
0.76,1131,260518718,3,0.05000000000000001,10000,False,
0.76,1131,260518718,3,0.009999999999999995,10000,False,
0.78,1132,260518719,3,0.05000000000000001,10000,False,
0.78,1132,260518719,3,0.009999999999999995,10000,False,
0.8,1133,260518720,3,0.05000000000000001,10000,False,
0.8,1133,260518720,3,0.009999999999999995,10000,False,
0.4,1134,260518721,4,0.05000000000000001,10000,False,
0.4,1134,260518721,4,0.009999999999999995,10000,False,
0.42000000000000004,1135,260518722,4,0.05000000000000001,10000,False,
0.42000000000000004,1135,260518722,4,0.009999999999999995,10000,False,
0.44,1136,260518723,4,0.05000000000000001,10000,False,
0.44,1136,260518723,4,0.009999999999999995,10000,False,
0.46,1137,260518724,4,0.05000000000000001,10000,False,
0.46,1137,260518724,4,0.009999999999999995,10000,False,
0.48000000000000004,1138,260518725,4,0.05000000000000001,10000,False,
0.48000000000000004,1138,260518725,4,0.009999999999999995,10000,False,
0.5,1139,260518726,4,0.05000000000000001,10000,False,
0.5,1139,260518726,4,0.009999999999999995,10000,False,
0.52,1140,260518727,4,0.05000000000000001,10000,False,
0.52,1140,260518727,4,0.009999999999999995,10000,False,
0.54,1141,260518728,4,0.05000000000000001,10000,False,
0.54,1141,260518728,4,0.009999999999999995,10000,False,
0.56,1142,260518729,4,0.05000000000000001,10000,False,
0.56,1142,260518729,4,0.009999999999999995,10000,False,
0.5800000000000001,1143,260518730,4,0.05000000000000001,10000,False,
0.5800000000000001,1143,260518730,4,0.009999999999999995,10000,False,
0.6000000000000001,1144,260518731,4,0.05000000000000001,10000,False,
0.6000000000000001,1144,260518731,4,0.009999999999999995,10000,False,
0.6200000000000001,1145,260518732,4,0.05000000000000001,10000,False,
0.6200000000000001,1145,260518732,4,0.009999999999999995,10000,False,
0.6400000000000001,1146,260518733,4,0.05000000000000001,10000,False,
0.6400000000000001,1146,260518733,4,0.009999999999999995,10000,False,
0.66,1147,260518734,4,0.05000000000000001,10000,False,
0.66,1147,260518734,4,0.009999999999999995,10000,False,
0.68,1148,260518735,4,0.05000000000000001,10000,False,
0.68,1148,260518735,4,0.009999999999999995,10000,False,
0.7,1149,260518736,4,0.05000000000000001,10000,False,
0.7,1149,260518736,4,0.009999999999999995,10000,False,
0.72,1150,260518737,4,0.05000000000000001,10000,False,
0.72,1150,260518737,4,0.009999999999999995,10000,False,
0.74,1151,260518738,4,0.05000000000000001,10000,False,
0.74,1151,260518738,4,0.009999999999999995,10000,False,
0.76,1152,260518739,4,0.05000000000000001,10000,False,
0.76,1152,260518739,4,0.009999999999999995,10000,False,
0.78,1153,260518740,4,0.05000000000000001,10000,False,
0.78,1153,260518740,4,0.009999999999999995,10000,False,
0.8,1154,260518741,4,0.05000000000000001,10000,False,
0.8,1154,260518741,4,0.009999999999999995,10000,False,
0.4,1155,260518742,0,0.05000000000000001,10000,False,
0.4,1155,260518742,0,0.009999999999999995,10000,False,
0.42000000000000004,1156,260518743,0,0.05000000000000001,10000,False,
0.42000000000000004,1156,260518743,0,0.009999999999999995,10000,False,
0.44,1157,260518744,0,0.05000000000000001,10000,False,
0.44,1157,260518744,0,0.009999999999999995,10000,False,
0.46,1158,260518745,0,0.05000000000000001,10000,False,
0.46,1158,260518745,0,0.009999999999999995,10000,False,
0.48000000000000004,1159,260518746,0,0.05000000000000001,10000,False,
0.48000000000000004,1159,260518746,0,0.009999999999999995,10000,False,
0.5,1160,260518747,0,0.05000000000000001,10000,False,
0.5,1160,260518747,0,0.009999999999999995,10000,False,
0.52,1161,260518748,0,0.05000000000000001,10000,False,
0.52,1161,260518748,0,0.009999999999999995,10000,False,
0.54,1162,260518749,0,0.05000000000000001,10000,False,
0.54,1162,260518749,0,0.009999999999999995,10000,False,
0.56,1163,260518750,0,0.05000000000000001,10000,False,
0.56,1163,260518750,0,0.009999999999999995,10000,False,
0.5800000000000001,1164,260518751,0,0.05000000000000001,10000,False,
0.5800000000000001,1164,260518751,0,0.009999999999999995,10000,False,
0.6000000000000001,1165,260518752,0,0.05000000000000001,10000,False,
0.6000000000000001,1165,260518752,0,0.009999999999999995,10000,False,
0.6200000000000001,1166,260518753,0,0.05000000000000001,10000,False,
0.6200000000000001,1166,260518753,0,0.009999999999999995,10000,False,
0.6400000000000001,1167,260518754,0,0.05000000000000001,10000,False,
0.6400000000000001,1167,260518754,0,0.009999999999999995,10000,False,
0.66,1168,260518755,0,0.05000000000000001,10000,False,
0.66,1168,260518755,0,0.009999999999999995,10000,False,
0.68,1169,260518756,0,0.05000000000000001,10000,False,
0.68,1169,260518756,0,0.009999999999999995,10000,False,
0.7,1170,260518757,0,0.05000000000000001,10000,False,
0.7,1170,260518757,0,0.009999999999999995,10000,False,
0.72,1171,260518758,0,0.05000000000000001,10000,False,
0.72,1171,260518758,0,0.009999999999999995,10000,False,
0.74,1172,260518759,0,0.05000000000000001,10000,False,
0.74,1172,260518759,0,0.009999999999999995,10000,False,
0.76,1173,260518760,0,0.05000000000000001,10000,False,
0.76,1173,260518760,0,0.009999999999999995,10000,False,
0.78,1174,260518761,0,0.05000000000000001,10000,False,
0.78,1174,260518761,0,0.009999999999999995,10000,False,
0.8,1175,260518762,0,0.05000000000000001,10000,False,
0.8,1175,260518762,0,0.009999999999999995,10000,False,
0.4,1176,260518763,1,0.05000000000000001,10000,False,
0.4,1176,260518763,1,0.009999999999999995,10000,False,
0.42000000000000004,1177,260518764,1,0.05000000000000001,10000,False,
0.42000000000000004,1177,260518764,1,0.009999999999999995,10000,False,
0.44,1178,260518765,1,0.05000000000000001,10000,False,
0.44,1178,260518765,1,0.009999999999999995,10000,False,
0.46,1179,260518766,1,0.05000000000000001,10000,False,
0.46,1179,260518766,1,0.009999999999999995,10000,False,
0.48000000000000004,1180,260518767,1,0.05000000000000001,10000,False,
0.48000000000000004,1180,260518767,1,0.009999999999999995,10000,False,
0.5,1181,260518768,1,0.05000000000000001,10000,False,
0.5,1181,260518768,1,0.009999999999999995,10000,False,
0.52,1182,260518769,1,0.05000000000000001,10000,False,
0.52,1182,260518769,1,0.009999999999999995,10000,False,
0.54,1183,260518770,1,0.05000000000000001,10000,False,
0.54,1183,260518770,1,0.009999999999999995,10000,False,
0.56,1184,260518771,1,0.05000000000000001,10000,False,
0.56,1184,260518771,1,0.009999999999999995,10000,False,
0.5800000000000001,1185,260518772,1,0.05000000000000001,10000,False,
0.5800000000000001,1185,260518772,1,0.009999999999999995,10000,False,
0.6000000000000001,1186,260518773,1,0.05000000000000001,10000,False,
0.6000000000000001,1186,260518773,1,0.009999999999999995,10000,False,
0.6200000000000001,1187,260518774,1,0.05000000000000001,10000,False,
0.6200000000000001,1187,260518774,1,0.009999999999999995,10000,False,
0.6400000000000001,1188,260518775,1,0.05000000000000001,10000,False,
0.6400000000000001,1188,260518775,1,0.009999999999999995,10000,False,
0.66,1189,260518776,1,0.05000000000000001,10000,False,
0.66,1189,260518776,1,0.009999999999999995,10000,False,
0.68,1190,260518777,1,0.05000000000000001,10000,False,
0.68,1190,260518777,1,0.009999999999999995,10000,False,
0.7,1191,260518778,1,0.05000000000000001,10000,False,
0.7,1191,260518778,1,0.009999999999999995,10000,False,
0.72,1192,260518779,1,0.05000000000000001,10000,False,
0.72,1192,260518779,1,0.009999999999999995,10000,False,
0.74,1193,260518780,1,0.05000000000000001,10000,False,
0.74,1193,260518780,1,0.009999999999999995,10000,False,
0.76,1194,260518781,1,0.05000000000000001,10000,False,
0.76,1194,260518781,1,0.009999999999999995,10000,False,
0.78,1195,260518782,1,0.05000000000000001,10000,False,
0.78,1195,260518782,1,0.009999999999999995,10000,False,
0.8,1196,260518783,1,0.05000000000000001,10000,False,
0.8,1196,260518783,1,0.009999999999999995,10000,False,
0.4,1197,260518784,2,0.05000000000000001,10000,False,
0.4,1197,260518784,2,0.009999999999999995,10000,False,
0.42000000000000004,1198,260518785,2,0.05000000000000001,10000,False,
0.42000000000000004,1198,260518785,2,0.009999999999999995,10000,False,
0.44,1199,260518786,2,0.05000000000000001,10000,False,
0.44,1199,260518786,2,0.009999999999999995,10000,False,
0.46,1200,260518787,2,0.05000000000000001,10000,False,
0.46,1200,260518787,2,0.009999999999999995,10000,False,
0.48000000000000004,1201,260518788,2,0.05000000000000001,10000,False,
0.48000000000000004,1201,260518788,2,0.009999999999999995,10000,False,
0.5,1202,260518789,2,0.05000000000000001,10000,False,
0.5,1202,260518789,2,0.009999999999999995,10000,False,
0.52,1203,260518790,2,0.05000000000000001,10000,False,
0.52,1203,260518790,2,0.009999999999999995,10000,False,
0.54,1204,260518791,2,0.05000000000000001,10000,False,
0.54,1204,260518791,2,0.009999999999999995,10000,False,
0.56,1205,260518792,2,0.05000000000000001,10000,False,
0.56,1205,260518792,2,0.009999999999999995,10000,False,
0.5800000000000001,1206,260518793,2,0.05000000000000001,10000,False,
0.5800000000000001,1206,260518793,2,0.009999999999999995,10000,False,
0.6000000000000001,1207,260518794,2,0.05000000000000001,10000,False,
0.6000000000000001,1207,260518794,2,0.009999999999999995,10000,False,
0.6200000000000001,1208,260518795,2,0.05000000000000001,10000,False,
0.6200000000000001,1208,260518795,2,0.009999999999999995,10000,False,
0.6400000000000001,1209,260518796,2,0.05000000000000001,10000,False,
0.6400000000000001,1209,260518796,2,0.009999999999999995,10000,False,
0.66,1210,260518797,2,0.05000000000000001,10000,False,
0.66,1210,260518797,2,0.009999999999999995,10000,False,
0.68,1211,260518798,2,0.05000000000000001,10000,False,
0.68,1211,260518798,2,0.009999999999999995,10000,False,
0.7,1212,260518799,2,0.05000000000000001,10000,False,
0.7,1212,260518799,2,0.009999999999999995,10000,False,
0.72,1213,260518800,2,0.05000000000000001,10000,False,
0.72,1213,260518800,2,0.009999999999999995,10000,False,
0.74,1214,260518801,2,0.05000000000000001,10000,False,
0.74,1214,260518801,2,0.009999999999999995,10000,False,
0.76,1215,260518802,2,0.05000000000000001,10000,False,
0.76,1215,260518802,2,0.009999999999999995,10000,False,
0.78,1216,260518803,2,0.05000000000000001,10000,False,
0.78,1216,260518803,2,0.009999999999999995,10000,False,
0.8,1217,260518804,2,0.05000000000000001,10000,False,
0.8,1217,260518804,2,0.009999999999999995,10000,False,
0.4,1218,260518805,3,0.05000000000000001,10000,False,
0.4,1218,260518805,3,0.009999999999999995,10000,False,
0.42000000000000004,1219,260518806,3,0.05000000000000001,10000,False,
0.42000000000000004,1219,260518806,3,0.009999999999999995,10000,False,
0.44,1220,260518807,3,0.05000000000000001,10000,False,
0.44,1220,260518807,3,0.009999999999999995,10000,False,
0.46,1221,260518808,3,0.05000000000000001,10000,False,
0.46,1221,260518808,3,0.009999999999999995,10000,False,
0.48000000000000004,1222,260518809,3,0.05000000000000001,10000,False,
0.48000000000000004,1222,260518809,3,0.009999999999999995,10000,False,
0.5,1223,260518810,3,0.05000000000000001,10000,False,
0.5,1223,260518810,3,0.009999999999999995,10000,False,
0.52,1224,260518811,3,0.05000000000000001,10000,False,
0.52,1224,260518811,3,0.009999999999999995,10000,False,
0.54,1225,260518812,3,0.05000000000000001,10000,False,
0.54,1225,260518812,3,0.009999999999999995,10000,False,
0.56,1226,260518813,3,0.05000000000000001,10000,False,
0.56,1226,260518813,3,0.009999999999999995,10000,False,
0.5800000000000001,1227,260518814,3,0.05000000000000001,10000,False,
0.5800000000000001,1227,260518814,3,0.009999999999999995,10000,False,
0.6000000000000001,1228,260518815,3,0.05000000000000001,10000,False,
0.6000000000000001,1228,260518815,3,0.009999999999999995,10000,False,
0.6200000000000001,1229,260518816,3,0.05000000000000001,10000,False,
0.6200000000000001,1229,260518816,3,0.009999999999999995,10000,False,
0.6400000000000001,1230,260518817,3,0.05000000000000001,10000,False,
0.6400000000000001,1230,260518817,3,0.009999999999999995,10000,False,
0.66,1231,260518818,3,0.05000000000000001,10000,False,
0.66,1231,260518818,3,0.009999999999999995,10000,False,
0.68,1232,260518819,3,0.05000000000000001,10000,False,
0.68,1232,260518819,3,0.009999999999999995,10000,False,
0.7,1233,260518820,3,0.05000000000000001,10000,False,
0.7,1233,260518820,3,0.009999999999999995,10000,False,
0.72,1234,260518821,3,0.05000000000000001,10000,False,
0.72,1234,260518821,3,0.009999999999999995,10000,False,
0.74,1235,260518822,3,0.05000000000000001,10000,False,
0.74,1235,260518822,3,0.009999999999999995,10000,False,
0.76,1236,260518823,3,0.05000000000000001,10000,False,
0.76,1236,260518823,3,0.009999999999999995,10000,False,
0.78,1237,260518824,3,0.05000000000000001,10000,False,
0.78,1237,260518824,3,0.009999999999999995,10000,False,
0.8,1238,260518825,3,0.05000000000000001,10000,False,
0.8,1238,260518825,3,0.009999999999999995,10000,False,
0.4,1239,260518826,4,0.05000000000000001,10000,False,
0.4,1239,260518826,4,0.009999999999999995,10000,False,
0.42000000000000004,1240,260518827,4,0.05000000000000001,10000,False,
0.42000000000000004,1240,260518827,4,0.009999999999999995,10000,False,
0.44,1241,260518828,4,0.05000000000000001,10000,False,
0.44,1241,260518828,4,0.009999999999999995,10000,False,
0.46,1242,260518829,4,0.05000000000000001,10000,False,
0.46,1242,260518829,4,0.009999999999999995,10000,False,
0.48000000000000004,1243,260518830,4,0.05000000000000001,10000,False,
0.48000000000000004,1243,260518830,4,0.009999999999999995,10000,False,
0.5,1244,260518831,4,0.05000000000000001,10000,False,
0.5,1244,260518831,4,0.009999999999999995,10000,False,
0.52,1245,260518832,4,0.05000000000000001,10000,False,
0.52,1245,260518832,4,0.009999999999999995,10000,False,
0.54,1246,260518833,4,0.05000000000000001,10000,False,
0.54,1246,260518833,4,0.009999999999999995,10000,False,
0.56,1247,260518834,4,0.05000000000000001,10000,False,
0.56,1247,260518834,4,0.009999999999999995,10000,False,
0.5800000000000001,1248,260518835,4,0.05000000000000001,10000,False,
0.5800000000000001,1248,260518835,4,0.009999999999999995,10000,False,
0.6000000000000001,1249,260518836,4,0.05000000000000001,10000,False,
0.6000000000000001,1249,260518836,4,0.009999999999999995,10000,False,
0.6200000000000001,1250,260518837,4,0.05000000000000001,10000,False,
0.6200000000000001,1250,260518837,4,0.009999999999999995,10000,False,
0.6400000000000001,1251,260518838,4,0.05000000000000001,10000,False,
0.6400000000000001,1251,260518838,4,0.009999999999999995,10000,False,
0.66,1252,260518839,4,0.05000000000000001,10000,False,
0.66,1252,260518839,4,0.009999999999999995,10000,False,
0.68,1253,260518840,4,0.05000000000000001,10000,False,
0.68,1253,260518840,4,0.009999999999999995,10000,False,
0.7,1254,260518841,4,0.05000000000000001,10000,False,
0.7,1254,260518841,4,0.009999999999999995,10000,False,
0.72,1255,260518842,4,0.05000000000000001,10000,False,
0.72,1255,260518842,4,0.009999999999999995,10000,False,
0.74,1256,260518843,4,0.05000000000000001,10000,False,
0.74,1256,260518843,4,0.009999999999999995,10000,False,
0.76,1257,260518844,4,0.05000000000000001,10000,False,
0.76,1257,260518844,4,0.009999999999999995,10000,False,
0.78,1258,260518845,4,0.05000000000000001,10000,False,
0.78,1258,260518845,4,0.009999999999999995,10000,False,
0.8,1259,260518846,4,0.05000000000000001,10000,False,
0.8,1259,260518846,4,0.009999999999999995,10000,False,
0.4,1260,260518847,0,0.05000000000000001,10000,False,
0.4,1260,260518847,0,0.009999999999999995,10000,False,
0.42000000000000004,1261,260518848,0,0.05000000000000001,10000,False,
0.42000000000000004,1261,260518848,0,0.009999999999999995,10000,False,
0.44,1262,260518849,0,0.05000000000000001,10000,False,
0.44,1262,260518849,0,0.009999999999999995,10000,False,
0.46,1263,260518850,0,0.05000000000000001,10000,False,
0.46,1263,260518850,0,0.009999999999999995,10000,False,
0.48000000000000004,1264,260518851,0,0.05000000000000001,10000,False,
0.48000000000000004,1264,260518851,0,0.009999999999999995,10000,False,
0.5,1265,260518852,0,0.05000000000000001,10000,False,
0.5,1265,260518852,0,0.009999999999999995,10000,False,
0.52,1266,260518853,0,0.05000000000000001,10000,False,
0.52,1266,260518853,0,0.009999999999999995,10000,False,
0.54,1267,260518854,0,0.05000000000000001,10000,False,
0.54,1267,260518854,0,0.009999999999999995,10000,False,
0.56,1268,260518855,0,0.05000000000000001,10000,False,
0.56,1268,260518855,0,0.009999999999999995,10000,False,
0.5800000000000001,1269,260518856,0,0.05000000000000001,10000,False,
0.5800000000000001,1269,260518856,0,0.009999999999999995,10000,False,
0.6000000000000001,1270,260518857,0,0.05000000000000001,10000,False,
0.6000000000000001,1270,260518857,0,0.009999999999999995,10000,False,
0.6200000000000001,1271,260518858,0,0.05000000000000001,10000,False,
0.6200000000000001,1271,260518858,0,0.009999999999999995,10000,False,
0.6400000000000001,1272,260518859,0,0.05000000000000001,10000,False,
0.6400000000000001,1272,260518859,0,0.009999999999999995,10000,False,
0.66,1273,260518860,0,0.05000000000000001,10000,False,
0.66,1273,260518860,0,0.009999999999999995,10000,False,
0.68,1274,260518861,0,0.05000000000000001,10000,False,
0.68,1274,260518861,0,0.009999999999999995,10000,False,
0.7,1275,260518862,0,0.05000000000000001,10000,False,
0.7,1275,260518862,0,0.009999999999999995,10000,False,
0.72,1276,260518863,0,0.05000000000000001,10000,False,
0.72,1276,260518863,0,0.009999999999999995,10000,False,
0.74,1277,260518864,0,0.05000000000000001,10000,False,
0.74,1277,260518864,0,0.009999999999999995,10000,False,
0.76,1278,260518865,0,0.05000000000000001,10000,False,
0.76,1278,260518865,0,0.009999999999999995,10000,False,
0.78,1279,260518866,0,0.05000000000000001,10000,False,
0.78,1279,260518866,0,0.009999999999999995,10000,False,
0.8,1280,260518867,0,0.05000000000000001,10000,False,
0.8,1280,260518867,0,0.009999999999999995,10000,False,
0.4,1281,260518868,1,0.05000000000000001,10000,False,
0.4,1281,260518868,1,0.009999999999999995,10000,False,
0.42000000000000004,1282,260518869,1,0.05000000000000001,10000,False,
0.42000000000000004,1282,260518869,1,0.009999999999999995,10000,False,
0.44,1283,260518870,1,0.05000000000000001,10000,False,
0.44,1283,260518870,1,0.009999999999999995,10000,False,
0.46,1284,260518871,1,0.05000000000000001,10000,False,
0.46,1284,260518871,1,0.009999999999999995,10000,False,
0.48000000000000004,1285,260518872,1,0.05000000000000001,10000,False,
0.48000000000000004,1285,260518872,1,0.009999999999999995,10000,False,
0.5,1286,260518873,1,0.05000000000000001,10000,False,
0.5,1286,260518873,1,0.009999999999999995,10000,False,
0.52,1287,260518874,1,0.05000000000000001,10000,False,
0.52,1287,260518874,1,0.009999999999999995,10000,False,
0.54,1288,260518875,1,0.05000000000000001,10000,False,
0.54,1288,260518875,1,0.009999999999999995,10000,False,
0.56,1289,260518876,1,0.05000000000000001,10000,False,
0.56,1289,260518876,1,0.009999999999999995,10000,False,
0.5800000000000001,1290,260518877,1,0.05000000000000001,10000,False,
0.5800000000000001,1290,260518877,1,0.009999999999999995,10000,False,
0.6000000000000001,1291,260518878,1,0.05000000000000001,10000,False,
0.6000000000000001,1291,260518878,1,0.009999999999999995,10000,False,
0.6200000000000001,1292,260518879,1,0.05000000000000001,10000,False,
0.6200000000000001,1292,260518879,1,0.009999999999999995,10000,False,
0.6400000000000001,1293,260518880,1,0.05000000000000001,10000,False,
0.6400000000000001,1293,260518880,1,0.009999999999999995,10000,False,
0.66,1294,260518881,1,0.05000000000000001,10000,False,
0.66,1294,260518881,1,0.009999999999999995,10000,False,
0.68,1295,260518882,1,0.05000000000000001,10000,False,
0.68,1295,260518882,1,0.009999999999999995,10000,False,
0.7,1296,260518883,1,0.05000000000000001,10000,False,
0.7,1296,260518883,1,0.009999999999999995,10000,False,
0.72,1297,260518884,1,0.05000000000000001,10000,False,
0.72,1297,260518884,1,0.009999999999999995,10000,False,
0.74,1298,260518885,1,0.05000000000000001,10000,False,
0.74,1298,260518885,1,0.009999999999999995,10000,False,
0.76,1299,260518886,1,0.05000000000000001,10000,False,
0.76,1299,260518886,1,0.009999999999999995,10000,False,
0.78,1300,260518887,1,0.05000000000000001,10000,False,
0.78,1300,260518887,1,0.009999999999999995,10000,False,
0.8,1301,260518888,1,0.05000000000000001,10000,False,
0.8,1301,260518888,1,0.009999999999999995,10000,False,
0.4,1302,260518889,2,0.05000000000000001,10000,False,
0.4,1302,260518889,2,0.009999999999999995,10000,False,
0.42000000000000004,1303,260518890,2,0.05000000000000001,10000,False,
0.42000000000000004,1303,260518890,2,0.009999999999999995,10000,False,
0.44,1304,260518891,2,0.05000000000000001,10000,False,
0.44,1304,260518891,2,0.009999999999999995,10000,False,
0.46,1305,260518892,2,0.05000000000000001,10000,False,
0.46,1305,260518892,2,0.009999999999999995,10000,False,
0.48000000000000004,1306,260518893,2,0.05000000000000001,10000,False,
0.48000000000000004,1306,260518893,2,0.009999999999999995,10000,False,
0.5,1307,260518894,2,0.05000000000000001,10000,False,
0.5,1307,260518894,2,0.009999999999999995,10000,False,
0.52,1308,260518895,2,0.05000000000000001,10000,False,
0.52,1308,260518895,2,0.009999999999999995,10000,False,
0.54,1309,260518896,2,0.05000000000000001,10000,False,
0.54,1309,260518896,2,0.009999999999999995,10000,False,
0.56,1310,260518897,2,0.05000000000000001,10000,False,
0.56,1310,260518897,2,0.009999999999999995,10000,False,
0.5800000000000001,1311,260518898,2,0.05000000000000001,10000,False,
0.5800000000000001,1311,260518898,2,0.009999999999999995,10000,False,
0.6000000000000001,1312,260518899,2,0.05000000000000001,10000,False,
0.6000000000000001,1312,260518899,2,0.009999999999999995,10000,False,
0.6200000000000001,1313,260518900,2,0.05000000000000001,10000,False,
0.6200000000000001,1313,260518900,2,0.009999999999999995,10000,False,
0.6400000000000001,1314,260518901,2,0.05000000000000001,10000,False,
0.6400000000000001,1314,260518901,2,0.009999999999999995,10000,False,
0.66,1315,260518902,2,0.05000000000000001,10000,False,
0.66,1315,260518902,2,0.009999999999999995,10000,False,
0.68,1316,260518903,2,0.05000000000000001,10000,False,
0.68,1316,260518903,2,0.009999999999999995,10000,False,
0.7,1317,260518904,2,0.05000000000000001,10000,False,
0.7,1317,260518904,2,0.009999999999999995,10000,False,
0.72,1318,260518905,2,0.05000000000000001,10000,False,
0.72,1318,260518905,2,0.009999999999999995,10000,False,
0.74,1319,260518906,2,0.05000000000000001,10000,False,
0.74,1319,260518906,2,0.009999999999999995,10000,False,
0.76,1320,260518907,2,0.05000000000000001,10000,False,
0.76,1320,260518907,2,0.009999999999999995,10000,False,
0.78,1321,260518908,2,0.05000000000000001,10000,False,
0.78,1321,260518908,2,0.009999999999999995,10000,False,
0.8,1322,260518909,2,0.05000000000000001,10000,False,
0.8,1322,260518909,2,0.009999999999999995,10000,False,
0.4,1323,260518910,3,0.05000000000000001,10000,False,
0.4,1323,260518910,3,0.009999999999999995,10000,False,
0.42000000000000004,1324,260518911,3,0.05000000000000001,10000,False,
0.42000000000000004,1324,260518911,3,0.009999999999999995,10000,False,
0.44,1325,260518912,3,0.05000000000000001,10000,False,
0.44,1325,260518912,3,0.009999999999999995,10000,False,
0.46,1326,260518913,3,0.05000000000000001,10000,False,
0.46,1326,260518913,3,0.009999999999999995,10000,False,
0.48000000000000004,1327,260518914,3,0.05000000000000001,10000,False,
0.48000000000000004,1327,260518914,3,0.009999999999999995,10000,False,
0.5,1328,260518915,3,0.05000000000000001,10000,False,
0.5,1328,260518915,3,0.009999999999999995,10000,False,
0.52,1329,260518916,3,0.05000000000000001,10000,False,
0.52,1329,260518916,3,0.009999999999999995,10000,False,
0.54,1330,260518917,3,0.05000000000000001,10000,False,
0.54,1330,260518917,3,0.009999999999999995,10000,False,
0.56,1331,260518918,3,0.05000000000000001,10000,False,
0.56,1331,260518918,3,0.009999999999999995,10000,False,
0.5800000000000001,1332,260518919,3,0.05000000000000001,10000,False,
0.5800000000000001,1332,260518919,3,0.009999999999999995,10000,False,
0.6000000000000001,1333,260518920,3,0.05000000000000001,10000,False,
0.6000000000000001,1333,260518920,3,0.009999999999999995,10000,False,
0.6200000000000001,1334,260518921,3,0.05000000000000001,10000,False,
0.6200000000000001,1334,260518921,3,0.009999999999999995,10000,False,
0.6400000000000001,1335,260518922,3,0.05000000000000001,10000,False,
0.6400000000000001,1335,260518922,3,0.009999999999999995,10000,False,
0.66,1336,260518923,3,0.05000000000000001,10000,False,
0.66,1336,260518923,3,0.009999999999999995,10000,False,
0.68,1337,260518924,3,0.05000000000000001,10000,False,
0.68,1337,260518924,3,0.009999999999999995,10000,False,
0.7,1338,260518925,3,0.05000000000000001,10000,False,
0.7,1338,260518925,3,0.009999999999999995,10000,False,
0.72,1339,260518926,3,0.05000000000000001,10000,False,
0.72,1339,260518926,3,0.009999999999999995,10000,False,
0.74,1340,260518927,3,0.05000000000000001,10000,False,
0.74,1340,260518927,3,0.009999999999999995,10000,False,
0.76,1341,260518928,3,0.05000000000000001,10000,False,
0.76,1341,260518928,3,0.009999999999999995,10000,False,
0.78,1342,260518929,3,0.05000000000000001,10000,False,
0.78,1342,260518929,3,0.009999999999999995,10000,False,
0.8,1343,260518930,3,0.05000000000000001,10000,False,
0.8,1343,260518930,3,0.009999999999999995,10000,False,
0.4,1344,260518931,4,0.05000000000000001,10000,False,
0.4,1344,260518931,4,0.009999999999999995,10000,False,
0.42000000000000004,1345,260518932,4,0.05000000000000001,10000,False,
0.42000000000000004,1345,260518932,4,0.009999999999999995,10000,False,
0.44,1346,260518933,4,0.05000000000000001,10000,False,
0.44,1346,260518933,4,0.009999999999999995,10000,False,
0.46,1347,260518934,4,0.05000000000000001,10000,False,
0.46,1347,260518934,4,0.009999999999999995,10000,False,
0.48000000000000004,1348,260518935,4,0.05000000000000001,10000,False,
0.48000000000000004,1348,260518935,4,0.009999999999999995,10000,False,
0.5,1349,260518936,4,0.05000000000000001,10000,False,
0.5,1349,260518936,4,0.009999999999999995,10000,False,
0.52,1350,260518937,4,0.05000000000000001,10000,False,
0.52,1350,260518937,4,0.009999999999999995,10000,False,
0.54,1351,260518938,4,0.05000000000000001,10000,False,
0.54,1351,260518938,4,0.009999999999999995,10000,False,
0.56,1352,260518939,4,0.05000000000000001,10000,False,
0.56,1352,260518939,4,0.009999999999999995,10000,False,
0.5800000000000001,1353,260518940,4,0.05000000000000001,10000,False,
0.5800000000000001,1353,260518940,4,0.009999999999999995,10000,False,
0.6000000000000001,1354,260518941,4,0.05000000000000001,10000,False,
0.6000000000000001,1354,260518941,4,0.009999999999999995,10000,False,
0.6200000000000001,1355,260518942,4,0.05000000000000001,10000,False,
0.6200000000000001,1355,260518942,4,0.009999999999999995,10000,False,
0.6400000000000001,1356,260518943,4,0.05000000000000001,10000,False,
0.6400000000000001,1356,260518943,4,0.009999999999999995,10000,False,
0.66,1357,260518944,4,0.05000000000000001,10000,False,
0.66,1357,260518944,4,0.009999999999999995,10000,False,
0.68,1358,260518945,4,0.05000000000000001,10000,False,
0.68,1358,260518945,4,0.009999999999999995,10000,False,
0.7,1359,260518946,4,0.05000000000000001,10000,False,
0.7,1359,260518946,4,0.009999999999999995,10000,False,
0.72,1360,260518947,4,0.05000000000000001,10000,False,
0.72,1360,260518947,4,0.009999999999999995,10000,False,
0.74,1361,260518948,4,0.05000000000000001,10000,False,
0.74,1361,260518948,4,0.009999999999999995,10000,False,
0.76,1362,260518949,4,0.05000000000000001,10000,False,
0.76,1362,260518949,4,0.009999999999999995,10000,False,
0.78,1363,260518950,4,0.05000000000000001,10000,False,
0.78,1363,260518950,4,0.009999999999999995,10000,False,
0.8,1364,260518951,4,0.05000000000000001,10000,False,
0.8,1364,260518951,4,0.009999999999999995,10000,False,
0.4,1365,260518952,0,0.05000000000000001,10000,False,
0.4,1365,260518952,0,0.009999999999999995,10000,False,
0.42000000000000004,1366,260518953,0,0.05000000000000001,10000,False,
0.42000000000000004,1366,260518953,0,0.009999999999999995,10000,False,
0.44,1367,260518954,0,0.05000000000000001,10000,False,
0.44,1367,260518954,0,0.009999999999999995,10000,False,
0.46,1368,260518955,0,0.05000000000000001,10000,False,
0.46,1368,260518955,0,0.009999999999999995,10000,False,
0.48000000000000004,1369,260518956,0,0.05000000000000001,10000,False,
0.48000000000000004,1369,260518956,0,0.009999999999999995,10000,False,
0.5,1370,260518957,0,0.05000000000000001,10000,False,
0.5,1370,260518957,0,0.009999999999999995,10000,False,
0.52,1371,260518958,0,0.05000000000000001,10000,False,
0.52,1371,260518958,0,0.009999999999999995,10000,False,
0.54,1372,260518959,0,0.05000000000000001,10000,False,
0.54,1372,260518959,0,0.009999999999999995,10000,False,
0.56,1373,260518960,0,0.05000000000000001,10000,False,
0.56,1373,260518960,0,0.009999999999999995,10000,False,
0.5800000000000001,1374,260518961,0,0.05000000000000001,10000,False,
0.5800000000000001,1374,260518961,0,0.009999999999999995,10000,False,
0.6000000000000001,1375,260518962,0,0.05000000000000001,10000,False,
0.6000000000000001,1375,260518962,0,0.009999999999999995,10000,False,
0.6200000000000001,1376,260518963,0,0.05000000000000001,10000,False,
0.6200000000000001,1376,260518963,0,0.009999999999999995,10000,False,
0.6400000000000001,1377,260518964,0,0.05000000000000001,10000,False,
0.6400000000000001,1377,260518964,0,0.009999999999999995,10000,False,
0.66,1378,260518965,0,0.05000000000000001,10000,False,
0.66,1378,260518965,0,0.009999999999999995,10000,False,
0.68,1379,260518966,0,0.05000000000000001,10000,False,
0.68,1379,260518966,0,0.009999999999999995,10000,False,
0.7,1380,260518967,0,0.05000000000000001,10000,False,
0.7,1380,260518967,0,0.009999999999999995,10000,False,
0.72,1381,260518968,0,0.05000000000000001,10000,False,
0.72,1381,260518968,0,0.009999999999999995,10000,False,
0.74,1382,260518969,0,0.05000000000000001,10000,False,
0.74,1382,260518969,0,0.009999999999999995,10000,False,
0.76,1383,260518970,0,0.05000000000000001,10000,False,
0.76,1383,260518970,0,0.009999999999999995,10000,False,
0.78,1384,260518971,0,0.05000000000000001,10000,False,
0.78,1384,260518971,0,0.009999999999999995,10000,False,
0.8,1385,260518972,0,0.05000000000000001,10000,False,
0.8,1385,260518972,0,0.009999999999999995,10000,False,
0.4,1386,260518973,1,0.05000000000000001,10000,False,
0.4,1386,260518973,1,0.009999999999999995,10000,False,
0.42000000000000004,1387,260518974,1,0.05000000000000001,10000,False,
0.42000000000000004,1387,260518974,1,0.009999999999999995,10000,False,
0.44,1388,260518975,1,0.05000000000000001,10000,False,
0.44,1388,260518975,1,0.009999999999999995,10000,False,
0.46,1389,260518976,1,0.05000000000000001,10000,False,
0.46,1389,260518976,1,0.009999999999999995,10000,False,
0.48000000000000004,1390,260518977,1,0.05000000000000001,10000,False,
0.48000000000000004,1390,260518977,1,0.009999999999999995,10000,False,
0.5,1391,260518978,1,0.05000000000000001,10000,False,
0.5,1391,260518978,1,0.009999999999999995,10000,False,
0.52,1392,260518979,1,0.05000000000000001,10000,False,
0.52,1392,260518979,1,0.009999999999999995,10000,False,
0.54,1393,260518980,1,0.05000000000000001,10000,False,
0.54,1393,260518980,1,0.009999999999999995,10000,False,
0.56,1394,260518981,1,0.05000000000000001,10000,False,
0.56,1394,260518981,1,0.009999999999999995,10000,False,
0.5800000000000001,1395,260518982,1,0.05000000000000001,10000,False,
0.5800000000000001,1395,260518982,1,0.009999999999999995,10000,False,
0.6000000000000001,1396,260518983,1,0.05000000000000001,10000,False,
0.6000000000000001,1396,260518983,1,0.009999999999999995,10000,False,
0.6200000000000001,1397,260518984,1,0.05000000000000001,10000,False,
0.6200000000000001,1397,260518984,1,0.009999999999999995,10000,False,
0.6400000000000001,1398,260518985,1,0.05000000000000001,10000,False,
0.6400000000000001,1398,260518985,1,0.009999999999999995,10000,False,
0.66,1399,260518986,1,0.05000000000000001,10000,False,
0.66,1399,260518986,1,0.009999999999999995,10000,False,
0.68,1400,260518987,1,0.05000000000000001,10000,False,
0.68,1400,260518987,1,0.009999999999999995,10000,False,
0.7,1401,260518988,1,0.05000000000000001,10000,False,
0.7,1401,260518988,1,0.009999999999999995,10000,False,
0.72,1402,260518989,1,0.05000000000000001,10000,False,
0.72,1402,260518989,1,0.009999999999999995,10000,False,
0.74,1403,260518990,1,0.05000000000000001,10000,False,
0.74,1403,260518990,1,0.009999999999999995,10000,False,
0.76,1404,260518991,1,0.05000000000000001,10000,False,
0.76,1404,260518991,1,0.009999999999999995,10000,False,
0.78,1405,260518992,1,0.05000000000000001,10000,False,
0.78,1405,260518992,1,0.009999999999999995,10000,False,
0.8,1406,260518993,1,0.05000000000000001,10000,False,
0.8,1406,260518993,1,0.009999999999999995,10000,False,
0.4,1407,260518994,2,0.05000000000000001,10000,False,
0.4,1407,260518994,2,0.009999999999999995,10000,False,
0.42000000000000004,1408,260518995,2,0.05000000000000001,10000,False,
0.42000000000000004,1408,260518995,2,0.009999999999999995,10000,False,
0.44,1409,260518996,2,0.05000000000000001,10000,False,
0.44,1409,260518996,2,0.009999999999999995,10000,False,
0.46,1410,260518997,2,0.05000000000000001,10000,False,
0.46,1410,260518997,2,0.009999999999999995,10000,False,
0.48000000000000004,1411,260518998,2,0.05000000000000001,10000,False,
0.48000000000000004,1411,260518998,2,0.009999999999999995,10000,False,
0.5,1412,260518999,2,0.05000000000000001,10000,False,
0.5,1412,260518999,2,0.009999999999999995,10000,False,
0.52,1413,260519000,2,0.05000000000000001,10000,False,
0.52,1413,260519000,2,0.009999999999999995,10000,False,
0.54,1414,260519001,2,0.05000000000000001,10000,False,
0.54,1414,260519001,2,0.009999999999999995,10000,False,
0.56,1415,260519002,2,0.05000000000000001,10000,False,
0.56,1415,260519002,2,0.009999999999999995,10000,False,
0.5800000000000001,1416,260519003,2,0.05000000000000001,10000,False,
0.5800000000000001,1416,260519003,2,0.009999999999999995,10000,False,
0.6000000000000001,1417,260519004,2,0.05000000000000001,10000,False,
0.6000000000000001,1417,260519004,2,0.009999999999999995,10000,False,
0.6200000000000001,1418,260519005,2,0.05000000000000001,10000,False,
0.6200000000000001,1418,260519005,2,0.009999999999999995,10000,False,
0.6400000000000001,1419,260519006,2,0.05000000000000001,10000,False,
0.6400000000000001,1419,260519006,2,0.009999999999999995,10000,False,
0.66,1420,260519007,2,0.05000000000000001,10000,False,
0.66,1420,260519007,2,0.009999999999999995,10000,False,
0.68,1421,260519008,2,0.05000000000000001,10000,False,
0.68,1421,260519008,2,0.009999999999999995,10000,False,
0.7,1422,260519009,2,0.05000000000000001,10000,False,
0.7,1422,260519009,2,0.009999999999999995,10000,False,
0.72,1423,260519010,2,0.05000000000000001,10000,False,
0.72,1423,260519010,2,0.009999999999999995,10000,False,
0.74,1424,260519011,2,0.05000000000000001,10000,False,
0.74,1424,260519011,2,0.009999999999999995,10000,False,
0.76,1425,260519012,2,0.05000000000000001,10000,False,
0.76,1425,260519012,2,0.009999999999999995,10000,False,
0.78,1426,260519013,2,0.05000000000000001,10000,False,
0.78,1426,260519013,2,0.009999999999999995,10000,False,
0.8,1427,260519014,2,0.05000000000000001,10000,False,
0.8,1427,260519014,2,0.009999999999999995,10000,False,
0.4,1428,260519015,3,0.05000000000000001,10000,False,
0.4,1428,260519015,3,0.009999999999999995,10000,False,
0.42000000000000004,1429,260519016,3,0.05000000000000001,10000,False,
0.42000000000000004,1429,260519016,3,0.009999999999999995,10000,False,
0.44,1430,260519017,3,0.05000000000000001,10000,False,
0.44,1430,260519017,3,0.009999999999999995,10000,False,
0.46,1431,260519018,3,0.05000000000000001,10000,False,
0.46,1431,260519018,3,0.009999999999999995,10000,False,
0.48000000000000004,1432,260519019,3,0.05000000000000001,10000,False,
0.48000000000000004,1432,260519019,3,0.009999999999999995,10000,False,
0.5,1433,260519020,3,0.05000000000000001,10000,False,
0.5,1433,260519020,3,0.009999999999999995,10000,False,
0.52,1434,260519021,3,0.05000000000000001,10000,False,
0.52,1434,260519021,3,0.009999999999999995,10000,False,
0.54,1435,260519022,3,0.05000000000000001,10000,False,
0.54,1435,260519022,3,0.009999999999999995,10000,False,
0.56,1436,260519023,3,0.05000000000000001,10000,False,
0.56,1436,260519023,3,0.009999999999999995,10000,False,
0.5800000000000001,1437,260519024,3,0.05000000000000001,10000,False,
0.5800000000000001,1437,260519024,3,0.009999999999999995,10000,False,
0.6000000000000001,1438,260519025,3,0.05000000000000001,10000,False,
0.6000000000000001,1438,260519025,3,0.009999999999999995,10000,False,
0.6200000000000001,1439,260519026,3,0.05000000000000001,10000,False,
0.6200000000000001,1439,260519026,3,0.009999999999999995,10000,False,
0.6400000000000001,1440,260519027,3,0.05000000000000001,10000,False,
0.6400000000000001,1440,260519027,3,0.009999999999999995,10000,False,
0.66,1441,260519028,3,0.05000000000000001,10000,False,
0.66,1441,260519028,3,0.009999999999999995,10000,False,
0.68,1442,260519029,3,0.05000000000000001,10000,False,
0.68,1442,260519029,3,0.009999999999999995,10000,False,
0.7,1443,260519030,3,0.05000000000000001,10000,False,
0.7,1443,260519030,3,0.009999999999999995,10000,False,
0.72,1444,260519031,3,0.05000000000000001,10000,False,
0.72,1444,260519031,3,0.009999999999999995,10000,False,
0.74,1445,260519032,3,0.05000000000000001,10000,False,
0.74,1445,260519032,3,0.009999999999999995,10000,False,
0.76,1446,260519033,3,0.05000000000000001,10000,False,
0.76,1446,260519033,3,0.009999999999999995,10000,False,
0.78,1447,260519034,3,0.05000000000000001,10000,False,
0.78,1447,260519034,3,0.009999999999999995,10000,False,
0.8,1448,260519035,3,0.05000000000000001,10000,False,
0.8,1448,260519035,3,0.009999999999999995,10000,False,
0.4,1449,260519036,4,0.05000000000000001,10000,False,
0.4,1449,260519036,4,0.009999999999999995,10000,False,
0.42000000000000004,1450,260519037,4,0.05000000000000001,10000,False,
0.42000000000000004,1450,260519037,4,0.009999999999999995,10000,False,
0.44,1451,260519038,4,0.05000000000000001,10000,False,
0.44,1451,260519038,4,0.009999999999999995,10000,False,
0.46,1452,260519039,4,0.05000000000000001,10000,False,
0.46,1452,260519039,4,0.009999999999999995,10000,False,
0.48000000000000004,1453,260519040,4,0.05000000000000001,10000,False,
0.48000000000000004,1453,260519040,4,0.009999999999999995,10000,False,
0.5,1454,260519041,4,0.05000000000000001,10000,False,
0.5,1454,260519041,4,0.009999999999999995,10000,False,
0.52,1455,260519042,4,0.05000000000000001,10000,False,
0.52,1455,260519042,4,0.009999999999999995,10000,False,
0.54,1456,260519043,4,0.05000000000000001,10000,False,
0.54,1456,260519043,4,0.009999999999999995,10000,False,
0.56,1457,260519044,4,0.05000000000000001,10000,False,
0.56,1457,260519044,4,0.009999999999999995,10000,False,
0.5800000000000001,1458,260519045,4,0.05000000000000001,10000,False,
0.5800000000000001,1458,260519045,4,0.009999999999999995,10000,False,
0.6000000000000001,1459,260519046,4,0.05000000000000001,10000,False,
0.6000000000000001,1459,260519046,4,0.009999999999999995,10000,False,
0.6200000000000001,1460,260519047,4,0.05000000000000001,10000,False,
0.6200000000000001,1460,260519047,4,0.009999999999999995,10000,False,
0.6400000000000001,1461,260519048,4,0.05000000000000001,10000,False,
0.6400000000000001,1461,260519048,4,0.009999999999999995,10000,False,
0.66,1462,260519049,4,0.05000000000000001,10000,False,
0.66,1462,260519049,4,0.009999999999999995,10000,False,
0.68,1463,260519050,4,0.05000000000000001,10000,False,
0.68,1463,260519050,4,0.009999999999999995,10000,False,
0.7,1464,260519051,4,0.05000000000000001,10000,False,
0.7,1464,260519051,4,0.009999999999999995,10000,False,
0.72,1465,260519052,4,0.05000000000000001,10000,False,
0.72,1465,260519052,4,0.009999999999999995,10000,False,
0.74,1466,260519053,4,0.05000000000000001,10000,False,
0.74,1466,260519053,4,0.009999999999999995,10000,False,
0.76,1467,260519054,4,0.05000000000000001,10000,False,
0.76,1467,260519054,4,0.009999999999999995,10000,False,
0.78,1468,260519055,4,0.05000000000000001,10000,False,
0.78,1468,260519055,4,0.009999999999999995,10000,False,
0.8,1469,260519056,4,0.05000000000000001,10000,False,
0.8,1469,260519056,4,0.009999999999999995,10000,False,
0.4,1470,260519057,0,0.05000000000000001,10000,False,
0.4,1470,260519057,0,0.009999999999999995,10000,False,
0.42000000000000004,1471,260519058,0,0.05000000000000001,10000,False,
0.42000000000000004,1471,260519058,0,0.009999999999999995,10000,False,
0.44,1472,260519059,0,0.05000000000000001,10000,False,
0.44,1472,260519059,0,0.009999999999999995,10000,False,
0.46,1473,260519060,0,0.05000000000000001,10000,False,
0.46,1473,260519060,0,0.009999999999999995,10000,False,
0.48000000000000004,1474,260519061,0,0.05000000000000001,10000,False,
0.48000000000000004,1474,260519061,0,0.009999999999999995,10000,False,
0.5,1475,260519062,0,0.05000000000000001,10000,False,
0.5,1475,260519062,0,0.009999999999999995,10000,False,
0.52,1476,260519063,0,0.05000000000000001,10000,False,
0.52,1476,260519063,0,0.009999999999999995,10000,False,
0.54,1477,260519064,0,0.05000000000000001,10000,False,
0.54,1477,260519064,0,0.009999999999999995,10000,False,
0.56,1478,260519065,0,0.05000000000000001,10000,False,
0.56,1478,260519065,0,0.009999999999999995,10000,False,
0.5800000000000001,1479,260519066,0,0.05000000000000001,10000,False,
0.5800000000000001,1479,260519066,0,0.009999999999999995,10000,False,
0.6000000000000001,1480,260519067,0,0.05000000000000001,10000,False,
0.6000000000000001,1480,260519067,0,0.009999999999999995,10000,False,
0.6200000000000001,1481,260519068,0,0.05000000000000001,10000,False,
0.6200000000000001,1481,260519068,0,0.009999999999999995,10000,False,
0.6400000000000001,1482,260519069,0,0.05000000000000001,10000,False,
0.6400000000000001,1482,260519069,0,0.009999999999999995,10000,False,
0.66,1483,260519070,0,0.05000000000000001,10000,False,
0.66,1483,260519070,0,0.009999999999999995,10000,False,
0.68,1484,260519071,0,0.05000000000000001,10000,False,
0.68,1484,260519071,0,0.009999999999999995,10000,False,
0.7,1485,260519072,0,0.05000000000000001,10000,False,
0.7,1485,260519072,0,0.009999999999999995,10000,False,
0.72,1486,260519073,0,0.05000000000000001,10000,False,
0.72,1486,260519073,0,0.009999999999999995,10000,False,
0.74,1487,260519074,0,0.05000000000000001,10000,False,
0.74,1487,260519074,0,0.009999999999999995,10000,False,
0.76,1488,260519075,0,0.05000000000000001,10000,False,
0.76,1488,260519075,0,0.009999999999999995,10000,False,
0.78,1489,260519076,0,0.05000000000000001,10000,False,
0.78,1489,260519076,0,0.009999999999999995,10000,False,
0.8,1490,260519077,0,0.05000000000000001,10000,False,
0.8,1490,260519077,0,0.009999999999999995,10000,False,
0.4,1491,260519078,1,0.05000000000000001,10000,False,
0.4,1491,260519078,1,0.009999999999999995,10000,False,
0.42000000000000004,1492,260519079,1,0.05000000000000001,10000,False,
0.42000000000000004,1492,260519079,1,0.009999999999999995,10000,False,
0.44,1493,260519080,1,0.05000000000000001,10000,False,
0.44,1493,260519080,1,0.009999999999999995,10000,False,
0.46,1494,260519081,1,0.05000000000000001,10000,False,
0.46,1494,260519081,1,0.009999999999999995,10000,False,
0.48000000000000004,1495,260519082,1,0.05000000000000001,10000,False,
0.48000000000000004,1495,260519082,1,0.009999999999999995,10000,False,
0.5,1496,260519083,1,0.05000000000000001,10000,False,
0.5,1496,260519083,1,0.009999999999999995,10000,False,
0.52,1497,260519084,1,0.05000000000000001,10000,False,
0.52,1497,260519084,1,0.009999999999999995,10000,False,
0.54,1498,260519085,1,0.05000000000000001,10000,False,
0.54,1498,260519085,1,0.009999999999999995,10000,False,
0.56,1499,260519086,1,0.05000000000000001,10000,False,
0.56,1499,260519086,1,0.009999999999999995,10000,False,
0.5800000000000001,1500,260519087,1,0.05000000000000001,10000,False,
0.5800000000000001,1500,260519087,1,0.009999999999999995,10000,False,
0.6000000000000001,1501,260519088,1,0.05000000000000001,10000,False,
0.6000000000000001,1501,260519088,1,0.009999999999999995,10000,False,
0.6200000000000001,1502,260519089,1,0.05000000000000001,10000,False,
0.6200000000000001,1502,260519089,1,0.009999999999999995,10000,False,
0.6400000000000001,1503,260519090,1,0.05000000000000001,10000,False,
0.6400000000000001,1503,260519090,1,0.009999999999999995,10000,False,
0.66,1504,260519091,1,0.05000000000000001,10000,False,
0.66,1504,260519091,1,0.009999999999999995,10000,False,
0.68,1505,260519092,1,0.05000000000000001,10000,False,
0.68,1505,260519092,1,0.009999999999999995,10000,False,
0.7,1506,260519093,1,0.05000000000000001,10000,False,
0.7,1506,260519093,1,0.009999999999999995,10000,False,
0.72,1507,260519094,1,0.05000000000000001,10000,False,
0.72,1507,260519094,1,0.009999999999999995,10000,False,
0.74,1508,260519095,1,0.05000000000000001,10000,False,
0.74,1508,260519095,1,0.009999999999999995,10000,False,
0.76,1509,260519096,1,0.05000000000000001,10000,False,
0.76,1509,260519096,1,0.009999999999999995,10000,False,
0.78,1510,260519097,1,0.05000000000000001,10000,False,
0.78,1510,260519097,1,0.009999999999999995,10000,False,
0.8,1511,260519098,1,0.05000000000000001,10000,False,
0.8,1511,260519098,1,0.009999999999999995,10000,False,
0.4,1512,260519099,2,0.05000000000000001,10000,False,
0.4,1512,260519099,2,0.009999999999999995,10000,False,
0.42000000000000004,1513,260519100,2,0.05000000000000001,10000,False,
0.42000000000000004,1513,260519100,2,0.009999999999999995,10000,False,
0.44,1514,260519101,2,0.05000000000000001,10000,False,
0.44,1514,260519101,2,0.009999999999999995,10000,False,
0.46,1515,260519102,2,0.05000000000000001,10000,False,
0.46,1515,260519102,2,0.009999999999999995,10000,False,
0.48000000000000004,1516,260519103,2,0.05000000000000001,10000,False,
0.48000000000000004,1516,260519103,2,0.009999999999999995,10000,False,
0.5,1517,260519104,2,0.05000000000000001,10000,False,
0.5,1517,260519104,2,0.009999999999999995,10000,False,
0.52,1518,260519105,2,0.05000000000000001,10000,False,
0.52,1518,260519105,2,0.009999999999999995,10000,False,
0.54,1519,260519106,2,0.05000000000000001,10000,False,
0.54,1519,260519106,2,0.009999999999999995,10000,False,
0.56,1520,260519107,2,0.05000000000000001,10000,False,
0.56,1520,260519107,2,0.009999999999999995,10000,False,
0.5800000000000001,1521,260519108,2,0.05000000000000001,10000,False,
0.5800000000000001,1521,260519108,2,0.009999999999999995,10000,False,
0.6000000000000001,1522,260519109,2,0.05000000000000001,10000,False,
0.6000000000000001,1522,260519109,2,0.009999999999999995,10000,False,
0.6200000000000001,1523,260519110,2,0.05000000000000001,10000,False,
0.6200000000000001,1523,260519110,2,0.009999999999999995,10000,False,
0.6400000000000001,1524,260519111,2,0.05000000000000001,10000,False,
0.6400000000000001,1524,260519111,2,0.009999999999999995,10000,False,
0.66,1525,260519112,2,0.05000000000000001,10000,False,
0.66,1525,260519112,2,0.009999999999999995,10000,False,
0.68,1526,260519113,2,0.05000000000000001,10000,False,
0.68,1526,260519113,2,0.009999999999999995,10000,False,
0.7,1527,260519114,2,0.05000000000000001,10000,False,
0.7,1527,260519114,2,0.009999999999999995,10000,False,
0.72,1528,260519115,2,0.05000000000000001,10000,False,
0.72,1528,260519115,2,0.009999999999999995,10000,False,
0.74,1529,260519116,2,0.05000000000000001,10000,False,
0.74,1529,260519116,2,0.009999999999999995,10000,False,
0.76,1530,260519117,2,0.05000000000000001,10000,False,
0.76,1530,260519117,2,0.009999999999999995,10000,False,
0.78,1531,260519118,2,0.05000000000000001,10000,False,
0.78,1531,260519118,2,0.009999999999999995,10000,False,
0.8,1532,260519119,2,0.05000000000000001,10000,False,
0.8,1532,260519119,2,0.009999999999999995,10000,False,
0.4,1533,260519120,3,0.05000000000000001,10000,False,
0.4,1533,260519120,3,0.009999999999999995,10000,False,
0.42000000000000004,1534,260519121,3,0.05000000000000001,10000,False,
0.42000000000000004,1534,260519121,3,0.009999999999999995,10000,False,
0.44,1535,260519122,3,0.05000000000000001,10000,False,
0.44,1535,260519122,3,0.009999999999999995,10000,False,
0.46,1536,260519123,3,0.05000000000000001,10000,False,
0.46,1536,260519123,3,0.009999999999999995,10000,False,
0.48000000000000004,1537,260519124,3,0.05000000000000001,10000,False,
0.48000000000000004,1537,260519124,3,0.009999999999999995,10000,False,
0.5,1538,260519125,3,0.05000000000000001,10000,False,
0.5,1538,260519125,3,0.009999999999999995,10000,False,
0.52,1539,260519126,3,0.05000000000000001,10000,False,
0.52,1539,260519126,3,0.009999999999999995,10000,False,
0.54,1540,260519127,3,0.05000000000000001,10000,False,
0.54,1540,260519127,3,0.009999999999999995,10000,False,
0.56,1541,260519128,3,0.05000000000000001,10000,False,
0.56,1541,260519128,3,0.009999999999999995,10000,False,
0.5800000000000001,1542,260519129,3,0.05000000000000001,10000,False,
0.5800000000000001,1542,260519129,3,0.009999999999999995,10000,False,
0.6000000000000001,1543,260519130,3,0.05000000000000001,10000,False,
0.6000000000000001,1543,260519130,3,0.009999999999999995,10000,False,
0.6200000000000001,1544,260519131,3,0.05000000000000001,10000,False,
0.6200000000000001,1544,260519131,3,0.009999999999999995,10000,False,
0.6400000000000001,1545,260519132,3,0.05000000000000001,10000,False,
0.6400000000000001,1545,260519132,3,0.009999999999999995,10000,False,
0.66,1546,260519133,3,0.05000000000000001,10000,False,
0.66,1546,260519133,3,0.009999999999999995,10000,False,
0.68,1547,260519134,3,0.05000000000000001,10000,False,
0.68,1547,260519134,3,0.009999999999999995,10000,False,
0.7,1548,260519135,3,0.05000000000000001,10000,False,
0.7,1548,260519135,3,0.009999999999999995,10000,False,
0.72,1549,260519136,3,0.05000000000000001,10000,False,
0.72,1549,260519136,3,0.009999999999999995,10000,False,
0.74,1550,260519137,3,0.05000000000000001,10000,False,
0.74,1550,260519137,3,0.009999999999999995,10000,False,
0.76,1551,260519138,3,0.05000000000000001,10000,False,
0.76,1551,260519138,3,0.009999999999999995,10000,False,
0.78,1552,260519139,3,0.05000000000000001,10000,False,
0.78,1552,260519139,3,0.009999999999999995,10000,False,
0.8,1553,260519140,3,0.05000000000000001,10000,False,
0.8,1553,260519140,3,0.009999999999999995,10000,False,
0.4,1554,260519141,4,0.05000000000000001,10000,False,
0.4,1554,260519141,4,0.009999999999999995,10000,False,
0.42000000000000004,1555,260519142,4,0.05000000000000001,10000,False,
0.42000000000000004,1555,260519142,4,0.009999999999999995,10000,False,
0.44,1556,260519143,4,0.05000000000000001,10000,False,
0.44,1556,260519143,4,0.009999999999999995,10000,False,
0.46,1557,260519144,4,0.05000000000000001,10000,False,
0.46,1557,260519144,4,0.009999999999999995,10000,False,
0.48000000000000004,1558,260519145,4,0.05000000000000001,10000,False,
0.48000000000000004,1558,260519145,4,0.009999999999999995,10000,False,
0.5,1559,260519146,4,0.05000000000000001,10000,False,
0.5,1559,260519146,4,0.009999999999999995,10000,False,
0.52,1560,260519147,4,0.05000000000000001,10000,False,
0.52,1560,260519147,4,0.009999999999999995,10000,False,
0.54,1561,260519148,4,0.05000000000000001,10000,False,
0.54,1561,260519148,4,0.009999999999999995,10000,False,
0.56,1562,260519149,4,0.05000000000000001,10000,False,
0.56,1562,260519149,4,0.009999999999999995,10000,False,
0.5800000000000001,1563,260519150,4,0.05000000000000001,10000,False,
0.5800000000000001,1563,260519150,4,0.009999999999999995,10000,False,
0.6000000000000001,1564,260519151,4,0.05000000000000001,10000,False,
0.6000000000000001,1564,260519151,4,0.009999999999999995,10000,False,
0.6200000000000001,1565,260519152,4,0.05000000000000001,10000,False,
0.6200000000000001,1565,260519152,4,0.009999999999999995,10000,False,
0.6400000000000001,1566,260519153,4,0.05000000000000001,10000,False,
0.6400000000000001,1566,260519153,4,0.009999999999999995,10000,False,
0.66,1567,260519154,4,0.05000000000000001,10000,False,
0.66,1567,260519154,4,0.009999999999999995,10000,False,
0.68,1568,260519155,4,0.05000000000000001,10000,False,
0.68,1568,260519155,4,0.009999999999999995,10000,False,
0.7,1569,260519156,4,0.05000000000000001,10000,False,
0.7,1569,260519156,4,0.009999999999999995,10000,False,
0.72,1570,260519157,4,0.05000000000000001,10000,False,
0.72,1570,260519157,4,0.009999999999999995,10000,False,
0.74,1571,260519158,4,0.05000000000000001,10000,False,
0.74,1571,260519158,4,0.009999999999999995,10000,False,
0.76,1572,260519159,4,0.05000000000000001,10000,False,
0.76,1572,260519159,4,0.009999999999999995,10000,False,
0.78,1573,260519160,4,0.05000000000000001,10000,False,
0.78,1573,260519160,4,0.009999999999999995,10000,False,
0.8,1574,260519161,4,0.05000000000000001,10000,False,
0.8,1574,260519161,4,0.009999999999999995,10000,False,
0.4,1575,260519162,0,0.05000000000000001,10000,False,
0.4,1575,260519162,0,0.009999999999999995,10000,False,
0.42000000000000004,1576,260519163,0,0.05000000000000001,10000,False,
0.42000000000000004,1576,260519163,0,0.009999999999999995,10000,False,
0.44,1577,260519164,0,0.05000000000000001,10000,False,
0.44,1577,260519164,0,0.009999999999999995,10000,False,
0.46,1578,260519165,0,0.05000000000000001,10000,False,
0.46,1578,260519165,0,0.009999999999999995,10000,False,
0.48000000000000004,1579,260519166,0,0.05000000000000001,10000,False,
0.48000000000000004,1579,260519166,0,0.009999999999999995,10000,False,
0.5,1580,260519167,0,0.05000000000000001,10000,False,
0.5,1580,260519167,0,0.009999999999999995,10000,False,
0.52,1581,260519168,0,0.05000000000000001,10000,False,
0.52,1581,260519168,0,0.009999999999999995,10000,False,
0.54,1582,260519169,0,0.05000000000000001,10000,False,
0.54,1582,260519169,0,0.009999999999999995,10000,False,
0.56,1583,260519170,0,0.05000000000000001,10000,False,
0.56,1583,260519170,0,0.009999999999999995,10000,False,
0.5800000000000001,1584,260519171,0,0.05000000000000001,10000,False,
0.5800000000000001,1584,260519171,0,0.009999999999999995,10000,False,
0.6000000000000001,1585,260519172,0,0.05000000000000001,10000,False,
0.6000000000000001,1585,260519172,0,0.009999999999999995,10000,False,
0.6200000000000001,1586,260519173,0,0.05000000000000001,10000,False,
0.6200000000000001,1586,260519173,0,0.009999999999999995,10000,False,
0.6400000000000001,1587,260519174,0,0.05000000000000001,10000,False,
0.6400000000000001,1587,260519174,0,0.009999999999999995,10000,False,
0.66,1588,260519175,0,0.05000000000000001,10000,False,
0.66,1588,260519175,0,0.009999999999999995,10000,False,
0.68,1589,260519176,0,0.05000000000000001,10000,False,
0.68,1589,260519176,0,0.009999999999999995,10000,False,
0.7,1590,260519177,0,0.05000000000000001,10000,False,
0.7,1590,260519177,0,0.009999999999999995,10000,False,
0.72,1591,260519178,0,0.05000000000000001,10000,False,
0.72,1591,260519178,0,0.009999999999999995,10000,False,
0.74,1592,260519179,0,0.05000000000000001,10000,False,
0.74,1592,260519179,0,0.009999999999999995,10000,False,
0.76,1593,260519180,0,0.05000000000000001,10000,False,
0.76,1593,260519180,0,0.009999999999999995,10000,False,
0.78,1594,260519181,0,0.05000000000000001,10000,False,
0.78,1594,260519181,0,0.009999999999999995,10000,False,
0.8,1595,260519182,0,0.05000000000000001,10000,False,
0.8,1595,260519182,0,0.009999999999999995,10000,False,
0.4,1596,260519183,1,0.05000000000000001,10000,False,
0.4,1596,260519183,1,0.009999999999999995,10000,False,
0.42000000000000004,1597,260519184,1,0.05000000000000001,10000,False,
0.42000000000000004,1597,260519184,1,0.009999999999999995,10000,False,
0.44,1598,260519185,1,0.05000000000000001,10000,False,
0.44,1598,260519185,1,0.009999999999999995,10000,False,
0.46,1599,260519186,1,0.05000000000000001,10000,False,
0.46,1599,260519186,1,0.009999999999999995,10000,False,
0.48000000000000004,1600,260519187,1,0.05000000000000001,10000,False,
0.48000000000000004,1600,260519187,1,0.009999999999999995,10000,False,
0.5,1601,260519188,1,0.05000000000000001,10000,False,
0.5,1601,260519188,1,0.009999999999999995,10000,False,
0.52,1602,260519189,1,0.05000000000000001,10000,False,
0.52,1602,260519189,1,0.009999999999999995,10000,False,
0.54,1603,260519190,1,0.05000000000000001,10000,False,
0.54,1603,260519190,1,0.009999999999999995,10000,False,
0.56,1604,260519191,1,0.05000000000000001,10000,False,
0.56,1604,260519191,1,0.009999999999999995,10000,False,
0.5800000000000001,1605,260519192,1,0.05000000000000001,10000,False,
0.5800000000000001,1605,260519192,1,0.009999999999999995,10000,False,
0.6000000000000001,1606,260519193,1,0.05000000000000001,10000,False,
0.6000000000000001,1606,260519193,1,0.009999999999999995,10000,False,
0.6200000000000001,1607,260519194,1,0.05000000000000001,10000,False,
0.6200000000000001,1607,260519194,1,0.009999999999999995,10000,False,
0.6400000000000001,1608,260519195,1,0.05000000000000001,10000,False,
0.6400000000000001,1608,260519195,1,0.009999999999999995,10000,False,
0.66,1609,260519196,1,0.05000000000000001,10000,False,
0.66,1609,260519196,1,0.009999999999999995,10000,False,
0.68,1610,260519197,1,0.05000000000000001,10000,False,
0.68,1610,260519197,1,0.009999999999999995,10000,False,
0.7,1611,260519198,1,0.05000000000000001,10000,False,
0.7,1611,260519198,1,0.009999999999999995,10000,False,
0.72,1612,260519199,1,0.05000000000000001,10000,False,
0.72,1612,260519199,1,0.009999999999999995,10000,False,
0.74,1613,260519200,1,0.05000000000000001,10000,False,
0.74,1613,260519200,1,0.009999999999999995,10000,False,
0.76,1614,260519201,1,0.05000000000000001,10000,False,
0.76,1614,260519201,1,0.009999999999999995,10000,False,
0.78,1615,260519202,1,0.05000000000000001,10000,False,
0.78,1615,260519202,1,0.009999999999999995,10000,False,
0.8,1616,260519203,1,0.05000000000000001,10000,False,
0.8,1616,260519203,1,0.009999999999999995,10000,False,
0.4,1617,260519204,2,0.05000000000000001,10000,False,
0.4,1617,260519204,2,0.009999999999999995,10000,False,
0.42000000000000004,1618,260519205,2,0.05000000000000001,10000,False,
0.42000000000000004,1618,260519205,2,0.009999999999999995,10000,False,
0.44,1619,260519206,2,0.05000000000000001,10000,False,
0.44,1619,260519206,2,0.009999999999999995,10000,False,
0.46,1620,260519207,2,0.05000000000000001,10000,False,
0.46,1620,260519207,2,0.009999999999999995,10000,False,
0.48000000000000004,1621,260519208,2,0.05000000000000001,10000,False,
0.48000000000000004,1621,260519208,2,0.009999999999999995,10000,False,
0.5,1622,260519209,2,0.05000000000000001,10000,False,
0.5,1622,260519209,2,0.009999999999999995,10000,False,
0.52,1623,260519210,2,0.05000000000000001,10000,False,
0.52,1623,260519210,2,0.009999999999999995,10000,False,
0.54,1624,260519211,2,0.05000000000000001,10000,False,
0.54,1624,260519211,2,0.009999999999999995,10000,False,
0.56,1625,260519212,2,0.05000000000000001,10000,False,
0.56,1625,260519212,2,0.009999999999999995,10000,False,
0.5800000000000001,1626,260519213,2,0.05000000000000001,10000,False,
0.5800000000000001,1626,260519213,2,0.009999999999999995,10000,False,
0.6000000000000001,1627,260519214,2,0.05000000000000001,10000,False,
0.6000000000000001,1627,260519214,2,0.009999999999999995,10000,False,
0.6200000000000001,1628,260519215,2,0.05000000000000001,10000,False,
0.6200000000000001,1628,260519215,2,0.009999999999999995,10000,False,
0.6400000000000001,1629,260519216,2,0.05000000000000001,10000,False,
0.6400000000000001,1629,260519216,2,0.009999999999999995,10000,False,
0.66,1630,260519217,2,0.05000000000000001,10000,False,
0.66,1630,260519217,2,0.009999999999999995,10000,False,
0.68,1631,260519218,2,0.05000000000000001,10000,False,
0.68,1631,260519218,2,0.009999999999999995,10000,False,
0.7,1632,260519219,2,0.05000000000000001,10000,False,
0.7,1632,260519219,2,0.009999999999999995,10000,False,
0.72,1633,260519220,2,0.05000000000000001,10000,False,
0.72,1633,260519220,2,0.009999999999999995,10000,False,
0.74,1634,260519221,2,0.05000000000000001,10000,False,
0.74,1634,260519221,2,0.009999999999999995,10000,False,
0.76,1635,260519222,2,0.05000000000000001,10000,False,
0.76,1635,260519222,2,0.009999999999999995,10000,False,
0.78,1636,260519223,2,0.05000000000000001,10000,False,
0.78,1636,260519223,2,0.009999999999999995,10000,False,
0.8,1637,260519224,2,0.05000000000000001,10000,False,
0.8,1637,260519224,2,0.009999999999999995,10000,False,
0.4,1638,260519225,3,0.05000000000000001,10000,False,
0.4,1638,260519225,3,0.009999999999999995,10000,False,
0.42000000000000004,1639,260519226,3,0.05000000000000001,10000,False,
0.42000000000000004,1639,260519226,3,0.009999999999999995,10000,False,
0.44,1640,260519227,3,0.05000000000000001,10000,False,
0.44,1640,260519227,3,0.009999999999999995,10000,False,
0.46,1641,260519228,3,0.05000000000000001,10000,False,
0.46,1641,260519228,3,0.009999999999999995,10000,False,
0.48000000000000004,1642,260519229,3,0.05000000000000001,10000,False,
0.48000000000000004,1642,260519229,3,0.009999999999999995,10000,False,
0.5,1643,260519230,3,0.05000000000000001,10000,False,
0.5,1643,260519230,3,0.009999999999999995,10000,False,
0.52,1644,260519231,3,0.05000000000000001,10000,False,
0.52,1644,260519231,3,0.009999999999999995,10000,False,
0.54,1645,260519232,3,0.05000000000000001,10000,False,
0.54,1645,260519232,3,0.009999999999999995,10000,False,
0.56,1646,260519233,3,0.05000000000000001,10000,False,
0.56,1646,260519233,3,0.009999999999999995,10000,False,
0.5800000000000001,1647,260519234,3,0.05000000000000001,10000,False,
0.5800000000000001,1647,260519234,3,0.009999999999999995,10000,False,
0.6000000000000001,1648,260519235,3,0.05000000000000001,10000,False,
0.6000000000000001,1648,260519235,3,0.009999999999999995,10000,False,
0.6200000000000001,1649,260519236,3,0.05000000000000001,10000,False,
0.6200000000000001,1649,260519236,3,0.009999999999999995,10000,False,
0.6400000000000001,1650,260519237,3,0.05000000000000001,10000,False,
0.6400000000000001,1650,260519237,3,0.009999999999999995,10000,False,
0.66,1651,260519238,3,0.05000000000000001,10000,False,
0.66,1651,260519238,3,0.009999999999999995,10000,False,
0.68,1652,260519239,3,0.05000000000000001,10000,False,
0.68,1652,260519239,3,0.009999999999999995,10000,False,
0.7,1653,260519240,3,0.05000000000000001,10000,False,
0.7,1653,260519240,3,0.009999999999999995,10000,False,
0.72,1654,260519241,3,0.05000000000000001,10000,False,
0.72,1654,260519241,3,0.009999999999999995,10000,False,
0.74,1655,260519242,3,0.05000000000000001,10000,False,
0.74,1655,260519242,3,0.009999999999999995,10000,False,
0.76,1656,260519243,3,0.05000000000000001,10000,False,
0.76,1656,260519243,3,0.009999999999999995,10000,False,
0.78,1657,260519244,3,0.05000000000000001,10000,False,
0.78,1657,260519244,3,0.009999999999999995,10000,False,
0.8,1658,260519245,3,0.05000000000000001,10000,False,
0.8,1658,260519245,3,0.009999999999999995,10000,False,
0.4,1659,260519246,4,0.05000000000000001,10000,False,
0.4,1659,260519246,4,0.009999999999999995,10000,False,
0.42000000000000004,1660,260519247,4,0.05000000000000001,10000,False,
0.42000000000000004,1660,260519247,4,0.009999999999999995,10000,False,
0.44,1661,260519248,4,0.05000000000000001,10000,False,
0.44,1661,260519248,4,0.009999999999999995,10000,False,
0.46,1662,260519249,4,0.05000000000000001,10000,False,
0.46,1662,260519249,4,0.009999999999999995,10000,False,
0.48000000000000004,1663,260519250,4,0.05000000000000001,10000,False,
0.48000000000000004,1663,260519250,4,0.009999999999999995,10000,False,
0.5,1664,260519251,4,0.05000000000000001,10000,False,
0.5,1664,260519251,4,0.009999999999999995,10000,False,
0.52,1665,260519252,4,0.05000000000000001,10000,False,
0.52,1665,260519252,4,0.009999999999999995,10000,False,
0.54,1666,260519253,4,0.05000000000000001,10000,False,
0.54,1666,260519253,4,0.009999999999999995,10000,False,
0.56,1667,260519254,4,0.05000000000000001,10000,False,
0.56,1667,260519254,4,0.009999999999999995,10000,False,
0.5800000000000001,1668,260519255,4,0.05000000000000001,10000,False,
0.5800000000000001,1668,260519255,4,0.009999999999999995,10000,False,
0.6000000000000001,1669,260519256,4,0.05000000000000001,10000,False,
0.6000000000000001,1669,260519256,4,0.009999999999999995,10000,False,
0.6200000000000001,1670,260519257,4,0.05000000000000001,10000,False,
0.6200000000000001,1670,260519257,4,0.009999999999999995,10000,False,
0.6400000000000001,1671,260519258,4,0.05000000000000001,10000,False,
0.6400000000000001,1671,260519258,4,0.009999999999999995,10000,False,
0.66,1672,260519259,4,0.05000000000000001,10000,False,
0.66,1672,260519259,4,0.009999999999999995,10000,False,
0.68,1673,260519260,4,0.05000000000000001,10000,False,
0.68,1673,260519260,4,0.009999999999999995,10000,False,
0.7,1674,260519261,4,0.05000000000000001,10000,False,
0.7,1674,260519261,4,0.009999999999999995,10000,False,
0.72,1675,260519262,4,0.05000000000000001,10000,False,
0.72,1675,260519262,4,0.009999999999999995,10000,False,
0.74,1676,260519263,4,0.05000000000000001,10000,False,
0.74,1676,260519263,4,0.009999999999999995,10000,False,
0.76,1677,260519264,4,0.05000000000000001,10000,False,
0.76,1677,260519264,4,0.009999999999999995,10000,False,
0.78,1678,260519265,4,0.05000000000000001,10000,False,
0.78,1678,260519265,4,0.009999999999999995,10000,False,
0.8,1679,260519266,4,0.05000000000000001,10000,False,
0.8,1679,260519266,4,0.009999999999999995,10000,False,
0.4,1680,260519267,0,0.05000000000000001,10000,False,
0.4,1680,260519267,0,0.009999999999999995,10000,False,
0.42000000000000004,1681,260519268,0,0.05000000000000001,10000,False,
0.42000000000000004,1681,260519268,0,0.009999999999999995,10000,False,
0.44,1682,260519269,0,0.05000000000000001,10000,False,
0.44,1682,260519269,0,0.009999999999999995,10000,False,
0.46,1683,260519270,0,0.05000000000000001,10000,False,
0.46,1683,260519270,0,0.009999999999999995,10000,False,
0.48000000000000004,1684,260519271,0,0.05000000000000001,10000,False,
0.48000000000000004,1684,260519271,0,0.009999999999999995,10000,False,
0.5,1685,260519272,0,0.05000000000000001,10000,False,
0.5,1685,260519272,0,0.009999999999999995,10000,False,
0.52,1686,260519273,0,0.05000000000000001,10000,False,
0.52,1686,260519273,0,0.009999999999999995,10000,False,
0.54,1687,260519274,0,0.05000000000000001,10000,False,
0.54,1687,260519274,0,0.009999999999999995,10000,False,
0.56,1688,260519275,0,0.05000000000000001,10000,False,
0.56,1688,260519275,0,0.009999999999999995,10000,False,
0.5800000000000001,1689,260519276,0,0.05000000000000001,10000,False,
0.5800000000000001,1689,260519276,0,0.009999999999999995,10000,False,
0.6000000000000001,1690,260519277,0,0.05000000000000001,10000,False,
0.6000000000000001,1690,260519277,0,0.009999999999999995,10000,False,
0.6200000000000001,1691,260519278,0,0.05000000000000001,10000,False,
0.6200000000000001,1691,260519278,0,0.009999999999999995,10000,False,
0.6400000000000001,1692,260519279,0,0.05000000000000001,10000,False,
0.6400000000000001,1692,260519279,0,0.009999999999999995,10000,False,
0.66,1693,260519280,0,0.05000000000000001,10000,False,
0.66,1693,260519280,0,0.009999999999999995,10000,False,
0.68,1694,260519281,0,0.05000000000000001,10000,False,
0.68,1694,260519281,0,0.009999999999999995,10000,False,
0.7,1695,260519282,0,0.05000000000000001,10000,False,
0.7,1695,260519282,0,0.009999999999999995,10000,False,
0.72,1696,260519283,0,0.05000000000000001,10000,False,
0.72,1696,260519283,0,0.009999999999999995,10000,False,
0.74,1697,260519284,0,0.05000000000000001,10000,False,
0.74,1697,260519284,0,0.009999999999999995,10000,False,
0.76,1698,260519285,0,0.05000000000000001,10000,False,
0.76,1698,260519285,0,0.009999999999999995,10000,False,
0.78,1699,260519286,0,0.05000000000000001,10000,False,
0.78,1699,260519286,0,0.009999999999999995,10000,False,
0.8,1700,260519287,0,0.05000000000000001,10000,False,
0.8,1700,260519287,0,0.009999999999999995,10000,False,
0.4,1701,260519288,1,0.05000000000000001,10000,False,
0.4,1701,260519288,1,0.009999999999999995,10000,False,
0.42000000000000004,1702,260519289,1,0.05000000000000001,10000,False,
0.42000000000000004,1702,260519289,1,0.009999999999999995,10000,False,
0.44,1703,260519290,1,0.05000000000000001,10000,False,
0.44,1703,260519290,1,0.009999999999999995,10000,False,
0.46,1704,260519291,1,0.05000000000000001,10000,False,
0.46,1704,260519291,1,0.009999999999999995,10000,False,
0.48000000000000004,1705,260519292,1,0.05000000000000001,10000,False,
0.48000000000000004,1705,260519292,1,0.009999999999999995,10000,False,
0.5,1706,260519293,1,0.05000000000000001,10000,False,
0.5,1706,260519293,1,0.009999999999999995,10000,False,
0.52,1707,260519294,1,0.05000000000000001,10000,False,
0.52,1707,260519294,1,0.009999999999999995,10000,False,
0.54,1708,260519295,1,0.05000000000000001,10000,False,
0.54,1708,260519295,1,0.009999999999999995,10000,False,
0.56,1709,260519296,1,0.05000000000000001,10000,False,
0.56,1709,260519296,1,0.009999999999999995,10000,False,
0.5800000000000001,1710,260519297,1,0.05000000000000001,10000,False,
0.5800000000000001,1710,260519297,1,0.009999999999999995,10000,False,
0.6000000000000001,1711,260519298,1,0.05000000000000001,10000,False,
0.6000000000000001,1711,260519298,1,0.009999999999999995,10000,False,
0.6200000000000001,1712,260519299,1,0.05000000000000001,10000,False,
0.6200000000000001,1712,260519299,1,0.009999999999999995,10000,False,
0.6400000000000001,1713,260519300,1,0.05000000000000001,10000,False,
0.6400000000000001,1713,260519300,1,0.009999999999999995,10000,False,
0.66,1714,260519301,1,0.05000000000000001,10000,False,
0.66,1714,260519301,1,0.009999999999999995,10000,False,
0.68,1715,260519302,1,0.05000000000000001,10000,False,
0.68,1715,260519302,1,0.009999999999999995,10000,False,
0.7,1716,260519303,1,0.05000000000000001,10000,False,
0.7,1716,260519303,1,0.009999999999999995,10000,False,
0.72,1717,260519304,1,0.05000000000000001,10000,False,
0.72,1717,260519304,1,0.009999999999999995,10000,False,
0.74,1718,260519305,1,0.05000000000000001,10000,False,
0.74,1718,260519305,1,0.009999999999999995,10000,False,
0.76,1719,260519306,1,0.05000000000000001,10000,False,
0.76,1719,260519306,1,0.009999999999999995,10000,False,
0.78,1720,260519307,1,0.05000000000000001,10000,False,
0.78,1720,260519307,1,0.009999999999999995,10000,False,
0.8,1721,260519308,1,0.05000000000000001,10000,False,
0.8,1721,260519308,1,0.009999999999999995,10000,False,
0.4,1722,260519309,2,0.05000000000000001,10000,False,
0.4,1722,260519309,2,0.009999999999999995,10000,False,
0.42000000000000004,1723,260519310,2,0.05000000000000001,10000,False,
0.42000000000000004,1723,260519310,2,0.009999999999999995,10000,False,
0.44,1724,260519311,2,0.05000000000000001,10000,False,
0.44,1724,260519311,2,0.009999999999999995,10000,False,
0.46,1725,260519312,2,0.05000000000000001,10000,False,
0.46,1725,260519312,2,0.009999999999999995,10000,False,
0.48000000000000004,1726,260519313,2,0.05000000000000001,10000,False,
0.48000000000000004,1726,260519313,2,0.009999999999999995,10000,False,
0.5,1727,260519314,2,0.05000000000000001,10000,False,
0.5,1727,260519314,2,0.009999999999999995,10000,False,
0.52,1728,260519315,2,0.05000000000000001,10000,False,
0.52,1728,260519315,2,0.009999999999999995,10000,False,
0.54,1729,260519316,2,0.05000000000000001,10000,False,
0.54,1729,260519316,2,0.009999999999999995,10000,False,
0.56,1730,260519317,2,0.05000000000000001,10000,False,
0.56,1730,260519317,2,0.009999999999999995,10000,False,
0.5800000000000001,1731,260519318,2,0.05000000000000001,10000,False,
0.5800000000000001,1731,260519318,2,0.009999999999999995,10000,False,
0.6000000000000001,1732,260519319,2,0.05000000000000001,10000,False,
0.6000000000000001,1732,260519319,2,0.009999999999999995,10000,False,
0.6200000000000001,1733,260519320,2,0.05000000000000001,10000,False,
0.6200000000000001,1733,260519320,2,0.009999999999999995,10000,False,
0.6400000000000001,1734,260519321,2,0.05000000000000001,10000,False,
0.6400000000000001,1734,260519321,2,0.009999999999999995,10000,False,
0.66,1735,260519322,2,0.05000000000000001,10000,False,
0.66,1735,260519322,2,0.009999999999999995,10000,False,
0.68,1736,260519323,2,0.05000000000000001,10000,False,
0.68,1736,260519323,2,0.009999999999999995,10000,False,
0.7,1737,260519324,2,0.05000000000000001,10000,False,
0.7,1737,260519324,2,0.009999999999999995,10000,False,
0.72,1738,260519325,2,0.05000000000000001,10000,False,
0.72,1738,260519325,2,0.009999999999999995,10000,False,
0.74,1739,260519326,2,0.05000000000000001,10000,False,
0.74,1739,260519326,2,0.009999999999999995,10000,False,
0.76,1740,260519327,2,0.05000000000000001,10000,False,
0.76,1740,260519327,2,0.009999999999999995,10000,False,
0.78,1741,260519328,2,0.05000000000000001,10000,False,
0.78,1741,260519328,2,0.009999999999999995,10000,False,
0.8,1742,260519329,2,0.05000000000000001,10000,False,
0.8,1742,260519329,2,0.009999999999999995,10000,False,
0.4,1743,260519330,3,0.05000000000000001,10000,False,
0.4,1743,260519330,3,0.009999999999999995,10000,False,
0.42000000000000004,1744,260519331,3,0.05000000000000001,10000,False,
0.42000000000000004,1744,260519331,3,0.009999999999999995,10000,False,
0.44,1745,260519332,3,0.05000000000000001,10000,False,
0.44,1745,260519332,3,0.009999999999999995,10000,False,
0.46,1746,260519333,3,0.05000000000000001,10000,False,
0.46,1746,260519333,3,0.009999999999999995,10000,False,
0.48000000000000004,1747,260519334,3,0.05000000000000001,10000,False,
0.48000000000000004,1747,260519334,3,0.009999999999999995,10000,False,
0.5,1748,260519335,3,0.05000000000000001,10000,False,
0.5,1748,260519335,3,0.009999999999999995,10000,False,
0.52,1749,260519336,3,0.05000000000000001,10000,False,
0.52,1749,260519336,3,0.009999999999999995,10000,False,
0.54,1750,260519337,3,0.05000000000000001,10000,False,
0.54,1750,260519337,3,0.009999999999999995,10000,False,
0.56,1751,260519338,3,0.05000000000000001,10000,False,
0.56,1751,260519338,3,0.009999999999999995,10000,False,
0.5800000000000001,1752,260519339,3,0.05000000000000001,10000,False,
0.5800000000000001,1752,260519339,3,0.009999999999999995,10000,False,
0.6000000000000001,1753,260519340,3,0.05000000000000001,10000,False,
0.6000000000000001,1753,260519340,3,0.009999999999999995,10000,False,
0.6200000000000001,1754,260519341,3,0.05000000000000001,10000,False,
0.6200000000000001,1754,260519341,3,0.009999999999999995,10000,False,
0.6400000000000001,1755,260519342,3,0.05000000000000001,10000,False,
0.6400000000000001,1755,260519342,3,0.009999999999999995,10000,False,
0.66,1756,260519343,3,0.05000000000000001,10000,False,
0.66,1756,260519343,3,0.009999999999999995,10000,False,
0.68,1757,260519344,3,0.05000000000000001,10000,False,
0.68,1757,260519344,3,0.009999999999999995,10000,False,
0.7,1758,260519345,3,0.05000000000000001,10000,False,
0.7,1758,260519345,3,0.009999999999999995,10000,False,
0.72,1759,260519346,3,0.05000000000000001,10000,False,
0.72,1759,260519346,3,0.009999999999999995,10000,False,
0.74,1760,260519347,3,0.05000000000000001,10000,False,
0.74,1760,260519347,3,0.009999999999999995,10000,False,
0.76,1761,260519348,3,0.05000000000000001,10000,False,
0.76,1761,260519348,3,0.009999999999999995,10000,False,
0.78,1762,260519349,3,0.05000000000000001,10000,False,
0.78,1762,260519349,3,0.009999999999999995,10000,False,
0.8,1763,260519350,3,0.05000000000000001,10000,False,
0.8,1763,260519350,3,0.009999999999999995,10000,False,
0.4,1764,260519351,4,0.05000000000000001,10000,False,
0.4,1764,260519351,4,0.009999999999999995,10000,False,
0.42000000000000004,1765,260519352,4,0.05000000000000001,10000,False,
0.42000000000000004,1765,260519352,4,0.009999999999999995,10000,False,
0.44,1766,260519353,4,0.05000000000000001,10000,False,
0.44,1766,260519353,4,0.009999999999999995,10000,False,
0.46,1767,260519354,4,0.05000000000000001,10000,False,
0.46,1767,260519354,4,0.009999999999999995,10000,False,
0.48000000000000004,1768,260519355,4,0.05000000000000001,10000,False,
0.48000000000000004,1768,260519355,4,0.009999999999999995,10000,False,
0.5,1769,260519356,4,0.05000000000000001,10000,False,
0.5,1769,260519356,4,0.009999999999999995,10000,False,
0.52,1770,260519357,4,0.05000000000000001,10000,False,
0.52,1770,260519357,4,0.009999999999999995,10000,False,
0.54,1771,260519358,4,0.05000000000000001,10000,False,
0.54,1771,260519358,4,0.009999999999999995,10000,False,
0.56,1772,260519359,4,0.05000000000000001,10000,False,
0.56,1772,260519359,4,0.009999999999999995,10000,False,
0.5800000000000001,1773,260519360,4,0.05000000000000001,10000,False,
0.5800000000000001,1773,260519360,4,0.009999999999999995,10000,False,
0.6000000000000001,1774,260519361,4,0.05000000000000001,10000,False,
0.6000000000000001,1774,260519361,4,0.009999999999999995,10000,False,
0.6200000000000001,1775,260519362,4,0.05000000000000001,10000,False,
0.6200000000000001,1775,260519362,4,0.009999999999999995,10000,False,
0.6400000000000001,1776,260519363,4,0.05000000000000001,10000,False,
0.6400000000000001,1776,260519363,4,0.009999999999999995,10000,False,
0.66,1777,260519364,4,0.05000000000000001,10000,False,
0.66,1777,260519364,4,0.009999999999999995,10000,False,
0.68,1778,260519365,4,0.05000000000000001,10000,False,
0.68,1778,260519365,4,0.009999999999999995,10000,False,
0.7,1779,260519366,4,0.05000000000000001,10000,False,
0.7,1779,260519366,4,0.009999999999999995,10000,False,
0.72,1780,260519367,4,0.05000000000000001,10000,False,
0.72,1780,260519367,4,0.009999999999999995,10000,False,
0.74,1781,260519368,4,0.05000000000000001,10000,False,
0.74,1781,260519368,4,0.009999999999999995,10000,False,
0.76,1782,260519369,4,0.05000000000000001,10000,False,
0.76,1782,260519369,4,0.009999999999999995,10000,False,
0.78,1783,260519370,4,0.05000000000000001,10000,False,
0.78,1783,260519370,4,0.009999999999999995,10000,False,
0.8,1784,260519371,4,0.05000000000000001,10000,False,
0.8,1784,260519371,4,0.009999999999999995,10000,False,
0.4,1785,260519372,0,0.05000000000000001,10000,False,
0.4,1785,260519372,0,0.009999999999999995,10000,False,
0.42000000000000004,1786,260519373,0,0.05000000000000001,10000,False,
0.42000000000000004,1786,260519373,0,0.009999999999999995,10000,False,
0.44,1787,260519374,0,0.05000000000000001,10000,False,
0.44,1787,260519374,0,0.009999999999999995,10000,False,
0.46,1788,260519375,0,0.05000000000000001,10000,False,
0.46,1788,260519375,0,0.009999999999999995,10000,False,
0.48000000000000004,1789,260519376,0,0.05000000000000001,10000,False,
0.48000000000000004,1789,260519376,0,0.009999999999999995,10000,False,
0.5,1790,260519377,0,0.05000000000000001,10000,False,
0.5,1790,260519377,0,0.009999999999999995,10000,False,
0.52,1791,260519378,0,0.05000000000000001,10000,False,
0.52,1791,260519378,0,0.009999999999999995,10000,False,
0.54,1792,260519379,0,0.05000000000000001,10000,False,
0.54,1792,260519379,0,0.009999999999999995,10000,False,
0.56,1793,260519380,0,0.05000000000000001,10000,False,
0.56,1793,260519380,0,0.009999999999999995,10000,False,
0.5800000000000001,1794,260519381,0,0.05000000000000001,10000,False,
0.5800000000000001,1794,260519381,0,0.009999999999999995,10000,False,
0.6000000000000001,1795,260519382,0,0.05000000000000001,10000,False,
0.6000000000000001,1795,260519382,0,0.009999999999999995,10000,False,
0.6200000000000001,1796,260519383,0,0.05000000000000001,10000,False,
0.6200000000000001,1796,260519383,0,0.009999999999999995,10000,False,
0.6400000000000001,1797,260519384,0,0.05000000000000001,10000,False,
0.6400000000000001,1797,260519384,0,0.009999999999999995,10000,False,
0.66,1798,260519385,0,0.05000000000000001,10000,False,
0.66,1798,260519385,0,0.009999999999999995,10000,False,
0.68,1799,260519386,0,0.05000000000000001,10000,False,
0.68,1799,260519386,0,0.009999999999999995,10000,False,
0.7,1800,260519387,0,0.05000000000000001,10000,False,
0.7,1800,260519387,0,0.009999999999999995,10000,False,
0.72,1801,260519388,0,0.05000000000000001,10000,False,
0.72,1801,260519388,0,0.009999999999999995,10000,False,
0.74,1802,260519389,0,0.05000000000000001,10000,False,
0.74,1802,260519389,0,0.009999999999999995,10000,False,
0.76,1803,260519390,0,0.05000000000000001,10000,False,
0.76,1803,260519390,0,0.009999999999999995,10000,False,
0.78,1804,260519391,0,0.05000000000000001,10000,False,
0.78,1804,260519391,0,0.009999999999999995,10000,False,
0.8,1805,260519392,0,0.05000000000000001,10000,False,
0.8,1805,260519392,0,0.009999999999999995,10000,False,
0.4,1806,260519393,1,0.05000000000000001,10000,False,
0.4,1806,260519393,1,0.009999999999999995,10000,False,
0.42000000000000004,1807,260519394,1,0.05000000000000001,10000,False,
0.42000000000000004,1807,260519394,1,0.009999999999999995,10000,False,
0.44,1808,260519395,1,0.05000000000000001,10000,False,
0.44,1808,260519395,1,0.009999999999999995,10000,False,
0.46,1809,260519396,1,0.05000000000000001,10000,False,
0.46,1809,260519396,1,0.009999999999999995,10000,False,
0.48000000000000004,1810,260519397,1,0.05000000000000001,10000,False,
0.48000000000000004,1810,260519397,1,0.009999999999999995,10000,False,
0.5,1811,260519398,1,0.05000000000000001,10000,False,
0.5,1811,260519398,1,0.009999999999999995,10000,False,
0.52,1812,260519399,1,0.05000000000000001,10000,False,
0.52,1812,260519399,1,0.009999999999999995,10000,False,
0.54,1813,260519400,1,0.05000000000000001,10000,False,
0.54,1813,260519400,1,0.009999999999999995,10000,False,
0.56,1814,260519401,1,0.05000000000000001,10000,False,
0.56,1814,260519401,1,0.009999999999999995,10000,False,
0.5800000000000001,1815,260519402,1,0.05000000000000001,10000,False,
0.5800000000000001,1815,260519402,1,0.009999999999999995,10000,False,
0.6000000000000001,1816,260519403,1,0.05000000000000001,10000,False,
0.6000000000000001,1816,260519403,1,0.009999999999999995,10000,False,
0.6200000000000001,1817,260519404,1,0.05000000000000001,10000,False,
0.6200000000000001,1817,260519404,1,0.009999999999999995,10000,False,
0.6400000000000001,1818,260519405,1,0.05000000000000001,10000,False,
0.6400000000000001,1818,260519405,1,0.009999999999999995,10000,False,
0.66,1819,260519406,1,0.05000000000000001,10000,False,
0.66,1819,260519406,1,0.009999999999999995,10000,False,
0.68,1820,260519407,1,0.05000000000000001,10000,False,
0.68,1820,260519407,1,0.009999999999999995,10000,False,
0.7,1821,260519408,1,0.05000000000000001,10000,False,
0.7,1821,260519408,1,0.009999999999999995,10000,False,
0.72,1822,260519409,1,0.05000000000000001,10000,False,
0.72,1822,260519409,1,0.009999999999999995,10000,False,
0.74,1823,260519410,1,0.05000000000000001,10000,False,
0.74,1823,260519410,1,0.009999999999999995,10000,False,
0.76,1824,260519411,1,0.05000000000000001,10000,False,
0.76,1824,260519411,1,0.009999999999999995,10000,False,
0.78,1825,260519412,1,0.05000000000000001,10000,False,
0.78,1825,260519412,1,0.009999999999999995,10000,False,
0.8,1826,260519413,1,0.05000000000000001,10000,False,
0.8,1826,260519413,1,0.009999999999999995,10000,False,
0.4,1827,260519414,2,0.05000000000000001,10000,False,
0.4,1827,260519414,2,0.009999999999999995,10000,False,
0.42000000000000004,1828,260519415,2,0.05000000000000001,10000,False,
0.42000000000000004,1828,260519415,2,0.009999999999999995,10000,False,
0.44,1829,260519416,2,0.05000000000000001,10000,False,
0.44,1829,260519416,2,0.009999999999999995,10000,False,
0.46,1830,260519417,2,0.05000000000000001,10000,False,
0.46,1830,260519417,2,0.009999999999999995,10000,False,
0.48000000000000004,1831,260519418,2,0.05000000000000001,10000,False,
0.48000000000000004,1831,260519418,2,0.009999999999999995,10000,False,
0.5,1832,260519419,2,0.05000000000000001,10000,False,
0.5,1832,260519419,2,0.009999999999999995,10000,False,
0.52,1833,260519420,2,0.05000000000000001,10000,False,
0.52,1833,260519420,2,0.009999999999999995,10000,False,
0.54,1834,260519421,2,0.05000000000000001,10000,False,
0.54,1834,260519421,2,0.009999999999999995,10000,False,
0.56,1835,260519422,2,0.05000000000000001,10000,False,
0.56,1835,260519422,2,0.009999999999999995,10000,False,
0.5800000000000001,1836,260519423,2,0.05000000000000001,10000,False,
0.5800000000000001,1836,260519423,2,0.009999999999999995,10000,False,
0.6000000000000001,1837,260519424,2,0.05000000000000001,10000,False,
0.6000000000000001,1837,260519424,2,0.009999999999999995,10000,False,
0.6200000000000001,1838,260519425,2,0.05000000000000001,10000,False,
0.6200000000000001,1838,260519425,2,0.009999999999999995,10000,False,
0.6400000000000001,1839,260519426,2,0.05000000000000001,10000,False,
0.6400000000000001,1839,260519426,2,0.009999999999999995,10000,False,
0.66,1840,260519427,2,0.05000000000000001,10000,False,
0.66,1840,260519427,2,0.009999999999999995,10000,False,
0.68,1841,260519428,2,0.05000000000000001,10000,False,
0.68,1841,260519428,2,0.009999999999999995,10000,False,
0.7,1842,260519429,2,0.05000000000000001,10000,False,
0.7,1842,260519429,2,0.009999999999999995,10000,False,
0.72,1843,260519430,2,0.05000000000000001,10000,False,
0.72,1843,260519430,2,0.009999999999999995,10000,False,
0.74,1844,260519431,2,0.05000000000000001,10000,False,
0.74,1844,260519431,2,0.009999999999999995,10000,False,
0.76,1845,260519432,2,0.05000000000000001,10000,False,
0.76,1845,260519432,2,0.009999999999999995,10000,False,
0.78,1846,260519433,2,0.05000000000000001,10000,False,
0.78,1846,260519433,2,0.009999999999999995,10000,False,
0.8,1847,260519434,2,0.05000000000000001,10000,False,
0.8,1847,260519434,2,0.009999999999999995,10000,False,
0.4,1848,260519435,3,0.05000000000000001,10000,False,
0.4,1848,260519435,3,0.009999999999999995,10000,False,
0.42000000000000004,1849,260519436,3,0.05000000000000001,10000,False,
0.42000000000000004,1849,260519436,3,0.009999999999999995,10000,False,
0.44,1850,260519437,3,0.05000000000000001,10000,False,
0.44,1850,260519437,3,0.009999999999999995,10000,False,
0.46,1851,260519438,3,0.05000000000000001,10000,False,
0.46,1851,260519438,3,0.009999999999999995,10000,False,
0.48000000000000004,1852,260519439,3,0.05000000000000001,10000,False,
0.48000000000000004,1852,260519439,3,0.009999999999999995,10000,False,
0.5,1853,260519440,3,0.05000000000000001,10000,False,
0.5,1853,260519440,3,0.009999999999999995,10000,False,
0.52,1854,260519441,3,0.05000000000000001,10000,False,
0.52,1854,260519441,3,0.009999999999999995,10000,False,
0.54,1855,260519442,3,0.05000000000000001,10000,False,
0.54,1855,260519442,3,0.009999999999999995,10000,False,
0.56,1856,260519443,3,0.05000000000000001,10000,False,
0.56,1856,260519443,3,0.009999999999999995,10000,False,
0.5800000000000001,1857,260519444,3,0.05000000000000001,10000,False,
0.5800000000000001,1857,260519444,3,0.009999999999999995,10000,False,
0.6000000000000001,1858,260519445,3,0.05000000000000001,10000,False,
0.6000000000000001,1858,260519445,3,0.009999999999999995,10000,False,
0.6200000000000001,1859,260519446,3,0.05000000000000001,10000,False,
0.6200000000000001,1859,260519446,3,0.009999999999999995,10000,False,
0.6400000000000001,1860,260519447,3,0.05000000000000001,10000,False,
0.6400000000000001,1860,260519447,3,0.009999999999999995,10000,False,
0.66,1861,260519448,3,0.05000000000000001,10000,False,
0.66,1861,260519448,3,0.009999999999999995,10000,False,
0.68,1862,260519449,3,0.05000000000000001,10000,False,
0.68,1862,260519449,3,0.009999999999999995,10000,False,
0.7,1863,260519450,3,0.05000000000000001,10000,False,
0.7,1863,260519450,3,0.009999999999999995,10000,False,
0.72,1864,260519451,3,0.05000000000000001,10000,False,
0.72,1864,260519451,3,0.009999999999999995,10000,False,
0.74,1865,260519452,3,0.05000000000000001,10000,False,
0.74,1865,260519452,3,0.009999999999999995,10000,False,
0.76,1866,260519453,3,0.05000000000000001,10000,False,
0.76,1866,260519453,3,0.009999999999999995,10000,False,
0.78,1867,260519454,3,0.05000000000000001,10000,False,
0.78,1867,260519454,3,0.009999999999999995,10000,False,
0.8,1868,260519455,3,0.05000000000000001,10000,False,
0.8,1868,260519455,3,0.009999999999999995,10000,False,
0.4,1869,260519456,4,0.05000000000000001,10000,False,
0.4,1869,260519456,4,0.009999999999999995,10000,False,
0.42000000000000004,1870,260519457,4,0.05000000000000001,10000,False,
0.42000000000000004,1870,260519457,4,0.009999999999999995,10000,False,
0.44,1871,260519458,4,0.05000000000000001,10000,False,
0.44,1871,260519458,4,0.009999999999999995,10000,False,
0.46,1872,260519459,4,0.05000000000000001,10000,False,
0.46,1872,260519459,4,0.009999999999999995,10000,False,
0.48000000000000004,1873,260519460,4,0.05000000000000001,10000,False,
0.48000000000000004,1873,260519460,4,0.009999999999999995,10000,False,
0.5,1874,260519461,4,0.05000000000000001,10000,False,
0.5,1874,260519461,4,0.009999999999999995,10000,False,
0.52,1875,260519462,4,0.05000000000000001,10000,False,
0.52,1875,260519462,4,0.009999999999999995,10000,False,
0.54,1876,260519463,4,0.05000000000000001,10000,False,
0.54,1876,260519463,4,0.009999999999999995,10000,False,
0.56,1877,260519464,4,0.05000000000000001,10000,False,
0.56,1877,260519464,4,0.009999999999999995,10000,False,
0.5800000000000001,1878,260519465,4,0.05000000000000001,10000,False,
0.5800000000000001,1878,260519465,4,0.009999999999999995,10000,False,
0.6000000000000001,1879,260519466,4,0.05000000000000001,10000,False,
0.6000000000000001,1879,260519466,4,0.009999999999999995,10000,False,
0.6200000000000001,1880,260519467,4,0.05000000000000001,10000,False,
0.6200000000000001,1880,260519467,4,0.009999999999999995,10000,False,
0.6400000000000001,1881,260519468,4,0.05000000000000001,10000,False,
0.6400000000000001,1881,260519468,4,0.009999999999999995,10000,False,
0.66,1882,260519469,4,0.05000000000000001,10000,False,
0.66,1882,260519469,4,0.009999999999999995,10000,False,
0.68,1883,260519470,4,0.05000000000000001,10000,False,
0.68,1883,260519470,4,0.009999999999999995,10000,False,
0.7,1884,260519471,4,0.05000000000000001,10000,False,
0.7,1884,260519471,4,0.009999999999999995,10000,False,
0.72,1885,260519472,4,0.05000000000000001,10000,False,
0.72,1885,260519472,4,0.009999999999999995,10000,False,
0.74,1886,260519473,4,0.05000000000000001,10000,False,
0.74,1886,260519473,4,0.009999999999999995,10000,False,
0.76,1887,260519474,4,0.05000000000000001,10000,False,
0.76,1887,260519474,4,0.009999999999999995,10000,False,
0.78,1888,260519475,4,0.05000000000000001,10000,False,
0.78,1888,260519475,4,0.009999999999999995,10000,False,
0.8,1889,260519476,4,0.05000000000000001,10000,False,
0.8,1889,260519476,4,0.009999999999999995,10000,False,
0.4,1890,260519477,0,0.05000000000000001,10000,False,
0.4,1890,260519477,0,0.009999999999999995,10000,False,
0.42000000000000004,1891,260519478,0,0.05000000000000001,10000,False,
0.42000000000000004,1891,260519478,0,0.009999999999999995,10000,False,
0.44,1892,260519479,0,0.05000000000000001,10000,False,
0.44,1892,260519479,0,0.009999999999999995,10000,False,
0.46,1893,260519480,0,0.05000000000000001,10000,False,
0.46,1893,260519480,0,0.009999999999999995,10000,False,
0.48000000000000004,1894,260519481,0,0.05000000000000001,10000,False,
0.48000000000000004,1894,260519481,0,0.009999999999999995,10000,False,
0.5,1895,260519482,0,0.05000000000000001,10000,False,
0.5,1895,260519482,0,0.009999999999999995,10000,False,
0.52,1896,260519483,0,0.05000000000000001,10000,False,
0.52,1896,260519483,0,0.009999999999999995,10000,False,
0.54,1897,260519484,0,0.05000000000000001,10000,False,
0.54,1897,260519484,0,0.009999999999999995,10000,False,
0.56,1898,260519485,0,0.05000000000000001,10000,False,
0.56,1898,260519485,0,0.009999999999999995,10000,False,
0.5800000000000001,1899,260519486,0,0.05000000000000001,10000,False,
0.5800000000000001,1899,260519486,0,0.009999999999999995,10000,False,
0.6000000000000001,1900,260519487,0,0.05000000000000001,10000,False,
0.6000000000000001,1900,260519487,0,0.009999999999999995,10000,False,
0.6200000000000001,1901,260519488,0,0.05000000000000001,10000,False,
0.6200000000000001,1901,260519488,0,0.009999999999999995,10000,False,
0.6400000000000001,1902,260519489,0,0.05000000000000001,10000,False,
0.6400000000000001,1902,260519489,0,0.009999999999999995,10000,False,
0.66,1903,260519490,0,0.05000000000000001,10000,False,
0.66,1903,260519490,0,0.009999999999999995,10000,False,
0.68,1904,260519491,0,0.05000000000000001,10000,False,
0.68,1904,260519491,0,0.009999999999999995,10000,False,
0.7,1905,260519492,0,0.05000000000000001,10000,False,
0.7,1905,260519492,0,0.009999999999999995,10000,False,
0.72,1906,260519493,0,0.05000000000000001,10000,False,
0.72,1906,260519493,0,0.009999999999999995,10000,False,
0.74,1907,260519494,0,0.05000000000000001,10000,False,
0.74,1907,260519494,0,0.009999999999999995,10000,False,
0.76,1908,260519495,0,0.05000000000000001,10000,False,
0.76,1908,260519495,0,0.009999999999999995,10000,False,
0.78,1909,260519496,0,0.05000000000000001,10000,False,
0.78,1909,260519496,0,0.009999999999999995,10000,False,
0.8,1910,260519497,0,0.05000000000000001,10000,False,
0.8,1910,260519497,0,0.009999999999999995,10000,False,
0.4,1911,260519498,1,0.05000000000000001,10000,False,
0.4,1911,260519498,1,0.009999999999999995,10000,False,
0.42000000000000004,1912,260519499,1,0.05000000000000001,10000,False,
0.42000000000000004,1912,260519499,1,0.009999999999999995,10000,False,
0.44,1913,260519500,1,0.05000000000000001,10000,False,
0.44,1913,260519500,1,0.009999999999999995,10000,False,
0.46,1914,260519501,1,0.05000000000000001,10000,False,
0.46,1914,260519501,1,0.009999999999999995,10000,False,
0.48000000000000004,1915,260519502,1,0.05000000000000001,10000,False,
0.48000000000000004,1915,260519502,1,0.009999999999999995,10000,False,
0.5,1916,260519503,1,0.05000000000000001,10000,False,
0.5,1916,260519503,1,0.009999999999999995,10000,False,
0.52,1917,260519504,1,0.05000000000000001,10000,False,
0.52,1917,260519504,1,0.009999999999999995,10000,False,
0.54,1918,260519505,1,0.05000000000000001,10000,False,
0.54,1918,260519505,1,0.009999999999999995,10000,False,
0.56,1919,260519506,1,0.05000000000000001,10000,False,
0.56,1919,260519506,1,0.009999999999999995,10000,False,
0.5800000000000001,1920,260519507,1,0.05000000000000001,10000,False,
0.5800000000000001,1920,260519507,1,0.009999999999999995,10000,False,
0.6000000000000001,1921,260519508,1,0.05000000000000001,10000,False,
0.6000000000000001,1921,260519508,1,0.009999999999999995,10000,False,
0.6200000000000001,1922,260519509,1,0.05000000000000001,10000,False,
0.6200000000000001,1922,260519509,1,0.009999999999999995,10000,False,
0.6400000000000001,1923,260519510,1,0.05000000000000001,10000,False,
0.6400000000000001,1923,260519510,1,0.009999999999999995,10000,False,
0.66,1924,260519511,1,0.05000000000000001,10000,False,
0.66,1924,260519511,1,0.009999999999999995,10000,False,
0.68,1925,260519512,1,0.05000000000000001,10000,False,
0.68,1925,260519512,1,0.009999999999999995,10000,False,
0.7,1926,260519513,1,0.05000000000000001,10000,False,
0.7,1926,260519513,1,0.009999999999999995,10000,False,
0.72,1927,260519514,1,0.05000000000000001,10000,False,
0.72,1927,260519514,1,0.009999999999999995,10000,False,
0.74,1928,260519515,1,0.05000000000000001,10000,False,
0.74,1928,260519515,1,0.009999999999999995,10000,False,
0.76,1929,260519516,1,0.05000000000000001,10000,False,
0.76,1929,260519516,1,0.009999999999999995,10000,False,
0.78,1930,260519517,1,0.05000000000000001,10000,False,
0.78,1930,260519517,1,0.009999999999999995,10000,False,
0.8,1931,260519518,1,0.05000000000000001,10000,False,
0.8,1931,260519518,1,0.009999999999999995,10000,False,
0.4,1932,260519519,2,0.05000000000000001,10000,False,
0.4,1932,260519519,2,0.009999999999999995,10000,False,
0.42000000000000004,1933,260519520,2,0.05000000000000001,10000,False,
0.42000000000000004,1933,260519520,2,0.009999999999999995,10000,False,
0.44,1934,260519521,2,0.05000000000000001,10000,False,
0.44,1934,260519521,2,0.009999999999999995,10000,False,
0.46,1935,260519522,2,0.05000000000000001,10000,False,
0.46,1935,260519522,2,0.009999999999999995,10000,False,
0.48000000000000004,1936,260519523,2,0.05000000000000001,10000,False,
0.48000000000000004,1936,260519523,2,0.009999999999999995,10000,False,
0.5,1937,260519524,2,0.05000000000000001,10000,False,
0.5,1937,260519524,2,0.009999999999999995,10000,False,
0.52,1938,260519525,2,0.05000000000000001,10000,False,
0.52,1938,260519525,2,0.009999999999999995,10000,False,
0.54,1939,260519526,2,0.05000000000000001,10000,False,
0.54,1939,260519526,2,0.009999999999999995,10000,False,
0.56,1940,260519527,2,0.05000000000000001,10000,False,
0.56,1940,260519527,2,0.009999999999999995,10000,False,
0.5800000000000001,1941,260519528,2,0.05000000000000001,10000,False,
0.5800000000000001,1941,260519528,2,0.009999999999999995,10000,False,
0.6000000000000001,1942,260519529,2,0.05000000000000001,10000,False,
0.6000000000000001,1942,260519529,2,0.009999999999999995,10000,False,
0.6200000000000001,1943,260519530,2,0.05000000000000001,10000,False,
0.6200000000000001,1943,260519530,2,0.009999999999999995,10000,False,
0.6400000000000001,1944,260519531,2,0.05000000000000001,10000,False,
0.6400000000000001,1944,260519531,2,0.009999999999999995,10000,False,
0.66,1945,260519532,2,0.05000000000000001,10000,False,
0.66,1945,260519532,2,0.009999999999999995,10000,False,
0.68,1946,260519533,2,0.05000000000000001,10000,False,
0.68,1946,260519533,2,0.009999999999999995,10000,False,
0.7,1947,260519534,2,0.05000000000000001,10000,False,
0.7,1947,260519534,2,0.009999999999999995,10000,False,
0.72,1948,260519535,2,0.05000000000000001,10000,False,
0.72,1948,260519535,2,0.009999999999999995,10000,False,
0.74,1949,260519536,2,0.05000000000000001,10000,False,
0.74,1949,260519536,2,0.009999999999999995,10000,False,
0.76,1950,260519537,2,0.05000000000000001,10000,False,
0.76,1950,260519537,2,0.009999999999999995,10000,False,
0.78,1951,260519538,2,0.05000000000000001,10000,False,
0.78,1951,260519538,2,0.009999999999999995,10000,False,
0.8,1952,260519539,2,0.05000000000000001,10000,False,
0.8,1952,260519539,2,0.009999999999999995,10000,False,
0.4,1953,260519540,3,0.05000000000000001,10000,False,
0.4,1953,260519540,3,0.009999999999999995,10000,False,
0.42000000000000004,1954,260519541,3,0.05000000000000001,10000,False,
0.42000000000000004,1954,260519541,3,0.009999999999999995,10000,False,
0.44,1955,260519542,3,0.05000000000000001,10000,False,
0.44,1955,260519542,3,0.009999999999999995,10000,False,
0.46,1956,260519543,3,0.05000000000000001,10000,False,
0.46,1956,260519543,3,0.009999999999999995,10000,False,
0.48000000000000004,1957,260519544,3,0.05000000000000001,10000,False,
0.48000000000000004,1957,260519544,3,0.009999999999999995,10000,False,
0.5,1958,260519545,3,0.05000000000000001,10000,False,
0.5,1958,260519545,3,0.009999999999999995,10000,False,
0.52,1959,260519546,3,0.05000000000000001,10000,False,
0.52,1959,260519546,3,0.009999999999999995,10000,False,
0.54,1960,260519547,3,0.05000000000000001,10000,False,
0.54,1960,260519547,3,0.009999999999999995,10000,False,
0.56,1961,260519548,3,0.05000000000000001,10000,False,
0.56,1961,260519548,3,0.009999999999999995,10000,False,
0.5800000000000001,1962,260519549,3,0.05000000000000001,10000,False,
0.5800000000000001,1962,260519549,3,0.009999999999999995,10000,False,
0.6000000000000001,1963,260519550,3,0.05000000000000001,10000,False,
0.6000000000000001,1963,260519550,3,0.009999999999999995,10000,False,
0.6200000000000001,1964,260519551,3,0.05000000000000001,10000,False,
0.6200000000000001,1964,260519551,3,0.009999999999999995,10000,False,
0.6400000000000001,1965,260519552,3,0.05000000000000001,10000,False,
0.6400000000000001,1965,260519552,3,0.009999999999999995,10000,False,
0.66,1966,260519553,3,0.05000000000000001,10000,False,
0.66,1966,260519553,3,0.009999999999999995,10000,False,
0.68,1967,260519554,3,0.05000000000000001,10000,False,
0.68,1967,260519554,3,0.009999999999999995,10000,False,
0.7,1968,260519555,3,0.05000000000000001,10000,False,
0.7,1968,260519555,3,0.009999999999999995,10000,False,
0.72,1969,260519556,3,0.05000000000000001,10000,False,
0.72,1969,260519556,3,0.009999999999999995,10000,False,
0.74,1970,260519557,3,0.05000000000000001,10000,False,
0.74,1970,260519557,3,0.009999999999999995,10000,False,
0.76,1971,260519558,3,0.05000000000000001,10000,False,
0.76,1971,260519558,3,0.009999999999999995,10000,False,
0.78,1972,260519559,3,0.05000000000000001,10000,False,
0.78,1972,260519559,3,0.009999999999999995,10000,False,
0.8,1973,260519560,3,0.05000000000000001,10000,False,
0.8,1973,260519560,3,0.009999999999999995,10000,False,
0.4,1974,260519561,4,0.05000000000000001,10000,False,
0.4,1974,260519561,4,0.009999999999999995,10000,False,
0.42000000000000004,1975,260519562,4,0.05000000000000001,10000,False,
0.42000000000000004,1975,260519562,4,0.009999999999999995,10000,False,
0.44,1976,260519563,4,0.05000000000000001,10000,False,
0.44,1976,260519563,4,0.009999999999999995,10000,False,
0.46,1977,260519564,4,0.05000000000000001,10000,False,
0.46,1977,260519564,4,0.009999999999999995,10000,False,
0.48000000000000004,1978,260519565,4,0.05000000000000001,10000,False,
0.48000000000000004,1978,260519565,4,0.009999999999999995,10000,False,
0.5,1979,260519566,4,0.05000000000000001,10000,False,
0.5,1979,260519566,4,0.009999999999999995,10000,False,
0.52,1980,260519567,4,0.05000000000000001,10000,False,
0.52,1980,260519567,4,0.009999999999999995,10000,False,
0.54,1981,260519568,4,0.05000000000000001,10000,False,
0.54,1981,260519568,4,0.009999999999999995,10000,False,
0.56,1982,260519569,4,0.05000000000000001,10000,False,
0.56,1982,260519569,4,0.009999999999999995,10000,False,
0.5800000000000001,1983,260519570,4,0.05000000000000001,10000,False,
0.5800000000000001,1983,260519570,4,0.009999999999999995,10000,False,
0.6000000000000001,1984,260519571,4,0.05000000000000001,10000,False,
0.6000000000000001,1984,260519571,4,0.009999999999999995,10000,False,
0.6200000000000001,1985,260519572,4,0.05000000000000001,10000,False,
0.6200000000000001,1985,260519572,4,0.009999999999999995,10000,False,
0.6400000000000001,1986,260519573,4,0.05000000000000001,10000,False,
0.6400000000000001,1986,260519573,4,0.009999999999999995,10000,False,
0.66,1987,260519574,4,0.05000000000000001,10000,False,
0.66,1987,260519574,4,0.009999999999999995,10000,False,
0.68,1988,260519575,4,0.05000000000000001,10000,False,
0.68,1988,260519575,4,0.009999999999999995,10000,False,
0.7,1989,260519576,4,0.05000000000000001,10000,False,
0.7,1989,260519576,4,0.009999999999999995,10000,False,
0.72,1990,260519577,4,0.05000000000000001,10000,False,
0.72,1990,260519577,4,0.009999999999999995,10000,False,
0.74,1991,260519578,4,0.05000000000000001,10000,False,
0.74,1991,260519578,4,0.009999999999999995,10000,False,
0.76,1992,260519579,4,0.05000000000000001,10000,False,
0.76,1992,260519579,4,0.009999999999999995,10000,False,
0.78,1993,260519580,4,0.05000000000000001,10000,False,
0.78,1993,260519580,4,0.009999999999999995,10000,False,
0.8,1994,260519581,4,0.05000000000000001,10000,False,
0.8,1994,260519581,4,0.009999999999999995,10000,False,
0.4,1995,260519582,0,0.05000000000000001,10000,False,
0.4,1995,260519582,0,0.009999999999999995,10000,False,
0.42000000000000004,1996,260519583,0,0.05000000000000001,10000,False,
0.42000000000000004,1996,260519583,0,0.009999999999999995,10000,False,
0.44,1997,260519584,0,0.05000000000000001,10000,False,
0.44,1997,260519584,0,0.009999999999999995,10000,False,
0.46,1998,260519585,0,0.05000000000000001,10000,False,
0.46,1998,260519585,0,0.009999999999999995,10000,False,
0.48000000000000004,1999,260519586,0,0.05000000000000001,10000,False,
0.48000000000000004,1999,260519586,0,0.009999999999999995,10000,False,
