truth,trial,seed,alpha,beta,decision,error,stopping_time
Q,0,260717587,0.05,0.05,Q,False,111
Q,0,260717587,0.05,0.01,Q,False,111
Q,0,260717587,0.01,0.05,Q,False,114
Q,1,260717588,0.05,0.05,Q,False,73
Q,1,260717588,0.05,0.01,Q,False,73
Q,1,260717588,0.01,0.05,Q,False,74
Q,2,260717589,0.05,0.05,Q,False,88
Q,2,260717589,0.05,0.01,Q,False,88
Q,2,260717589,0.01,0.05,Q,False,90
Q,3,260717590,0.05,0.05,Q,False,69
Q,3,260717590,0.05,0.01,Q,False,69
Q,3,260717590,0.01,0.05,Q,False,70
Q,4,260717591,0.05,0.05,Q,False,83
Q,4,260717591,0.05,0.01,Q,False,83
Q,4,260717591,0.01,0.05,Q,False,84
Q,5,260717592,0.05,0.05,Q,False,55
Q,5,260717592,0.05,0.01,Q,False,55
Q,5,260717592,0.01,0.05,Q,False,60
Q,6,260717593,0.05,0.05,Q,False,103
Q,6,260717593,0.05,0.01,Q,False,103
Q,6,260717593,0.01,0.05,Q,False,108
Q,7,260717594,0.05,0.05,Q,False,61
Q,7,260717594,0.05,0.01,Q,False,61
Q,7,260717594,0.01,0.05,Q,False,65
Q,8,260717595,0.05,0.05,Q,False,64
Q,8,260717595,0.05,0.01,Q,False,64
Q,8,260717595,0.01,0.05,Q,False,65
Q,9,260717596,0.05,0.05,Q,False,58
Q,9,260717596,0.05,0.01,Q,False,58
Q,9,260717596,0.01,0.05,Q,False,59
Q,10,260717597,0.05,0.05,Q,False,151
Q,10,260717597,0.05,0.01,Q,False,151
Q,10,260717597,0.01,0.05,Q,False,156
Q,11,260717598,0.05,0.05,Q,False,120
Q,11,260717598,0.05,0.01,Q,False,120
Q,11,260717598,0.01,0.05,Q,False,140
Q,12,260717599,0.05,0.05,Q,False,114
Q,12,260717599,0.05,0.01,Q,False,114
Q,12,260717599,0.01,0.05,Q,False,115
Q,13,260717600,0.05,0.05,Q,False,98
Q,13,260717600,0.05,0.01,Q,False,98
Q,13,260717600,0.01,0.05,Q,False,100
Q,14,260717601,0.05,0.05,Q,False,37
Q,14,260717601,0.05,0.01,Q,False,37
Q,14,260717601,0.01,0.05,Q,False,43
Q,15,260717602,0.05,0.05,Q,False,75
Q,15,260717602,0.05,0.01,Q,False,75
Q,15,260717602,0.01,0.05,Q,False,80
Q,16,260717603,0.05,0.05,Q,False,89
Q,16,260717603,0.05,0.01,Q,False,89
Q,16,260717603,0.01,0.05,Q,False,92
Q,17,260717604,0.05,0.05,Q,False,85
Q,17,260717604,0.05,0.01,Q,False,85
Q,17,260717604,0.01,0.05,Q,False,86
Q,18,260717605,0.05,0.05,Q,False,63
Q,18,260717605,0.05,0.01,Q,False,63
Q,18,260717605,0.01,0.05,Q,False,67
Q,19,260717606,0.05,0.05,Q,False,52
Q,19,260717606,0.05,0.01,Q,False,52
Q,19,260717606,0.01,0.05,Q,False,53
Q,20,260717607,0.05,0.05,Q,False,52
Q,20,260717607,0.05,0.01,Q,False,52
Q,20,260717607,0.01,0.05,Q,False,53
Q,21,260717608,0.05,0.05,Q,False,91
Q,21,260717608,0.05,0.01,Q,False,91
Q,21,260717608,0.01,0.05,Q,False,105
Q,22,260717609,0.05,0.05,Q,False,97
Q,22,260717609,0.05,0.01,Q,False,97
Q,22,260717609,0.01,0.05,Q,False,99
Q,23,260717610,0.05,0.05,Q,False,85
Q,23,260717610,0.05,0.01,Q,False,85
Q,23,260717610,0.01,0.05,Q,False,86
Q,24,260717611,0.05,0.05,Q,False,94
Q,24,260717611,0.05,0.01,Q,False,94
Q,24,260717611,0.01,0.05,Q,False,95
Q,25,260717612,0.05,0.05,Q,False,52
Q,25,260717612,0.05,0.01,Q,False,52
Q,25,260717612,0.01,0.05,Q,False,71
Q,26,260717613,0.05,0.05,Q,False,51
Q,26,260717613,0.05,0.01,Q,False,51
Q,26,260717613,0.01,0.05,Q,False,53
Q,27,260717614,0.05,0.05,Q,False,131
Q,27,260717614,0.05,0.01,Q,False,131
Q,27,260717614,0.01,0.05,Q,False,142
Q,28,260717615,0.05,0.05,Q,False,92
Q,28,260717615,0.05,0.01,Q,False,92
Q,28,260717615,0.01,0.05,Q,False,94
Q,29,260717616,0.05,0.05,Q,False,76
Q,29,260717616,0.05,0.01,Q,False,76
Q,29,260717616,0.01,0.05,Q,False,99
Q,30,260717617,0.05,0.05,Q,False,41
Q,30,260717617,0.05,0.01,Q,False,41
Q,30,260717617,0.01,0.05,Q,False,42
Q,31,260717618,0.05,0.05,Q,False,65
Q,31,260717618,0.05,0.01,Q,False,65
Q,31,260717618,0.01,0.05,Q,False,82
Q,32,260717619,0.05,0.05,Q,False,89
Q,32,260717619,0.05,0.01,Q,False,89
Q,32,260717619,0.01,0.05,Q,False,94
Q,33,260717620,0.05,0.05,Q,False,96
Q,33,260717620,0.05,0.01,Q,False,96
Q,33,260717620,0.01,0.05,Q,False,97
Q,34,260717621,0.05,0.05,Q,False,106
Q,34,260717621,0.05,0.01,Q,False,106
Q,34,260717621,0.01,0.05,Q,False,107
Q,35,260717622,0.05,0.05,Q,False,32
Q,35,260717622,0.05,0.01,Q,False,32
Q,35,260717622,0.01,0.05,Q,False,52
Q,36,260717623,0.05,0.05,Q,False,106
Q,36,260717623,0.05,0.01,Q,False,106
Q,36,260717623,0.01,0.05,Q,False,107
Q,37,260717624,0.05,0.05,Q,False,74
Q,37,260717624,0.05,0.01,Q,False,74
Q,37,260717624,0.01,0.05,Q,False,77
Q,38,260717625,0.05,0.05,Q,False,111
Q,38,260717625,0.05,0.01,Q,False,111
Q,38,260717625,0.01,0.05,Q,False,114
Q,39,260717626,0.05,0.05,Q,False,54
Q,39,260717626,0.05,0.01,Q,False,54
Q,39,260717626,0.01,0.05,Q,False,56
Q,40,260717627,0.05,0.05,Q,False,66
Q,40,260717627,0.05,0.01,Q,False,66
Q,40,260717627,0.01,0.05,Q,False,71
Q,41,260717628,0.05,0.05,Q,False,117
Q,41,260717628,0.05,0.01,Q,False,117
Q,41,260717628,0.01,0.05,Q,False,117
Q,42,260717629,0.05,0.05,Q,False,101
Q,42,260717629,0.05,0.01,Q,False,101
Q,42,260717629,0.01,0.05,Q,False,104
Q,43,260717630,0.05,0.05,Q,False,98
Q,43,260717630,0.05,0.01,Q,False,98
Q,43,260717630,0.01,0.05,Q,False,99
Q,44,260717631,0.05,0.05,Q,False,88
Q,44,260717631,0.05,0.01,Q,False,88
Q,44,260717631,0.01,0.05,Q,False,89
Q,45,260717632,0.05,0.05,Q,False,51
Q,45,260717632,0.05,0.01,Q,False,51
Q,45,260717632,0.01,0.05,Q,False,76
Q,46,260717633,0.05,0.05,Q,False,69
Q,46,260717633,0.05,0.01,Q,False,69
Q,46,260717633,0.01,0.05,Q,False,70
Q,47,260717634,0.05,0.05,Q,False,109
Q,47,260717634,0.05,0.01,Q,False,109
Q,47,260717634,0.01,0.05,Q,False,110
Q,48,260717635,0.05,0.05,Q,False,128
Q,48,260717635,0.05,0.01,Q,False,128
Q,48,260717635,0.01,0.05,Q,False,130
Q,49,260717636,0.05,0.05,Q,False,60
Q,49,260717636,0.05,0.01,Q,False,60
Q,49,260717636,0.01,0.05,Q,False,79
Q,50,260717637,0.05,0.05,Q,False,65
Q,50,260717637,0.05,0.01,Q,False,65
Q,50,260717637,0.01,0.05,Q,False,66
Q,51,260717638,0.05,0.05,Q,False,110
Q,51,260717638,0.05,0.01,Q,False,110
Q,51,260717638,0.01,0.05,Q,False,116
Q,52,260717639,0.05,0.05,Q,False,70
Q,52,260717639,0.05,0.01,Q,False,70
Q,52,260717639,0.01,0.05,Q,False,90
Q,53,260717640,0.05,0.05,Q,False,108
Q,53,260717640,0.05,0.01,Q,False,108
Q,53,260717640,0.01,0.05,Q,False,110
Q,54,260717641,0.05,0.05,Q,False,117
Q,54,260717641,0.05,0.01,Q,False,117
Q,54,260717641,0.01,0.05,Q,False,128
Q,55,260717642,0.05,0.05,Q,False,75
Q,55,260717642,0.05,0.01,Q,False,75
Q,55,260717642,0.01,0.05,Q,False,77
Q,56,260717643,0.05,0.05,Q,False,99
Q,56,260717643,0.05,0.01,Q,False,99
Q,56,260717643,0.01,0.05,Q,False,101
Q,57,260717644,0.05,0.05,Q,False,69
Q,57,260717644,0.05,0.01,Q,False,69
Q,57,260717644,0.01,0.05,Q,False,73
Q,58,260717645,0.05,0.05,Q,False,129
Q,58,260717645,0.05,0.01,Q,False,129
Q,58,260717645,0.01,0.05,Q,False,132
Q,59,260717646,0.05,0.05,Q,False,131
Q,59,260717646,0.05,0.01,Q,False,131
Q,59,260717646,0.01,0.05,Q,False,134
Q,60,260717647,0.05,0.05,Q,False,61
Q,60,260717647,0.05,0.01,Q,False,61
Q,60,260717647,0.01,0.05,Q,False,62
Q,61,260717648,0.05,0.05,Q,False,180
Q,61,260717648,0.05,0.01,Q,False,180
Q,61,260717648,0.01,0.05,Q,False,182
Q,62,260717649,0.05,0.05,Q,False,104
Q,62,260717649,0.05,0.01,Q,False,104
Q,62,260717649,0.01,0.05,Q,False,109
Q,63,260717650,0.05,0.05,Q,False,64
Q,63,260717650,0.05,0.01,Q,False,64
Q,63,260717650,0.01,0.05,Q,False,70
Q,64,260717651,0.05,0.05,Q,False,85
Q,64,260717651,0.05,0.01,Q,False,85
Q,64,260717651,0.01,0.05,Q,False,86
Q,65,260717652,0.05,0.05,Q,False,118
Q,65,260717652,0.05,0.01,Q,False,118
Q,65,260717652,0.01,0.05,Q,False,119
Q,66,260717653,0.05,0.05,Q,False,136
Q,66,260717653,0.05,0.01,Q,False,136
Q,66,260717653,0.01,0.05,Q,False,138
Q,67,260717654,0.05,0.05,Q,False,61
Q,67,260717654,0.05,0.01,Q,False,61
Q,67,260717654,0.01,0.05,Q,False,65
Q,68,260717655,0.05,0.05,Q,False,50
Q,68,260717655,0.05,0.01,Q,False,50
Q,68,260717655,0.01,0.05,Q,False,53
Q,69,260717656,0.05,0.05,Q,False,77
Q,69,260717656,0.05,0.01,Q,False,77
Q,69,260717656,0.01,0.05,Q,False,79
Q,70,260717657,0.05,0.05,Q,False,61
Q,70,260717657,0.05,0.01,Q,False,61
Q,70,260717657,0.01,0.05,Q,False,62
Q,71,260717658,0.05,0.05,Q,False,112
Q,71,260717658,0.05,0.01,Q,False,112
Q,71,260717658,0.01,0.05,Q,False,120
Q,72,260717659,0.05,0.05,Q,False,82
Q,72,260717659,0.05,0.01,Q,False,82
Q,72,260717659,0.01,0.05,Q,False,84
Q,73,260717660,0.05,0.05,Q,False,42
Q,73,260717660,0.05,0.01,Q,False,42
Q,73,260717660,0.01,0.05,Q,False,42
Q,74,260717661,0.05,0.05,Q,False,110
Q,74,260717661,0.05,0.01,Q,False,110
Q,74,260717661,0.01,0.05,Q,False,122
Q,75,260717662,0.05,0.05,Q,False,113
Q,75,260717662,0.05,0.01,Q,False,113
Q,75,260717662,0.01,0.05,Q,False,115
Q,76,260717663,0.05,0.05,Q,False,33
Q,76,260717663,0.05,0.01,Q,False,33
Q,76,260717663,0.01,0.05,Q,False,34
Q,77,260717664,0.05,0.05,Q,False,100
Q,77,260717664,0.05,0.01,Q,False,100
Q,77,260717664,0.01,0.05,Q,False,105
Q,78,260717665,0.05,0.05,Q,False,108
Q,78,260717665,0.05,0.01,Q,False,108
Q,78,260717665,0.01,0.05,Q,False,110
Q,79,260717666,0.05,0.05,Q,False,101
Q,79,260717666,0.05,0.01,Q,False,101
Q,79,260717666,0.01,0.05,Q,False,102
Q,80,260717667,0.05,0.05,Q,False,70
Q,80,260717667,0.05,0.01,Q,False,70
Q,80,260717667,0.01,0.05,Q,False,73
Q,81,260717668,0.05,0.05,Q,False,42
Q,81,260717668,0.05,0.01,Q,False,42
Q,81,260717668,0.01,0.05,Q,False,71
Q,82,260717669,0.05,0.05,Q,False,91
Q,82,260717669,0.05,0.01,Q,False,91
Q,82,260717669,0.01,0.05,Q,False,100
Q,83,260717670,0.05,0.05,Q,False,71
Q,83,260717670,0.05,0.01,Q,False,71
Q,83,260717670,0.01,0.05,Q,False,78
Q,84,260717671,0.05,0.05,Q,False,149
Q,84,260717671,0.05,0.01,Q,False,149
Q,84,260717671,0.01,0.05,Q,False,150
Q,85,260717672,0.05,0.05,Q,False,113
Q,85,260717672,0.05,0.01,Q,False,113
Q,85,260717672,0.01,0.05,Q,False,114
Q,86,260717673,0.05,0.05,Q,False,80
Q,86,260717673,0.05,0.01,Q,False,80
Q,86,260717673,0.01,0.05,Q,False,82
Q,87,260717674,0.05,0.05,Q,False,110
Q,87,260717674,0.05,0.01,Q,False,110
Q,87,260717674,0.01,0.05,Q,False,113
Q,88,260717675,0.05,0.05,Q,False,76
Q,88,260717675,0.05,0.01,Q,False,76
Q,88,260717675,0.01,0.05,Q,False,97
Q,89,260717676,0.05,0.05,Q,False,57
Q,89,260717676,0.05,0.01,Q,False,57
Q,89,260717676,0.01,0.05,Q,False,57
Q,90,260717677,0.05,0.05,Q,False,97
Q,90,260717677,0.05,0.01,Q,False,97
Q,90,260717677,0.01,0.05,Q,False,99
Q,91,260717678,0.05,0.05,Q,False,94
Q,91,260717678,0.05,0.01,Q,False,94
Q,91,260717678,0.01,0.05,Q,False,100
Q,92,260717679,0.05,0.05,Q,False,43
Q,92,260717679,0.05,0.01,Q,False,43
Q,92,260717679,0.01,0.05,Q,False,55
Q,93,260717680,0.05,0.05,Q,False,138
Q,93,260717680,0.05,0.01,Q,False,138
Q,93,260717680,0.01,0.05,Q,False,140
Q,94,260717681,0.05,0.05,Q,False,86
Q,94,260717681,0.05,0.01,Q,False,86
Q,94,260717681,0.01,0.05,Q,False,87
Q,95,260717682,0.05,0.05,Q,False,71
Q,95,260717682,0.05,0.01,Q,False,71
Q,95,260717682,0.01,0.05,Q,False,73
Q,96,260717683,0.05,0.05,Q,False,33
Q,96,260717683,0.05,0.01,Q,False,33
Q,96,260717683,0.01,0.05,Q,False,34
Q,97,260717684,0.05,0.05,Q,False,74
Q,97,260717684,0.05,0.01,Q,False,74
Q,97,260717684,0.01,0.05,Q,False,75
Q,98,260717685,0.05,0.05,Q,False,86
Q,98,260717685,0.05,0.01,Q,False,86
Q,98,260717685,0.01,0.05,Q,False,101
Q,99,260717686,0.05,0.05,Q,False,92
Q,99,260717686,0.05,0.01,Q,False,92
Q,99,260717686,0.01,0.05,Q,False,112
Q,100,260717687,0.05,0.05,Q,False,86
Q,100,260717687,0.05,0.01,Q,False,86
Q,100,260717687,0.01,0.05,Q,False,91
Q,101,260717688,0.05,0.05,Q,False,56
Q,101,260717688,0.05,0.01,Q,False,56
Q,101,260717688,0.01,0.05,Q,False,58
Q,102,260717689,0.05,0.05,Q,False,59
Q,102,260717689,0.05,0.01,Q,False,59
Q,102,260717689,0.01,0.05,Q,False,59
Q,103,260717690,0.05,0.05,Q,False,65
Q,103,260717690,0.05,0.01,Q,False,65
Q,103,260717690,0.01,0.05,Q,False,68
Q,104,260717691,0.05,0.05,Q,False,121
Q,104,260717691,0.05,0.01,Q,False,121
Q,104,260717691,0.01,0.05,Q,False,125
Q,105,260717692,0.05,0.05,Q,False,102
Q,105,260717692,0.05,0.01,Q,False,102
Q,105,260717692,0.01,0.05,Q,False,103
Q,106,260717693,0.05,0.05,Q,False,50
Q,106,260717693,0.05,0.01,Q,False,50
Q,106,260717693,0.01,0.05,Q,False,51
Q,107,260717694,0.05,0.05,Q,False,114
Q,107,260717694,0.05,0.01,Q,False,114
Q,107,260717694,0.01,0.05,Q,False,115
Q,108,260717695,0.05,0.05,Q,False,94
Q,108,260717695,0.05,0.01,Q,False,94
Q,108,260717695,0.01,0.05,Q,False,97
Q,109,260717696,0.05,0.05,Q,False,101
Q,109,260717696,0.05,0.01,Q,False,101
Q,109,260717696,0.01,0.05,Q,False,102
Q,110,260717697,0.05,0.05,Q,False,62
Q,110,260717697,0.05,0.01,Q,False,62
Q,110,260717697,0.01,0.05,Q,False,63
Q,111,260717698,0.05,0.05,Q,False,54
Q,111,260717698,0.05,0.01,Q,False,54
Q,111,260717698,0.01,0.05,Q,False,56
Q,112,260717699,0.05,0.05,Q,False,78
Q,112,260717699,0.05,0.01,Q,False,78
Q,112,260717699,0.01,0.05,Q,False,99
Q,113,260717700,0.05,0.05,Q,False,39
Q,113,260717700,0.05,0.01,Q,False,39
Q,113,260717700,0.01,0.05,Q,False,59
Q,114,260717701,0.05,0.05,Q,False,96
Q,114,260717701,0.05,0.01,Q,False,96
Q,114,260717701,0.01,0.05,Q,False,101
Q,115,260717702,0.05,0.05,Q,False,79
Q,115,260717702,0.05,0.01,Q,False,79
Q,115,260717702,0.01,0.05,Q,False,80
Q,116,260717703,0.05,0.05,Q,False,106
Q,116,260717703,0.05,0.01,Q,False,106
Q,116,260717703,0.01,0.05,Q,False,107
Q,117,260717704,0.05,0.05,Q,False,84
Q,117,260717704,0.05,0.01,Q,False,84
Q,117,260717704,0.01,0.05,Q,False,85
Q,118,260717705,0.05,0.05,Q,False,72
Q,118,260717705,0.05,0.01,Q,False,72
Q,118,260717705,0.01,0.05,Q,False,88
Q,119,260717706,0.05,0.05,Q,False,87
Q,119,260717706,0.05,0.01,Q,False,87
Q,119,260717706,0.01,0.05,Q,False,88
Q,120,260717707,0.05,0.05,Q,False,66
Q,120,260717707,0.05,0.01,Q,False,66
Q,120,260717707,0.01,0.05,Q,False,67
Q,121,260717708,0.05,0.05,Q,False,133
Q,121,260717708,0.05,0.01,Q,False,133
Q,121,260717708,0.01,0.05,Q,False,140
Q,122,260717709,0.05,0.05,Q,False,56
Q,122,260717709,0.05,0.01,Q,False,56
Q,122,260717709,0.01,0.05,Q,False,56
Q,123,260717710,0.05,0.05,Q,False,113
Q,123,260717710,0.05,0.01,Q,False,113
Q,123,260717710,0.01,0.05,Q,False,116
Q,124,260717711,0.05,0.05,Q,False,143
Q,124,260717711,0.05,0.01,Q,False,143
Q,124,260717711,0.01,0.05,Q,False,150
Q,125,260717712,0.05,0.05,Q,False,57
Q,125,260717712,0.05,0.01,Q,False,57
Q,125,260717712,0.01,0.05,Q,False,66
Q,126,260717713,0.05,0.05,Q,False,194
Q,126,260717713,0.05,0.01,Q,False,194
Q,126,260717713,0.01,0.05,Q,False,198
Q,127,260717714,0.05,0.05,Q,False,140
Q,127,260717714,0.05,0.01,Q,False,140
Q,127,260717714,0.01,0.05,Q,False,141
Q,128,260717715,0.05,0.05,Q,False,58
Q,128,260717715,0.05,0.01,Q,False,58
Q,128,260717715,0.01,0.05,Q,False,59
Q,129,260717716,0.05,0.05,Q,False,74
Q,129,260717716,0.05,0.01,Q,False,74
Q,129,260717716,0.01,0.05,Q,False,77
Q,130,260717717,0.05,0.05,Q,False,106
Q,130,260717717,0.05,0.01,Q,False,106
Q,130,260717717,0.01,0.05,Q,False,109
Q,131,260717718,0.05,0.05,Q,False,81
Q,131,260717718,0.05,0.01,Q,False,81
Q,131,260717718,0.01,0.05,Q,False,83
Q,132,260717719,0.05,0.05,Q,False,77
Q,132,260717719,0.05,0.01,Q,False,77
Q,132,260717719,0.01,0.05,Q,False,101
Q,133,260717720,0.05,0.05,Q,False,67
Q,133,260717720,0.05,0.01,Q,False,67
Q,133,260717720,0.01,0.05,Q,False,90
Q,134,260717721,0.05,0.05,Q,False,47
Q,134,260717721,0.05,0.01,Q,False,47
Q,134,260717721,0.01,0.05,Q,False,48
Q,135,260717722,0.05,0.05,Q,False,56
Q,135,260717722,0.05,0.01,Q,False,56
Q,135,260717722,0.01,0.05,Q,False,60
Q,136,260717723,0.05,0.05,Q,False,75
Q,136,260717723,0.05,0.01,Q,False,75
Q,136,260717723,0.01,0.05,Q,False,80
Q,137,260717724,0.05,0.05,Q,False,63
Q,137,260717724,0.05,0.01,Q,False,63
Q,137,260717724,0.01,0.05,Q,False,65
Q,138,260717725,0.05,0.05,Q,False,38
Q,138,260717725,0.05,0.01,Q,False,38
Q,138,260717725,0.01,0.05,Q,False,40
Q,139,260717726,0.05,0.05,Q,False,120
Q,139,260717726,0.05,0.01,Q,False,120
Q,139,260717726,0.01,0.05,Q,False,122
Q,140,260717727,0.05,0.05,Q,False,79
Q,140,260717727,0.05,0.01,Q,False,79
Q,140,260717727,0.01,0.05,Q,False,82
Q,141,260717728,0.05,0.05,Q,False,89
Q,141,260717728,0.05,0.01,Q,False,89
Q,141,260717728,0.01,0.05,Q,False,90
Q,142,260717729,0.05,0.05,Q,False,69
Q,142,260717729,0.05,0.01,Q,False,69
Q,142,260717729,0.01,0.05,Q,False,80
Q,143,260717730,0.05,0.05,Q,False,90
Q,143,260717730,0.05,0.01,Q,False,90
Q,143,260717730,0.01,0.05,Q,False,91
Q,144,260717731,0.05,0.05,Q,False,82
Q,144,260717731,0.05,0.01,Q,False,82
Q,144,260717731,0.01,0.05,Q,False,84
Q,145,260717732,0.05,0.05,Q,False,110
Q,145,260717732,0.05,0.01,Q,False,110
Q,145,260717732,0.01,0.05,Q,False,120
Q,146,260717733,0.05,0.05,Q,False,71
Q,146,260717733,0.05,0.01,Q,False,71
Q,146,260717733,0.01,0.05,Q,False,72
Q,147,260717734,0.05,0.05,Q,False,98
Q,147,260717734,0.05,0.01,Q,False,98
Q,147,260717734,0.01,0.05,Q,False,102
Q,148,260717735,0.05,0.05,Q,False,94
Q,148,260717735,0.05,0.01,Q,False,94
Q,148,260717735,0.01,0.05,Q,False,95
Q,149,260717736,0.05,0.05,Q,False,51
Q,149,260717736,0.05,0.01,Q,False,51
Q,149,260717736,0.01,0.05,Q,False,54
Q,150,260717737,0.05,0.05,Q,False,44
Q,150,260717737,0.05,0.01,Q,False,44
Q,150,260717737,0.01,0.05,Q,False,45
Q,151,260717738,0.05,0.05,Q,False,58
Q,151,260717738,0.05,0.01,Q,False,58
Q,151,260717738,0.01,0.05,Q,False,59
Q,152,260717739,0.05,0.05,Q,False,66
Q,152,260717739,0.05,0.01,Q,False,66
Q,152,260717739,0.01,0.05,Q,False,78
Q,153,260717740,0.05,0.05,Q,False,66
Q,153,260717740,0.05,0.01,Q,False,66
Q,153,260717740,0.01,0.05,Q,False,68
Q,154,260717741,0.05,0.05,Q,False,51
Q,154,260717741,0.05,0.01,Q,False,51
Q,154,260717741,0.01,0.05,Q,False,52
Q,155,260717742,0.05,0.05,Q,False,52
Q,155,260717742,0.05,0.01,Q,False,52
Q,155,260717742,0.01,0.05,Q,False,55
Q,156,260717743,0.05,0.05,Q,False,75
Q,156,260717743,0.05,0.01,Q,False,75
Q,156,260717743,0.01,0.05,Q,False,80
Q,157,260717744,0.05,0.05,Q,False,35
Q,157,260717744,0.05,0.01,Q,False,35
Q,157,260717744,0.01,0.05,Q,False,36
Q,158,260717745,0.05,0.05,Q,False,100
Q,158,260717745,0.05,0.01,Q,False,100
Q,158,260717745,0.01,0.05,Q,False,101
Q,159,260717746,0.05,0.05,Q,False,41
Q,159,260717746,0.05,0.01,Q,False,41
Q,159,260717746,0.01,0.05,Q,False,65
Q,160,260717747,0.05,0.05,Q,False,93
Q,160,260717747,0.05,0.01,Q,False,93
Q,160,260717747,0.01,0.05,Q,False,95
Q,161,260717748,0.05,0.05,Q,False,54
Q,161,260717748,0.05,0.01,Q,False,54
Q,161,260717748,0.01,0.05,Q,False,68
Q,162,260717749,0.05,0.05,Q,False,81
Q,162,260717749,0.05,0.01,Q,False,81
Q,162,260717749,0.01,0.05,Q,False,82
Q,163,260717750,0.05,0.05,Q,False,104
Q,163,260717750,0.05,0.01,Q,False,104
Q,163,260717750,0.01,0.05,Q,False,107
Q,164,260717751,0.05,0.05,Q,False,68
Q,164,260717751,0.05,0.01,Q,False,68
Q,164,260717751,0.01,0.05,Q,False,69
Q,165,260717752,0.05,0.05,Q,False,102
Q,165,260717752,0.05,0.01,Q,False,102
Q,165,260717752,0.01,0.05,Q,False,106
Q,166,260717753,0.05,0.05,Q,False,93
Q,166,260717753,0.05,0.01,Q,False,93
Q,166,260717753,0.01,0.05,Q,False,96
Q,167,260717754,0.05,0.05,Q,False,70
Q,167,260717754,0.05,0.01,Q,False,70
Q,167,260717754,0.01,0.05,Q,False,71
Q,168,260717755,0.05,0.05,Q,False,74
Q,168,260717755,0.05,0.01,Q,False,74
Q,168,260717755,0.01,0.05,Q,False,74
Q,169,260717756,0.05,0.05,Q,False,93
Q,169,260717756,0.05,0.01,Q,False,93
Q,169,260717756,0.01,0.05,Q,False,95
Q,170,260717757,0.05,0.05,Q,False,80
Q,170,260717757,0.05,0.01,Q,False,80
Q,170,260717757,0.01,0.05,Q,False,87
Q,171,260717758,0.05,0.05,Q,False,114
Q,171,260717758,0.05,0.01,Q,False,114
Q,171,260717758,0.01,0.05,Q,False,117
Q,172,260717759,0.05,0.05,Q,False,91
Q,172,260717759,0.05,0.01,Q,False,91
Q,172,260717759,0.01,0.05,Q,False,94
Q,173,260717760,0.05,0.05,Q,False,102
Q,173,260717760,0.05,0.01,Q,False,102
Q,173,260717760,0.01,0.05,Q,False,103
Q,174,260717761,0.05,0.05,Q,False,94
Q,174,260717761,0.05,0.01,Q,False,94
Q,174,260717761,0.01,0.05,Q,False,100
Q,175,260717762,0.05,0.05,Q,False,53
Q,175,260717762,0.05,0.01,Q,False,53
Q,175,260717762,0.01,0.05,Q,False,56
Q,176,260717763,0.05,0.05,Q,False,33
Q,176,260717763,0.05,0.01,Q,False,33
Q,176,260717763,0.01,0.05,Q,False,33
Q,177,260717764,0.05,0.05,Q,False,62
Q,177,260717764,0.05,0.01,Q,False,62
Q,177,260717764,0.01,0.05,Q,False,71
Q,178,260717765,0.05,0.05,Q,False,76
Q,178,260717765,0.05,0.01,Q,False,76
Q,178,260717765,0.01,0.05,Q,False,92
Q,179,260717766,0.05,0.05,Q,False,111
Q,179,260717766,0.05,0.01,Q,False,111
Q,179,260717766,0.01,0.05,Q,False,112
Q,180,260717767,0.05,0.05,Q,False,77
Q,180,260717767,0.05,0.01,Q,False,77
Q,180,260717767,0.01,0.05,Q,False,79
Q,181,260717768,0.05,0.05,Q,False,117
Q,181,260717768,0.05,0.01,Q,False,117
Q,181,260717768,0.01,0.05,Q,False,118
Q,182,260717769,0.05,0.05,Q,False,73
Q,182,260717769,0.05,0.01,Q,False,73
Q,182,260717769,0.01,0.05,Q,False,75
Q,183,260717770,0.05,0.05,Q,False,57
Q,183,260717770,0.05,0.01,Q,False,57
Q,183,260717770,0.01,0.05,Q,False,58
Q,184,260717771,0.05,0.05,Q,False,95
Q,184,260717771,0.05,0.01,Q,False,95
Q,184,260717771,0.01,0.05,Q,False,97
Q,185,260717772,0.05,0.05,Q,False,42
Q,185,260717772,0.05,0.01,Q,False,42
Q,185,260717772,0.01,0.05,Q,False,48
Q,186,260717773,0.05,0.05,Q,False,95
Q,186,260717773,0.05,0.01,Q,False,95
Q,186,260717773,0.01,0.05,Q,False,100
Q,187,260717774,0.05,0.05,Q,False,112
Q,187,260717774,0.05,0.01,Q,False,112
Q,187,260717774,0.01,0.05,Q,False,114
Q,188,260717775,0.05,0.05,Q,False,94
Q,188,260717775,0.05,0.01,Q,False,94
Q,188,260717775,0.01,0.05,Q,False,96
Q,189,260717776,0.05,0.05,Q,False,79
Q,189,260717776,0.05,0.01,Q,False,79
Q,189,260717776,0.01,0.05,Q,False,84
Q,190,260717777,0.05,0.05,Q,False,97
Q,190,260717777,0.05,0.01,Q,False,97
Q,190,260717777,0.01,0.05,Q,False,103
Q,191,260717778,0.05,0.05,Q,False,81
Q,191,260717778,0.05,0.01,Q,False,81
Q,191,260717778,0.01,0.05,Q,False,82
Q,192,260717779,0.05,0.05,Q,False,99
Q,192,260717779,0.05,0.01,Q,False,99
Q,192,260717779,0.01,0.05,Q,False,100
Q,193,260717780,0.05,0.05,Q,False,87
Q,193,260717780,0.05,0.01,Q,False,87
Q,193,260717780,0.01,0.05,Q,False,88
Q,194,260717781,0.05,0.05,Q,False,79
Q,194,260717781,0.05,0.01,Q,False,79
Q,194,260717781,0.01,0.05,Q,False,84
Q,195,260717782,0.05,0.05,Q,False,118
Q,195,260717782,0.05,0.01,Q,False,118
Q,195,260717782,0.01,0.05,Q,False,121
Q,196,260717783,0.05,0.05,Q,False,89
Q,196,260717783,0.05,0.01,Q,False,89
Q,196,260717783,0.01,0.05,Q,False,91
Q,197,260717784,0.05,0.05,Q,False,68
Q,197,260717784,0.05,0.01,Q,False,68
Q,197,260717784,0.01,0.05,Q,False,70
Q,198,260717785,0.05,0.05,Q,False,48
Q,198,260717785,0.05,0.01,Q,False,48
Q,198,260717785,0.01,0.05,Q,False,52
Q,199,260717786,0.05,0.05,Q,False,128
Q,199,260717786,0.05,0.01,Q,False,128
Q,199,260717786,0.01,0.05,Q,False,130
Q,200,260717787,0.05,0.05,Q,False,48
Q,200,260717787,0.05,0.01,Q,False,48
Q,200,260717787,0.01,0.05,Q,False,58
Q,201,260717788,0.05,0.05,Q,False,55
Q,201,260717788,0.05,0.01,Q,False,55
Q,201,260717788,0.01,0.05,Q,False,56
Q,202,260717789,0.05,0.05,Q,False,103
Q,202,260717789,0.05,0.01,Q,False,103
Q,202,260717789,0.01,0.05,Q,False,111
Q,203,260717790,0.05,0.05,Q,False,50
Q,203,260717790,0.05,0.01,Q,False,50
Q,203,260717790,0.01,0.05,Q,False,51
Q,204,260717791,0.05,0.05,Q,False,82
Q,204,260717791,0.05,0.01,Q,False,82
Q,204,260717791,0.01,0.05,Q,False,109
Q,205,260717792,0.05,0.05,Q,False,62
Q,205,260717792,0.05,0.01,Q,False,62
Q,205,260717792,0.01,0.05,Q,False,77
Q,206,260717793,0.05,0.05,Q,False,71
Q,206,260717793,0.05,0.01,Q,False,71
Q,206,260717793,0.01,0.05,Q,False,74
Q,207,260717794,0.05,0.05,Q,False,70
Q,207,260717794,0.05,0.01,Q,False,70
Q,207,260717794,0.01,0.05,Q,False,79
Q,208,260717795,0.05,0.05,Q,False,39
Q,208,260717795,0.05,0.01,Q,False,39
Q,208,260717795,0.01,0.05,Q,False,52
Q,209,260717796,0.05,0.05,Q,False,75
Q,209,260717796,0.05,0.01,Q,False,75
Q,209,260717796,0.01,0.05,Q,False,80
Q,210,260717797,0.05,0.05,Q,False,76
Q,210,260717797,0.05,0.01,Q,False,76
Q,210,260717797,0.01,0.05,Q,False,82
Q,211,260717798,0.05,0.05,Q,False,72
Q,211,260717798,0.05,0.01,Q,False,72
Q,211,260717798,0.01,0.05,Q,False,74
Q,212,260717799,0.05,0.05,Q,False,93
Q,212,260717799,0.05,0.01,Q,False,93
Q,212,260717799,0.01,0.05,Q,False,96
Q,213,260717800,0.05,0.05,Q,False,76
Q,213,260717800,0.05,0.01,Q,False,76
Q,213,260717800,0.01,0.05,Q,False,78
Q,214,260717801,0.05,0.05,Q,False,66
Q,214,260717801,0.05,0.01,Q,False,66
Q,214,260717801,0.01,0.05,Q,False,76
Q,215,260717802,0.05,0.05,Q,False,120
Q,215,260717802,0.05,0.01,Q,False,120
Q,215,260717802,0.01,0.05,Q,False,124
Q,216,260717803,0.05,0.05,Q,False,101
Q,216,260717803,0.05,0.01,Q,False,101
Q,216,260717803,0.01,0.05,Q,False,103
Q,217,260717804,0.05,0.05,Q,False,124
Q,217,260717804,0.05,0.01,Q,False,124
Q,217,260717804,0.01,0.05,Q,False,127
Q,218,260717805,0.05,0.05,Q,False,41
Q,218,260717805,0.05,0.01,Q,False,41
Q,218,260717805,0.01,0.05,Q,False,62
Q,219,260717806,0.05,0.05,Q,False,88
Q,219,260717806,0.05,0.01,Q,False,88
Q,219,260717806,0.01,0.05,Q,False,107
Q,220,260717807,0.05,0.05,Q,False,152
Q,220,260717807,0.05,0.01,Q,False,152
Q,220,260717807,0.01,0.05,Q,False,155
Q,221,260717808,0.05,0.05,Q,False,110
Q,221,260717808,0.05,0.01,Q,False,110
Q,221,260717808,0.01,0.05,Q,False,111
Q,222,260717809,0.05,0.05,Q,False,111
Q,222,260717809,0.05,0.01,Q,False,111
Q,222,260717809,0.01,0.05,Q,False,112
Q,223,260717810,0.05,0.05,Q,False,102
Q,223,260717810,0.05,0.01,Q,False,102
Q,223,260717810,0.01,0.05,Q,False,104
Q,224,260717811,0.05,0.05,Q,False,89
Q,224,260717811,0.05,0.01,Q,False,89
Q,224,260717811,0.01,0.05,Q,False,91
Q,225,260717812,0.05,0.05,Q,False,73
Q,225,260717812,0.05,0.01,Q,False,73
Q,225,260717812,0.01,0.05,Q,False,75
Q,226,260717813,0.05,0.05,Q,False,104
Q,226,260717813,0.05,0.01,Q,False,104
Q,226,260717813,0.01,0.05,Q,False,105
Q,227,260717814,0.05,0.05,Q,False,71
Q,227,260717814,0.05,0.01,Q,False,71
Q,227,260717814,0.01,0.05,Q,False,73
Q,228,260717815,0.05,0.05,Q,False,92
Q,228,260717815,0.05,0.01,Q,False,92
Q,228,260717815,0.01,0.05,Q,False,93
Q,229,260717816,0.05,0.05,Q,False,22
Q,229,260717816,0.05,0.01,Q,False,22
Q,229,260717816,0.01,0.05,Q,False,47
Q,230,260717817,0.05,0.05,Q,False,92
Q,230,260717817,0.05,0.01,Q,False,92
Q,230,260717817,0.01,0.05,Q,False,93
Q,231,260717818,0.05,0.05,Q,False,81
Q,231,260717818,0.05,0.01,Q,False,81
Q,231,260717818,0.01,0.05,Q,False,85
Q,232,260717819,0.05,0.05,Q,False,73
Q,232,260717819,0.05,0.01,Q,False,73
Q,232,260717819,0.01,0.05,Q,False,78
Q,233,260717820,0.05,0.05,Q,False,129
Q,233,260717820,0.05,0.01,Q,False,129
Q,233,260717820,0.01,0.05,Q,False,130
Q,234,260717821,0.05,0.05,Q,False,112
Q,234,260717821,0.05,0.01,Q,False,112
Q,234,260717821,0.01,0.05,Q,False,117
Q,235,260717822,0.05,0.05,Q,False,32
Q,235,260717822,0.05,0.01,Q,False,32
Q,235,260717822,0.01,0.05,Q,False,37
Q,236,260717823,0.05,0.05,Q,False,109
Q,236,260717823,0.05,0.01,Q,False,109
Q,236,260717823,0.01,0.05,Q,False,117
Q,237,260717824,0.05,0.05,Q,False,91
Q,237,260717824,0.05,0.01,Q,False,91
Q,237,260717824,0.01,0.05,Q,False,97
Q,238,260717825,0.05,0.05,Q,False,108
Q,238,260717825,0.05,0.01,Q,False,108
Q,238,260717825,0.01,0.05,Q,False,112
Q,239,260717826,0.05,0.05,Q,False,72
Q,239,260717826,0.05,0.01,Q,False,72
Q,239,260717826,0.01,0.05,Q,False,73
Q,240,260717827,0.05,0.05,Q,False,92
Q,240,260717827,0.05,0.01,Q,False,92
Q,240,260717827,0.01,0.05,Q,False,93
Q,241,260717828,0.05,0.05,Q,False,58
Q,241,260717828,0.05,0.01,Q,False,58
Q,241,260717828,0.01,0.05,Q,False,74
Q,242,260717829,0.05,0.05,Q,False,64
Q,242,260717829,0.05,0.01,Q,False,64
Q,242,260717829,0.01,0.05,Q,False,65
Q,243,260717830,0.05,0.05,Q,False,51
Q,243,260717830,0.05,0.01,Q,False,51
Q,243,260717830,0.01,0.05,Q,False,54
Q,244,260717831,0.05,0.05,Q,False,112
Q,244,260717831,0.05,0.01,Q,False,112
Q,244,260717831,0.01,0.05,Q,False,118
Q,245,260717832,0.05,0.05,Q,False,93
Q,245,260717832,0.05,0.01,Q,False,93
Q,245,260717832,0.01,0.05,Q,False,94
Q,246,260717833,0.05,0.05,Q,False,89
Q,246,260717833,0.05,0.01,Q,False,89
Q,246,260717833,0.01,0.05,Q,False,98
Q,247,260717834,0.05,0.05,Q,False,68
Q,247,260717834,0.05,0.01,Q,False,68
Q,247,260717834,0.01,0.05,Q,False,73
Q,248,260717835,0.05,0.05,Q,False,60
Q,248,260717835,0.05,0.01,Q,False,60
Q,248,260717835,0.01,0.05,Q,False,64
Q,249,260717836,0.05,0.05,Q,False,51
Q,249,260717836,0.05,0.01,Q,False,51
Q,249,260717836,0.01,0.05,Q,False,59
Q,250,260717837,0.05,0.05,Q,False,149
Q,250,260717837,0.05,0.01,Q,False,149
Q,250,260717837,0.01,0.05,Q,False,160
Q,251,260717838,0.05,0.05,Q,False,72
Q,251,260717838,0.05,0.01,Q,False,72
Q,251,260717838,0.01,0.05,Q,False,75
Q,252,260717839,0.05,0.05,Q,False,90
Q,252,260717839,0.05,0.01,Q,False,90
Q,252,260717839,0.01,0.05,Q,False,108
Q,253,260717840,0.05,0.05,Q,False,67
Q,253,260717840,0.05,0.01,Q,False,67
Q,253,260717840,0.01,0.05,Q,False,71
Q,254,260717841,0.05,0.05,Q,False,83
Q,254,260717841,0.05,0.01,Q,False,83
Q,254,260717841,0.01,0.05,Q,False,84
Q,255,260717842,0.05,0.05,Q,False,116
Q,255,260717842,0.05,0.01,Q,False,116
Q,255,260717842,0.01,0.05,Q,False,122
Q,256,260717843,0.05,0.05,Q,False,149
Q,256,260717843,0.05,0.01,Q,False,149
Q,256,260717843,0.01,0.05,Q,False,172
Q,257,260717844,0.05,0.05,Q,False,52
Q,257,260717844,0.05,0.01,Q,False,52
Q,257,260717844,0.01,0.05,Q,False,62
Q,258,260717845,0.05,0.05,Q,False,53
Q,258,260717845,0.05,0.01,Q,False,53
Q,258,260717845,0.01,0.05,Q,False,54
Q,259,260717846,0.05,0.05,Q,False,111
Q,259,260717846,0.05,0.01,Q,False,111
Q,259,260717846,0.01,0.05,Q,False,113
Q,260,260717847,0.05,0.05,Q,False,103
Q,260,260717847,0.05,0.01,Q,False,103
Q,260,260717847,0.01,0.05,Q,False,105
Q,261,260717848,0.05,0.05,Q,False,121
Q,261,260717848,0.05,0.01,Q,False,121
Q,261,260717848,0.01,0.05,Q,False,123
Q,262,260717849,0.05,0.05,Q,False,90
Q,262,260717849,0.05,0.01,Q,False,90
Q,262,260717849,0.01,0.05,Q,False,92
Q,263,260717850,0.05,0.05,Q,False,65
Q,263,260717850,0.05,0.01,Q,False,65
Q,263,260717850,0.01,0.05,Q,False,69
Q,264,260717851,0.05,0.05,Q,False,115
Q,264,260717851,0.05,0.01,Q,False,115
Q,264,260717851,0.01,0.05,Q,False,116
Q,265,260717852,0.05,0.05,Q,False,61
Q,265,260717852,0.05,0.01,Q,False,61
Q,265,260717852,0.01,0.05,Q,False,64
Q,266,260717853,0.05,0.05,Q,False,78
Q,266,260717853,0.05,0.01,Q,False,78
Q,266,260717853,0.01,0.05,Q,False,81
Q,267,260717854,0.05,0.05,Q,False,117
Q,267,260717854,0.05,0.01,Q,False,117
Q,267,260717854,0.01,0.05,Q,False,142
Q,268,260717855,0.05,0.05,Q,False,67
Q,268,260717855,0.05,0.01,Q,False,67
Q,268,260717855,0.01,0.05,Q,False,70
Q,269,260717856,0.05,0.05,Q,False,130
Q,269,260717856,0.05,0.01,Q,False,130
Q,269,260717856,0.01,0.05,Q,False,132
Q,270,260717857,0.05,0.05,Q,False,68
Q,270,260717857,0.05,0.01,Q,False,68
Q,270,260717857,0.01,0.05,Q,False,78
Q,271,260717858,0.05,0.05,Q,False,74
Q,271,260717858,0.05,0.01,Q,False,74
Q,271,260717858,0.01,0.05,Q,False,75
Q,272,260717859,0.05,0.05,Q,False,127
Q,272,260717859,0.05,0.01,Q,False,127
Q,272,260717859,0.01,0.05,Q,False,128
Q,273,260717860,0.05,0.05,Q,False,43
Q,273,260717860,0.05,0.01,Q,False,43
Q,273,260717860,0.01,0.05,Q,False,54
Q,274,260717861,0.05,0.05,Q,False,75
Q,274,260717861,0.05,0.01,Q,False,75
Q,274,260717861,0.01,0.05,Q,False,80
Q,275,260717862,0.05,0.05,Q,False,50
Q,275,260717862,0.05,0.01,Q,False,50
Q,275,260717862,0.01,0.05,Q,False,57
Q,276,260717863,0.05,0.05,Q,False,75
Q,276,260717863,0.05,0.01,Q,False,75
Q,276,260717863,0.01,0.05,Q,False,89
Q,277,260717864,0.05,0.05,Q,False,78
Q,277,260717864,0.05,0.01,Q,False,78
Q,277,260717864,0.01,0.05,Q,False,79
Q,278,260717865,0.05,0.05,Q,False,60
Q,278,260717865,0.05,0.01,Q,False,60
Q,278,260717865,0.01,0.05,Q,False,63
Q,279,260717866,0.05,0.05,Q,False,34
Q,279,260717866,0.05,0.01,Q,False,34
Q,279,260717866,0.01,0.05,Q,False,35
Q,280,260717867,0.05,0.05,Q,False,99
Q,280,260717867,0.05,0.01,Q,False,99
Q,280,260717867,0.01,0.05,Q,False,101
Q,281,260717868,0.05,0.05,Q,False,47
Q,281,260717868,0.05,0.01,Q,False,47
Q,281,260717868,0.01,0.05,Q,False,66
Q,282,260717869,0.05,0.05,Q,False,77
Q,282,260717869,0.05,0.01,Q,False,77
Q,282,260717869,0.01,0.05,Q,False,97
Q,283,260717870,0.05,0.05,Q,False,26
Q,283,260717870,0.05,0.01,Q,False,26
Q,283,260717870,0.01,0.05,Q,False,26
Q,284,260717871,0.05,0.05,Q,False,93
Q,284,260717871,0.05,0.01,Q,False,93
Q,284,260717871,0.01,0.05,Q,False,94
Q,285,260717872,0.05,0.05,Q,False,50
Q,285,260717872,0.05,0.01,Q,False,50
Q,285,260717872,0.01,0.05,Q,False,52
Q,286,260717873,0.05,0.05,Q,False,63
Q,286,260717873,0.05,0.01,Q,False,63
Q,286,260717873,0.01,0.05,Q,False,64
Q,287,260717874,0.05,0.05,Q,False,99
Q,287,260717874,0.05,0.01,Q,False,99
Q,287,260717874,0.01,0.05,Q,False,103
Q,288,260717875,0.05,0.05,Q,False,138
Q,288,260717875,0.05,0.01,Q,False,138
Q,288,260717875,0.01,0.05,Q,False,143
Q,289,260717876,0.05,0.05,Q,False,67
Q,289,260717876,0.05,0.01,Q,False,67
Q,289,260717876,0.01,0.05,Q,False,70
Q,290,260717877,0.05,0.05,Q,False,101
Q,290,260717877,0.05,0.01,Q,False,101
Q,290,260717877,0.01,0.05,Q,False,106
Q,291,260717878,0.05,0.05,Q,False,163
Q,291,260717878,0.05,0.01,Q,False,163
Q,291,260717878,0.01,0.05,Q,False,166
Q,292,260717879,0.05,0.05,Q,False,127
Q,292,260717879,0.05,0.01,Q,False,127
Q,292,260717879,0.01,0.05,Q,False,138
Q,293,260717880,0.05,0.05,Q,False,30
Q,293,260717880,0.05,0.01,Q,False,30
Q,293,260717880,0.01,0.05,Q,False,31
Q,294,260717881,0.05,0.05,Q,False,85
Q,294,260717881,0.05,0.01,Q,False,85
Q,294,260717881,0.01,0.05,Q,False,86
Q,295,260717882,0.05,0.05,Q,False,93
Q,295,260717882,0.05,0.01,Q,False,93
Q,295,260717882,0.01,0.05,Q,False,99
Q,296,260717883,0.05,0.05,Q,False,66
Q,296,260717883,0.05,0.01,Q,False,66
Q,296,260717883,0.01,0.05,Q,False,68
Q,297,260717884,0.05,0.05,Q,False,63
Q,297,260717884,0.05,0.01,Q,False,63
Q,297,260717884,0.01,0.05,Q,False,64
Q,298,260717885,0.05,0.05,Q,False,115
Q,298,260717885,0.05,0.01,Q,False,115
Q,298,260717885,0.01,0.05,Q,False,117
Q,299,260717886,0.05,0.05,Q,False,61
Q,299,260717886,0.05,0.01,Q,False,61
Q,299,260717886,0.01,0.05,Q,False,62
Q,300,260717887,0.05,0.05,Q,False,47
Q,300,260717887,0.05,0.01,Q,False,47
Q,300,260717887,0.01,0.05,Q,False,57
Q,301,260717888,0.05,0.05,Q,False,89
Q,301,260717888,0.05,0.01,Q,False,89
Q,301,260717888,0.01,0.05,Q,False,99
Q,302,260717889,0.05,0.05,Q,False,72
Q,302,260717889,0.05,0.01,Q,False,72
Q,302,260717889,0.01,0.05,Q,False,84
Q,303,260717890,0.05,0.05,Q,False,96
Q,303,260717890,0.05,0.01,Q,False,96
Q,303,260717890,0.01,0.05,Q,False,99
Q,304,260717891,0.05,0.05,Q,False,26
Q,304,260717891,0.05,0.01,Q,False,26
Q,304,260717891,0.01,0.05,Q,False,32
Q,305,260717892,0.05,0.05,Q,False,102
Q,305,260717892,0.05,0.01,Q,False,102
Q,305,260717892,0.01,0.05,Q,False,103
Q,306,260717893,0.05,0.05,Q,False,92
Q,306,260717893,0.05,0.01,Q,False,92
Q,306,260717893,0.01,0.05,Q,False,93
Q,307,260717894,0.05,0.05,Q,False,75
Q,307,260717894,0.05,0.01,Q,False,75
Q,307,260717894,0.01,0.05,Q,False,98
Q,308,260717895,0.05,0.05,Q,False,71
Q,308,260717895,0.05,0.01,Q,False,71
Q,308,260717895,0.01,0.05,Q,False,76
Q,309,260717896,0.05,0.05,Q,False,86
Q,309,260717896,0.05,0.01,Q,False,86
Q,309,260717896,0.01,0.05,Q,False,88
Q,310,260717897,0.05,0.05,Q,False,90
Q,310,260717897,0.05,0.01,Q,False,90
Q,310,260717897,0.01,0.05,Q,False,91
Q,311,260717898,0.05,0.05,Q,False,35
Q,311,260717898,0.05,0.01,Q,False,35
Q,311,260717898,0.01,0.05,Q,False,88
Q,312,260717899,0.05,0.05,Q,False,78
Q,312,260717899,0.05,0.01,Q,False,78
Q,312,260717899,0.01,0.05,Q,False,80
Q,313,260717900,0.05,0.05,Q,False,91
Q,313,260717900,0.05,0.01,Q,False,91
Q,313,260717900,0.01,0.05,Q,False,94
Q,314,260717901,0.05,0.05,Q,False,99
Q,314,260717901,0.05,0.01,Q,False,99
Q,314,260717901,0.01,0.05,Q,False,100
Q,315,260717902,0.05,0.05,Q,False,73
Q,315,260717902,0.05,0.01,Q,False,73
Q,315,260717902,0.01,0.05,Q,False,74
Q,316,260717903,0.05,0.05,Q,False,80
Q,316,260717903,0.05,0.01,Q,False,80
Q,316,260717903,0.01,0.05,Q,False,81
Q,317,260717904,0.05,0.05,Q,False,117
Q,317,260717904,0.05,0.01,Q,False,117
Q,317,260717904,0.01,0.05,Q,False,125
Q,318,260717905,0.05,0.05,Q,False,126
Q,318,260717905,0.05,0.01,Q,False,126
Q,318,260717905,0.01,0.05,Q,False,128
Q,319,260717906,0.05,0.05,Q,False,105
Q,319,260717906,0.05,0.01,Q,False,105
Q,319,260717906,0.01,0.05,Q,False,108
Q,320,260717907,0.05,0.05,Q,False,41
Q,320,260717907,0.05,0.01,Q,False,41
Q,320,260717907,0.01,0.05,Q,False,44
Q,321,260717908,0.05,0.05,Q,False,73
Q,321,260717908,0.05,0.01,Q,False,73
Q,321,260717908,0.01,0.05,Q,False,75
Q,322,260717909,0.05,0.05,Q,False,50
Q,322,260717909,0.05,0.01,Q,False,50
Q,322,260717909,0.01,0.05,Q,False,72
Q,323,260717910,0.05,0.05,Q,False,115
Q,323,260717910,0.05,0.01,Q,False,115
Q,323,260717910,0.01,0.05,Q,False,116
Q,324,260717911,0.05,0.05,Q,False,105
Q,324,260717911,0.05,0.01,Q,False,105
Q,324,260717911,0.01,0.05,Q,False,109
Q,325,260717912,0.05,0.05,Q,False,93
Q,325,260717912,0.05,0.01,Q,False,93
Q,325,260717912,0.01,0.05,Q,False,94
Q,326,260717913,0.05,0.05,Q,False,105
Q,326,260717913,0.05,0.01,Q,False,105
Q,326,260717913,0.01,0.05,Q,False,108
Q,327,260717914,0.05,0.05,Q,False,41
Q,327,260717914,0.05,0.01,Q,False,41
Q,327,260717914,0.01,0.05,Q,False,43
Q,328,260717915,0.05,0.05,Q,False,93
Q,328,260717915,0.05,0.01,Q,False,93
Q,328,260717915,0.01,0.05,Q,False,99
Q,329,260717916,0.05,0.05,Q,False,64
Q,329,260717916,0.05,0.01,Q,False,64
Q,329,260717916,0.01,0.05,Q,False,72
Q,330,260717917,0.05,0.05,Q,False,97
Q,330,260717917,0.05,0.01,Q,False,97
Q,330,260717917,0.01,0.05,Q,False,99
Q,331,260717918,0.05,0.05,Q,False,87
Q,331,260717918,0.05,0.01,Q,False,87
Q,331,260717918,0.01,0.05,Q,False,88
Q,332,260717919,0.05,0.05,Q,False,88
Q,332,260717919,0.05,0.01,Q,False,88
Q,332,260717919,0.01,0.05,Q,False,102
Q,333,260717920,0.05,0.05,Q,False,138
Q,333,260717920,0.05,0.01,Q,False,138
Q,333,260717920,0.01,0.05,Q,False,149
Q,334,260717921,0.05,0.05,Q,False,88
Q,334,260717921,0.05,0.01,Q,False,88
Q,334,260717921,0.01,0.05,Q,False,91
Q,335,260717922,0.05,0.05,Q,False,23
Q,335,260717922,0.05,0.01,Q,False,23
Q,335,260717922,0.01,0.05,Q,False,92
Q,336,260717923,0.05,0.05,Q,False,70
Q,336,260717923,0.05,0.01,Q,False,70
Q,336,260717923,0.01,0.05,Q,False,72
Q,337,260717924,0.05,0.05,Q,False,82
Q,337,260717924,0.05,0.01,Q,False,82
Q,337,260717924,0.01,0.05,Q,False,84
Q,338,260717925,0.05,0.05,Q,False,123
Q,338,260717925,0.05,0.01,Q,False,123
Q,338,260717925,0.01,0.05,Q,False,126
Q,339,260717926,0.05,0.05,Q,False,97
Q,339,260717926,0.05,0.01,Q,False,97
Q,339,260717926,0.01,0.05,Q,False,98
Q,340,260717927,0.05,0.05,Q,False,51
Q,340,260717927,0.05,0.01,Q,False,51
Q,340,260717927,0.01,0.05,Q,False,52
Q,341,260717928,0.05,0.05,Q,False,93
Q,341,260717928,0.05,0.01,Q,False,93
Q,341,260717928,0.01,0.05,Q,False,94
Q,342,260717929,0.05,0.05,Q,False,53
Q,342,260717929,0.05,0.01,Q,False,53
Q,342,260717929,0.01,0.05,Q,False,53
Q,343,260717930,0.05,0.05,Q,False,47
Q,343,260717930,0.05,0.01,Q,False,47
Q,343,260717930,0.01,0.05,Q,False,50
Q,344,260717931,0.05,0.05,Q,False,38
Q,344,260717931,0.05,0.01,Q,False,38
Q,344,260717931,0.01,0.05,Q,False,39
Q,345,260717932,0.05,0.05,Q,False,64
Q,345,260717932,0.05,0.01,Q,False,64
Q,345,260717932,0.01,0.05,Q,False,65
Q,346,260717933,0.05,0.05,Q,False,74
Q,346,260717933,0.05,0.01,Q,False,74
Q,346,260717933,0.01,0.05,Q,False,75
Q,347,260717934,0.05,0.05,Q,False,101
Q,347,260717934,0.05,0.01,Q,False,101
Q,347,260717934,0.01,0.05,Q,False,102
Q,348,260717935,0.05,0.05,Q,False,88
Q,348,260717935,0.05,0.01,Q,False,88
Q,348,260717935,0.01,0.05,Q,False,96
Q,349,260717936,0.05,0.05,Q,False,79
Q,349,260717936,0.05,0.01,Q,False,79
Q,349,260717936,0.01,0.05,Q,False,80
Q,350,260717937,0.05,0.05,Q,False,89
Q,350,260717937,0.05,0.01,Q,False,89
Q,350,260717937,0.01,0.05,Q,False,91
Q,351,260717938,0.05,0.05,Q,False,91
Q,351,260717938,0.05,0.01,Q,False,91
Q,351,260717938,0.01,0.05,Q,False,92
Q,352,260717939,0.05,0.05,Q,False,110
Q,352,260717939,0.05,0.01,Q,False,110
Q,352,260717939,0.01,0.05,Q,False,118
Q,353,260717940,0.05,0.05,Q,False,124
Q,353,260717940,0.05,0.01,Q,False,124
Q,353,260717940,0.01,0.05,Q,False,126
Q,354,260717941,0.05,0.05,Q,False,82
Q,354,260717941,0.05,0.01,Q,False,82
Q,354,260717941,0.01,0.05,Q,False,95
Q,355,260717942,0.05,0.05,Q,False,92
Q,355,260717942,0.05,0.01,Q,False,92
Q,355,260717942,0.01,0.05,Q,False,94
Q,356,260717943,0.05,0.05,Q,False,61
Q,356,260717943,0.05,0.01,Q,False,61
Q,356,260717943,0.01,0.05,Q,False,62
Q,357,260717944,0.05,0.05,Q,False,92
Q,357,260717944,0.05,0.01,Q,False,92
Q,357,260717944,0.01,0.05,Q,False,93
Q,358,260717945,0.05,0.05,Q,False,34
Q,358,260717945,0.05,0.01,Q,False,34
Q,358,260717945,0.01,0.05,Q,False,52
Q,359,260717946,0.05,0.05,Q,False,120
Q,359,260717946,0.05,0.01,Q,False,120
Q,359,260717946,0.01,0.05,Q,False,124
Q,360,260717947,0.05,0.05,Q,False,133
Q,360,260717947,0.05,0.01,Q,False,133
Q,360,260717947,0.01,0.05,Q,False,147
Q,361,260717948,0.05,0.05,Q,False,107
Q,361,260717948,0.05,0.01,Q,False,107
Q,361,260717948,0.01,0.05,Q,False,108
Q,362,260717949,0.05,0.05,Q,False,80
Q,362,260717949,0.05,0.01,Q,False,80
Q,362,260717949,0.01,0.05,Q,False,88
Q,363,260717950,0.05,0.05,Q,False,82
Q,363,260717950,0.05,0.01,Q,False,82
Q,363,260717950,0.01,0.05,Q,False,98
Q,364,260717951,0.05,0.05,Q,False,106
Q,364,260717951,0.05,0.01,Q,False,106
Q,364,260717951,0.01,0.05,Q,False,112
Q,365,260717952,0.05,0.05,Q,False,80
Q,365,260717952,0.05,0.01,Q,False,80
Q,365,260717952,0.01,0.05,Q,False,127
Q,366,260717953,0.05,0.05,Q,False,106
Q,366,260717953,0.05,0.01,Q,False,106
Q,366,260717953,0.01,0.05,Q,False,139
Q,367,260717954,0.05,0.05,Q,False,136
Q,367,260717954,0.05,0.01,Q,False,136
Q,367,260717954,0.01,0.05,Q,False,149
Q,368,260717955,0.05,0.05,Q,False,135
Q,368,260717955,0.05,0.01,Q,False,135
Q,368,260717955,0.01,0.05,Q,False,137
Q,369,260717956,0.05,0.05,Q,False,60
Q,369,260717956,0.05,0.01,Q,False,60
Q,369,260717956,0.01,0.05,Q,False,60
Q,370,260717957,0.05,0.05,Q,False,132
Q,370,260717957,0.05,0.01,Q,False,132
Q,370,260717957,0.01,0.05,Q,False,133
Q,371,260717958,0.05,0.05,Q,False,93
Q,371,260717958,0.05,0.01,Q,False,93
Q,371,260717958,0.01,0.05,Q,False,98
Q,372,260717959,0.05,0.05,Q,False,118
Q,372,260717959,0.05,0.01,Q,False,118
Q,372,260717959,0.01,0.05,Q,False,120
Q,373,260717960,0.05,0.05,Q,False,79
Q,373,260717960,0.05,0.01,Q,False,79
Q,373,260717960,0.01,0.05,Q,False,83
Q,374,260717961,0.05,0.05,Q,False,76
Q,374,260717961,0.05,0.01,Q,False,76
Q,374,260717961,0.01,0.05,Q,False,125
Q,375,260717962,0.05,0.05,Q,False,98
Q,375,260717962,0.05,0.01,Q,False,98
Q,375,260717962,0.01,0.05,Q,False,99
Q,376,260717963,0.05,0.05,Q,False,97
Q,376,260717963,0.05,0.01,Q,False,97
Q,376,260717963,0.01,0.05,Q,False,110
Q,377,260717964,0.05,0.05,Q,False,102
Q,377,260717964,0.05,0.01,Q,False,102
Q,377,260717964,0.01,0.05,Q,False,105
Q,378,260717965,0.05,0.05,Q,False,79
Q,378,260717965,0.05,0.01,Q,False,79
Q,378,260717965,0.01,0.05,Q,False,81
Q,379,260717966,0.05,0.05,Q,False,86
Q,379,260717966,0.05,0.01,Q,False,86
Q,379,260717966,0.01,0.05,Q,False,87
Q,380,260717967,0.05,0.05,Q,False,104
Q,380,260717967,0.05,0.01,Q,False,104
Q,380,260717967,0.01,0.05,Q,False,105
Q,381,260717968,0.05,0.05,Q,False,120
Q,381,260717968,0.05,0.01,Q,False,120
Q,381,260717968,0.01,0.05,Q,False,129
Q,382,260717969,0.05,0.05,Q,False,61
Q,382,260717969,0.05,0.01,Q,False,61
Q,382,260717969,0.01,0.05,Q,False,63
Q,383,260717970,0.05,0.05,Q,False,64
Q,383,260717970,0.05,0.01,Q,False,64
Q,383,260717970,0.01,0.05,Q,False,67
Q,384,260717971,0.05,0.05,Q,False,68
Q,384,260717971,0.05,0.01,Q,False,68
Q,384,260717971,0.01,0.05,Q,False,77
Q,385,260717972,0.05,0.05,Q,False,102
Q,385,260717972,0.05,0.01,Q,False,102
Q,385,260717972,0.01,0.05,Q,False,107
Q,386,260717973,0.05,0.05,Q,False,68
Q,386,260717973,0.05,0.01,Q,False,68
Q,386,260717973,0.01,0.05,Q,False,70
Q,387,260717974,0.05,0.05,Q,False,84
Q,387,260717974,0.05,0.01,Q,False,84
Q,387,260717974,0.01,0.05,Q,False,86
Q,388,260717975,0.05,0.05,Q,False,80
Q,388,260717975,0.05,0.01,Q,False,80
Q,388,260717975,0.01,0.05,Q,False,82
Q,389,260717976,0.05,0.05,Q,False,62
Q,389,260717976,0.05,0.01,Q,False,62
Q,389,260717976,0.01,0.05,Q,False,64
Q,390,260717977,0.05,0.05,Q,False,135
Q,390,260717977,0.05,0.01,Q,False,135
Q,390,260717977,0.01,0.05,Q,False,136
Q,391,260717978,0.05,0.05,Q,False,64
Q,391,260717978,0.05,0.01,Q,False,64
Q,391,260717978,0.01,0.05,Q,False,84
Q,392,260717979,0.05,0.05,Q,False,128
Q,392,260717979,0.05,0.01,Q,False,128
Q,392,260717979,0.01,0.05,Q,False,132
Q,393,260717980,0.05,0.05,Q,False,90
Q,393,260717980,0.05,0.01,Q,False,90
Q,393,260717980,0.01,0.05,Q,False,100
Q,394,260717981,0.05,0.05,Q,False,67
Q,394,260717981,0.05,0.01,Q,False,67
Q,394,260717981,0.01,0.05,Q,False,68
Q,395,260717982,0.05,0.05,Q,False,131
Q,395,260717982,0.05,0.01,Q,False,131
Q,395,260717982,0.01,0.05,Q,False,134
Q,396,260717983,0.05,0.05,Q,False,103
Q,396,260717983,0.05,0.01,Q,False,103
Q,396,260717983,0.01,0.05,Q,False,105
Q,397,260717984,0.05,0.05,Q,False,87
Q,397,260717984,0.05,0.01,Q,False,87
Q,397,260717984,0.01,0.05,Q,False,88
Q,398,260717985,0.05,0.05,Q,False,74
Q,398,260717985,0.05,0.01,Q,False,74
Q,398,260717985,0.01,0.05,Q,False,75
Q,399,260717986,0.05,0.05,Q,False,119
Q,399,260717986,0.05,0.01,Q,False,119
Q,399,260717986,0.01,0.05,Q,False,120
Q,400,260717987,0.05,0.05,Q,False,47
Q,400,260717987,0.05,0.01,Q,False,47
Q,400,260717987,0.01,0.05,Q,False,48
Q,401,260717988,0.05,0.05,Q,False,114
Q,401,260717988,0.05,0.01,Q,False,114
Q,401,260717988,0.01,0.05,Q,False,119
Q,402,260717989,0.05,0.05,Q,False,67
Q,402,260717989,0.05,0.01,Q,False,67
Q,402,260717989,0.01,0.05,Q,False,72
Q,403,260717990,0.05,0.05,Q,False,48
Q,403,260717990,0.05,0.01,Q,False,48
Q,403,260717990,0.01,0.05,Q,False,67
Q,404,260717991,0.05,0.05,Q,False,47
Q,404,260717991,0.05,0.01,Q,False,47
Q,404,260717991,0.01,0.05,Q,False,49
Q,405,260717992,0.05,0.05,Q,False,26
Q,405,260717992,0.05,0.01,Q,False,26
Q,405,260717992,0.01,0.05,Q,False,28
Q,406,260717993,0.05,0.05,Q,False,92
Q,406,260717993,0.05,0.01,Q,False,92
Q,406,260717993,0.01,0.05,Q,False,94
Q,407,260717994,0.05,0.05,Q,False,86
Q,407,260717994,0.05,0.01,Q,False,86
Q,407,260717994,0.01,0.05,Q,False,87
Q,408,260717995,0.05,0.05,Q,False,58
Q,408,260717995,0.05,0.01,Q,False,58
Q,408,260717995,0.01,0.05,Q,False,59
Q,409,260717996,0.05,0.05,Q,False,82
Q,409,260717996,0.05,0.01,Q,False,82
Q,409,260717996,0.01,0.05,Q,False,83
Q,410,260717997,0.05,0.05,Q,False,61
Q,410,260717997,0.05,0.01,Q,False,61
Q,410,260717997,0.01,0.05,Q,False,62
Q,411,260717998,0.05,0.05,Q,False,41
Q,411,260717998,0.05,0.01,Q,False,41
Q,411,260717998,0.01,0.05,Q,False,42
Q,412,260717999,0.05,0.05,Q,False,78
Q,412,260717999,0.05,0.01,Q,False,78
Q,412,260717999,0.01,0.05,Q,False,79
Q,413,260718000,0.05,0.05,Q,False,52
Q,413,260718000,0.05,0.01,Q,False,52
Q,413,260718000,0.01,0.05,Q,False,59
Q,414,260718001,0.05,0.05,Q,False,74
Q,414,260718001,0.05,0.01,Q,False,74
Q,414,260718001,0.01,0.05,Q,False,77
Q,415,260718002,0.05,0.05,Q,False,95
Q,415,260718002,0.05,0.01,Q,False,95
Q,415,260718002,0.01,0.05,Q,False,98
Q,416,260718003,0.05,0.05,Q,False,57
Q,416,260718003,0.05,0.01,Q,False,57
Q,416,260718003,0.01,0.05,Q,False,97
Q,417,260718004,0.05,0.05,Q,False,129
Q,417,260718004,0.05,0.01,Q,False,129
Q,417,260718004,0.01,0.05,Q,False,133
Q,418,260718005,0.05,0.05,Q,False,61
Q,418,260718005,0.05,0.01,Q,False,61
Q,418,260718005,0.01,0.05,Q,False,64
Q,419,260718006,0.05,0.05,Q,False,73
Q,419,260718006,0.05,0.01,Q,False,73
Q,419,260718006,0.01,0.05,Q,False,75
Q,420,260718007,0.05,0.05,Q,False,100
Q,420,260718007,0.05,0.01,Q,False,100
Q,420,260718007,0.01,0.05,Q,False,102
Q,421,260718008,0.05,0.05,Q,False,102
Q,421,260718008,0.05,0.01,Q,False,102
Q,421,260718008,0.01,0.05,Q,False,107
Q,422,260718009,0.05,0.05,Q,False,127
Q,422,260718009,0.05,0.01,Q,False,127
Q,422,260718009,0.01,0.05,Q,False,130
Q,423,260718010,0.05,0.05,Q,False,114
Q,423,260718010,0.05,0.01,Q,False,114
Q,423,260718010,0.01,0.05,Q,False,115
Q,424,260718011,0.05,0.05,Q,False,77
Q,424,260718011,0.05,0.01,Q,False,77
Q,424,260718011,0.01,0.05,Q,False,78
Q,425,260718012,0.05,0.05,Q,False,131
Q,425,260718012,0.05,0.01,Q,False,131
Q,425,260718012,0.01,0.05,Q,False,132
Q,426,260718013,0.05,0.05,Q,False,138
Q,426,260718013,0.05,0.01,Q,False,138
Q,426,260718013,0.01,0.05,Q,False,141
Q,427,260718014,0.05,0.05,Q,False,131
Q,427,260718014,0.05,0.01,Q,False,131
Q,427,260718014,0.01,0.05,Q,False,134
Q,428,260718015,0.05,0.05,Q,False,93
Q,428,260718015,0.05,0.01,Q,False,93
Q,428,260718015,0.01,0.05,Q,False,94
Q,429,260718016,0.05,0.05,Q,False,101
Q,429,260718016,0.05,0.01,Q,False,101
Q,429,260718016,0.01,0.05,Q,False,106
Q,430,260718017,0.05,0.05,Q,False,92
Q,430,260718017,0.05,0.01,Q,False,92
Q,430,260718017,0.01,0.05,Q,False,98
Q,431,260718018,0.05,0.05,Q,False,143
Q,431,260718018,0.05,0.01,Q,False,143
Q,431,260718018,0.01,0.05,Q,False,149
Q,432,260718019,0.05,0.05,Q,False,94
Q,432,260718019,0.05,0.01,Q,False,94
Q,432,260718019,0.01,0.05,Q,False,95
Q,433,260718020,0.05,0.05,Q,False,100
Q,433,260718020,0.05,0.01,Q,False,100
Q,433,260718020,0.01,0.05,Q,False,103
Q,434,260718021,0.05,0.05,Q,False,108
Q,434,260718021,0.05,0.01,Q,False,108
Q,434,260718021,0.01,0.05,Q,False,120
Q,435,260718022,0.05,0.05,Q,False,135
Q,435,260718022,0.05,0.01,Q,False,135
Q,435,260718022,0.01,0.05,Q,False,136
Q,436,260718023,0.05,0.05,Q,False,114
Q,436,260718023,0.05,0.01,Q,False,114
Q,436,260718023,0.01,0.05,Q,False,116
Q,437,260718024,0.05,0.05,Q,False,95
Q,437,260718024,0.05,0.01,Q,False,95
Q,437,260718024,0.01,0.05,Q,False,96
Q,438,260718025,0.05,0.05,Q,False,38
Q,438,260718025,0.05,0.01,Q,False,38
Q,438,260718025,0.01,0.05,Q,False,44
Q,439,260718026,0.05,0.05,Q,False,63
Q,439,260718026,0.05,0.01,Q,False,63
Q,439,260718026,0.01,0.05,Q,False,65
Q,440,260718027,0.05,0.05,Q,False,156
Q,440,260718027,0.05,0.01,Q,False,156
Q,440,260718027,0.01,0.05,Q,False,157
Q,441,260718028,0.05,0.05,Q,False,66
Q,441,260718028,0.05,0.01,Q,False,66
Q,441,260718028,0.01,0.05,Q,False,67
Q,442,260718029,0.05,0.05,Q,False,31
Q,442,260718029,0.05,0.01,Q,False,31
Q,442,260718029,0.01,0.05,Q,False,33
Q,443,260718030,0.05,0.05,Q,False,84
Q,443,260718030,0.05,0.01,Q,False,84
Q,443,260718030,0.01,0.05,Q,False,85
Q,444,260718031,0.05,0.05,Q,False,127
Q,444,260718031,0.05,0.01,Q,False,127
Q,444,260718031,0.01,0.05,Q,False,129
Q,445,260718032,0.05,0.05,Q,False,71
Q,445,260718032,0.05,0.01,Q,False,71
Q,445,260718032,0.01,0.05,Q,False,81
Q,446,260718033,0.05,0.05,Q,False,45
Q,446,260718033,0.05,0.01,Q,False,45
Q,446,260718033,0.01,0.05,Q,False,47
Q,447,260718034,0.05,0.05,Q,False,115
Q,447,260718034,0.05,0.01,Q,False,115
Q,447,260718034,0.01,0.05,Q,False,115
Q,448,260718035,0.05,0.05,Q,False,135
Q,448,260718035,0.05,0.01,Q,False,135
Q,448,260718035,0.01,0.05,Q,False,136
Q,449,260718036,0.05,0.05,Q,False,89
Q,449,260718036,0.05,0.01,Q,False,89
Q,449,260718036,0.01,0.05,Q,False,91
Q,450,260718037,0.05,0.05,Q,False,57
Q,450,260718037,0.05,0.01,Q,False,57
Q,450,260718037,0.01,0.05,Q,False,61
Q,451,260718038,0.05,0.05,Q,False,47
Q,451,260718038,0.05,0.01,Q,False,47
Q,451,260718038,0.01,0.05,Q,False,55
Q,452,260718039,0.05,0.05,Q,False,41
Q,452,260718039,0.05,0.01,Q,False,41
Q,452,260718039,0.01,0.05,Q,False,76
Q,453,260718040,0.05,0.05,Q,False,65
Q,453,260718040,0.05,0.01,Q,False,65
Q,453,260718040,0.01,0.05,Q,False,66
Q,454,260718041,0.05,0.05,Q,False,106
Q,454,260718041,0.05,0.01,Q,False,106
Q,454,260718041,0.01,0.05,Q,False,141
Q,455,260718042,0.05,0.05,Q,False,66
Q,455,260718042,0.05,0.01,Q,False,66
Q,455,260718042,0.01,0.05,Q,False,80
Q,456,260718043,0.05,0.05,Q,False,105
Q,456,260718043,0.05,0.01,Q,False,105
Q,456,260718043,0.01,0.05,Q,False,107
Q,457,260718044,0.05,0.05,Q,False,33
Q,457,260718044,0.05,0.01,Q,False,33
Q,457,260718044,0.01,0.05,Q,False,70
Q,458,260718045,0.05,0.05,Q,False,59
Q,458,260718045,0.05,0.01,Q,False,59
Q,458,260718045,0.01,0.05,Q,False,61
Q,459,260718046,0.05,0.05,Q,False,93
Q,459,260718046,0.05,0.01,Q,False,93
Q,459,260718046,0.01,0.05,Q,False,100
Q,460,260718047,0.05,0.05,Q,False,97
Q,460,260718047,0.05,0.01,Q,False,97
Q,460,260718047,0.01,0.05,Q,False,102
Q,461,260718048,0.05,0.05,Q,False,93
Q,461,260718048,0.05,0.01,Q,False,93
Q,461,260718048,0.01,0.05,Q,False,99
Q,462,260718049,0.05,0.05,Q,False,101
Q,462,260718049,0.05,0.01,Q,False,101
Q,462,260718049,0.01,0.05,Q,False,106
Q,463,260718050,0.05,0.05,Q,False,111
Q,463,260718050,0.05,0.01,Q,False,111
Q,463,260718050,0.01,0.05,Q,False,127
Q,464,260718051,0.05,0.05,Q,False,84
Q,464,260718051,0.05,0.01,Q,False,84
Q,464,260718051,0.01,0.05,Q,False,86
Q,465,260718052,0.05,0.05,Q,False,146
Q,465,260718052,0.05,0.01,Q,False,146
Q,465,260718052,0.01,0.05,Q,False,162
Q,466,260718053,0.05,0.05,Q,False,56
Q,466,260718053,0.05,0.01,Q,False,56
Q,466,260718053,0.01,0.05,Q,False,80
Q,467,260718054,0.05,0.05,Q,False,111
Q,467,260718054,0.05,0.01,Q,False,111
Q,467,260718054,0.01,0.05,Q,False,112
Q,468,260718055,0.05,0.05,Q,False,65
Q,468,260718055,0.05,0.01,Q,False,65
Q,468,260718055,0.01,0.05,Q,False,76
Q,469,260718056,0.05,0.05,Q,False,76
Q,469,260718056,0.05,0.01,Q,False,76
Q,469,260718056,0.01,0.05,Q,False,77
Q,470,260718057,0.05,0.05,Q,False,119
Q,470,260718057,0.05,0.01,Q,False,119
Q,470,260718057,0.01,0.05,Q,False,119
Q,471,260718058,0.05,0.05,Q,False,80
Q,471,260718058,0.05,0.01,Q,False,80
Q,471,260718058,0.01,0.05,Q,False,87
Q,472,260718059,0.05,0.05,Q,False,105
Q,472,260718059,0.05,0.01,Q,False,105
Q,472,260718059,0.01,0.05,Q,False,107
Q,473,260718060,0.05,0.05,Q,False,54
Q,473,260718060,0.05,0.01,Q,False,54
Q,473,260718060,0.01,0.05,Q,False,62
Q,474,260718061,0.05,0.05,Q,False,59
Q,474,260718061,0.05,0.01,Q,False,59
Q,474,260718061,0.01,0.05,Q,False,61
Q,475,260718062,0.05,0.05,Q,False,103
Q,475,260718062,0.05,0.01,Q,False,103
Q,475,260718062,0.01,0.05,Q,False,106
Q,476,260718063,0.05,0.05,Q,False,101
Q,476,260718063,0.05,0.01,Q,False,101
Q,476,260718063,0.01,0.05,Q,False,102
Q,477,260718064,0.05,0.05,Q,False,77
Q,477,260718064,0.05,0.01,Q,False,77
Q,477,260718064,0.01,0.05,Q,False,79
Q,478,260718065,0.05,0.05,Q,False,63
Q,478,260718065,0.05,0.01,Q,False,63
Q,478,260718065,0.01,0.05,Q,False,64
Q,479,260718066,0.05,0.05,Q,False,95
Q,479,260718066,0.05,0.01,Q,False,95
Q,479,260718066,0.01,0.05,Q,False,98
Q,480,260718067,0.05,0.05,Q,False,68
Q,480,260718067,0.05,0.01,Q,False,68
Q,480,260718067,0.01,0.05,Q,False,69
Q,481,260718068,0.05,0.05,Q,False,89
Q,481,260718068,0.05,0.01,Q,False,89
Q,481,260718068,0.01,0.05,Q,False,90
Q,482,260718069,0.05,0.05,Q,False,49
Q,482,260718069,0.05,0.01,Q,False,49
Q,482,260718069,0.01,0.05,Q,False,50
Q,483,260718070,0.05,0.05,Q,False,83
Q,483,260718070,0.05,0.01,Q,False,83
Q,483,260718070,0.01,0.05,Q,False,84
Q,484,260718071,0.05,0.05,Q,False,100
Q,484,260718071,0.05,0.01,Q,False,100
Q,484,260718071,0.01,0.05,Q,False,106
Q,485,260718072,0.05,0.05,Q,False,83
Q,485,260718072,0.05,0.01,Q,False,83
Q,485,260718072,0.01,0.05,Q,False,84
Q,486,260718073,0.05,0.05,Q,False,67
Q,486,260718073,0.05,0.01,Q,False,67
Q,486,260718073,0.01,0.05,Q,False,69
Q,487,260718074,0.05,0.05,Q,False,118
Q,487,260718074,0.05,0.01,Q,False,118
Q,487,260718074,0.01,0.05,Q,False,133
Q,488,260718075,0.05,0.05,Q,False,44
Q,488,260718075,0.05,0.01,Q,False,44
Q,488,260718075,0.01,0.05,Q,False,45
Q,489,260718076,0.05,0.05,Q,False,32
Q,489,260718076,0.05,0.01,Q,False,32
Q,489,260718076,0.01,0.05,Q,False,41
Q,490,260718077,0.05,0.05,Q,False,93
Q,490,260718077,0.05,0.01,Q,False,93
Q,490,260718077,0.01,0.05,Q,False,95
Q,491,260718078,0.05,0.05,Q,False,38
Q,491,260718078,0.05,0.01,Q,False,38
Q,491,260718078,0.01,0.05,Q,False,68
Q,492,260718079,0.05,0.05,Q,False,44
Q,492,260718079,0.05,0.01,Q,False,44
Q,492,260718079,0.01,0.05,Q,False,70
Q,493,260718080,0.05,0.05,Q,False,95
Q,493,260718080,0.05,0.01,Q,False,95
Q,493,260718080,0.01,0.05,Q,False,100
Q,494,260718081,0.05,0.05,Q,False,63
Q,494,260718081,0.05,0.01,Q,False,63
Q,494,260718081,0.01,0.05,Q,False,65
Q,495,260718082,0.05,0.05,Q,False,84
Q,495,260718082,0.05,0.01,Q,False,84
Q,495,260718082,0.01,0.05,Q,False,85
Q,496,260718083,0.05,0.05,Q,False,116
Q,496,260718083,0.05,0.01,Q,False,116
Q,496,260718083,0.01,0.05,Q,False,119
Q,497,260718084,0.05,0.05,Q,False,104
Q,497,260718084,0.05,0.01,Q,False,104
Q,497,260718084,0.01,0.05,Q,False,104
Q,498,260718085,0.05,0.05,Q,False,102
Q,498,260718085,0.05,0.01,Q,False,102
Q,498,260718085,0.01,0.05,Q,False,104
Q,499,260718086,0.05,0.05,Q,False,148
Q,499,260718086,0.05,0.01,Q,False,148
Q,499,260718086,0.01,0.05,Q,False,153
Q,500,260718087,0.05,0.05,Q,False,48
Q,500,260718087,0.05,0.01,Q,False,48
Q,500,260718087,0.01,0.05,Q,False,49
Q,501,260718088,0.05,0.05,Q,False,109
Q,501,260718088,0.05,0.01,Q,False,109
Q,501,260718088,0.01,0.05,Q,False,110
Q,502,260718089,0.05,0.05,Q,False,79
Q,502,260718089,0.05,0.01,Q,False,79
Q,502,260718089,0.01,0.05,Q,False,83
Q,503,260718090,0.05,0.05,Q,False,73
Q,503,260718090,0.05,0.01,Q,False,73
Q,503,260718090,0.01,0.05,Q,False,74
Q,504,260718091,0.05,0.05,Q,False,64
Q,504,260718091,0.05,0.01,Q,False,64
Q,504,260718091,0.01,0.05,Q,False,66
Q,505,260718092,0.05,0.05,Q,False,67
Q,505,260718092,0.05,0.01,Q,False,67
Q,505,260718092,0.01,0.05,Q,False,68
Q,506,260718093,0.05,0.05,Q,False,90
Q,506,260718093,0.05,0.01,Q,False,90
Q,506,260718093,0.01,0.05,Q,False,98
Q,507,260718094,0.05,0.05,Q,False,59
Q,507,260718094,0.05,0.01,Q,False,59
Q,507,260718094,0.01,0.05,Q,False,59
Q,508,260718095,0.05,0.05,Q,False,133
Q,508,260718095,0.05,0.01,Q,False,133
Q,508,260718095,0.01,0.05,Q,False,134
Q,509,260718096,0.05,0.05,Q,False,104
Q,509,260718096,0.05,0.01,Q,False,104
Q,509,260718096,0.01,0.05,Q,False,108
Q,510,260718097,0.05,0.05,Q,False,69
Q,510,260718097,0.05,0.01,Q,False,69
Q,510,260718097,0.01,0.05,Q,False,76
Q,511,260718098,0.05,0.05,Q,False,74
Q,511,260718098,0.05,0.01,Q,False,74
Q,511,260718098,0.01,0.05,Q,False,86
Q,512,260718099,0.05,0.05,Q,False,106
Q,512,260718099,0.05,0.01,Q,False,106
Q,512,260718099,0.01,0.05,Q,False,109
Q,513,260718100,0.05,0.05,Q,False,55
Q,513,260718100,0.05,0.01,Q,False,55
Q,513,260718100,0.01,0.05,Q,False,68
Q,514,260718101,0.05,0.05,Q,False,131
Q,514,260718101,0.05,0.01,Q,False,131
Q,514,260718101,0.01,0.05,Q,False,132
Q,515,260718102,0.05,0.05,Q,False,49
Q,515,260718102,0.05,0.01,Q,False,49
Q,515,260718102,0.01,0.05,Q,False,53
Q,516,260718103,0.05,0.05,Q,False,79
Q,516,260718103,0.05,0.01,Q,False,79
Q,516,260718103,0.01,0.05,Q,False,80
Q,517,260718104,0.05,0.05,Q,False,147
Q,517,260718104,0.05,0.01,Q,False,147
Q,517,260718104,0.01,0.05,Q,False,160
Q,518,260718105,0.05,0.05,Q,False,98
Q,518,260718105,0.05,0.01,Q,False,98
Q,518,260718105,0.01,0.05,Q,False,105
Q,519,260718106,0.05,0.05,Q,False,130
Q,519,260718106,0.05,0.01,Q,False,130
Q,519,260718106,0.01,0.05,Q,False,131
Q,520,260718107,0.05,0.05,Q,False,61
Q,520,260718107,0.05,0.01,Q,False,61
Q,520,260718107,0.01,0.05,Q,False,63
Q,521,260718108,0.05,0.05,Q,False,97
Q,521,260718108,0.05,0.01,Q,False,97
Q,521,260718108,0.01,0.05,Q,False,98
Q,522,260718109,0.05,0.05,Q,False,41
Q,522,260718109,0.05,0.01,Q,False,41
Q,522,260718109,0.01,0.05,Q,False,42
Q,523,260718110,0.05,0.05,Q,False,45
Q,523,260718110,0.05,0.01,Q,False,45
Q,523,260718110,0.01,0.05,Q,False,46
Q,524,260718111,0.05,0.05,Q,False,54
Q,524,260718111,0.05,0.01,Q,False,54
Q,524,260718111,0.01,0.05,Q,False,58
Q,525,260718112,0.05,0.05,Q,False,33
Q,525,260718112,0.05,0.01,Q,False,33
Q,525,260718112,0.01,0.05,Q,False,34
Q,526,260718113,0.05,0.05,Q,False,114
Q,526,260718113,0.05,0.01,Q,False,114
Q,526,260718113,0.01,0.05,Q,False,117
Q,527,260718114,0.05,0.05,Q,False,83
Q,527,260718114,0.05,0.01,Q,False,83
Q,527,260718114,0.01,0.05,Q,False,92
Q,528,260718115,0.05,0.05,Q,False,81
Q,528,260718115,0.05,0.01,Q,False,81
Q,528,260718115,0.01,0.05,Q,False,82
Q,529,260718116,0.05,0.05,Q,False,111
Q,529,260718116,0.05,0.01,Q,False,111
Q,529,260718116,0.01,0.05,Q,False,111
Q,530,260718117,0.05,0.05,Q,False,29
Q,530,260718117,0.05,0.01,Q,False,29
Q,530,260718117,0.01,0.05,Q,False,55
Q,531,260718118,0.05,0.05,Q,False,65
Q,531,260718118,0.05,0.01,Q,False,65
Q,531,260718118,0.01,0.05,Q,False,68
Q,532,260718119,0.05,0.05,Q,False,89
Q,532,260718119,0.05,0.01,Q,False,89
Q,532,260718119,0.01,0.05,Q,False,90
Q,533,260718120,0.05,0.05,Q,False,128
Q,533,260718120,0.05,0.01,Q,False,128
Q,533,260718120,0.01,0.05,Q,False,151
Q,534,260718121,0.05,0.05,Q,False,39
Q,534,260718121,0.05,0.01,Q,False,39
Q,534,260718121,0.01,0.05,Q,False,54
Q,535,260718122,0.05,0.05,Q,False,80
Q,535,260718122,0.05,0.01,Q,False,80
Q,535,260718122,0.01,0.05,Q,False,82
Q,536,260718123,0.05,0.05,Q,False,75
Q,536,260718123,0.05,0.01,Q,False,75
Q,536,260718123,0.01,0.05,Q,False,91
Q,537,260718124,0.05,0.05,Q,False,99
Q,537,260718124,0.05,0.01,Q,False,99
Q,537,260718124,0.01,0.05,Q,False,100
Q,538,260718125,0.05,0.05,Q,False,98
Q,538,260718125,0.05,0.01,Q,False,98
Q,538,260718125,0.01,0.05,Q,False,101
Q,539,260718126,0.05,0.05,Q,False,52
Q,539,260718126,0.05,0.01,Q,False,52
Q,539,260718126,0.01,0.05,Q,False,55
Q,540,260718127,0.05,0.05,Q,False,64
Q,540,260718127,0.05,0.01,Q,False,64
Q,540,260718127,0.01,0.05,Q,False,66
Q,541,260718128,0.05,0.05,Q,False,122
Q,541,260718128,0.05,0.01,Q,False,122
Q,541,260718128,0.01,0.05,Q,False,130
Q,542,260718129,0.05,0.05,Q,False,94
Q,542,260718129,0.05,0.01,Q,False,94
Q,542,260718129,0.01,0.05,Q,False,99
Q,543,260718130,0.05,0.05,Q,False,75
Q,543,260718130,0.05,0.01,Q,False,75
Q,543,260718130,0.01,0.05,Q,False,77
Q,544,260718131,0.05,0.05,Q,False,88
Q,544,260718131,0.05,0.01,Q,False,88
Q,544,260718131,0.01,0.05,Q,False,92
Q,545,260718132,0.05,0.05,Q,False,94
Q,545,260718132,0.05,0.01,Q,False,94
Q,545,260718132,0.01,0.05,Q,False,98
Q,546,260718133,0.05,0.05,Q,False,71
Q,546,260718133,0.05,0.01,Q,False,71
Q,546,260718133,0.01,0.05,Q,False,72
Q,547,260718134,0.05,0.05,Q,False,75
Q,547,260718134,0.05,0.01,Q,False,75
Q,547,260718134,0.01,0.05,Q,False,79
Q,548,260718135,0.05,0.05,Q,False,66
Q,548,260718135,0.05,0.01,Q,False,66
Q,548,260718135,0.01,0.05,Q,False,68
Q,549,260718136,0.05,0.05,Q,False,33
Q,549,260718136,0.05,0.01,Q,False,33
Q,549,260718136,0.01,0.05,Q,False,34
Q,550,260718137,0.05,0.05,Q,False,62
Q,550,260718137,0.05,0.01,Q,False,62
Q,550,260718137,0.01,0.05,Q,False,65
Q,551,260718138,0.05,0.05,Q,False,138
Q,551,260718138,0.05,0.01,Q,False,138
Q,551,260718138,0.01,0.05,Q,False,140
Q,552,260718139,0.05,0.05,Q,False,124
Q,552,260718139,0.05,0.01,Q,False,124
Q,552,260718139,0.01,0.05,Q,False,125
Q,553,260718140,0.05,0.05,Q,False,132
Q,553,260718140,0.05,0.01,Q,False,132
Q,553,260718140,0.01,0.05,Q,False,134
Q,554,260718141,0.05,0.05,Q,False,74
Q,554,260718141,0.05,0.01,Q,False,74
Q,554,260718141,0.01,0.05,Q,False,76
Q,555,260718142,0.05,0.05,Q,False,22
Q,555,260718142,0.05,0.01,Q,False,22
Q,555,260718142,0.01,0.05,Q,False,27
Q,556,260718143,0.05,0.05,Q,False,64
Q,556,260718143,0.05,0.01,Q,False,64
Q,556,260718143,0.01,0.05,Q,False,69
Q,557,260718144,0.05,0.05,Q,False,78
Q,557,260718144,0.05,0.01,Q,False,78
Q,557,260718144,0.01,0.05,Q,False,79
Q,558,260718145,0.05,0.05,Q,False,96
Q,558,260718145,0.05,0.01,Q,False,96
Q,558,260718145,0.01,0.05,Q,False,99
Q,559,260718146,0.05,0.05,Q,False,124
Q,559,260718146,0.05,0.01,Q,False,124
Q,559,260718146,0.01,0.05,Q,False,127
Q,560,260718147,0.05,0.05,Q,False,54
Q,560,260718147,0.05,0.01,Q,False,54
Q,560,260718147,0.01,0.05,Q,False,55
Q,561,260718148,0.05,0.05,Q,False,140
Q,561,260718148,0.05,0.01,Q,False,140
Q,561,260718148,0.01,0.05,Q,False,142
Q,562,260718149,0.05,0.05,Q,False,119
Q,562,260718149,0.05,0.01,Q,False,119
Q,562,260718149,0.01,0.05,Q,False,128
Q,563,260718150,0.05,0.05,Q,False,72
Q,563,260718150,0.05,0.01,Q,False,72
Q,563,260718150,0.01,0.05,Q,False,73
Q,564,260718151,0.05,0.05,Q,False,66
Q,564,260718151,0.05,0.01,Q,False,66
Q,564,260718151,0.01,0.05,Q,False,67
Q,565,260718152,0.05,0.05,Q,False,68
Q,565,260718152,0.05,0.01,Q,False,68
Q,565,260718152,0.01,0.05,Q,False,69
Q,566,260718153,0.05,0.05,Q,False,62
Q,566,260718153,0.05,0.01,Q,False,62
Q,566,260718153,0.01,0.05,Q,False,63
Q,567,260718154,0.05,0.05,Q,False,108
Q,567,260718154,0.05,0.01,Q,False,108
Q,567,260718154,0.01,0.05,Q,False,109
Q,568,260718155,0.05,0.05,Q,False,85
Q,568,260718155,0.05,0.01,Q,False,85
Q,568,260718155,0.01,0.05,Q,False,87
Q,569,260718156,0.05,0.05,Q,False,89
Q,569,260718156,0.05,0.01,Q,False,89
Q,569,260718156,0.01,0.05,Q,False,94
Q,570,260718157,0.05,0.05,Q,False,136
Q,570,260718157,0.05,0.01,Q,False,136
Q,570,260718157,0.01,0.05,Q,False,138
Q,571,260718158,0.05,0.05,Q,False,98
Q,571,260718158,0.05,0.01,Q,False,98
Q,571,260718158,0.01,0.05,Q,False,99
Q,572,260718159,0.05,0.05,Q,False,38
Q,572,260718159,0.05,0.01,Q,False,38
Q,572,260718159,0.01,0.05,Q,False,40
Q,573,260718160,0.05,0.05,Q,False,88
Q,573,260718160,0.05,0.01,Q,False,88
Q,573,260718160,0.01,0.05,Q,False,95
Q,574,260718161,0.05,0.05,Q,False,89
Q,574,260718161,0.05,0.01,Q,False,89
Q,574,260718161,0.01,0.05,Q,False,119
Q,575,260718162,0.05,0.05,Q,False,104
Q,575,260718162,0.05,0.01,Q,False,104
Q,575,260718162,0.01,0.05,Q,False,111
Q,576,260718163,0.05,0.05,Q,False,95
Q,576,260718163,0.05,0.01,Q,False,95
Q,576,260718163,0.01,0.05,Q,False,96
Q,577,260718164,0.05,0.05,Q,False,131
Q,577,260718164,0.05,0.01,Q,False,131
Q,577,260718164,0.01,0.05,Q,False,136
Q,578,260718165,0.05,0.05,Q,False,58
Q,578,260718165,0.05,0.01,Q,False,58
Q,578,260718165,0.01,0.05,Q,False,63
Q,579,260718166,0.05,0.05,Q,False,85
Q,579,260718166,0.05,0.01,Q,False,85
Q,579,260718166,0.01,0.05,Q,False,87
Q,580,260718167,0.05,0.05,Q,False,84
Q,580,260718167,0.05,0.01,Q,False,84
Q,580,260718167,0.01,0.05,Q,False,89
Q,581,260718168,0.05,0.05,Q,False,59
Q,581,260718168,0.05,0.01,Q,False,59
Q,581,260718168,0.01,0.05,Q,False,60
Q,582,260718169,0.05,0.05,Q,False,101
Q,582,260718169,0.05,0.01,Q,False,101
Q,582,260718169,0.01,0.05,Q,False,103
Q,583,260718170,0.05,0.05,Q,False,114
Q,583,260718170,0.05,0.01,Q,False,114
Q,583,260718170,0.01,0.05,Q,False,120
Q,584,260718171,0.05,0.05,Q,False,100
Q,584,260718171,0.05,0.01,Q,False,100
Q,584,260718171,0.01,0.05,Q,False,102
Q,585,260718172,0.05,0.05,Q,False,58
Q,585,260718172,0.05,0.01,Q,False,58
Q,585,260718172,0.01,0.05,Q,False,59
Q,586,260718173,0.05,0.05,Q,False,96
Q,586,260718173,0.05,0.01,Q,False,96
Q,586,260718173,0.01,0.05,Q,False,96
Q,587,260718174,0.05,0.05,Q,False,121
Q,587,260718174,0.05,0.01,Q,False,121
Q,587,260718174,0.01,0.05,Q,False,122
Q,588,260718175,0.05,0.05,Q,False,80
Q,588,260718175,0.05,0.01,Q,False,80
Q,588,260718175,0.01,0.05,Q,False,81
Q,589,260718176,0.05,0.05,Q,False,46
Q,589,260718176,0.05,0.01,Q,False,46
Q,589,260718176,0.01,0.05,Q,False,47
Q,590,260718177,0.05,0.05,Q,False,120
Q,590,260718177,0.05,0.01,Q,False,120
Q,590,260718177,0.01,0.05,Q,False,121
Q,591,260718178,0.05,0.05,Q,False,98
Q,591,260718178,0.05,0.01,Q,False,98
Q,591,260718178,0.01,0.05,Q,False,99
Q,592,260718179,0.05,0.05,Q,False,99
Q,592,260718179,0.05,0.01,Q,False,99
Q,592,260718179,0.01,0.05,Q,False,103
Q,593,260718180,0.05,0.05,Q,False,71
Q,593,260718180,0.05,0.01,Q,False,71
Q,593,260718180,0.01,0.05,Q,False,72
Q,594,260718181,0.05,0.05,Q,False,125
Q,594,260718181,0.05,0.01,Q,False,125
Q,594,260718181,0.01,0.05,Q,False,127
Q,595,260718182,0.05,0.05,Q,False,111
Q,595,260718182,0.05,0.01,Q,False,111
Q,595,260718182,0.01,0.05,Q,False,113
Q,596,260718183,0.05,0.05,Q,False,61
Q,596,260718183,0.05,0.01,Q,False,61
Q,596,260718183,0.01,0.05,Q,False,64
Q,597,260718184,0.05,0.05,Q,False,89
Q,597,260718184,0.05,0.01,Q,False,89
Q,597,260718184,0.01,0.05,Q,False,92
Q,598,260718185,0.05,0.05,Q,False,67
Q,598,260718185,0.05,0.01,Q,False,67
Q,598,260718185,0.01,0.05,Q,False,68
Q,599,260718186,0.05,0.05,Q,False,84
Q,599,260718186,0.05,0.01,Q,False,84
Q,599,260718186,0.01,0.05,Q,False,86
Q,600,260718187,0.05,0.05,Q,False,85
Q,600,260718187,0.05,0.01,Q,False,85
Q,600,260718187,0.01,0.05,Q,False,88
Q,601,260718188,0.05,0.05,Q,False,85
Q,601,260718188,0.05,0.01,Q,False,85
Q,601,260718188,0.01,0.05,Q,False,99
Q,602,260718189,0.05,0.05,Q,False,73
Q,602,260718189,0.05,0.01,Q,False,73
Q,602,260718189,0.01,0.05,Q,False,74
Q,603,260718190,0.05,0.05,Q,False,54
Q,603,260718190,0.05,0.01,Q,False,54
Q,603,260718190,0.01,0.05,Q,False,55
Q,604,260718191,0.05,0.05,Q,False,119
Q,604,260718191,0.05,0.01,Q,False,119
Q,604,260718191,0.01,0.05,Q,False,125
Q,605,260718192,0.05,0.05,Q,False,99
Q,605,260718192,0.05,0.01,Q,False,99
Q,605,260718192,0.01,0.05,Q,False,102
Q,606,260718193,0.05,0.05,Q,False,88
Q,606,260718193,0.05,0.01,Q,False,88
Q,606,260718193,0.01,0.05,Q,False,94
Q,607,260718194,0.05,0.05,Q,False,51
Q,607,260718194,0.05,0.01,Q,False,51
Q,607,260718194,0.01,0.05,Q,False,92
Q,608,260718195,0.05,0.05,Q,False,50
Q,608,260718195,0.05,0.01,Q,False,50
Q,608,260718195,0.01,0.05,Q,False,53
Q,609,260718196,0.05,0.05,Q,False,51
Q,609,260718196,0.05,0.01,Q,False,51
Q,609,260718196,0.01,0.05,Q,False,55
Q,610,260718197,0.05,0.05,Q,False,76
Q,610,260718197,0.05,0.01,Q,False,76
Q,610,260718197,0.01,0.05,Q,False,77
Q,611,260718198,0.05,0.05,Q,False,96
Q,611,260718198,0.05,0.01,Q,False,96
Q,611,260718198,0.01,0.05,Q,False,98
Q,612,260718199,0.05,0.05,Q,False,114
Q,612,260718199,0.05,0.01,Q,False,114
Q,612,260718199,0.01,0.05,Q,False,117
Q,613,260718200,0.05,0.05,Q,False,70
Q,613,260718200,0.05,0.01,Q,False,70
Q,613,260718200,0.01,0.05,Q,False,71
Q,614,260718201,0.05,0.05,Q,False,82
Q,614,260718201,0.05,0.01,Q,False,82
Q,614,260718201,0.01,0.05,Q,False,87
Q,615,260718202,0.05,0.05,Q,False,103
Q,615,260718202,0.05,0.01,Q,False,103
Q,615,260718202,0.01,0.05,Q,False,104
Q,616,260718203,0.05,0.05,Q,False,127
Q,616,260718203,0.05,0.01,Q,False,127
Q,616,260718203,0.01,0.05,Q,False,130
Q,617,260718204,0.05,0.05,Q,False,57
Q,617,260718204,0.05,0.01,Q,False,57
Q,617,260718204,0.01,0.05,Q,False,62
Q,618,260718205,0.05,0.05,Q,False,56
Q,618,260718205,0.05,0.01,Q,False,56
Q,618,260718205,0.01,0.05,Q,False,60
Q,619,260718206,0.05,0.05,Q,False,57
Q,619,260718206,0.05,0.01,Q,False,57
Q,619,260718206,0.01,0.05,Q,False,60
Q,620,260718207,0.05,0.05,Q,False,44
Q,620,260718207,0.05,0.01,Q,False,44
Q,620,260718207,0.01,0.05,Q,False,85
Q,621,260718208,0.05,0.05,Q,False,76
Q,621,260718208,0.05,0.01,Q,False,76
Q,621,260718208,0.01,0.05,Q,False,78
Q,622,260718209,0.05,0.05,Q,False,96
Q,622,260718209,0.05,0.01,Q,False,96
Q,622,260718209,0.01,0.05,Q,False,97
Q,623,260718210,0.05,0.05,Q,False,108
Q,623,260718210,0.05,0.01,Q,False,108
Q,623,260718210,0.01,0.05,Q,False,109
Q,624,260718211,0.05,0.05,Q,False,49
Q,624,260718211,0.05,0.01,Q,False,49
Q,624,260718211,0.01,0.05,Q,False,49
Q,625,260718212,0.05,0.05,Q,False,68
Q,625,260718212,0.05,0.01,Q,False,68
Q,625,260718212,0.01,0.05,Q,False,69
Q,626,260718213,0.05,0.05,Q,False,91
Q,626,260718213,0.05,0.01,Q,False,91
Q,626,260718213,0.01,0.05,Q,False,98
Q,627,260718214,0.05,0.05,Q,False,61
Q,627,260718214,0.05,0.01,Q,False,61
Q,627,260718214,0.01,0.05,Q,False,63
Q,628,260718215,0.05,0.05,Q,False,70
Q,628,260718215,0.05,0.01,Q,False,70
Q,628,260718215,0.01,0.05,Q,False,72
Q,629,260718216,0.05,0.05,Q,False,99
Q,629,260718216,0.05,0.01,Q,False,99
Q,629,260718216,0.01,0.05,Q,False,100
Q,630,260718217,0.05,0.05,Q,False,70
Q,630,260718217,0.05,0.01,Q,False,70
Q,630,260718217,0.01,0.05,Q,False,80
Q,631,260718218,0.05,0.05,Q,False,54
Q,631,260718218,0.05,0.01,Q,False,54
Q,631,260718218,0.01,0.05,Q,False,100
Q,632,260718219,0.05,0.05,Q,False,112
Q,632,260718219,0.05,0.01,Q,False,112
Q,632,260718219,0.01,0.05,Q,False,118
Q,633,260718220,0.05,0.05,Q,False,77
Q,633,260718220,0.05,0.01,Q,False,77
Q,633,260718220,0.01,0.05,Q,False,79
Q,634,260718221,0.05,0.05,Q,False,57
Q,634,260718221,0.05,0.01,Q,False,57
Q,634,260718221,0.01,0.05,Q,False,60
Q,635,260718222,0.05,0.05,Q,False,97
Q,635,260718222,0.05,0.01,Q,False,97
Q,635,260718222,0.01,0.05,Q,False,98
Q,636,260718223,0.05,0.05,Q,False,100
Q,636,260718223,0.05,0.01,Q,False,100
Q,636,260718223,0.01,0.05,Q,False,103
Q,637,260718224,0.05,0.05,Q,False,55
Q,637,260718224,0.05,0.01,Q,False,55
Q,637,260718224,0.01,0.05,Q,False,56
Q,638,260718225,0.05,0.05,Q,False,111
Q,638,260718225,0.05,0.01,Q,False,111
Q,638,260718225,0.01,0.05,Q,False,117
Q,639,260718226,0.05,0.05,Q,False,57
Q,639,260718226,0.05,0.01,Q,False,57
Q,639,260718226,0.01,0.05,Q,False,60
Q,640,260718227,0.05,0.05,Q,False,82
Q,640,260718227,0.05,0.01,Q,False,82
Q,640,260718227,0.01,0.05,Q,False,85
Q,641,260718228,0.05,0.05,Q,False,32
Q,641,260718228,0.05,0.01,Q,False,32
Q,641,260718228,0.01,0.05,Q,False,33
Q,642,260718229,0.05,0.05,Q,False,81
Q,642,260718229,0.05,0.01,Q,False,81
Q,642,260718229,0.01,0.05,Q,False,83
Q,643,260718230,0.05,0.05,Q,False,116
Q,643,260718230,0.05,0.01,Q,False,116
Q,643,260718230,0.01,0.05,Q,False,135
Q,644,260718231,0.05,0.05,Q,False,77
Q,644,260718231,0.05,0.01,Q,False,77
Q,644,260718231,0.01,0.05,Q,False,78
Q,645,260718232,0.05,0.05,Q,False,109
Q,645,260718232,0.05,0.01,Q,False,109
Q,645,260718232,0.01,0.05,Q,False,116
Q,646,260718233,0.05,0.05,Q,False,89
Q,646,260718233,0.05,0.01,Q,False,89
Q,646,260718233,0.01,0.05,Q,False,90
Q,647,260718234,0.05,0.05,Q,False,69
Q,647,260718234,0.05,0.01,Q,False,69
Q,647,260718234,0.01,0.05,Q,False,76
Q,648,260718235,0.05,0.05,Q,False,105
Q,648,260718235,0.05,0.01,Q,False,105
Q,648,260718235,0.01,0.05,Q,False,109
Q,649,260718236,0.05,0.05,Q,False,46
Q,649,260718236,0.05,0.01,Q,False,46
Q,649,260718236,0.01,0.05,Q,False,66
Q,650,260718237,0.05,0.05,Q,False,106
Q,650,260718237,0.05,0.01,Q,False,106
Q,650,260718237,0.01,0.05,Q,False,108
Q,651,260718238,0.05,0.05,Q,False,71
Q,651,260718238,0.05,0.01,Q,False,71
Q,651,260718238,0.01,0.05,Q,False,72
Q,652,260718239,0.05,0.05,Q,False,122
Q,652,260718239,0.05,0.01,Q,False,122
Q,652,260718239,0.01,0.05,Q,False,124
Q,653,260718240,0.05,0.05,Q,False,44
Q,653,260718240,0.05,0.01,Q,False,44
Q,653,260718240,0.01,0.05,Q,False,57
Q,654,260718241,0.05,0.05,Q,False,90
Q,654,260718241,0.05,0.01,Q,False,90
Q,654,260718241,0.01,0.05,Q,False,93
Q,655,260718242,0.05,0.05,Q,False,93
Q,655,260718242,0.05,0.01,Q,False,93
Q,655,260718242,0.01,0.05,Q,False,94
Q,656,260718243,0.05,0.05,Q,False,88
Q,656,260718243,0.05,0.01,Q,False,88
Q,656,260718243,0.01,0.05,Q,False,92
Q,657,260718244,0.05,0.05,Q,False,71
Q,657,260718244,0.05,0.01,Q,False,71
Q,657,260718244,0.01,0.05,Q,False,72
Q,658,260718245,0.05,0.05,Q,False,103
Q,658,260718245,0.05,0.01,Q,False,103
Q,658,260718245,0.01,0.05,Q,False,105
Q,659,260718246,0.05,0.05,Q,False,63
Q,659,260718246,0.05,0.01,Q,False,63
Q,659,260718246,0.01,0.05,Q,False,64
Q,660,260718247,0.05,0.05,Q,False,142
Q,660,260718247,0.05,0.01,Q,False,142
Q,660,260718247,0.01,0.05,Q,False,143
Q,661,260718248,0.05,0.05,Q,False,52
Q,661,260718248,0.05,0.01,Q,False,52
Q,661,260718248,0.01,0.05,Q,False,56
Q,662,260718249,0.05,0.05,Q,False,37
Q,662,260718249,0.05,0.01,Q,False,37
Q,662,260718249,0.01,0.05,Q,False,50
Q,663,260718250,0.05,0.05,Q,False,92
Q,663,260718250,0.05,0.01,Q,False,92
Q,663,260718250,0.01,0.05,Q,False,97
Q,664,260718251,0.05,0.05,Q,False,42
Q,664,260718251,0.05,0.01,Q,False,42
Q,664,260718251,0.01,0.05,Q,False,95
Q,665,260718252,0.05,0.05,Q,False,124
Q,665,260718252,0.05,0.01,Q,False,124
Q,665,260718252,0.01,0.05,Q,False,125
Q,666,260718253,0.05,0.05,Q,False,44
Q,666,260718253,0.05,0.01,Q,False,44
Q,666,260718253,0.01,0.05,Q,False,59
Q,667,260718254,0.05,0.05,Q,False,60
Q,667,260718254,0.05,0.01,Q,False,60
Q,667,260718254,0.01,0.05,Q,False,62
Q,668,260718255,0.05,0.05,Q,False,111
Q,668,260718255,0.05,0.01,Q,False,111
Q,668,260718255,0.01,0.05,Q,False,114
Q,669,260718256,0.05,0.05,Q,False,98
Q,669,260718256,0.05,0.01,Q,False,98
Q,669,260718256,0.01,0.05,Q,False,107
Q,670,260718257,0.05,0.05,Q,False,120
Q,670,260718257,0.05,0.01,Q,False,120
Q,670,260718257,0.01,0.05,Q,False,122
Q,671,260718258,0.05,0.05,Q,False,101
Q,671,260718258,0.05,0.01,Q,False,101
Q,671,260718258,0.01,0.05,Q,False,107
Q,672,260718259,0.05,0.05,Q,False,100
Q,672,260718259,0.05,0.01,Q,False,100
Q,672,260718259,0.01,0.05,Q,False,102
Q,673,260718260,0.05,0.05,Q,False,76
Q,673,260718260,0.05,0.01,Q,False,76
Q,673,260718260,0.01,0.05,Q,False,78
Q,674,260718261,0.05,0.05,Q,False,68
Q,674,260718261,0.05,0.01,Q,False,68
Q,674,260718261,0.01,0.05,Q,False,69
Q,675,260718262,0.05,0.05,Q,False,197
Q,675,260718262,0.05,0.01,Q,False,197
Q,675,260718262,0.01,0.05,Q,False,206
Q,676,260718263,0.05,0.05,Q,False,80
Q,676,260718263,0.05,0.01,Q,False,80
Q,676,260718263,0.01,0.05,Q,False,81
Q,677,260718264,0.05,0.05,Q,False,136
Q,677,260718264,0.05,0.01,Q,False,136
Q,677,260718264,0.01,0.05,Q,False,137
Q,678,260718265,0.05,0.05,Q,False,66
Q,678,260718265,0.05,0.01,Q,False,66
Q,678,260718265,0.01,0.05,Q,False,67
Q,679,260718266,0.05,0.05,Q,False,47
Q,679,260718266,0.05,0.01,Q,False,47
Q,679,260718266,0.01,0.05,Q,False,77
Q,680,260718267,0.05,0.05,Q,False,62
Q,680,260718267,0.05,0.01,Q,False,62
Q,680,260718267,0.01,0.05,Q,False,64
Q,681,260718268,0.05,0.05,Q,False,64
Q,681,260718268,0.05,0.01,Q,False,64
Q,681,260718268,0.01,0.05,Q,False,88
Q,682,260718269,0.05,0.05,Q,False,61
Q,682,260718269,0.05,0.01,Q,False,61
Q,682,260718269,0.01,0.05,Q,False,62
Q,683,260718270,0.05,0.05,Q,False,77
Q,683,260718270,0.05,0.01,Q,False,77
Q,683,260718270,0.01,0.05,Q,False,78
Q,684,260718271,0.05,0.05,Q,False,79
Q,684,260718271,0.05,0.01,Q,False,79
Q,684,260718271,0.01,0.05,Q,False,80
Q,685,260718272,0.05,0.05,Q,False,77
Q,685,260718272,0.05,0.01,Q,False,77
Q,685,260718272,0.01,0.05,Q,False,80
Q,686,260718273,0.05,0.05,Q,False,79
Q,686,260718273,0.05,0.01,Q,False,79
Q,686,260718273,0.01,0.05,Q,False,97
Q,687,260718274,0.05,0.05,Q,False,107
Q,687,260718274,0.05,0.01,Q,False,107
Q,687,260718274,0.01,0.05,Q,False,108
Q,688,260718275,0.05,0.05,Q,False,149
Q,688,260718275,0.05,0.01,Q,False,149
Q,688,260718275,0.01,0.05,Q,False,154
Q,689,260718276,0.05,0.05,Q,False,80
Q,689,260718276,0.05,0.01,Q,False,80
Q,689,260718276,0.01,0.05,Q,False,82
Q,690,260718277,0.05,0.05,Q,False,91
Q,690,260718277,0.05,0.01,Q,False,91
Q,690,260718277,0.01,0.05,Q,False,110
Q,691,260718278,0.05,0.05,Q,False,70
Q,691,260718278,0.05,0.01,Q,False,70
Q,691,260718278,0.01,0.05,Q,False,72
Q,692,260718279,0.05,0.05,Q,False,58
Q,692,260718279,0.05,0.01,Q,False,58
Q,692,260718279,0.01,0.05,Q,False,59
Q,693,260718280,0.05,0.05,Q,False,36
Q,693,260718280,0.05,0.01,Q,False,36
Q,693,260718280,0.01,0.05,Q,False,46
Q,694,260718281,0.05,0.05,Q,False,106
Q,694,260718281,0.05,0.01,Q,False,106
Q,694,260718281,0.01,0.05,Q,False,108
Q,695,260718282,0.05,0.05,Q,False,166
Q,695,260718282,0.05,0.01,Q,False,166
Q,695,260718282,0.01,0.05,Q,False,168
Q,696,260718283,0.05,0.05,Q,False,89
Q,696,260718283,0.05,0.01,Q,False,89
Q,696,260718283,0.01,0.05,Q,False,90
Q,697,260718284,0.05,0.05,Q,False,94
Q,697,260718284,0.05,0.01,Q,False,94
Q,697,260718284,0.01,0.05,Q,False,109
Q,698,260718285,0.05,0.05,Q,False,80
Q,698,260718285,0.05,0.01,Q,False,80
Q,698,260718285,0.01,0.05,Q,False,83
Q,699,260718286,0.05,0.05,Q,False,184
Q,699,260718286,0.05,0.01,Q,False,184
Q,699,260718286,0.01,0.05,Q,False,193
Q,700,260718287,0.05,0.05,Q,False,49
Q,700,260718287,0.05,0.01,Q,False,49
Q,700,260718287,0.01,0.05,Q,False,49
Q,701,260718288,0.05,0.05,Q,False,122
Q,701,260718288,0.05,0.01,Q,False,122
Q,701,260718288,0.01,0.05,Q,False,125
Q,702,260718289,0.05,0.05,Q,False,41
Q,702,260718289,0.05,0.01,Q,False,41
Q,702,260718289,0.01,0.05,Q,False,42
Q,703,260718290,0.05,0.05,Q,False,73
Q,703,260718290,0.05,0.01,Q,False,73
Q,703,260718290,0.01,0.05,Q,False,77
Q,704,260718291,0.05,0.05,Q,False,87
Q,704,260718291,0.05,0.01,Q,False,87
Q,704,260718291,0.01,0.05,Q,False,88
Q,705,260718292,0.05,0.05,Q,False,108
Q,705,260718292,0.05,0.01,Q,False,108
Q,705,260718292,0.01,0.05,Q,False,109
Q,706,260718293,0.05,0.05,Q,False,95
Q,706,260718293,0.05,0.01,Q,False,95
Q,706,260718293,0.01,0.05,Q,False,99
Q,707,260718294,0.05,0.05,Q,False,40
Q,707,260718294,0.05,0.01,Q,False,40
Q,707,260718294,0.01,0.05,Q,False,42
Q,708,260718295,0.05,0.05,Q,False,42
Q,708,260718295,0.05,0.01,Q,False,42
Q,708,260718295,0.01,0.05,Q,False,45
Q,709,260718296,0.05,0.05,Q,False,125
Q,709,260718296,0.05,0.01,Q,False,125
Q,709,260718296,0.01,0.05,Q,False,128
Q,710,260718297,0.05,0.05,Q,False,77
Q,710,260718297,0.05,0.01,Q,False,77
Q,710,260718297,0.01,0.05,Q,False,81
Q,711,260718298,0.05,0.05,Q,False,35
Q,711,260718298,0.05,0.01,Q,False,35
Q,711,260718298,0.01,0.05,Q,False,41
Q,712,260718299,0.05,0.05,Q,False,104
Q,712,260718299,0.05,0.01,Q,False,104
Q,712,260718299,0.01,0.05,Q,False,115
Q,713,260718300,0.05,0.05,Q,False,55
Q,713,260718300,0.05,0.01,Q,False,55
Q,713,260718300,0.01,0.05,Q,False,56
Q,714,260718301,0.05,0.05,Q,False,83
Q,714,260718301,0.05,0.01,Q,False,83
Q,714,260718301,0.01,0.05,Q,False,86
Q,715,260718302,0.05,0.05,Q,False,128
Q,715,260718302,0.05,0.01,Q,False,128
Q,715,260718302,0.01,0.05,Q,False,145
Q,716,260718303,0.05,0.05,Q,False,114
Q,716,260718303,0.05,0.01,Q,False,114
Q,716,260718303,0.01,0.05,Q,False,122
Q,717,260718304,0.05,0.05,Q,False,84
Q,717,260718304,0.05,0.01,Q,False,84
Q,717,260718304,0.01,0.05,Q,False,93
Q,718,260718305,0.05,0.05,Q,False,109
Q,718,260718305,0.05,0.01,Q,False,109
Q,718,260718305,0.01,0.05,Q,False,113
Q,719,260718306,0.05,0.05,Q,False,52
Q,719,260718306,0.05,0.01,Q,False,52
Q,719,260718306,0.01,0.05,Q,False,53
Q,720,260718307,0.05,0.05,Q,False,111
Q,720,260718307,0.05,0.01,Q,False,111
Q,720,260718307,0.01,0.05,Q,False,112
Q,721,260718308,0.05,0.05,Q,False,80
Q,721,260718308,0.05,0.01,Q,False,80
Q,721,260718308,0.01,0.05,Q,False,87
Q,722,260718309,0.05,0.05,Q,False,78
Q,722,260718309,0.05,0.01,Q,False,78
Q,722,260718309,0.01,0.05,Q,False,80
Q,723,260718310,0.05,0.05,Q,False,120
Q,723,260718310,0.05,0.01,Q,False,120
Q,723,260718310,0.01,0.05,Q,False,134
Q,724,260718311,0.05,0.05,Q,False,121
Q,724,260718311,0.05,0.01,Q,False,121
Q,724,260718311,0.01,0.05,Q,False,122
Q,725,260718312,0.05,0.05,Q,False,84
Q,725,260718312,0.05,0.01,Q,False,84
Q,725,260718312,0.01,0.05,Q,False,94
Q,726,260718313,0.05,0.05,Q,False,93
Q,726,260718313,0.05,0.01,Q,False,93
Q,726,260718313,0.01,0.05,Q,False,96
Q,727,260718314,0.05,0.05,Q,False,72
Q,727,260718314,0.05,0.01,Q,False,72
Q,727,260718314,0.01,0.05,Q,False,74
Q,728,260718315,0.05,0.05,Q,False,60
Q,728,260718315,0.05,0.01,Q,False,60
Q,728,260718315,0.01,0.05,Q,False,67
Q,729,260718316,0.05,0.05,Q,False,69
Q,729,260718316,0.05,0.01,Q,False,69
Q,729,260718316,0.01,0.05,Q,False,71
Q,730,260718317,0.05,0.05,Q,False,121
Q,730,260718317,0.05,0.01,Q,False,121
Q,730,260718317,0.01,0.05,Q,False,135
Q,731,260718318,0.05,0.05,Q,False,41
Q,731,260718318,0.05,0.01,Q,False,41
Q,731,260718318,0.01,0.05,Q,False,45
Q,732,260718319,0.05,0.05,Q,False,91
Q,732,260718319,0.05,0.01,Q,False,91
Q,732,260718319,0.01,0.05,Q,False,102
Q,733,260718320,0.05,0.05,Q,False,32
Q,733,260718320,0.05,0.01,Q,False,32
Q,733,260718320,0.01,0.05,Q,False,97
Q,734,260718321,0.05,0.05,Q,False,96
Q,734,260718321,0.05,0.01,Q,False,96
Q,734,260718321,0.01,0.05,Q,False,98
Q,735,260718322,0.05,0.05,Q,False,97
Q,735,260718322,0.05,0.01,Q,False,97
Q,735,260718322,0.01,0.05,Q,False,97
Q,736,260718323,0.05,0.05,Q,False,71
Q,736,260718323,0.05,0.01,Q,False,71
Q,736,260718323,0.01,0.05,Q,False,74
Q,737,260718324,0.05,0.05,Q,False,112
Q,737,260718324,0.05,0.01,Q,False,112
Q,737,260718324,0.01,0.05,Q,False,115
Q,738,260718325,0.05,0.05,Q,False,45
Q,738,260718325,0.05,0.01,Q,False,45
Q,738,260718325,0.01,0.05,Q,False,46
Q,739,260718326,0.05,0.05,Q,False,106
Q,739,260718326,0.05,0.01,Q,False,106
Q,739,260718326,0.01,0.05,Q,False,108
Q,740,260718327,0.05,0.05,Q,False,145
Q,740,260718327,0.05,0.01,Q,False,145
Q,740,260718327,0.01,0.05,Q,False,147
Q,741,260718328,0.05,0.05,Q,False,98
Q,741,260718328,0.05,0.01,Q,False,98
Q,741,260718328,0.01,0.05,Q,False,99
Q,742,260718329,0.05,0.05,Q,False,94
Q,742,260718329,0.05,0.01,Q,False,94
Q,742,260718329,0.01,0.05,Q,False,95
Q,743,260718330,0.05,0.05,Q,False,122
Q,743,260718330,0.05,0.01,Q,False,122
Q,743,260718330,0.01,0.05,Q,False,123
Q,744,260718331,0.05,0.05,Q,False,81
Q,744,260718331,0.05,0.01,Q,False,81
Q,744,260718331,0.01,0.05,Q,False,90
Q,745,260718332,0.05,0.05,Q,False,137
Q,745,260718332,0.05,0.01,Q,False,137
Q,745,260718332,0.01,0.05,Q,False,139
Q,746,260718333,0.05,0.05,Q,False,91
Q,746,260718333,0.05,0.01,Q,False,91
Q,746,260718333,0.01,0.05,Q,False,92
Q,747,260718334,0.05,0.05,Q,False,37
Q,747,260718334,0.05,0.01,Q,False,37
Q,747,260718334,0.01,0.05,Q,False,38
Q,748,260718335,0.05,0.05,Q,False,121
Q,748,260718335,0.05,0.01,Q,False,121
Q,748,260718335,0.01,0.05,Q,False,126
Q,749,260718336,0.05,0.05,Q,False,113
Q,749,260718336,0.05,0.01,Q,False,113
Q,749,260718336,0.01,0.05,Q,False,137
Q,750,260718337,0.05,0.05,Q,False,42
Q,750,260718337,0.05,0.01,Q,False,42
Q,750,260718337,0.01,0.05,Q,False,43
Q,751,260718338,0.05,0.05,Q,False,61
Q,751,260718338,0.05,0.01,Q,False,61
Q,751,260718338,0.01,0.05,Q,False,64
Q,752,260718339,0.05,0.05,Q,False,88
Q,752,260718339,0.05,0.01,Q,False,88
Q,752,260718339,0.01,0.05,Q,False,89
Q,753,260718340,0.05,0.05,Q,False,90
Q,753,260718340,0.05,0.01,Q,False,90
Q,753,260718340,0.01,0.05,Q,False,91
Q,754,260718341,0.05,0.05,Q,False,71
Q,754,260718341,0.05,0.01,Q,False,71
Q,754,260718341,0.01,0.05,Q,False,83
Q,755,260718342,0.05,0.05,Q,False,97
Q,755,260718342,0.05,0.01,Q,False,97
Q,755,260718342,0.01,0.05,Q,False,102
Q,756,260718343,0.05,0.05,Q,False,101
Q,756,260718343,0.05,0.01,Q,False,101
Q,756,260718343,0.01,0.05,Q,False,102
Q,757,260718344,0.05,0.05,Q,False,113
Q,757,260718344,0.05,0.01,Q,False,113
Q,757,260718344,0.01,0.05,Q,False,118
Q,758,260718345,0.05,0.05,Q,False,109
Q,758,260718345,0.05,0.01,Q,False,109
Q,758,260718345,0.01,0.05,Q,False,110
Q,759,260718346,0.05,0.05,Q,False,64
Q,759,260718346,0.05,0.01,Q,False,64
Q,759,260718346,0.01,0.05,Q,False,66
Q,760,260718347,0.05,0.05,Q,False,118
Q,760,260718347,0.05,0.01,Q,False,118
Q,760,260718347,0.01,0.05,Q,False,133
Q,761,260718348,0.05,0.05,Q,False,62
Q,761,260718348,0.05,0.01,Q,False,62
Q,761,260718348,0.01,0.05,Q,False,62
Q,762,260718349,0.05,0.05,Q,False,103
Q,762,260718349,0.05,0.01,Q,False,103
Q,762,260718349,0.01,0.05,Q,False,111
Q,763,260718350,0.05,0.05,Q,False,143
Q,763,260718350,0.05,0.01,Q,False,143
Q,763,260718350,0.01,0.05,Q,False,145
Q,764,260718351,0.05,0.05,Q,False,110
Q,764,260718351,0.05,0.01,Q,False,110
Q,764,260718351,0.01,0.05,Q,False,111
Q,765,260718352,0.05,0.05,Q,False,74
Q,765,260718352,0.05,0.01,Q,False,74
Q,765,260718352,0.01,0.05,Q,False,75
Q,766,260718353,0.05,0.05,Q,False,62
Q,766,260718353,0.05,0.01,Q,False,62
Q,766,260718353,0.01,0.05,Q,False,69
Q,767,260718354,0.05,0.05,Q,False,35
Q,767,260718354,0.05,0.01,Q,False,35
Q,767,260718354,0.01,0.05,Q,False,36
Q,768,260718355,0.05,0.05,Q,False,85
Q,768,260718355,0.05,0.01,Q,False,85
Q,768,260718355,0.01,0.05,Q,False,86
Q,769,260718356,0.05,0.05,Q,False,59
Q,769,260718356,0.05,0.01,Q,False,59
Q,769,260718356,0.01,0.05,Q,False,60
Q,770,260718357,0.05,0.05,Q,False,137
Q,770,260718357,0.05,0.01,Q,False,137
Q,770,260718357,0.01,0.05,Q,False,141
Q,771,260718358,0.05,0.05,Q,False,112
Q,771,260718358,0.05,0.01,Q,False,112
Q,771,260718358,0.01,0.05,Q,False,116
Q,772,260718359,0.05,0.05,Q,False,150
Q,772,260718359,0.05,0.01,Q,False,150
Q,772,260718359,0.01,0.05,Q,False,155
Q,773,260718360,0.05,0.05,Q,False,128
Q,773,260718360,0.05,0.01,Q,False,128
Q,773,260718360,0.01,0.05,Q,False,129
Q,774,260718361,0.05,0.05,Q,False,79
Q,774,260718361,0.05,0.01,Q,False,79
Q,774,260718361,0.01,0.05,Q,False,83
Q,775,260718362,0.05,0.05,Q,False,89
Q,775,260718362,0.05,0.01,Q,False,89
Q,775,260718362,0.01,0.05,Q,False,91
Q,776,260718363,0.05,0.05,Q,False,70
Q,776,260718363,0.05,0.01,Q,False,70
Q,776,260718363,0.01,0.05,Q,False,73
Q,777,260718364,0.05,0.05,Q,False,72
Q,777,260718364,0.05,0.01,Q,False,72
Q,777,260718364,0.01,0.05,Q,False,76
Q,778,260718365,0.05,0.05,Q,False,104
Q,778,260718365,0.05,0.01,Q,False,104
Q,778,260718365,0.01,0.05,Q,False,105
Q,779,260718366,0.05,0.05,Q,False,64
Q,779,260718366,0.05,0.01,Q,False,64
Q,779,260718366,0.01,0.05,Q,False,68
Q,780,260718367,0.05,0.05,Q,False,97
Q,780,260718367,0.05,0.01,Q,False,97
Q,780,260718367,0.01,0.05,Q,False,99
Q,781,260718368,0.05,0.05,Q,False,93
Q,781,260718368,0.05,0.01,Q,False,93
Q,781,260718368,0.01,0.05,Q,False,101
Q,782,260718369,0.05,0.05,Q,False,91
Q,782,260718369,0.05,0.01,Q,False,91
Q,782,260718369,0.01,0.05,Q,False,92
Q,783,260718370,0.05,0.05,Q,False,120
Q,783,260718370,0.05,0.01,Q,False,120
Q,783,260718370,0.01,0.05,Q,False,121
Q,784,260718371,0.05,0.05,Q,False,96
Q,784,260718371,0.05,0.01,Q,False,96
Q,784,260718371,0.01,0.05,Q,False,101
Q,785,260718372,0.05,0.05,Q,False,100
Q,785,260718372,0.05,0.01,Q,False,100
Q,785,260718372,0.01,0.05,Q,False,103
Q,786,260718373,0.05,0.05,Q,False,110
Q,786,260718373,0.05,0.01,Q,False,110
Q,786,260718373,0.01,0.05,Q,False,112
Q,787,260718374,0.05,0.05,Q,False,36
Q,787,260718374,0.05,0.01,Q,False,36
Q,787,260718374,0.01,0.05,Q,False,43
Q,788,260718375,0.05,0.05,Q,False,61
Q,788,260718375,0.05,0.01,Q,False,61
Q,788,260718375,0.01,0.05,Q,False,63
Q,789,260718376,0.05,0.05,Q,False,103
Q,789,260718376,0.05,0.01,Q,False,103
Q,789,260718376,0.01,0.05,Q,False,104
Q,790,260718377,0.05,0.05,Q,False,63
Q,790,260718377,0.05,0.01,Q,False,63
Q,790,260718377,0.01,0.05,Q,False,66
Q,791,260718378,0.05,0.05,Q,False,118
Q,791,260718378,0.05,0.01,Q,False,118
Q,791,260718378,0.01,0.05,Q,False,119
Q,792,260718379,0.05,0.05,Q,False,65
Q,792,260718379,0.05,0.01,Q,False,65
Q,792,260718379,0.01,0.05,Q,False,66
Q,793,260718380,0.05,0.05,Q,False,87
Q,793,260718380,0.05,0.01,Q,False,87
Q,793,260718380,0.01,0.05,Q,False,99
Q,794,260718381,0.05,0.05,Q,False,135
Q,794,260718381,0.05,0.01,Q,False,135
Q,794,260718381,0.01,0.05,Q,False,146
Q,795,260718382,0.05,0.05,Q,False,147
Q,795,260718382,0.05,0.01,Q,False,147
Q,795,260718382,0.01,0.05,Q,False,148
Q,796,260718383,0.05,0.05,Q,False,57
Q,796,260718383,0.05,0.01,Q,False,57
Q,796,260718383,0.01,0.05,Q,False,58
Q,797,260718384,0.05,0.05,Q,False,83
Q,797,260718384,0.05,0.01,Q,False,83
Q,797,260718384,0.01,0.05,Q,False,86
Q,798,260718385,0.05,0.05,Q,False,112
Q,798,260718385,0.05,0.01,Q,False,112
Q,798,260718385,0.01,0.05,Q,False,119
Q,799,260718386,0.05,0.05,Q,False,56
Q,799,260718386,0.05,0.01,Q,False,56
Q,799,260718386,0.01,0.05,Q,False,57
Q,800,260718387,0.05,0.05,Q,False,65
Q,800,260718387,0.05,0.01,Q,False,65
Q,800,260718387,0.01,0.05,Q,False,68
Q,801,260718388,0.05,0.05,Q,False,79
Q,801,260718388,0.05,0.01,Q,False,79
Q,801,260718388,0.01,0.05,Q,False,81
Q,802,260718389,0.05,0.05,Q,False,43
Q,802,260718389,0.05,0.01,Q,False,43
Q,802,260718389,0.01,0.05,Q,False,44
Q,803,260718390,0.05,0.05,Q,False,116
Q,803,260718390,0.05,0.01,Q,False,116
Q,803,260718390,0.01,0.05,Q,False,120
Q,804,260718391,0.05,0.05,Q,False,111
Q,804,260718391,0.05,0.01,Q,False,111
Q,804,260718391,0.01,0.05,Q,False,117
Q,805,260718392,0.05,0.05,Q,False,89
Q,805,260718392,0.05,0.01,Q,False,89
Q,805,260718392,0.01,0.05,Q,False,91
Q,806,260718393,0.05,0.05,Q,False,127
Q,806,260718393,0.05,0.01,Q,False,127
Q,806,260718393,0.01,0.05,Q,False,128
Q,807,260718394,0.05,0.05,Q,False,105
Q,807,260718394,0.05,0.01,Q,False,105
Q,807,260718394,0.01,0.05,Q,False,107
Q,808,260718395,0.05,0.05,Q,False,101
Q,808,260718395,0.05,0.01,Q,False,101
Q,808,260718395,0.01,0.05,Q,False,103
Q,809,260718396,0.05,0.05,Q,False,75
Q,809,260718396,0.05,0.01,Q,False,75
Q,809,260718396,0.01,0.05,Q,False,77
Q,810,260718397,0.05,0.05,Q,False,100
Q,810,260718397,0.05,0.01,Q,False,100
Q,810,260718397,0.01,0.05,Q,False,101
Q,811,260718398,0.05,0.05,Q,False,78
Q,811,260718398,0.05,0.01,Q,False,78
Q,811,260718398,0.01,0.05,Q,False,80
Q,812,260718399,0.05,0.05,Q,False,38
Q,812,260718399,0.05,0.01,Q,False,38
Q,812,260718399,0.01,0.05,Q,False,44
Q,813,260718400,0.05,0.05,Q,False,98
Q,813,260718400,0.05,0.01,Q,False,98
Q,813,260718400,0.01,0.05,Q,False,101
Q,814,260718401,0.05,0.05,Q,False,88
Q,814,260718401,0.05,0.01,Q,False,88
Q,814,260718401,0.01,0.05,Q,False,96
Q,815,260718402,0.05,0.05,Q,False,74
Q,815,260718402,0.05,0.01,Q,False,74
Q,815,260718402,0.01,0.05,Q,False,86
Q,816,260718403,0.05,0.05,Q,False,45
Q,816,260718403,0.05,0.01,Q,False,45
Q,816,260718403,0.01,0.05,Q,False,68
Q,817,260718404,0.05,0.05,Q,False,114
Q,817,260718404,0.05,0.01,Q,False,114
Q,817,260718404,0.01,0.05,Q,False,116
Q,818,260718405,0.05,0.05,Q,False,52
Q,818,260718405,0.05,0.01,Q,False,52
Q,818,260718405,0.01,0.05,Q,False,55
Q,819,260718406,0.05,0.05,Q,False,54
Q,819,260718406,0.05,0.01,Q,False,54
Q,819,260718406,0.01,0.05,Q,False,55
Q,820,260718407,0.05,0.05,Q,False,30
Q,820,260718407,0.05,0.01,Q,False,30
Q,820,260718407,0.01,0.05,Q,False,31
Q,821,260718408,0.05,0.05,Q,False,55
Q,821,260718408,0.05,0.01,Q,False,55
Q,821,260718408,0.01,0.05,Q,False,72
Q,822,260718409,0.05,0.05,Q,False,136
Q,822,260718409,0.05,0.01,Q,False,136
Q,822,260718409,0.01,0.05,Q,False,138
Q,823,260718410,0.05,0.05,Q,False,26
Q,823,260718410,0.05,0.01,Q,False,26
Q,823,260718410,0.01,0.05,Q,False,27
Q,824,260718411,0.05,0.05,Q,False,132
Q,824,260718411,0.05,0.01,Q,False,132
Q,824,260718411,0.01,0.05,Q,False,135
Q,825,260718412,0.05,0.05,Q,False,119
Q,825,260718412,0.05,0.01,Q,False,119
Q,825,260718412,0.01,0.05,Q,False,130
Q,826,260718413,0.05,0.05,Q,False,60
Q,826,260718413,0.05,0.01,Q,False,60
Q,826,260718413,0.01,0.05,Q,False,61
Q,827,260718414,0.05,0.05,Q,False,115
Q,827,260718414,0.05,0.01,Q,False,115
Q,827,260718414,0.01,0.05,Q,False,125
Q,828,260718415,0.05,0.05,Q,False,100
Q,828,260718415,0.05,0.01,Q,False,100
Q,828,260718415,0.01,0.05,Q,False,104
Q,829,260718416,0.05,0.05,Q,False,89
Q,829,260718416,0.05,0.01,Q,False,89
Q,829,260718416,0.01,0.05,Q,False,94
Q,830,260718417,0.05,0.05,Q,False,102
Q,830,260718417,0.05,0.01,Q,False,102
Q,830,260718417,0.01,0.05,Q,False,103
Q,831,260718418,0.05,0.05,Q,False,56
Q,831,260718418,0.05,0.01,Q,False,56
Q,831,260718418,0.01,0.05,Q,False,59
Q,832,260718419,0.05,0.05,Q,False,69
Q,832,260718419,0.05,0.01,Q,False,69
Q,832,260718419,0.01,0.05,Q,False,93
Q,833,260718420,0.05,0.05,Q,False,49
Q,833,260718420,0.05,0.01,Q,False,49
Q,833,260718420,0.01,0.05,Q,False,77
Q,834,260718421,0.05,0.05,Q,False,94
Q,834,260718421,0.05,0.01,Q,False,94
Q,834,260718421,0.01,0.05,Q,False,97
Q,835,260718422,0.05,0.05,Q,False,109
Q,835,260718422,0.05,0.01,Q,False,109
Q,835,260718422,0.01,0.05,Q,False,117
Q,836,260718423,0.05,0.05,Q,False,139
Q,836,260718423,0.05,0.01,Q,False,139
Q,836,260718423,0.01,0.05,Q,False,141
Q,837,260718424,0.05,0.05,Q,False,93
Q,837,260718424,0.05,0.01,Q,False,93
Q,837,260718424,0.01,0.05,Q,False,94
Q,838,260718425,0.05,0.05,Q,False,71
Q,838,260718425,0.05,0.01,Q,False,71
Q,838,260718425,0.01,0.05,Q,False,73
Q,839,260718426,0.05,0.05,Q,False,49
Q,839,260718426,0.05,0.01,Q,False,49
Q,839,260718426,0.01,0.05,Q,False,50
Q,840,260718427,0.05,0.05,Q,False,113
Q,840,260718427,0.05,0.01,Q,False,113
Q,840,260718427,0.01,0.05,Q,False,114
Q,841,260718428,0.05,0.05,Q,False,159
Q,841,260718428,0.05,0.01,Q,False,159
Q,841,260718428,0.01,0.05,Q,False,163
Q,842,260718429,0.05,0.05,Q,False,53
Q,842,260718429,0.05,0.01,Q,False,53
Q,842,260718429,0.01,0.05,Q,False,54
Q,843,260718430,0.05,0.05,Q,False,106
Q,843,260718430,0.05,0.01,Q,False,106
Q,843,260718430,0.01,0.05,Q,False,117
Q,844,260718431,0.05,0.05,Q,False,82
Q,844,260718431,0.05,0.01,Q,False,82
Q,844,260718431,0.01,0.05,Q,False,84
Q,845,260718432,0.05,0.05,Q,False,77
Q,845,260718432,0.05,0.01,Q,False,77
Q,845,260718432,0.01,0.05,Q,False,78
Q,846,260718433,0.05,0.05,Q,False,119
Q,846,260718433,0.05,0.01,Q,False,119
Q,846,260718433,0.01,0.05,Q,False,127
Q,847,260718434,0.05,0.05,Q,False,73
Q,847,260718434,0.05,0.01,Q,False,73
Q,847,260718434,0.01,0.05,Q,False,81
Q,848,260718435,0.05,0.05,Q,False,53
Q,848,260718435,0.05,0.01,Q,False,53
Q,848,260718435,0.01,0.05,Q,False,54
Q,849,260718436,0.05,0.05,Q,False,119
Q,849,260718436,0.05,0.01,Q,False,119
Q,849,260718436,0.01,0.05,Q,False,123
Q,850,260718437,0.05,0.05,Q,False,93
Q,850,260718437,0.05,0.01,Q,False,93
Q,850,260718437,0.01,0.05,Q,False,103
Q,851,260718438,0.05,0.05,Q,False,124
Q,851,260718438,0.05,0.01,Q,False,124
Q,851,260718438,0.01,0.05,Q,False,127
Q,852,260718439,0.05,0.05,Q,False,119
Q,852,260718439,0.05,0.01,Q,False,119
Q,852,260718439,0.01,0.05,Q,False,121
Q,853,260718440,0.05,0.05,Q,False,68
Q,853,260718440,0.05,0.01,Q,False,68
Q,853,260718440,0.01,0.05,Q,False,79
Q,854,260718441,0.05,0.05,Q,False,79
Q,854,260718441,0.05,0.01,Q,False,79
Q,854,260718441,0.01,0.05,Q,False,89
Q,855,260718442,0.05,0.05,Q,False,79
Q,855,260718442,0.05,0.01,Q,False,79
Q,855,260718442,0.01,0.05,Q,False,109
Q,856,260718443,0.05,0.05,Q,False,106
Q,856,260718443,0.05,0.01,Q,False,106
Q,856,260718443,0.01,0.05,Q,False,118
Q,857,260718444,0.05,0.05,Q,False,64
Q,857,260718444,0.05,0.01,Q,False,64
Q,857,260718444,0.01,0.05,Q,False,70
Q,858,260718445,0.05,0.05,Q,False,84
Q,858,260718445,0.05,0.01,Q,False,84
Q,858,260718445,0.01,0.05,Q,False,97
Q,859,260718446,0.05,0.05,Q,False,64
Q,859,260718446,0.05,0.01,Q,False,64
Q,859,260718446,0.01,0.05,Q,False,65
Q,860,260718447,0.05,0.05,Q,False,60
Q,860,260718447,0.05,0.01,Q,False,60
Q,860,260718447,0.01,0.05,Q,False,61
Q,861,260718448,0.05,0.05,Q,False,92
Q,861,260718448,0.05,0.01,Q,False,92
Q,861,260718448,0.01,0.05,Q,False,95
Q,862,260718449,0.05,0.05,Q,False,69
Q,862,260718449,0.05,0.01,Q,False,69
Q,862,260718449,0.01,0.05,Q,False,95
Q,863,260718450,0.05,0.05,Q,False,83
Q,863,260718450,0.05,0.01,Q,False,83
Q,863,260718450,0.01,0.05,Q,False,91
Q,864,260718451,0.05,0.05,Q,False,73
Q,864,260718451,0.05,0.01,Q,False,73
Q,864,260718451,0.01,0.05,Q,False,75
Q,865,260718452,0.05,0.05,Q,False,83
Q,865,260718452,0.05,0.01,Q,False,83
Q,865,260718452,0.01,0.05,Q,False,95
Q,866,260718453,0.05,0.05,Q,False,104
Q,866,260718453,0.05,0.01,Q,False,104
Q,866,260718453,0.01,0.05,Q,False,105
Q,867,260718454,0.05,0.05,Q,False,74
Q,867,260718454,0.05,0.01,Q,False,74
Q,867,260718454,0.01,0.05,Q,False,75
Q,868,260718455,0.05,0.05,Q,False,108
Q,868,260718455,0.05,0.01,Q,False,108
Q,868,260718455,0.01,0.05,Q,False,117
Q,869,260718456,0.05,0.05,Q,False,52
Q,869,260718456,0.05,0.01,Q,False,52
Q,869,260718456,0.01,0.05,Q,False,53
Q,870,260718457,0.05,0.05,Q,False,52
Q,870,260718457,0.05,0.01,Q,False,52
Q,870,260718457,0.01,0.05,Q,False,55
Q,871,260718458,0.05,0.05,Q,False,64
Q,871,260718458,0.05,0.01,Q,False,64
Q,871,260718458,0.01,0.05,Q,False,66
Q,872,260718459,0.05,0.05,Q,False,51
Q,872,260718459,0.05,0.01,Q,False,51
Q,872,260718459,0.01,0.05,Q,False,52
Q,873,260718460,0.05,0.05,Q,False,91
Q,873,260718460,0.05,0.01,Q,False,91
Q,873,260718460,0.01,0.05,Q,False,92
Q,874,260718461,0.05,0.05,Q,False,35
Q,874,260718461,0.05,0.01,Q,False,35
Q,874,260718461,0.01,0.05,Q,False,42
Q,875,260718462,0.05,0.05,Q,False,97
Q,875,260718462,0.05,0.01,Q,False,97
Q,875,260718462,0.01,0.05,Q,False,98
Q,876,260718463,0.05,0.05,Q,False,105
Q,876,260718463,0.05,0.01,Q,False,105
Q,876,260718463,0.01,0.05,Q,False,107
Q,877,260718464,0.05,0.05,Q,False,38
Q,877,260718464,0.05,0.01,Q,False,38
Q,877,260718464,0.01,0.05,Q,False,39
Q,878,260718465,0.05,0.05,Q,False,93
Q,878,260718465,0.05,0.01,Q,False,93
Q,878,260718465,0.01,0.05,Q,False,93
Q,879,260718466,0.05,0.05,Q,False,63
Q,879,260718466,0.05,0.01,Q,False,63
Q,879,260718466,0.01,0.05,Q,False,67
Q,880,260718467,0.05,0.05,Q,False,140
Q,880,260718467,0.05,0.01,Q,False,140
Q,880,260718467,0.01,0.05,Q,False,144
Q,881,260718468,0.05,0.05,Q,False,95
Q,881,260718468,0.05,0.01,Q,False,95
Q,881,260718468,0.01,0.05,Q,False,97
Q,882,260718469,0.05,0.05,Q,False,75
Q,882,260718469,0.05,0.01,Q,False,75
Q,882,260718469,0.01,0.05,Q,False,76
Q,883,260718470,0.05,0.05,Q,False,105
Q,883,260718470,0.05,0.01,Q,False,105
Q,883,260718470,0.01,0.05,Q,False,106
Q,884,260718471,0.05,0.05,Q,False,138
Q,884,260718471,0.05,0.01,Q,False,138
Q,884,260718471,0.01,0.05,Q,False,140
Q,885,260718472,0.05,0.05,Q,False,83
Q,885,260718472,0.05,0.01,Q,False,83
Q,885,260718472,0.01,0.05,Q,False,95
Q,886,260718473,0.05,0.05,Q,False,39
Q,886,260718473,0.05,0.01,Q,False,39
Q,886,260718473,0.01,0.05,Q,False,39
Q,887,260718474,0.05,0.05,Q,False,71
Q,887,260718474,0.05,0.01,Q,False,71
Q,887,260718474,0.01,0.05,Q,False,72
Q,888,260718475,0.05,0.05,Q,False,62
Q,888,260718475,0.05,0.01,Q,False,62
Q,888,260718475,0.01,0.05,Q,False,65
Q,889,260718476,0.05,0.05,Q,False,99
Q,889,260718476,0.05,0.01,Q,False,99
Q,889,260718476,0.01,0.05,Q,False,105
Q,890,260718477,0.05,0.05,Q,False,99
Q,890,260718477,0.05,0.01,Q,False,99
Q,890,260718477,0.01,0.05,Q,False,104
Q,891,260718478,0.05,0.05,Q,False,125
Q,891,260718478,0.05,0.01,Q,False,125
Q,891,260718478,0.01,0.05,Q,False,126
Q,892,260718479,0.05,0.05,Q,False,96
Q,892,260718479,0.05,0.01,Q,False,96
Q,892,260718479,0.01,0.05,Q,False,97
Q,893,260718480,0.05,0.05,Q,False,48
Q,893,260718480,0.05,0.01,Q,False,48
Q,893,260718480,0.01,0.05,Q,False,49
Q,894,260718481,0.05,0.05,Q,False,52
Q,894,260718481,0.05,0.01,Q,False,52
Q,894,260718481,0.01,0.05,Q,False,53
Q,895,260718482,0.05,0.05,Q,False,86
Q,895,260718482,0.05,0.01,Q,False,86
Q,895,260718482,0.01,0.05,Q,False,95
Q,896,260718483,0.05,0.05,Q,False,77
Q,896,260718483,0.05,0.01,Q,False,77
Q,896,260718483,0.01,0.05,Q,False,80
Q,897,260718484,0.05,0.05,Q,False,49
Q,897,260718484,0.05,0.01,Q,False,49
Q,897,260718484,0.01,0.05,Q,False,54
Q,898,260718485,0.05,0.05,Q,False,77
Q,898,260718485,0.05,0.01,Q,False,77
Q,898,260718485,0.01,0.05,Q,False,79
Q,899,260718486,0.05,0.05,Q,False,128
Q,899,260718486,0.05,0.01,Q,False,128
Q,899,260718486,0.01,0.05,Q,False,133
Q,900,260718487,0.05,0.05,Q,False,84
Q,900,260718487,0.05,0.01,Q,False,84
Q,900,260718487,0.01,0.05,Q,False,85
Q,901,260718488,0.05,0.05,Q,False,136
Q,901,260718488,0.05,0.01,Q,False,136
Q,901,260718488,0.01,0.05,Q,False,137
Q,902,260718489,0.05,0.05,Q,False,97
Q,902,260718489,0.05,0.01,Q,False,97
Q,902,260718489,0.01,0.05,Q,False,99
Q,903,260718490,0.05,0.05,Q,False,57
Q,903,260718490,0.05,0.01,Q,False,57
Q,903,260718490,0.01,0.05,Q,False,58
Q,904,260718491,0.05,0.05,Q,False,96
Q,904,260718491,0.05,0.01,Q,False,96
Q,904,260718491,0.01,0.05,Q,False,97
Q,905,260718492,0.05,0.05,Q,False,140
Q,905,260718492,0.05,0.01,Q,False,140
Q,905,260718492,0.01,0.05,Q,False,141
Q,906,260718493,0.05,0.05,Q,False,62
Q,906,260718493,0.05,0.01,Q,False,62
Q,906,260718493,0.01,0.05,Q,False,65
Q,907,260718494,0.05,0.05,Q,False,54
Q,907,260718494,0.05,0.01,Q,False,54
Q,907,260718494,0.01,0.05,Q,False,55
Q,908,260718495,0.05,0.05,Q,False,69
Q,908,260718495,0.05,0.01,Q,False,69
Q,908,260718495,0.01,0.05,Q,False,71
Q,909,260718496,0.05,0.05,Q,False,66
Q,909,260718496,0.05,0.01,Q,False,66
Q,909,260718496,0.01,0.05,Q,False,71
Q,910,260718497,0.05,0.05,Q,False,77
Q,910,260718497,0.05,0.01,Q,False,77
Q,910,260718497,0.01,0.05,Q,False,79
Q,911,260718498,0.05,0.05,Q,False,82
Q,911,260718498,0.05,0.01,Q,False,82
Q,911,260718498,0.01,0.05,Q,False,90
Q,912,260718499,0.05,0.05,Q,False,26
Q,912,260718499,0.05,0.01,Q,False,26
Q,912,260718499,0.01,0.05,Q,False,42
Q,913,260718500,0.05,0.05,Q,False,112
Q,913,260718500,0.05,0.01,Q,False,112
Q,913,260718500,0.01,0.05,Q,False,130
Q,914,260718501,0.05,0.05,Q,False,149
Q,914,260718501,0.05,0.01,Q,False,149
Q,914,260718501,0.01,0.05,Q,False,154
Q,915,260718502,0.05,0.05,Q,False,82
Q,915,260718502,0.05,0.01,Q,False,82
Q,915,260718502,0.01,0.05,Q,False,89
Q,916,260718503,0.05,0.05,Q,False,38
Q,916,260718503,0.05,0.01,Q,False,38
Q,916,260718503,0.01,0.05,Q,False,39
Q,917,260718504,0.05,0.05,Q,False,52
Q,917,260718504,0.05,0.01,Q,False,52
Q,917,260718504,0.01,0.05,Q,False,53
Q,918,260718505,0.05,0.05,Q,False,55
Q,918,260718505,0.05,0.01,Q,False,55
Q,918,260718505,0.01,0.05,Q,False,56
Q,919,260718506,0.05,0.05,Q,False,134
Q,919,260718506,0.05,0.01,Q,False,134
Q,919,260718506,0.01,0.05,Q,False,136
Q,920,260718507,0.05,0.05,Q,False,71
Q,920,260718507,0.05,0.01,Q,False,71
Q,920,260718507,0.01,0.05,Q,False,77
Q,921,260718508,0.05,0.05,Q,False,84
Q,921,260718508,0.05,0.01,Q,False,84
Q,921,260718508,0.01,0.05,Q,False,87
Q,922,260718509,0.05,0.05,Q,False,174
Q,922,260718509,0.05,0.01,Q,False,174
Q,922,260718509,0.01,0.05,Q,False,176
Q,923,260718510,0.05,0.05,Q,False,115
Q,923,260718510,0.05,0.01,Q,False,115
Q,923,260718510,0.01,0.05,Q,False,117
Q,924,260718511,0.05,0.05,Q,False,96
Q,924,260718511,0.05,0.01,Q,False,96
Q,924,260718511,0.01,0.05,Q,False,102
Q,925,260718512,0.05,0.05,Q,False,114
Q,925,260718512,0.05,0.01,Q,False,114
Q,925,260718512,0.01,0.05,Q,False,116
Q,926,260718513,0.05,0.05,Q,False,96
Q,926,260718513,0.05,0.01,Q,False,96
Q,926,260718513,0.01,0.05,Q,False,100
Q,927,260718514,0.05,0.05,Q,False,88
Q,927,260718514,0.05,0.01,Q,False,88
Q,927,260718514,0.01,0.05,Q,False,92
Q,928,260718515,0.05,0.05,Q,False,107
Q,928,260718515,0.05,0.01,Q,False,107
Q,928,260718515,0.01,0.05,Q,False,109
Q,929,260718516,0.05,0.05,Q,False,73
Q,929,260718516,0.05,0.01,Q,False,73
Q,929,260718516,0.01,0.05,Q,False,74
Q,930,260718517,0.05,0.05,Q,False,36
Q,930,260718517,0.05,0.01,Q,False,36
Q,930,260718517,0.01,0.05,Q,False,40
Q,931,260718518,0.05,0.05,Q,False,75
Q,931,260718518,0.05,0.01,Q,False,75
Q,931,260718518,0.01,0.05,Q,False,76
Q,932,260718519,0.05,0.05,Q,False,98
Q,932,260718519,0.05,0.01,Q,False,98
Q,932,260718519,0.01,0.05,Q,False,99
Q,933,260718520,0.05,0.05,Q,False,108
Q,933,260718520,0.05,0.01,Q,False,108
Q,933,260718520,0.01,0.05,Q,False,110
Q,934,260718521,0.05,0.05,Q,False,92
Q,934,260718521,0.05,0.01,Q,False,92
Q,934,260718521,0.01,0.05,Q,False,98
Q,935,260718522,0.05,0.05,Q,False,70
Q,935,260718522,0.05,0.01,Q,False,70
Q,935,260718522,0.01,0.05,Q,False,72
Q,936,260718523,0.05,0.05,Q,False,85
Q,936,260718523,0.05,0.01,Q,False,85
Q,936,260718523,0.01,0.05,Q,False,101
Q,937,260718524,0.05,0.05,Q,False,140
Q,937,260718524,0.05,0.01,Q,False,140
Q,937,260718524,0.01,0.05,Q,False,142
Q,938,260718525,0.05,0.05,Q,False,113
Q,938,260718525,0.05,0.01,Q,False,113
Q,938,260718525,0.01,0.05,Q,False,114
Q,939,260718526,0.05,0.05,Q,False,127
Q,939,260718526,0.05,0.01,Q,False,127
Q,939,260718526,0.01,0.05,Q,False,129
Q,940,260718527,0.05,0.05,Q,False,93
Q,940,260718527,0.05,0.01,Q,False,93
Q,940,260718527,0.01,0.05,Q,False,95
Q,941,260718528,0.05,0.05,Q,False,104
Q,941,260718528,0.05,0.01,Q,False,104
Q,941,260718528,0.01,0.05,Q,False,105
Q,942,260718529,0.05,0.05,Q,False,106
Q,942,260718529,0.05,0.01,Q,False,106
Q,942,260718529,0.01,0.05,Q,False,109
Q,943,260718530,0.05,0.05,Q,False,133
Q,943,260718530,0.05,0.01,Q,False,133
Q,943,260718530,0.01,0.05,Q,False,134
Q,944,260718531,0.05,0.05,Q,False,39
Q,944,260718531,0.05,0.01,Q,False,39
Q,944,260718531,0.01,0.05,Q,False,40
Q,945,260718532,0.05,0.05,Q,False,44
Q,945,260718532,0.05,0.01,Q,False,44
Q,945,260718532,0.01,0.05,Q,False,49
Q,946,260718533,0.05,0.05,Q,False,116
Q,946,260718533,0.05,0.01,Q,False,116
Q,946,260718533,0.01,0.05,Q,False,117
Q,947,260718534,0.05,0.05,Q,False,36
Q,947,260718534,0.05,0.01,Q,False,36
Q,947,260718534,0.01,0.05,Q,False,36
Q,948,260718535,0.05,0.05,Q,False,98
Q,948,260718535,0.05,0.01,Q,False,98
Q,948,260718535,0.01,0.05,Q,False,101
Q,949,260718536,0.05,0.05,Q,False,70
Q,949,260718536,0.05,0.01,Q,False,70
Q,949,260718536,0.01,0.05,Q,False,94
Q,950,260718537,0.05,0.05,Q,False,98
Q,950,260718537,0.05,0.01,Q,False,98
Q,950,260718537,0.01,0.05,Q,False,103
Q,951,260718538,0.05,0.05,Q,False,64
Q,951,260718538,0.05,0.01,Q,False,64
Q,951,260718538,0.01,0.05,Q,False,66
Q,952,260718539,0.05,0.05,Q,False,88
Q,952,260718539,0.05,0.01,Q,False,88
Q,952,260718539,0.01,0.05,Q,False,90
Q,953,260718540,0.05,0.05,Q,False,100
Q,953,260718540,0.05,0.01,Q,False,100
Q,953,260718540,0.01,0.05,Q,False,102
Q,954,260718541,0.05,0.05,Q,False,168
Q,954,260718541,0.05,0.01,Q,False,168
Q,954,260718541,0.01,0.05,Q,False,169
Q,955,260718542,0.05,0.05,Q,False,89
Q,955,260718542,0.05,0.01,Q,False,89
Q,955,260718542,0.01,0.05,Q,False,91
Q,956,260718543,0.05,0.05,Q,False,98
Q,956,260718543,0.05,0.01,Q,False,98
Q,956,260718543,0.01,0.05,Q,False,110
Q,957,260718544,0.05,0.05,Q,False,80
Q,957,260718544,0.05,0.01,Q,False,80
Q,957,260718544,0.01,0.05,Q,False,82
Q,958,260718545,0.05,0.05,Q,False,53
Q,958,260718545,0.05,0.01,Q,False,53
Q,958,260718545,0.01,0.05,Q,False,57
Q,959,260718546,0.05,0.05,Q,False,39
Q,959,260718546,0.05,0.01,Q,False,39
Q,959,260718546,0.01,0.05,Q,False,39
Q,960,260718547,0.05,0.05,Q,False,65
Q,960,260718547,0.05,0.01,Q,False,65
Q,960,260718547,0.01,0.05,Q,False,100
Q,961,260718548,0.05,0.05,Q,False,101
Q,961,260718548,0.05,0.01,Q,False,101
Q,961,260718548,0.01,0.05,Q,False,109
Q,962,260718549,0.05,0.05,Q,False,29
Q,962,260718549,0.05,0.01,Q,False,29
Q,962,260718549,0.01,0.05,Q,False,33
Q,963,260718550,0.05,0.05,Q,False,48
Q,963,260718550,0.05,0.01,Q,False,48
Q,963,260718550,0.01,0.05,Q,False,49
Q,964,260718551,0.05,0.05,Q,False,127
Q,964,260718551,0.05,0.01,Q,False,127
Q,964,260718551,0.01,0.05,Q,False,128
Q,965,260718552,0.05,0.05,Q,False,95
Q,965,260718552,0.05,0.01,Q,False,95
Q,965,260718552,0.01,0.05,Q,False,96
Q,966,260718553,0.05,0.05,Q,False,105
Q,966,260718553,0.05,0.01,Q,False,105
Q,966,260718553,0.01,0.05,Q,False,109
Q,967,260718554,0.05,0.05,Q,False,97
Q,967,260718554,0.05,0.01,Q,False,97
Q,967,260718554,0.01,0.05,Q,False,98
Q,968,260718555,0.05,0.05,Q,False,122
Q,968,260718555,0.05,0.01,Q,False,122
Q,968,260718555,0.01,0.05,Q,False,124
Q,969,260718556,0.05,0.05,Q,False,106
Q,969,260718556,0.05,0.01,Q,False,106
Q,969,260718556,0.01,0.05,Q,False,112
Q,970,260718557,0.05,0.05,Q,False,100
Q,970,260718557,0.05,0.01,Q,False,100
Q,970,260718557,0.01,0.05,Q,False,103
Q,971,260718558,0.05,0.05,Q,False,44
Q,971,260718558,0.05,0.01,Q,False,44
Q,971,260718558,0.01,0.05,Q,False,53
Q,972,260718559,0.05,0.05,Q,False,59
Q,972,260718559,0.05,0.01,Q,False,59
Q,972,260718559,0.01,0.05,Q,False,82
Q,973,260718560,0.05,0.05,Q,False,63
Q,973,260718560,0.05,0.01,Q,False,63
Q,973,260718560,0.01,0.05,Q,False,65
Q,974,260718561,0.05,0.05,Q,False,105
Q,974,260718561,0.05,0.01,Q,False,105
Q,974,260718561,0.01,0.05,Q,False,106
Q,975,260718562,0.05,0.05,Q,False,124
Q,975,260718562,0.05,0.01,Q,False,124
Q,975,260718562,0.01,0.05,Q,False,124
Q,976,260718563,0.05,0.05,Q,False,85
Q,976,260718563,0.05,0.01,Q,False,85
Q,976,260718563,0.01,0.05,Q,False,85
Q,977,260718564,0.05,0.05,Q,False,49
Q,977,260718564,0.05,0.01,Q,False,49
Q,977,260718564,0.01,0.05,Q,False,67
Q,978,260718565,0.05,0.05,Q,False,47
Q,978,260718565,0.05,0.01,Q,False,47
Q,978,260718565,0.01,0.05,Q,False,51
Q,979,260718566,0.05,0.05,Q,False,65
Q,979,260718566,0.05,0.01,Q,False,65
Q,979,260718566,0.01,0.05,Q,False,81
Q,980,260718567,0.05,0.05,Q,False,60
Q,980,260718567,0.05,0.01,Q,False,60
Q,980,260718567,0.01,0.05,Q,False,62
Q,981,260718568,0.05,0.05,Q,False,111
Q,981,260718568,0.05,0.01,Q,False,111
Q,981,260718568,0.01,0.05,Q,False,113
Q,982,260718569,0.05,0.05,Q,False,138
Q,982,260718569,0.05,0.01,Q,False,138
Q,982,260718569,0.01,0.05,Q,False,142
Q,983,260718570,0.05,0.05,Q,False,56
Q,983,260718570,0.05,0.01,Q,False,56
Q,983,260718570,0.01,0.05,Q,False,67
Q,984,260718571,0.05,0.05,Q,False,72
Q,984,260718571,0.05,0.01,Q,False,72
Q,984,260718571,0.01,0.05,Q,False,77
Q,985,260718572,0.05,0.05,Q,False,78
Q,985,260718572,0.05,0.01,Q,False,78
Q,985,260718572,0.01,0.05,Q,False,93
Q,986,260718573,0.05,0.05,Q,False,124
Q,986,260718573,0.05,0.01,Q,False,124
Q,986,260718573,0.01,0.05,Q,False,128
Q,987,260718574,0.05,0.05,Q,False,83
Q,987,260718574,0.05,0.01,Q,False,83
Q,987,260718574,0.01,0.05,Q,False,90
Q,988,260718575,0.05,0.05,Q,False,63
Q,988,260718575,0.05,0.01,Q,False,63
Q,988,260718575,0.01,0.05,Q,False,77
Q,989,260718576,0.05,0.05,Q,False,108
Q,989,260718576,0.05,0.01,Q,False,108
Q,989,260718576,0.01,0.05,Q,False,110
Q,990,260718577,0.05,0.05,Q,False,106
Q,990,260718577,0.05,0.01,Q,False,106
Q,990,260718577,0.01,0.05,Q,False,106
Q,991,260718578,0.05,0.05,Q,False,126
Q,991,260718578,0.05,0.01,Q,False,126
Q,991,260718578,0.01,0.05,Q,False,128
Q,992,260718579,0.05,0.05,Q,False,102
Q,992,260718579,0.05,0.01,Q,False,102
Q,992,260718579,0.01,0.05,Q,False,103
Q,993,260718580,0.05,0.05,Q,False,113
Q,993,260718580,0.05,0.01,Q,False,113
Q,993,260718580,0.01,0.05,Q,False,114
Q,994,260718581,0.05,0.05,Q,False,71
Q,994,260718581,0.05,0.01,Q,False,71
Q,994,260718581,0.01,0.05,Q,False,75
Q,995,260718582,0.05,0.05,Q,False,93
Q,995,260718582,0.05,0.01,Q,False,93
Q,995,260718582,0.01,0.05,Q,False,94
Q,996,260718583,0.05,0.05,Q,False,97
Q,996,260718583,0.05,0.01,Q,False,97
Q,996,260718583,0.01,0.05,Q,False,110
Q,997,260718584,0.05,0.05,Q,False,94
Q,997,260718584,0.05,0.01,Q,False,94
Q,997,260718584,0.01,0.05,Q,False,95
Q,998,260718585,0.05,0.05,Q,False,82
Q,998,260718585,0.05,0.01,Q,False,82
Q,998,260718585,0.01,0.05,Q,False,83
Q,999,260718586,0.05,0.05,Q,False,108
Q,999,260718586,0.05,0.01,Q,False,108
Q,999,260718586,0.01,0.05,Q,False,112
P,0,260727587,0.05,0.05,P,False,92
P,0,260727587,0.05,0.01,P,False,97
P,0,260727587,0.01,0.05,P,False,92
P,1,260727588,0.05,0.05,P,False,119
P,1,260727588,0.05,0.01,P,False,124
P,1,260727588,0.01,0.05,P,False,119
P,2,260727589,0.05,0.05,P,False,146
P,2,260727589,0.05,0.01,P,False,151
P,2,260727589,0.01,0.05,P,False,146
P,3,260727590,0.05,0.05,P,False,112
P,3,260727590,0.05,0.01,P,False,121
P,3,260727590,0.01,0.05,P,False,112
P,4,260727591,0.05,0.05,P,False,106
P,4,260727591,0.05,0.01,P,False,120
P,4,260727591,0.01,0.05,P,False,106
P,5,260727592,0.05,0.05,P,False,170
P,5,260727592,0.05,0.01,P,False,175
P,5,260727592,0.01,0.05,P,False,170
P,6,260727593,0.05,0.05,P,False,137
P,6,260727593,0.05,0.01,P,False,150
P,6,260727593,0.01,0.05,P,False,137
P,7,260727594,0.05,0.05,P,False,139
P,7,260727594,0.05,0.01,P,False,164
P,7,260727594,0.01,0.05,P,False,139
P,8,260727595,0.05,0.05,P,False,125
P,8,260727595,0.05,0.01,P,False,130
P,8,260727595,0.01,0.05,P,False,125
P,9,260727596,0.05,0.05,P,False,126
P,9,260727596,0.05,0.01,P,False,131
P,9,260727596,0.01,0.05,P,False,126
P,10,260727597,0.05,0.05,P,False,160
P,10,260727597,0.05,0.01,P,False,166
P,10,260727597,0.01,0.05,P,False,160
P,11,260727598,0.05,0.05,P,False,149
P,11,260727598,0.05,0.01,P,False,154
P,11,260727598,0.01,0.05,P,False,149
P,12,260727599,0.05,0.05,P,False,190
P,12,260727599,0.05,0.01,P,False,196
P,12,260727599,0.01,0.05,P,False,190
P,13,260727600,0.05,0.05,P,False,125
P,13,260727600,0.05,0.01,P,False,130
P,13,260727600,0.01,0.05,P,False,125
P,14,260727601,0.05,0.05,P,False,93
P,14,260727601,0.05,0.01,P,False,98
P,14,260727601,0.01,0.05,P,False,93
P,15,260727602,0.05,0.05,P,False,161
P,15,260727602,0.05,0.01,P,False,167
P,15,260727602,0.01,0.05,P,False,161
P,16,260727603,0.05,0.05,P,False,124
P,16,260727603,0.05,0.01,P,False,129
P,16,260727603,0.01,0.05,P,False,124
P,17,260727604,0.05,0.05,P,False,218
P,17,260727604,0.05,0.01,P,False,234
P,17,260727604,0.01,0.05,P,False,218
P,18,260727605,0.05,0.05,P,False,131
P,18,260727605,0.05,0.01,P,False,136
P,18,260727605,0.01,0.05,P,False,131
P,19,260727606,0.05,0.05,P,False,133
P,19,260727606,0.05,0.01,P,False,152
P,19,260727606,0.01,0.05,P,False,133
P,20,260727607,0.05,0.05,P,False,190
P,20,260727607,0.05,0.01,P,False,195
P,20,260727607,0.01,0.05,P,False,190
P,21,260727608,0.05,0.05,P,False,135
P,21,260727608,0.05,0.01,P,False,147
P,21,260727608,0.01,0.05,P,False,135
P,22,260727609,0.05,0.05,P,False,168
P,22,260727609,0.05,0.01,P,False,173
P,22,260727609,0.01,0.05,P,False,168
P,23,260727610,0.05,0.05,P,False,102
P,23,260727610,0.05,0.01,P,False,107
P,23,260727610,0.01,0.05,P,False,102
P,24,260727611,0.05,0.05,P,False,93
P,24,260727611,0.05,0.01,P,False,98
P,24,260727611,0.01,0.05,P,False,93
P,25,260727612,0.05,0.05,P,False,104
P,25,260727612,0.05,0.01,P,False,109
P,25,260727612,0.01,0.05,P,False,104
P,26,260727613,0.05,0.05,P,False,153
P,26,260727613,0.05,0.01,P,False,158
P,26,260727613,0.01,0.05,P,False,153
P,27,260727614,0.05,0.05,P,False,154
P,27,260727614,0.05,0.01,P,False,159
P,27,260727614,0.01,0.05,P,False,154
P,28,260727615,0.05,0.05,P,False,140
P,28,260727615,0.05,0.01,P,False,145
P,28,260727615,0.01,0.05,P,False,140
P,29,260727616,0.05,0.05,P,False,173
P,29,260727616,0.05,0.01,P,False,187
P,29,260727616,0.01,0.05,P,False,173
P,30,260727617,0.05,0.05,P,False,116
P,30,260727617,0.05,0.01,P,False,121
P,30,260727617,0.01,0.05,P,False,116
P,31,260727618,0.05,0.05,P,False,155
P,31,260727618,0.05,0.01,P,False,165
P,31,260727618,0.01,0.05,P,False,155
P,32,260727619,0.05,0.05,P,False,142
P,32,260727619,0.05,0.01,P,False,147
P,32,260727619,0.01,0.05,P,False,142
P,33,260727620,0.05,0.05,P,False,185
P,33,260727620,0.05,0.01,P,False,190
P,33,260727620,0.01,0.05,P,False,185
P,34,260727621,0.05,0.05,P,False,122
P,34,260727621,0.05,0.01,P,False,127
P,34,260727621,0.01,0.05,P,False,122
P,35,260727622,0.05,0.05,P,False,124
P,35,260727622,0.05,0.01,P,False,128
P,35,260727622,0.01,0.05,P,False,124
P,36,260727623,0.05,0.05,P,False,150
P,36,260727623,0.05,0.01,P,False,155
P,36,260727623,0.01,0.05,P,False,150
P,37,260727624,0.05,0.05,P,False,141
P,37,260727624,0.05,0.01,P,False,146
P,37,260727624,0.01,0.05,P,False,141
P,38,260727625,0.05,0.05,P,False,152
P,38,260727625,0.05,0.01,P,False,157
P,38,260727625,0.01,0.05,P,False,152
P,39,260727626,0.05,0.05,P,False,145
P,39,260727626,0.05,0.01,P,False,150
P,39,260727626,0.01,0.05,P,False,145
P,40,260727627,0.05,0.05,P,False,142
P,40,260727627,0.05,0.01,P,False,147
P,40,260727627,0.01,0.05,P,False,142
P,41,260727628,0.05,0.05,P,False,149
P,41,260727628,0.05,0.01,P,False,155
P,41,260727628,0.01,0.05,P,False,149
P,42,260727629,0.05,0.05,P,False,120
P,42,260727629,0.05,0.01,P,False,125
P,42,260727629,0.01,0.05,P,False,120
P,43,260727630,0.05,0.05,P,False,183
P,43,260727630,0.05,0.01,P,False,189
P,43,260727630,0.01,0.05,P,False,183
P,44,260727631,0.05,0.05,P,False,145
P,44,260727631,0.05,0.01,P,False,150
P,44,260727631,0.01,0.05,P,False,145
P,45,260727632,0.05,0.05,P,False,139
P,45,260727632,0.05,0.01,P,False,155
P,45,260727632,0.01,0.05,P,False,139
P,46,260727633,0.05,0.05,P,False,120
P,46,260727633,0.05,0.01,P,False,124
P,46,260727633,0.01,0.05,P,False,120
P,47,260727634,0.05,0.05,P,False,195
P,47,260727634,0.05,0.01,P,False,200
P,47,260727634,0.01,0.05,P,False,195
P,48,260727635,0.05,0.05,P,False,103
P,48,260727635,0.05,0.01,P,False,132
P,48,260727635,0.01,0.05,P,False,103
P,49,260727636,0.05,0.05,P,False,145
P,49,260727636,0.05,0.01,P,False,150
P,49,260727636,0.01,0.05,P,False,145
P,50,260727637,0.05,0.05,P,False,133
P,50,260727637,0.05,0.01,P,False,174
P,50,260727637,0.01,0.05,P,False,133
P,51,260727638,0.05,0.05,P,False,158
P,51,260727638,0.05,0.01,P,False,163
P,51,260727638,0.01,0.05,P,False,158
P,52,260727639,0.05,0.05,P,False,146
P,52,260727639,0.05,0.01,P,False,151
P,52,260727639,0.01,0.05,P,False,146
P,53,260727640,0.05,0.05,P,False,148
P,53,260727640,0.05,0.01,P,False,184
P,53,260727640,0.01,0.05,P,False,148
P,54,260727641,0.05,0.05,P,False,152
P,54,260727641,0.05,0.01,P,False,157
P,54,260727641,0.01,0.05,P,False,152
P,55,260727642,0.05,0.05,P,False,162
P,55,260727642,0.05,0.01,P,False,167
P,55,260727642,0.01,0.05,P,False,162
P,56,260727643,0.05,0.05,P,False,116
P,56,260727643,0.05,0.01,P,False,121
P,56,260727643,0.01,0.05,P,False,116
P,57,260727644,0.05,0.05,P,False,152
P,57,260727644,0.05,0.01,P,False,157
P,57,260727644,0.01,0.05,P,False,152
P,58,260727645,0.05,0.05,P,False,108
P,58,260727645,0.05,0.01,P,False,112
P,58,260727645,0.01,0.05,P,False,108
P,59,260727646,0.05,0.05,P,False,136
P,59,260727646,0.05,0.01,P,False,141
P,59,260727646,0.01,0.05,P,False,136
P,60,260727647,0.05,0.05,P,False,152
P,60,260727647,0.05,0.01,P,False,157
P,60,260727647,0.01,0.05,P,False,152
P,61,260727648,0.05,0.05,P,False,114
P,61,260727648,0.05,0.01,P,False,119
P,61,260727648,0.01,0.05,P,False,114
P,62,260727649,0.05,0.05,P,False,151
P,62,260727649,0.05,0.01,P,False,156
P,62,260727649,0.01,0.05,P,False,151
P,63,260727650,0.05,0.05,P,False,132
P,63,260727650,0.05,0.01,P,False,146
P,63,260727650,0.01,0.05,P,False,132
P,64,260727651,0.05,0.05,P,False,187
P,64,260727651,0.05,0.01,P,False,240
P,64,260727651,0.01,0.05,P,False,187
P,65,260727652,0.05,0.05,P,False,136
P,65,260727652,0.05,0.01,P,False,141
P,65,260727652,0.01,0.05,P,False,136
P,66,260727653,0.05,0.05,P,False,157
P,66,260727653,0.05,0.01,P,False,162
P,66,260727653,0.01,0.05,P,False,157
P,67,260727654,0.05,0.05,P,False,131
P,67,260727654,0.05,0.01,P,False,136
P,67,260727654,0.01,0.05,P,False,131
P,68,260727655,0.05,0.05,P,False,114
P,68,260727655,0.05,0.01,P,False,128
P,68,260727655,0.01,0.05,P,False,114
P,69,260727656,0.05,0.05,P,False,176
P,69,260727656,0.05,0.01,P,False,181
P,69,260727656,0.01,0.05,P,False,176
P,70,260727657,0.05,0.05,P,False,119
P,70,260727657,0.05,0.01,P,False,124
P,70,260727657,0.01,0.05,P,False,119
P,71,260727658,0.05,0.05,P,False,110
P,71,260727658,0.05,0.01,P,False,142
P,71,260727658,0.01,0.05,P,False,110
P,72,260727659,0.05,0.05,P,False,134
P,72,260727659,0.05,0.01,P,False,138
P,72,260727659,0.01,0.05,P,False,134
P,73,260727660,0.05,0.05,P,False,121
P,73,260727660,0.05,0.01,P,False,125
P,73,260727660,0.01,0.05,P,False,121
P,74,260727661,0.05,0.05,P,False,100
P,74,260727661,0.05,0.01,P,False,105
P,74,260727661,0.01,0.05,P,False,100
P,75,260727662,0.05,0.05,P,False,185
P,75,260727662,0.05,0.01,P,False,190
P,75,260727662,0.01,0.05,P,False,185
P,76,260727663,0.05,0.05,P,False,167
P,76,260727663,0.05,0.01,P,False,181
P,76,260727663,0.01,0.05,P,False,167
P,77,260727664,0.05,0.05,P,False,102
P,77,260727664,0.05,0.01,P,False,107
P,77,260727664,0.01,0.05,P,False,102
P,78,260727665,0.05,0.05,P,False,174
P,78,260727665,0.05,0.01,P,False,179
P,78,260727665,0.01,0.05,P,False,174
P,79,260727666,0.05,0.05,P,False,163
P,79,260727666,0.05,0.01,P,False,169
P,79,260727666,0.01,0.05,P,False,163
P,80,260727667,0.05,0.05,P,False,114
P,80,260727667,0.05,0.01,P,False,127
P,80,260727667,0.01,0.05,P,False,114
P,81,260727668,0.05,0.05,P,False,180
P,81,260727668,0.05,0.01,P,False,186
P,81,260727668,0.01,0.05,P,False,180
P,82,260727669,0.05,0.05,P,False,116
P,82,260727669,0.05,0.01,P,False,120
P,82,260727669,0.01,0.05,P,False,116
P,83,260727670,0.05,0.05,P,False,148
P,83,260727670,0.05,0.01,P,False,153
P,83,260727670,0.01,0.05,P,False,148
P,84,260727671,0.05,0.05,P,False,104
P,84,260727671,0.05,0.01,P,False,109
P,84,260727671,0.01,0.05,P,False,104
P,85,260727672,0.05,0.05,P,False,137
P,85,260727672,0.05,0.01,P,False,142
P,85,260727672,0.01,0.05,P,False,137
P,86,260727673,0.05,0.05,P,False,119
P,86,260727673,0.05,0.01,P,False,124
P,86,260727673,0.01,0.05,P,False,119
P,87,260727674,0.05,0.05,P,False,111
P,87,260727674,0.05,0.01,P,False,115
P,87,260727674,0.01,0.05,P,False,111
P,88,260727675,0.05,0.05,P,False,106
P,88,260727675,0.05,0.01,P,False,111
P,88,260727675,0.01,0.05,P,False,106
P,89,260727676,0.05,0.05,P,False,161
P,89,260727676,0.05,0.01,P,False,173
P,89,260727676,0.01,0.05,P,False,161
P,90,260727677,0.05,0.05,P,False,104
P,90,260727677,0.05,0.01,P,False,108
P,90,260727677,0.01,0.05,P,False,104
P,91,260727678,0.05,0.05,P,False,165
P,91,260727678,0.05,0.01,P,False,175
P,91,260727678,0.01,0.05,P,False,165
P,92,260727679,0.05,0.05,P,False,174
P,92,260727679,0.05,0.01,P,False,179
P,92,260727679,0.01,0.05,P,False,174
P,93,260727680,0.05,0.05,P,False,109
P,93,260727680,0.05,0.01,P,False,114
P,93,260727680,0.01,0.05,P,False,109
P,94,260727681,0.05,0.05,P,False,114
P,94,260727681,0.05,0.01,P,False,119
P,94,260727681,0.01,0.05,P,False,114
P,95,260727682,0.05,0.05,P,False,148
P,95,260727682,0.05,0.01,P,False,171
P,95,260727682,0.01,0.05,P,False,148
P,96,260727683,0.05,0.05,P,False,137
P,96,260727683,0.05,0.01,P,False,142
P,96,260727683,0.01,0.05,P,False,137
P,97,260727684,0.05,0.05,P,False,106
P,97,260727684,0.05,0.01,P,False,111
P,97,260727684,0.01,0.05,P,False,106
P,98,260727685,0.05,0.05,P,False,185
P,98,260727685,0.05,0.01,P,False,191
P,98,260727685,0.01,0.05,P,False,185
P,99,260727686,0.05,0.05,P,False,216
P,99,260727686,0.05,0.01,P,False,221
P,99,260727686,0.01,0.05,P,False,216
P,100,260727687,0.05,0.05,P,False,128
P,100,260727687,0.05,0.01,P,False,134
P,100,260727687,0.01,0.05,P,False,128
P,101,260727688,0.05,0.05,P,False,127
P,101,260727688,0.05,0.01,P,False,132
P,101,260727688,0.01,0.05,P,False,127
P,102,260727689,0.05,0.05,P,False,116
P,102,260727689,0.05,0.01,P,False,121
P,102,260727689,0.01,0.05,P,False,116
P,103,260727690,0.05,0.05,P,False,121
P,103,260727690,0.05,0.01,P,False,125
P,103,260727690,0.01,0.05,P,False,121
P,104,260727691,0.05,0.05,P,False,114
P,104,260727691,0.05,0.01,P,False,119
P,104,260727691,0.01,0.05,P,False,114
P,105,260727692,0.05,0.05,P,False,120
P,105,260727692,0.05,0.01,P,False,125
P,105,260727692,0.01,0.05,P,False,120
P,106,260727693,0.05,0.05,P,False,192
P,106,260727693,0.05,0.01,P,False,204
P,106,260727693,0.01,0.05,P,False,192
P,107,260727694,0.05,0.05,P,False,147
P,107,260727694,0.05,0.01,P,False,160
P,107,260727694,0.01,0.05,P,False,147
P,108,260727695,0.05,0.05,P,False,147
P,108,260727695,0.05,0.01,P,False,152
P,108,260727695,0.01,0.05,P,False,147
P,109,260727696,0.05,0.05,P,False,142
P,109,260727696,0.05,0.01,P,False,147
P,109,260727696,0.01,0.05,P,False,142
P,110,260727697,0.05,0.05,P,False,127
P,110,260727697,0.05,0.01,P,False,132
P,110,260727697,0.01,0.05,P,False,127
P,111,260727698,0.05,0.05,P,False,85
P,111,260727698,0.05,0.01,P,False,90
P,111,260727698,0.01,0.05,P,False,85
P,112,260727699,0.05,0.05,P,False,160
P,112,260727699,0.05,0.01,P,False,165
P,112,260727699,0.01,0.05,P,False,160
P,113,260727700,0.05,0.05,P,False,121
P,113,260727700,0.05,0.01,P,False,128
P,113,260727700,0.01,0.05,P,False,121
P,114,260727701,0.05,0.05,P,False,176
P,114,260727701,0.05,0.01,P,False,184
P,114,260727701,0.01,0.05,P,False,176
P,115,260727702,0.05,0.05,P,False,146
P,115,260727702,0.05,0.01,P,False,152
P,115,260727702,0.01,0.05,P,False,146
P,116,260727703,0.05,0.05,P,False,135
P,116,260727703,0.05,0.01,P,False,160
P,116,260727703,0.01,0.05,P,False,135
P,117,260727704,0.05,0.05,P,False,157
P,117,260727704,0.05,0.01,P,False,162
P,117,260727704,0.01,0.05,P,False,157
P,118,260727705,0.05,0.05,P,False,102
P,118,260727705,0.05,0.01,P,False,107
P,118,260727705,0.01,0.05,P,False,102
P,119,260727706,0.05,0.05,P,False,144
P,119,260727706,0.05,0.01,P,False,149
P,119,260727706,0.01,0.05,P,False,144
P,120,260727707,0.05,0.05,P,False,150
P,120,260727707,0.05,0.01,P,False,155
P,120,260727707,0.01,0.05,P,False,150
P,121,260727708,0.05,0.05,P,False,155
P,121,260727708,0.05,0.01,P,False,166
P,121,260727708,0.01,0.05,P,False,155
P,122,260727709,0.05,0.05,P,False,132
P,122,260727709,0.05,0.01,P,False,137
P,122,260727709,0.01,0.05,P,False,132
P,123,260727710,0.05,0.05,P,False,158
P,123,260727710,0.05,0.01,P,False,172
P,123,260727710,0.01,0.05,P,False,158
P,124,260727711,0.05,0.05,P,False,128
P,124,260727711,0.05,0.01,P,False,133
P,124,260727711,0.01,0.05,P,False,128
P,125,260727712,0.05,0.05,P,False,134
P,125,260727712,0.05,0.01,P,False,139
P,125,260727712,0.01,0.05,P,False,134
P,126,260727713,0.05,0.05,P,False,146
P,126,260727713,0.05,0.01,P,False,151
P,126,260727713,0.01,0.05,P,False,146
P,127,260727714,0.05,0.05,P,False,161
P,127,260727714,0.05,0.01,P,False,169
P,127,260727714,0.01,0.05,P,False,161
P,128,260727715,0.05,0.05,P,False,124
P,128,260727715,0.05,0.01,P,False,143
P,128,260727715,0.01,0.05,P,False,124
P,129,260727716,0.05,0.05,P,False,126
P,129,260727716,0.05,0.01,P,False,131
P,129,260727716,0.01,0.05,P,False,126
P,130,260727717,0.05,0.05,P,False,131
P,130,260727717,0.05,0.01,P,False,136
P,130,260727717,0.01,0.05,P,False,131
P,131,260727718,0.05,0.05,P,False,144
P,131,260727718,0.05,0.01,P,False,151
P,131,260727718,0.01,0.05,P,False,144
P,132,260727719,0.05,0.05,P,False,161
P,132,260727719,0.05,0.01,P,False,178
P,132,260727719,0.01,0.05,P,False,161
P,133,260727720,0.05,0.05,P,False,159
P,133,260727720,0.05,0.01,P,False,164
P,133,260727720,0.01,0.05,P,False,159
P,134,260727721,0.05,0.05,P,False,135
P,134,260727721,0.05,0.01,P,False,140
P,134,260727721,0.01,0.05,P,False,135
P,135,260727722,0.05,0.05,P,False,188
P,135,260727722,0.05,0.01,P,False,194
P,135,260727722,0.01,0.05,P,False,188
P,136,260727723,0.05,0.05,P,False,134
P,136,260727723,0.05,0.01,P,False,139
P,136,260727723,0.01,0.05,P,False,134
P,137,260727724,0.05,0.05,P,False,172
P,137,260727724,0.05,0.01,P,False,182
P,137,260727724,0.01,0.05,P,False,172
P,138,260727725,0.05,0.05,P,False,129
P,138,260727725,0.05,0.01,P,False,134
P,138,260727725,0.01,0.05,P,False,129
P,139,260727726,0.05,0.05,P,False,161
P,139,260727726,0.05,0.01,P,False,167
P,139,260727726,0.01,0.05,P,False,161
P,140,260727727,0.05,0.05,P,False,160
P,140,260727727,0.05,0.01,P,False,166
P,140,260727727,0.01,0.05,P,False,160
P,141,260727728,0.05,0.05,P,False,126
P,141,260727728,0.05,0.01,P,False,131
P,141,260727728,0.01,0.05,P,False,126
P,142,260727729,0.05,0.05,P,False,177
P,142,260727729,0.05,0.01,P,False,182
P,142,260727729,0.01,0.05,P,False,177
P,143,260727730,0.05,0.05,P,False,149
P,143,260727730,0.05,0.01,P,False,158
P,143,260727730,0.01,0.05,P,False,149
P,144,260727731,0.05,0.05,P,False,191
P,144,260727731,0.05,0.01,P,False,196
P,144,260727731,0.01,0.05,P,False,191
P,145,260727732,0.05,0.05,P,False,148
P,145,260727732,0.05,0.01,P,False,153
P,145,260727732,0.01,0.05,P,False,148
P,146,260727733,0.05,0.05,P,False,134
P,146,260727733,0.05,0.01,P,False,139
P,146,260727733,0.01,0.05,P,False,134
P,147,260727734,0.05,0.05,P,False,153
P,147,260727734,0.05,0.01,P,False,159
P,147,260727734,0.01,0.05,P,False,153
P,148,260727735,0.05,0.05,P,False,132
P,148,260727735,0.05,0.01,P,False,137
P,148,260727735,0.01,0.05,P,False,132
P,149,260727736,0.05,0.05,P,False,137
P,149,260727736,0.05,0.01,P,False,148
P,149,260727736,0.01,0.05,P,False,137
P,150,260727737,0.05,0.05,P,False,128
P,150,260727737,0.05,0.01,P,False,141
P,150,260727737,0.01,0.05,P,False,128
P,151,260727738,0.05,0.05,P,False,110
P,151,260727738,0.05,0.01,P,False,115
P,151,260727738,0.01,0.05,P,False,110
P,152,260727739,0.05,0.05,P,False,99
P,152,260727739,0.05,0.01,P,False,132
P,152,260727739,0.01,0.05,P,False,99
P,153,260727740,0.05,0.05,P,False,110
P,153,260727740,0.05,0.01,P,False,125
P,153,260727740,0.01,0.05,P,False,110
P,154,260727741,0.05,0.05,P,False,165
P,154,260727741,0.05,0.01,P,False,170
P,154,260727741,0.01,0.05,P,False,165
P,155,260727742,0.05,0.05,P,False,132
P,155,260727742,0.05,0.01,P,False,137
P,155,260727742,0.01,0.05,P,False,132
P,156,260727743,0.05,0.05,P,False,134
P,156,260727743,0.05,0.01,P,False,139
P,156,260727743,0.01,0.05,P,False,134
P,157,260727744,0.05,0.05,P,False,129
P,157,260727744,0.05,0.01,P,False,134
P,157,260727744,0.01,0.05,P,False,129
P,158,260727745,0.05,0.05,P,False,154
P,158,260727745,0.05,0.01,P,False,159
P,158,260727745,0.01,0.05,P,False,154
P,159,260727746,0.05,0.05,P,False,134
P,159,260727746,0.05,0.01,P,False,139
P,159,260727746,0.01,0.05,P,False,134
P,160,260727747,0.05,0.05,P,False,158
P,160,260727747,0.05,0.01,P,False,164
P,160,260727747,0.01,0.05,P,False,158
P,161,260727748,0.05,0.05,P,False,117
P,161,260727748,0.05,0.01,P,False,122
P,161,260727748,0.01,0.05,P,False,117
P,162,260727749,0.05,0.05,P,False,141
P,162,260727749,0.05,0.01,P,False,146
P,162,260727749,0.01,0.05,P,False,141
P,163,260727750,0.05,0.05,P,False,128
P,163,260727750,0.05,0.01,P,False,133
P,163,260727750,0.01,0.05,P,False,128
P,164,260727751,0.05,0.05,P,False,135
P,164,260727751,0.05,0.01,P,False,140
P,164,260727751,0.01,0.05,P,False,135
P,165,260727752,0.05,0.05,P,False,119
P,165,260727752,0.05,0.01,P,False,133
P,165,260727752,0.01,0.05,P,False,119
P,166,260727753,0.05,0.05,P,False,128
P,166,260727753,0.05,0.01,P,False,133
P,166,260727753,0.01,0.05,P,False,128
P,167,260727754,0.05,0.05,P,False,150
P,167,260727754,0.05,0.01,P,False,155
P,167,260727754,0.01,0.05,P,False,150
P,168,260727755,0.05,0.05,P,False,91
P,168,260727755,0.05,0.01,P,False,96
P,168,260727755,0.01,0.05,P,False,91
P,169,260727756,0.05,0.05,P,False,114
P,169,260727756,0.05,0.01,P,False,140
P,169,260727756,0.01,0.05,P,False,114
P,170,260727757,0.05,0.05,P,False,125
P,170,260727757,0.05,0.01,P,False,130
P,170,260727757,0.01,0.05,P,False,125
P,171,260727758,0.05,0.05,P,False,138
P,171,260727758,0.05,0.01,P,False,143
P,171,260727758,0.01,0.05,P,False,138
P,172,260727759,0.05,0.05,P,False,96
P,172,260727759,0.05,0.01,P,False,101
P,172,260727759,0.01,0.05,P,False,96
P,173,260727760,0.05,0.05,P,False,161
P,173,260727760,0.05,0.01,P,False,165
P,173,260727760,0.01,0.05,P,False,161
P,174,260727761,0.05,0.05,P,False,121
P,174,260727761,0.05,0.01,P,False,126
P,174,260727761,0.01,0.05,P,False,121
P,175,260727762,0.05,0.05,P,False,180
P,175,260727762,0.05,0.01,P,False,185
P,175,260727762,0.01,0.05,P,False,180
P,176,260727763,0.05,0.05,P,False,150
P,176,260727763,0.05,0.01,P,False,155
P,176,260727763,0.01,0.05,P,False,150
P,177,260727764,0.05,0.05,P,False,115
P,177,260727764,0.05,0.01,P,False,120
P,177,260727764,0.01,0.05,P,False,115
P,178,260727765,0.05,0.05,P,False,125
P,178,260727765,0.05,0.01,P,False,130
P,178,260727765,0.01,0.05,P,False,125
P,179,260727766,0.05,0.05,P,False,104
P,179,260727766,0.05,0.01,P,False,109
P,179,260727766,0.01,0.05,P,False,104
P,180,260727767,0.05,0.05,P,False,143
P,180,260727767,0.05,0.01,P,False,148
P,180,260727767,0.01,0.05,P,False,143
P,181,260727768,0.05,0.05,P,False,113
P,181,260727768,0.05,0.01,P,False,118
P,181,260727768,0.01,0.05,P,False,113
P,182,260727769,0.05,0.05,P,False,114
P,182,260727769,0.05,0.01,P,False,119
P,182,260727769,0.01,0.05,P,False,114
P,183,260727770,0.05,0.05,P,False,157
P,183,260727770,0.05,0.01,P,False,163
P,183,260727770,0.01,0.05,P,False,157
P,184,260727771,0.05,0.05,P,False,135
P,184,260727771,0.05,0.01,P,False,140
P,184,260727771,0.01,0.05,P,False,135
P,185,260727772,0.05,0.05,P,False,130
P,185,260727772,0.05,0.01,P,False,135
P,185,260727772,0.01,0.05,P,False,130
P,186,260727773,0.05,0.05,P,False,181
P,186,260727773,0.05,0.01,P,False,186
P,186,260727773,0.01,0.05,P,False,181
P,187,260727774,0.05,0.05,P,False,174
P,187,260727774,0.05,0.01,P,False,179
P,187,260727774,0.01,0.05,P,False,174
P,188,260727775,0.05,0.05,P,False,132
P,188,260727775,0.05,0.01,P,False,137
P,188,260727775,0.01,0.05,P,False,132
P,189,260727776,0.05,0.05,P,False,142
P,189,260727776,0.05,0.01,P,False,147
P,189,260727776,0.01,0.05,P,False,142
P,190,260727777,0.05,0.05,P,False,196
P,190,260727777,0.05,0.01,P,False,201
P,190,260727777,0.01,0.05,P,False,196
P,191,260727778,0.05,0.05,P,False,220
P,191,260727778,0.05,0.01,P,False,226
P,191,260727778,0.01,0.05,P,False,220
P,192,260727779,0.05,0.05,P,False,102
P,192,260727779,0.05,0.01,P,False,107
P,192,260727779,0.01,0.05,P,False,102
P,193,260727780,0.05,0.05,P,False,134
P,193,260727780,0.05,0.01,P,False,139
P,193,260727780,0.01,0.05,P,False,134
P,194,260727781,0.05,0.05,P,False,152
P,194,260727781,0.05,0.01,P,False,157
P,194,260727781,0.01,0.05,P,False,152
P,195,260727782,0.05,0.05,P,False,98
P,195,260727782,0.05,0.01,P,False,102
P,195,260727782,0.01,0.05,P,False,98
P,196,260727783,0.05,0.05,P,False,124
P,196,260727783,0.05,0.01,P,False,129
P,196,260727783,0.01,0.05,P,False,124
P,197,260727784,0.05,0.05,P,False,125
P,197,260727784,0.05,0.01,P,False,138
P,197,260727784,0.01,0.05,P,False,125
P,198,260727785,0.05,0.05,P,False,121
P,198,260727785,0.05,0.01,P,False,126
P,198,260727785,0.01,0.05,P,False,121
P,199,260727786,0.05,0.05,P,False,123
P,199,260727786,0.05,0.01,P,False,127
P,199,260727786,0.01,0.05,P,False,123
P,200,260727787,0.05,0.05,P,False,126
P,200,260727787,0.05,0.01,P,False,153
P,200,260727787,0.01,0.05,P,False,126
P,201,260727788,0.05,0.05,P,False,153
P,201,260727788,0.05,0.01,P,False,158
P,201,260727788,0.01,0.05,P,False,153
P,202,260727789,0.05,0.05,P,False,122
P,202,260727789,0.05,0.01,P,False,127
P,202,260727789,0.01,0.05,P,False,122
P,203,260727790,0.05,0.05,P,False,202
P,203,260727790,0.05,0.01,P,False,214
P,203,260727790,0.01,0.05,P,False,202
P,204,260727791,0.05,0.05,P,False,130
P,204,260727791,0.05,0.01,P,False,135
P,204,260727791,0.01,0.05,P,False,130
P,205,260727792,0.05,0.05,P,False,138
P,205,260727792,0.05,0.01,P,False,143
P,205,260727792,0.01,0.05,P,False,138
P,206,260727793,0.05,0.05,P,False,162
P,206,260727793,0.05,0.01,P,False,168
P,206,260727793,0.01,0.05,P,False,162
P,207,260727794,0.05,0.05,P,False,108
P,207,260727794,0.05,0.01,P,False,113
P,207,260727794,0.01,0.05,P,False,108
P,208,260727795,0.05,0.05,P,False,156
P,208,260727795,0.05,0.01,P,False,161
P,208,260727795,0.01,0.05,P,False,156
P,209,260727796,0.05,0.05,P,False,152
P,209,260727796,0.05,0.01,P,False,157
P,209,260727796,0.01,0.05,P,False,152
P,210,260727797,0.05,0.05,P,False,127
P,210,260727797,0.05,0.01,P,False,132
P,210,260727797,0.01,0.05,P,False,127
P,211,260727798,0.05,0.05,P,False,107
P,211,260727798,0.05,0.01,P,False,111
P,211,260727798,0.01,0.05,P,False,107
P,212,260727799,0.05,0.05,P,False,113
P,212,260727799,0.05,0.01,P,False,118
P,212,260727799,0.01,0.05,P,False,113
P,213,260727800,0.05,0.05,P,False,172
P,213,260727800,0.05,0.01,P,False,180
P,213,260727800,0.01,0.05,P,False,172
P,214,260727801,0.05,0.05,P,False,134
P,214,260727801,0.05,0.01,P,False,139
P,214,260727801,0.01,0.05,P,False,134
P,215,260727802,0.05,0.05,P,False,149
P,215,260727802,0.05,0.01,P,False,154
P,215,260727802,0.01,0.05,P,False,149
P,216,260727803,0.05,0.05,P,False,179
P,216,260727803,0.05,0.01,P,False,184
P,216,260727803,0.01,0.05,P,False,179
P,217,260727804,0.05,0.05,P,False,116
P,217,260727804,0.05,0.01,P,False,121
P,217,260727804,0.01,0.05,P,False,116
P,218,260727805,0.05,0.05,P,False,161
P,218,260727805,0.05,0.01,P,False,175
P,218,260727805,0.01,0.05,P,False,161
P,219,260727806,0.05,0.05,P,False,105
P,219,260727806,0.05,0.01,P,False,109
P,219,260727806,0.01,0.05,P,False,105
P,220,260727807,0.05,0.05,P,False,122
P,220,260727807,0.05,0.01,P,False,127
P,220,260727807,0.01,0.05,P,False,122
P,221,260727808,0.05,0.05,P,False,160
P,221,260727808,0.05,0.01,P,False,165
P,221,260727808,0.01,0.05,P,False,160
P,222,260727809,0.05,0.05,P,False,124
P,222,260727809,0.05,0.01,P,False,129
P,222,260727809,0.01,0.05,P,False,124
P,223,260727810,0.05,0.05,P,False,106
P,223,260727810,0.05,0.01,P,False,117
P,223,260727810,0.01,0.05,P,False,106
P,224,260727811,0.05,0.05,P,False,123
P,224,260727811,0.05,0.01,P,False,128
P,224,260727811,0.01,0.05,P,False,123
P,225,260727812,0.05,0.05,P,False,139
P,225,260727812,0.05,0.01,P,False,144
P,225,260727812,0.01,0.05,P,False,139
P,226,260727813,0.05,0.05,P,False,164
P,226,260727813,0.05,0.01,P,False,169
P,226,260727813,0.01,0.05,P,False,164
P,227,260727814,0.05,0.05,P,False,120
P,227,260727814,0.05,0.01,P,False,125
P,227,260727814,0.01,0.05,P,False,120
P,228,260727815,0.05,0.05,P,False,132
P,228,260727815,0.05,0.01,P,False,137
P,228,260727815,0.01,0.05,P,False,132
P,229,260727816,0.05,0.05,P,False,156
P,229,260727816,0.05,0.01,P,False,161
P,229,260727816,0.01,0.05,P,False,156
P,230,260727817,0.05,0.05,P,False,102
P,230,260727817,0.05,0.01,P,False,112
P,230,260727817,0.01,0.05,P,False,102
P,231,260727818,0.05,0.05,P,False,123
P,231,260727818,0.05,0.01,P,False,166
P,231,260727818,0.01,0.05,P,False,123
P,232,260727819,0.05,0.05,P,False,109
P,232,260727819,0.05,0.01,P,False,114
P,232,260727819,0.01,0.05,P,False,109
P,233,260727820,0.05,0.05,P,False,111
P,233,260727820,0.05,0.01,P,False,116
P,233,260727820,0.01,0.05,P,False,111
P,234,260727821,0.05,0.05,P,False,207
P,234,260727821,0.05,0.01,P,False,212
P,234,260727821,0.01,0.05,P,False,207
P,235,260727822,0.05,0.05,P,False,184
P,235,260727822,0.05,0.01,P,False,189
P,235,260727822,0.01,0.05,P,False,184
P,236,260727823,0.05,0.05,P,False,163
P,236,260727823,0.05,0.01,P,False,168
P,236,260727823,0.01,0.05,P,False,163
P,237,260727824,0.05,0.05,P,False,128
P,237,260727824,0.05,0.01,P,False,133
P,237,260727824,0.01,0.05,P,False,128
P,238,260727825,0.05,0.05,P,False,137
P,238,260727825,0.05,0.01,P,False,142
P,238,260727825,0.01,0.05,P,False,137
P,239,260727826,0.05,0.05,P,False,131
P,239,260727826,0.05,0.01,P,False,137
P,239,260727826,0.01,0.05,P,False,131
P,240,260727827,0.05,0.05,P,False,106
P,240,260727827,0.05,0.01,P,False,111
P,240,260727827,0.01,0.05,P,False,106
P,241,260727828,0.05,0.05,P,False,189
P,241,260727828,0.05,0.01,P,False,194
P,241,260727828,0.01,0.05,P,False,189
P,242,260727829,0.05,0.05,P,False,118
P,242,260727829,0.05,0.01,P,False,123
P,242,260727829,0.01,0.05,P,False,118
P,243,260727830,0.05,0.05,P,False,174
P,243,260727830,0.05,0.01,P,False,179
P,243,260727830,0.01,0.05,P,False,174
P,244,260727831,0.05,0.05,P,False,147
P,244,260727831,0.05,0.01,P,False,152
P,244,260727831,0.01,0.05,P,False,147
P,245,260727832,0.05,0.05,P,False,120
P,245,260727832,0.05,0.01,P,False,125
P,245,260727832,0.01,0.05,P,False,120
P,246,260727833,0.05,0.05,P,False,155
P,246,260727833,0.05,0.01,P,False,167
P,246,260727833,0.01,0.05,P,False,155
P,247,260727834,0.05,0.05,P,False,120
P,247,260727834,0.05,0.01,P,False,125
P,247,260727834,0.01,0.05,P,False,120
P,248,260727835,0.05,0.05,P,False,101
P,248,260727835,0.05,0.01,P,False,105
P,248,260727835,0.01,0.05,P,False,101
P,249,260727836,0.05,0.05,P,False,166
P,249,260727836,0.05,0.01,P,False,171
P,249,260727836,0.01,0.05,P,False,166
P,250,260727837,0.05,0.05,P,False,170
P,250,260727837,0.05,0.01,P,False,175
P,250,260727837,0.01,0.05,P,False,170
P,251,260727838,0.05,0.05,P,False,132
P,251,260727838,0.05,0.01,P,False,137
P,251,260727838,0.01,0.05,P,False,132
P,252,260727839,0.05,0.05,P,False,143
P,252,260727839,0.05,0.01,P,False,156
P,252,260727839,0.01,0.05,P,False,143
P,253,260727840,0.05,0.05,P,False,193
P,253,260727840,0.05,0.01,P,False,218
P,253,260727840,0.01,0.05,P,False,193
P,254,260727841,0.05,0.05,P,False,136
P,254,260727841,0.05,0.01,P,False,141
P,254,260727841,0.01,0.05,P,False,136
P,255,260727842,0.05,0.05,P,False,159
P,255,260727842,0.05,0.01,P,False,164
P,255,260727842,0.01,0.05,P,False,159
P,256,260727843,0.05,0.05,P,False,187
P,256,260727843,0.05,0.01,P,False,227
P,256,260727843,0.01,0.05,P,False,187
P,257,260727844,0.05,0.05,P,False,122
P,257,260727844,0.05,0.01,P,False,127
P,257,260727844,0.01,0.05,P,False,122
P,258,260727845,0.05,0.05,P,False,122
P,258,260727845,0.05,0.01,P,False,127
P,258,260727845,0.01,0.05,P,False,122
P,259,260727846,0.05,0.05,P,False,153
P,259,260727846,0.05,0.01,P,False,158
P,259,260727846,0.01,0.05,P,False,153
P,260,260727847,0.05,0.05,P,False,132
P,260,260727847,0.05,0.01,P,False,137
P,260,260727847,0.01,0.05,P,False,132
P,261,260727848,0.05,0.05,P,False,112
P,261,260727848,0.05,0.01,P,False,117
P,261,260727848,0.01,0.05,P,False,112
P,262,260727849,0.05,0.05,P,False,179
P,262,260727849,0.05,0.01,P,False,185
P,262,260727849,0.01,0.05,P,False,179
P,263,260727850,0.05,0.05,P,False,148
P,263,260727850,0.05,0.01,P,False,153
P,263,260727850,0.01,0.05,P,False,148
P,264,260727851,0.05,0.05,P,False,122
P,264,260727851,0.05,0.01,P,False,127
P,264,260727851,0.01,0.05,P,False,122
P,265,260727852,0.05,0.05,P,False,157
P,265,260727852,0.05,0.01,P,False,198
P,265,260727852,0.01,0.05,P,False,157
P,266,260727853,0.05,0.05,P,False,151
P,266,260727853,0.05,0.01,P,False,156
P,266,260727853,0.01,0.05,P,False,151
P,267,260727854,0.05,0.05,P,False,111
P,267,260727854,0.05,0.01,P,False,115
P,267,260727854,0.01,0.05,P,False,111
P,268,260727855,0.05,0.05,P,False,210
P,268,260727855,0.05,0.01,P,False,224
P,268,260727855,0.01,0.05,P,False,210
P,269,260727856,0.05,0.05,P,False,146
P,269,260727856,0.05,0.01,P,False,152
P,269,260727856,0.01,0.05,P,False,146
P,270,260727857,0.05,0.05,P,False,145
P,270,260727857,0.05,0.01,P,False,150
P,270,260727857,0.01,0.05,P,False,145
P,271,260727858,0.05,0.05,P,False,136
P,271,260727858,0.05,0.01,P,False,141
P,271,260727858,0.01,0.05,P,False,136
P,272,260727859,0.05,0.05,P,False,142
P,272,260727859,0.05,0.01,P,False,161
P,272,260727859,0.01,0.05,P,False,142
P,273,260727860,0.05,0.05,P,False,189
P,273,260727860,0.05,0.01,P,False,194
P,273,260727860,0.01,0.05,P,False,189
P,274,260727861,0.05,0.05,P,False,159
P,274,260727861,0.05,0.01,P,False,174
P,274,260727861,0.01,0.05,P,False,159
P,275,260727862,0.05,0.05,P,False,142
P,275,260727862,0.05,0.01,P,False,151
P,275,260727862,0.01,0.05,P,False,142
P,276,260727863,0.05,0.05,P,False,115
P,276,260727863,0.05,0.01,P,False,121
P,276,260727863,0.01,0.05,P,False,115
P,277,260727864,0.05,0.05,P,False,143
P,277,260727864,0.05,0.01,P,False,148
P,277,260727864,0.01,0.05,P,False,143
P,278,260727865,0.05,0.05,P,False,117
P,278,260727865,0.05,0.01,P,False,133
P,278,260727865,0.01,0.05,P,False,117
P,279,260727866,0.05,0.05,P,False,116
P,279,260727866,0.05,0.01,P,False,121
P,279,260727866,0.01,0.05,P,False,116
P,280,260727867,0.05,0.05,P,False,102
P,280,260727867,0.05,0.01,P,False,107
P,280,260727867,0.01,0.05,P,False,102
P,281,260727868,0.05,0.05,P,False,147
P,281,260727868,0.05,0.01,P,False,152
P,281,260727868,0.01,0.05,P,False,147
P,282,260727869,0.05,0.05,P,False,122
P,282,260727869,0.05,0.01,P,False,127
P,282,260727869,0.01,0.05,P,False,122
P,283,260727870,0.05,0.05,P,False,91
P,283,260727870,0.05,0.01,P,False,96
P,283,260727870,0.01,0.05,P,False,91
P,284,260727871,0.05,0.05,P,False,134
P,284,260727871,0.05,0.01,P,False,140
P,284,260727871,0.01,0.05,P,False,134
P,285,260727872,0.05,0.05,P,False,171
P,285,260727872,0.05,0.01,P,False,176
P,285,260727872,0.01,0.05,P,False,171
P,286,260727873,0.05,0.05,P,False,166
P,286,260727873,0.05,0.01,P,False,171
P,286,260727873,0.01,0.05,P,False,166
P,287,260727874,0.05,0.05,P,False,168
P,287,260727874,0.05,0.01,P,False,173
P,287,260727874,0.01,0.05,P,False,168
P,288,260727875,0.05,0.05,P,False,119
P,288,260727875,0.05,0.01,P,False,124
P,288,260727875,0.01,0.05,P,False,119
P,289,260727876,0.05,0.05,P,False,93
P,289,260727876,0.05,0.01,P,False,98
P,289,260727876,0.01,0.05,P,False,93
P,290,260727877,0.05,0.05,P,False,229
P,290,260727877,0.05,0.01,P,False,235
P,290,260727877,0.01,0.05,P,False,229
P,291,260727878,0.05,0.05,P,False,177
P,291,260727878,0.05,0.01,P,False,198
P,291,260727878,0.01,0.05,P,False,177
P,292,260727879,0.05,0.05,P,False,150
P,292,260727879,0.05,0.01,P,False,155
P,292,260727879,0.01,0.05,P,False,150
P,293,260727880,0.05,0.05,P,False,169
P,293,260727880,0.05,0.01,P,False,179
P,293,260727880,0.01,0.05,P,False,169
P,294,260727881,0.05,0.05,P,False,191
P,294,260727881,0.05,0.01,P,False,196
P,294,260727881,0.01,0.05,P,False,191
P,295,260727882,0.05,0.05,P,False,110
P,295,260727882,0.05,0.01,P,False,115
P,295,260727882,0.01,0.05,P,False,110
P,296,260727883,0.05,0.05,P,False,140
P,296,260727883,0.05,0.01,P,False,145
P,296,260727883,0.01,0.05,P,False,140
P,297,260727884,0.05,0.05,P,False,114
P,297,260727884,0.05,0.01,P,False,119
P,297,260727884,0.01,0.05,P,False,114
P,298,260727885,0.05,0.05,P,False,125
P,298,260727885,0.05,0.01,P,False,130
P,298,260727885,0.01,0.05,P,False,125
P,299,260727886,0.05,0.05,P,False,117
P,299,260727886,0.05,0.01,P,False,122
P,299,260727886,0.01,0.05,P,False,117
P,300,260727887,0.05,0.05,P,False,169
P,300,260727887,0.05,0.01,P,False,175
P,300,260727887,0.01,0.05,P,False,169
P,301,260727888,0.05,0.05,P,False,118
P,301,260727888,0.05,0.01,P,False,123
P,301,260727888,0.01,0.05,P,False,118
P,302,260727889,0.05,0.05,P,False,145
P,302,260727889,0.05,0.01,P,False,150
P,302,260727889,0.01,0.05,P,False,145
P,303,260727890,0.05,0.05,P,False,108
P,303,260727890,0.05,0.01,P,False,112
P,303,260727890,0.01,0.05,P,False,108
P,304,260727891,0.05,0.05,P,False,184
P,304,260727891,0.05,0.01,P,False,190
P,304,260727891,0.01,0.05,P,False,184
P,305,260727892,0.05,0.05,P,False,130
P,305,260727892,0.05,0.01,P,False,135
P,305,260727892,0.01,0.05,P,False,130
P,306,260727893,0.05,0.05,P,False,113
P,306,260727893,0.05,0.01,P,False,118
P,306,260727893,0.01,0.05,P,False,113
P,307,260727894,0.05,0.05,P,False,100
P,307,260727894,0.05,0.01,P,False,105
P,307,260727894,0.01,0.05,P,False,100
P,308,260727895,0.05,0.05,P,False,146
P,308,260727895,0.05,0.01,P,False,151
P,308,260727895,0.01,0.05,P,False,146
P,309,260727896,0.05,0.05,P,False,122
P,309,260727896,0.05,0.01,P,False,126
P,309,260727896,0.01,0.05,P,False,122
P,310,260727897,0.05,0.05,P,False,149
P,310,260727897,0.05,0.01,P,False,154
P,310,260727897,0.01,0.05,P,False,149
P,311,260727898,0.05,0.05,P,False,129
P,311,260727898,0.05,0.01,P,False,134
P,311,260727898,0.01,0.05,P,False,129
P,312,260727899,0.05,0.05,P,False,153
P,312,260727899,0.05,0.01,P,False,158
P,312,260727899,0.01,0.05,P,False,153
P,313,260727900,0.05,0.05,P,False,156
P,313,260727900,0.05,0.01,P,False,161
P,313,260727900,0.01,0.05,P,False,156
P,314,260727901,0.05,0.05,P,False,131
P,314,260727901,0.05,0.01,P,False,155
P,314,260727901,0.01,0.05,P,False,131
P,315,260727902,0.05,0.05,P,False,141
P,315,260727902,0.05,0.01,P,False,146
P,315,260727902,0.01,0.05,P,False,141
P,316,260727903,0.05,0.05,P,False,161
P,316,260727903,0.05,0.01,P,False,166
P,316,260727903,0.01,0.05,P,False,161
P,317,260727904,0.05,0.05,P,False,115
P,317,260727904,0.05,0.01,P,False,120
P,317,260727904,0.01,0.05,P,False,115
P,318,260727905,0.05,0.05,P,False,109
P,318,260727905,0.05,0.01,P,False,114
P,318,260727905,0.01,0.05,P,False,109
P,319,260727906,0.05,0.05,P,False,124
P,319,260727906,0.05,0.01,P,False,129
P,319,260727906,0.01,0.05,P,False,124
P,320,260727907,0.05,0.05,P,False,113
P,320,260727907,0.05,0.01,P,False,118
P,320,260727907,0.01,0.05,P,False,113
P,321,260727908,0.05,0.05,P,False,136
P,321,260727908,0.05,0.01,P,False,141
P,321,260727908,0.01,0.05,P,False,136
P,322,260727909,0.05,0.05,P,False,129
P,322,260727909,0.05,0.01,P,False,135
P,322,260727909,0.01,0.05,P,False,129
P,323,260727910,0.05,0.05,P,False,106
P,323,260727910,0.05,0.01,P,False,111
P,323,260727910,0.01,0.05,P,False,106
P,324,260727911,0.05,0.05,P,False,178
P,324,260727911,0.05,0.01,P,False,184
P,324,260727911,0.01,0.05,P,False,178
P,325,260727912,0.05,0.05,P,False,111
P,325,260727912,0.05,0.01,P,False,116
P,325,260727912,0.01,0.05,P,False,111
P,326,260727913,0.05,0.05,P,False,93
P,326,260727913,0.05,0.01,P,False,98
P,326,260727913,0.01,0.05,P,False,93
P,327,260727914,0.05,0.05,P,False,113
P,327,260727914,0.05,0.01,P,False,118
P,327,260727914,0.01,0.05,P,False,113
P,328,260727915,0.05,0.05,P,False,129
P,328,260727915,0.05,0.01,P,False,169
P,328,260727915,0.01,0.05,P,False,129
P,329,260727916,0.05,0.05,P,False,142
P,329,260727916,0.05,0.01,P,False,147
P,329,260727916,0.01,0.05,P,False,142
P,330,260727917,0.05,0.05,P,False,166
P,330,260727917,0.05,0.01,P,False,206
P,330,260727917,0.01,0.05,P,False,166
P,331,260727918,0.05,0.05,P,False,120
P,331,260727918,0.05,0.01,P,False,125
P,331,260727918,0.01,0.05,P,False,120
P,332,260727919,0.05,0.05,P,False,105
P,332,260727919,0.05,0.01,P,False,109
P,332,260727919,0.01,0.05,P,False,105
P,333,260727920,0.05,0.05,P,False,146
P,333,260727920,0.05,0.01,P,False,152
P,333,260727920,0.01,0.05,P,False,146
P,334,260727921,0.05,0.05,P,False,136
P,334,260727921,0.05,0.01,P,False,141
P,334,260727921,0.01,0.05,P,False,136
P,335,260727922,0.05,0.05,P,False,161
P,335,260727922,0.05,0.01,P,False,166
P,335,260727922,0.01,0.05,P,False,161
P,336,260727923,0.05,0.05,P,False,123
P,336,260727923,0.05,0.01,P,False,128
P,336,260727923,0.01,0.05,P,False,123
P,337,260727924,0.05,0.05,P,False,140
P,337,260727924,0.05,0.01,P,False,145
P,337,260727924,0.01,0.05,P,False,140
P,338,260727925,0.05,0.05,P,False,167
P,338,260727925,0.05,0.01,P,False,172
P,338,260727925,0.01,0.05,P,False,167
P,339,260727926,0.05,0.05,P,False,116
P,339,260727926,0.05,0.01,P,False,121
P,339,260727926,0.01,0.05,P,False,116
P,340,260727927,0.05,0.05,P,False,133
P,340,260727927,0.05,0.01,P,False,138
P,340,260727927,0.01,0.05,P,False,133
P,341,260727928,0.05,0.05,P,False,202
P,341,260727928,0.05,0.01,P,False,208
P,341,260727928,0.01,0.05,P,False,202
P,342,260727929,0.05,0.05,P,False,163
P,342,260727929,0.05,0.01,P,False,170
P,342,260727929,0.01,0.05,P,False,163
P,343,260727930,0.05,0.05,P,False,142
P,343,260727930,0.05,0.01,P,False,147
P,343,260727930,0.01,0.05,P,False,142
P,344,260727931,0.05,0.05,P,False,164
P,344,260727931,0.05,0.01,P,False,169
P,344,260727931,0.01,0.05,P,False,164
P,345,260727932,0.05,0.05,P,False,136
P,345,260727932,0.05,0.01,P,False,141
P,345,260727932,0.01,0.05,P,False,136
P,346,260727933,0.05,0.05,P,False,129
P,346,260727933,0.05,0.01,P,False,134
P,346,260727933,0.01,0.05,P,False,129
P,347,260727934,0.05,0.05,P,False,183
P,347,260727934,0.05,0.01,P,False,188
P,347,260727934,0.01,0.05,P,False,183
P,348,260727935,0.05,0.05,P,False,143
P,348,260727935,0.05,0.01,P,False,148
P,348,260727935,0.01,0.05,P,False,143
P,349,260727936,0.05,0.05,P,False,185
P,349,260727936,0.05,0.01,P,False,190
P,349,260727936,0.01,0.05,P,False,185
P,350,260727937,0.05,0.05,P,False,148
P,350,260727937,0.05,0.01,P,False,153
P,350,260727937,0.01,0.05,P,False,148
P,351,260727938,0.05,0.05,P,False,110
P,351,260727938,0.05,0.01,P,False,115
P,351,260727938,0.01,0.05,P,False,110
P,352,260727939,0.05,0.05,P,False,121
P,352,260727939,0.05,0.01,P,False,128
P,352,260727939,0.01,0.05,P,False,121
P,353,260727940,0.05,0.05,P,False,142
P,353,260727940,0.05,0.01,P,False,147
P,353,260727940,0.01,0.05,P,False,142
P,354,260727941,0.05,0.05,P,False,145
P,354,260727941,0.05,0.01,P,False,150
P,354,260727941,0.01,0.05,P,False,145
P,355,260727942,0.05,0.05,P,False,152
P,355,260727942,0.05,0.01,P,False,157
P,355,260727942,0.01,0.05,P,False,152
P,356,260727943,0.05,0.05,P,False,111
P,356,260727943,0.05,0.01,P,False,116
P,356,260727943,0.01,0.05,P,False,111
P,357,260727944,0.05,0.05,P,False,166
P,357,260727944,0.05,0.01,P,False,171
P,357,260727944,0.01,0.05,P,False,166
P,358,260727945,0.05,0.05,P,False,130
P,358,260727945,0.05,0.01,P,False,135
P,358,260727945,0.01,0.05,P,False,130
P,359,260727946,0.05,0.05,P,False,103
P,359,260727946,0.05,0.01,P,False,108
P,359,260727946,0.01,0.05,P,False,103
P,360,260727947,0.05,0.05,P,False,147
P,360,260727947,0.05,0.01,P,False,153
P,360,260727947,0.01,0.05,P,False,147
P,361,260727948,0.05,0.05,P,False,132
P,361,260727948,0.05,0.01,P,False,152
P,361,260727948,0.01,0.05,P,False,132
P,362,260727949,0.05,0.05,P,False,159
P,362,260727949,0.05,0.01,P,False,164
P,362,260727949,0.01,0.05,P,False,159
P,363,260727950,0.05,0.05,P,False,165
P,363,260727950,0.05,0.01,P,False,174
P,363,260727950,0.01,0.05,P,False,165
P,364,260727951,0.05,0.05,P,False,144
P,364,260727951,0.05,0.01,P,False,149
P,364,260727951,0.01,0.05,P,False,144
P,365,260727952,0.05,0.05,P,False,88
P,365,260727952,0.05,0.01,P,False,93
P,365,260727952,0.01,0.05,P,False,88
P,366,260727953,0.05,0.05,P,False,171
P,366,260727953,0.05,0.01,P,False,182
P,366,260727953,0.01,0.05,P,False,171
P,367,260727954,0.05,0.05,P,False,95
P,367,260727954,0.05,0.01,P,False,100
P,367,260727954,0.01,0.05,P,False,95
P,368,260727955,0.05,0.05,P,False,102
P,368,260727955,0.05,0.01,P,False,107
P,368,260727955,0.01,0.05,P,False,102
P,369,260727956,0.05,0.05,P,False,141
P,369,260727956,0.05,0.01,P,False,146
P,369,260727956,0.01,0.05,P,False,141
P,370,260727957,0.05,0.05,P,False,141
P,370,260727957,0.05,0.01,P,False,158
P,370,260727957,0.01,0.05,P,False,141
P,371,260727958,0.05,0.05,P,False,134
P,371,260727958,0.05,0.01,P,False,139
P,371,260727958,0.01,0.05,P,False,134
P,372,260727959,0.05,0.05,P,False,197
P,372,260727959,0.05,0.01,P,False,203
P,372,260727959,0.01,0.05,P,False,197
P,373,260727960,0.05,0.05,P,False,127
P,373,260727960,0.05,0.01,P,False,132
P,373,260727960,0.01,0.05,P,False,127
P,374,260727961,0.05,0.05,P,False,93
P,374,260727961,0.05,0.01,P,False,98
P,374,260727961,0.01,0.05,P,False,93
P,375,260727962,0.05,0.05,P,False,108
P,375,260727962,0.05,0.01,P,False,113
P,375,260727962,0.01,0.05,P,False,108
P,376,260727963,0.05,0.05,P,False,142
P,376,260727963,0.05,0.01,P,False,160
P,376,260727963,0.01,0.05,P,False,142
P,377,260727964,0.05,0.05,P,False,174
P,377,260727964,0.05,0.01,P,False,179
P,377,260727964,0.01,0.05,P,False,174
P,378,260727965,0.05,0.05,P,False,171
P,378,260727965,0.05,0.01,P,False,177
P,378,260727965,0.01,0.05,P,False,171
P,379,260727966,0.05,0.05,P,False,164
P,379,260727966,0.05,0.01,P,False,169
P,379,260727966,0.01,0.05,P,False,164
P,380,260727967,0.05,0.05,P,False,175
P,380,260727967,0.05,0.01,P,False,181
P,380,260727967,0.01,0.05,P,False,175
P,381,260727968,0.05,0.05,P,False,128
P,381,260727968,0.05,0.01,P,False,147
P,381,260727968,0.01,0.05,P,False,128
P,382,260727969,0.05,0.05,P,False,115
P,382,260727969,0.05,0.01,P,False,128
P,382,260727969,0.01,0.05,P,False,115
P,383,260727970,0.05,0.05,P,False,150
P,383,260727970,0.05,0.01,P,False,155
P,383,260727970,0.01,0.05,P,False,150
P,384,260727971,0.05,0.05,P,False,137
P,384,260727971,0.05,0.01,P,False,142
P,384,260727971,0.01,0.05,P,False,137
P,385,260727972,0.05,0.05,P,False,100
P,385,260727972,0.05,0.01,P,False,104
P,385,260727972,0.01,0.05,P,False,100
P,386,260727973,0.05,0.05,P,False,118
P,386,260727973,0.05,0.01,P,False,123
P,386,260727973,0.01,0.05,P,False,118
P,387,260727974,0.05,0.05,P,False,137
P,387,260727974,0.05,0.01,P,False,142
P,387,260727974,0.01,0.05,P,False,137
P,388,260727975,0.05,0.05,P,False,186
P,388,260727975,0.05,0.01,P,False,192
P,388,260727975,0.01,0.05,P,False,186
P,389,260727976,0.05,0.05,P,False,143
P,389,260727976,0.05,0.01,P,False,148
P,389,260727976,0.01,0.05,P,False,143
P,390,260727977,0.05,0.05,P,False,143
P,390,260727977,0.05,0.01,P,False,152
P,390,260727977,0.01,0.05,P,False,143
P,391,260727978,0.05,0.05,P,False,136
P,391,260727978,0.05,0.01,P,False,141
P,391,260727978,0.01,0.05,P,False,136
P,392,260727979,0.05,0.05,P,False,124
P,392,260727979,0.05,0.01,P,False,134
P,392,260727979,0.01,0.05,P,False,124
P,393,260727980,0.05,0.05,P,False,220
P,393,260727980,0.05,0.01,P,False,225
P,393,260727980,0.01,0.05,P,False,220
P,394,260727981,0.05,0.05,P,False,257
P,394,260727981,0.05,0.01,P,False,269
P,394,260727981,0.01,0.05,P,False,257
P,395,260727982,0.05,0.05,P,False,146
P,395,260727982,0.05,0.01,P,False,151
P,395,260727982,0.01,0.05,P,False,146
P,396,260727983,0.05,0.05,P,False,140
P,396,260727983,0.05,0.01,P,False,145
P,396,260727983,0.01,0.05,P,False,140
P,397,260727984,0.05,0.05,P,False,118
P,397,260727984,0.05,0.01,P,False,123
P,397,260727984,0.01,0.05,P,False,118
P,398,260727985,0.05,0.05,P,False,133
P,398,260727985,0.05,0.01,P,False,137
P,398,260727985,0.01,0.05,P,False,133
P,399,260727986,0.05,0.05,P,False,123
P,399,260727986,0.05,0.01,P,False,128
P,399,260727986,0.01,0.05,P,False,123
P,400,260727987,0.05,0.05,P,False,104
P,400,260727987,0.05,0.01,P,False,108
P,400,260727987,0.01,0.05,P,False,104
P,401,260727988,0.05,0.05,P,False,131
P,401,260727988,0.05,0.01,P,False,136
P,401,260727988,0.01,0.05,P,False,131
P,402,260727989,0.05,0.05,P,False,100
P,402,260727989,0.05,0.01,P,False,105
P,402,260727989,0.01,0.05,P,False,100
P,403,260727990,0.05,0.05,P,False,149
P,403,260727990,0.05,0.01,P,False,162
P,403,260727990,0.01,0.05,P,False,149
P,404,260727991,0.05,0.05,P,False,126
P,404,260727991,0.05,0.01,P,False,131
P,404,260727991,0.01,0.05,P,False,126
P,405,260727992,0.05,0.05,P,False,200
P,405,260727992,0.05,0.01,P,False,229
P,405,260727992,0.01,0.05,P,False,200
P,406,260727993,0.05,0.05,P,False,189
P,406,260727993,0.05,0.01,P,False,194
P,406,260727993,0.01,0.05,P,False,189
P,407,260727994,0.05,0.05,P,False,200
P,407,260727994,0.05,0.01,P,False,205
P,407,260727994,0.01,0.05,P,False,200
P,408,260727995,0.05,0.05,P,False,91
P,408,260727995,0.05,0.01,P,False,96
P,408,260727995,0.01,0.05,P,False,91
P,409,260727996,0.05,0.05,P,False,184
P,409,260727996,0.05,0.01,P,False,189
P,409,260727996,0.01,0.05,P,False,184
P,410,260727997,0.05,0.05,P,False,142
P,410,260727997,0.05,0.01,P,False,148
P,410,260727997,0.01,0.05,P,False,142
P,411,260727998,0.05,0.05,P,False,129
P,411,260727998,0.05,0.01,P,False,134
P,411,260727998,0.01,0.05,P,False,129
P,412,260727999,0.05,0.05,P,False,174
P,412,260727999,0.05,0.01,P,False,179
P,412,260727999,0.01,0.05,P,False,174
P,413,260728000,0.05,0.05,P,False,190
P,413,260728000,0.05,0.01,P,False,195
P,413,260728000,0.01,0.05,P,False,190
P,414,260728001,0.05,0.05,P,False,166
P,414,260728001,0.05,0.01,P,False,171
P,414,260728001,0.01,0.05,P,False,166
P,415,260728002,0.05,0.05,P,False,139
P,415,260728002,0.05,0.01,P,False,144
P,415,260728002,0.01,0.05,P,False,139
P,416,260728003,0.05,0.05,P,False,143
P,416,260728003,0.05,0.01,P,False,148
P,416,260728003,0.01,0.05,P,False,143
P,417,260728004,0.05,0.05,P,False,143
P,417,260728004,0.05,0.01,P,False,181
P,417,260728004,0.01,0.05,P,False,143
P,418,260728005,0.05,0.05,P,False,202
P,418,260728005,0.05,0.01,P,False,215
P,418,260728005,0.01,0.05,P,False,202
P,419,260728006,0.05,0.05,P,False,144
P,419,260728006,0.05,0.01,P,False,149
P,419,260728006,0.01,0.05,P,False,144
P,420,260728007,0.05,0.05,P,False,110
P,420,260728007,0.05,0.01,P,False,115
P,420,260728007,0.01,0.05,P,False,110
P,421,260728008,0.05,0.05,P,False,128
P,421,260728008,0.05,0.01,P,False,133
P,421,260728008,0.01,0.05,P,False,128
P,422,260728009,0.05,0.05,P,False,105
P,422,260728009,0.05,0.01,P,False,110
P,422,260728009,0.01,0.05,P,False,105
P,423,260728010,0.05,0.05,P,False,199
P,423,260728010,0.05,0.01,P,False,204
P,423,260728010,0.01,0.05,P,False,199
P,424,260728011,0.05,0.05,P,False,163
P,424,260728011,0.05,0.01,P,False,168
P,424,260728011,0.01,0.05,P,False,163
P,425,260728012,0.05,0.05,P,False,123
P,425,260728012,0.05,0.01,P,False,128
P,425,260728012,0.01,0.05,P,False,123
P,426,260728013,0.05,0.05,P,False,146
P,426,260728013,0.05,0.01,P,False,151
P,426,260728013,0.01,0.05,P,False,146
P,427,260728014,0.05,0.05,P,False,150
P,427,260728014,0.05,0.01,P,False,156
P,427,260728014,0.01,0.05,P,False,150
P,428,260728015,0.05,0.05,P,False,91
P,428,260728015,0.05,0.01,P,False,96
P,428,260728015,0.01,0.05,P,False,91
P,429,260728016,0.05,0.05,P,False,109
P,429,260728016,0.05,0.01,P,False,114
P,429,260728016,0.01,0.05,P,False,109
P,430,260728017,0.05,0.05,P,False,113
P,430,260728017,0.05,0.01,P,False,118
P,430,260728017,0.01,0.05,P,False,113
P,431,260728018,0.05,0.05,P,False,123
P,431,260728018,0.05,0.01,P,False,128
P,431,260728018,0.01,0.05,P,False,123
P,432,260728019,0.05,0.05,P,False,182
P,432,260728019,0.05,0.01,P,False,204
P,432,260728019,0.01,0.05,P,False,182
P,433,260728020,0.05,0.05,P,False,159
P,433,260728020,0.05,0.01,P,False,165
P,433,260728020,0.01,0.05,P,False,159
P,434,260728021,0.05,0.05,P,False,105
P,434,260728021,0.05,0.01,P,False,110
P,434,260728021,0.01,0.05,P,False,105
P,435,260728022,0.05,0.05,P,False,151
P,435,260728022,0.05,0.01,P,False,156
P,435,260728022,0.01,0.05,P,False,151
P,436,260728023,0.05,0.05,P,False,147
P,436,260728023,0.05,0.01,P,False,180
P,436,260728023,0.01,0.05,P,False,147
P,437,260728024,0.05,0.05,P,False,150
P,437,260728024,0.05,0.01,P,False,155
P,437,260728024,0.01,0.05,P,False,150
P,438,260728025,0.05,0.05,P,False,149
P,438,260728025,0.05,0.01,P,False,154
P,438,260728025,0.01,0.05,P,False,149
P,439,260728026,0.05,0.05,P,False,179
P,439,260728026,0.05,0.01,P,False,184
P,439,260728026,0.01,0.05,P,False,179
P,440,260728027,0.05,0.05,P,False,126
P,440,260728027,0.05,0.01,P,False,140
P,440,260728027,0.01,0.05,P,False,126
P,441,260728028,0.05,0.05,P,False,108
P,441,260728028,0.05,0.01,P,False,113
P,441,260728028,0.01,0.05,P,False,108
P,442,260728029,0.05,0.05,P,False,145
P,442,260728029,0.05,0.01,P,False,149
P,442,260728029,0.01,0.05,P,False,145
P,443,260728030,0.05,0.05,P,False,158
P,443,260728030,0.05,0.01,P,False,163
P,443,260728030,0.01,0.05,P,False,158
P,444,260728031,0.05,0.05,P,False,154
P,444,260728031,0.05,0.01,P,False,159
P,444,260728031,0.01,0.05,P,False,154
P,445,260728032,0.05,0.05,P,False,113
P,445,260728032,0.05,0.01,P,False,130
P,445,260728032,0.01,0.05,P,False,113
P,446,260728033,0.05,0.05,P,False,100
P,446,260728033,0.05,0.01,P,False,105
P,446,260728033,0.01,0.05,P,False,100
P,447,260728034,0.05,0.05,P,False,118
P,447,260728034,0.05,0.01,P,False,123
P,447,260728034,0.01,0.05,P,False,118
P,448,260728035,0.05,0.05,P,False,125
P,448,260728035,0.05,0.01,P,False,130
P,448,260728035,0.01,0.05,P,False,125
P,449,260728036,0.05,0.05,P,False,118
P,449,260728036,0.05,0.01,P,False,123
P,449,260728036,0.01,0.05,P,False,118
P,450,260728037,0.05,0.05,P,False,114
P,450,260728037,0.05,0.01,P,False,119
P,450,260728037,0.01,0.05,P,False,114
P,451,260728038,0.05,0.05,P,False,119
P,451,260728038,0.05,0.01,P,False,124
P,451,260728038,0.01,0.05,P,False,119
P,452,260728039,0.05,0.05,P,False,107
P,452,260728039,0.05,0.01,P,False,112
P,452,260728039,0.01,0.05,P,False,107
P,453,260728040,0.05,0.05,P,False,140
P,453,260728040,0.05,0.01,P,False,151
P,453,260728040,0.01,0.05,P,False,140
P,454,260728041,0.05,0.05,P,False,190
P,454,260728041,0.05,0.01,P,False,195
P,454,260728041,0.01,0.05,P,False,190
P,455,260728042,0.05,0.05,P,False,147
P,455,260728042,0.05,0.01,P,False,152
P,455,260728042,0.01,0.05,P,False,147
P,456,260728043,0.05,0.05,P,False,108
P,456,260728043,0.05,0.01,P,False,120
P,456,260728043,0.01,0.05,P,False,108
P,457,260728044,0.05,0.05,P,False,141
P,457,260728044,0.05,0.01,P,False,146
P,457,260728044,0.01,0.05,P,False,141
P,458,260728045,0.05,0.05,P,False,174
P,458,260728045,0.05,0.01,P,False,179
P,458,260728045,0.01,0.05,P,False,174
P,459,260728046,0.05,0.05,P,False,112
P,459,260728046,0.05,0.01,P,False,139
P,459,260728046,0.01,0.05,P,False,112
P,460,260728047,0.05,0.05,P,False,145
P,460,260728047,0.05,0.01,P,False,150
P,460,260728047,0.01,0.05,P,False,145
P,461,260728048,0.05,0.05,P,False,144
P,461,260728048,0.05,0.01,P,False,149
P,461,260728048,0.01,0.05,P,False,144
P,462,260728049,0.05,0.05,P,False,136
P,462,260728049,0.05,0.01,P,False,142
P,462,260728049,0.01,0.05,P,False,136
P,463,260728050,0.05,0.05,P,False,149
P,463,260728050,0.05,0.01,P,False,154
P,463,260728050,0.01,0.05,P,False,149
P,464,260728051,0.05,0.05,P,False,123
P,464,260728051,0.05,0.01,P,False,133
P,464,260728051,0.01,0.05,P,False,123
P,465,260728052,0.05,0.05,P,False,140
P,465,260728052,0.05,0.01,P,False,145
P,465,260728052,0.01,0.05,P,False,140
P,466,260728053,0.05,0.05,P,False,115
P,466,260728053,0.05,0.01,P,False,120
P,466,260728053,0.01,0.05,P,False,115
P,467,260728054,0.05,0.05,P,False,124
P,467,260728054,0.05,0.01,P,False,142
P,467,260728054,0.01,0.05,P,False,124
P,468,260728055,0.05,0.05,P,False,154
P,468,260728055,0.05,0.01,P,False,176
P,468,260728055,0.01,0.05,P,False,154
P,469,260728056,0.05,0.05,P,False,147
P,469,260728056,0.05,0.01,P,False,157
P,469,260728056,0.01,0.05,P,False,147
P,470,260728057,0.05,0.05,P,False,141
P,470,260728057,0.05,0.01,P,False,146
P,470,260728057,0.01,0.05,P,False,141
P,471,260728058,0.05,0.05,P,False,117
P,471,260728058,0.05,0.01,P,False,122
P,471,260728058,0.01,0.05,P,False,117
P,472,260728059,0.05,0.05,P,False,148
P,472,260728059,0.05,0.01,P,False,154
P,472,260728059,0.01,0.05,P,False,148
P,473,260728060,0.05,0.05,P,False,107
P,473,260728060,0.05,0.01,P,False,112
P,473,260728060,0.01,0.05,P,False,107
P,474,260728061,0.05,0.05,P,False,196
P,474,260728061,0.05,0.01,P,False,201
P,474,260728061,0.01,0.05,P,False,196
P,475,260728062,0.05,0.05,P,False,125
P,475,260728062,0.05,0.01,P,False,130
P,475,260728062,0.01,0.05,P,False,125
P,476,260728063,0.05,0.05,P,False,204
P,476,260728063,0.05,0.01,P,False,209
P,476,260728063,0.01,0.05,P,False,204
P,477,260728064,0.05,0.05,P,False,163
P,477,260728064,0.05,0.01,P,False,168
P,477,260728064,0.01,0.05,P,False,163
P,478,260728065,0.05,0.05,P,False,132
P,478,260728065,0.05,0.01,P,False,137
P,478,260728065,0.01,0.05,P,False,132
P,479,260728066,0.05,0.05,P,False,93
P,479,260728066,0.05,0.01,P,False,107
P,479,260728066,0.01,0.05,P,False,93
P,480,260728067,0.05,0.05,P,False,107
P,480,260728067,0.05,0.01,P,False,135
P,480,260728067,0.01,0.05,P,False,107
P,481,260728068,0.05,0.05,P,False,95
P,481,260728068,0.05,0.01,P,False,100
P,481,260728068,0.01,0.05,P,False,95
P,482,260728069,0.05,0.05,P,False,123
P,482,260728069,0.05,0.01,P,False,128
P,482,260728069,0.01,0.05,P,False,123
P,483,260728070,0.05,0.05,P,False,173
P,483,260728070,0.05,0.01,P,False,180
P,483,260728070,0.01,0.05,P,False,173
P,484,260728071,0.05,0.05,P,False,120
P,484,260728071,0.05,0.01,P,False,125
P,484,260728071,0.01,0.05,P,False,120
P,485,260728072,0.05,0.05,P,False,146
P,485,260728072,0.05,0.01,P,False,151
P,485,260728072,0.01,0.05,P,False,146
P,486,260728073,0.05,0.05,P,False,138
P,486,260728073,0.05,0.01,P,False,149
P,486,260728073,0.01,0.05,P,False,138
P,487,260728074,0.05,0.05,P,False,114
P,487,260728074,0.05,0.01,P,False,119
P,487,260728074,0.01,0.05,P,False,114
P,488,260728075,0.05,0.05,P,False,143
P,488,260728075,0.05,0.01,P,False,148
P,488,260728075,0.01,0.05,P,False,143
P,489,260728076,0.05,0.05,P,False,142
P,489,260728076,0.05,0.01,P,False,147
P,489,260728076,0.01,0.05,P,False,142
P,490,260728077,0.05,0.05,P,False,135
P,490,260728077,0.05,0.01,P,False,140
P,490,260728077,0.01,0.05,P,False,135
P,491,260728078,0.05,0.05,P,False,167
P,491,260728078,0.05,0.01,P,False,172
P,491,260728078,0.01,0.05,P,False,167
P,492,260728079,0.05,0.05,P,False,222
P,492,260728079,0.05,0.01,P,False,227
P,492,260728079,0.01,0.05,P,False,222
P,493,260728080,0.05,0.05,P,False,129
P,493,260728080,0.05,0.01,P,False,166
P,493,260728080,0.01,0.05,P,False,129
P,494,260728081,0.05,0.05,P,False,110
P,494,260728081,0.05,0.01,P,False,115
P,494,260728081,0.01,0.05,P,False,110
P,495,260728082,0.05,0.05,P,False,161
P,495,260728082,0.05,0.01,P,False,166
P,495,260728082,0.01,0.05,P,False,161
P,496,260728083,0.05,0.05,P,False,165
P,496,260728083,0.05,0.01,P,False,170
P,496,260728083,0.01,0.05,P,False,165
P,497,260728084,0.05,0.05,P,False,142
P,497,260728084,0.05,0.01,P,False,153
P,497,260728084,0.01,0.05,P,False,142
P,498,260728085,0.05,0.05,P,False,152
P,498,260728085,0.05,0.01,P,False,158
P,498,260728085,0.01,0.05,P,False,152
P,499,260728086,0.05,0.05,P,False,149
P,499,260728086,0.05,0.01,P,False,154
P,499,260728086,0.01,0.05,P,False,149
P,500,260728087,0.05,0.05,P,False,136
P,500,260728087,0.05,0.01,P,False,141
P,500,260728087,0.01,0.05,P,False,136
P,501,260728088,0.05,0.05,P,False,223
P,501,260728088,0.05,0.01,P,False,231
P,501,260728088,0.01,0.05,P,False,223
P,502,260728089,0.05,0.05,P,False,111
P,502,260728089,0.05,0.01,P,False,116
P,502,260728089,0.01,0.05,P,False,111
P,503,260728090,0.05,0.05,P,False,156
P,503,260728090,0.05,0.01,P,False,168
P,503,260728090,0.01,0.05,P,False,156
P,504,260728091,0.05,0.05,P,False,144
P,504,260728091,0.05,0.01,P,False,149
P,504,260728091,0.01,0.05,P,False,144
P,505,260728092,0.05,0.05,P,False,168
P,505,260728092,0.05,0.01,P,False,173
P,505,260728092,0.01,0.05,P,False,168
P,506,260728093,0.05,0.05,P,False,122
P,506,260728093,0.05,0.01,P,False,127
P,506,260728093,0.01,0.05,P,False,122
P,507,260728094,0.05,0.05,P,False,133
P,507,260728094,0.05,0.01,P,False,138
P,507,260728094,0.01,0.05,P,False,133
P,508,260728095,0.05,0.05,P,False,166
P,508,260728095,0.05,0.01,P,False,171
P,508,260728095,0.01,0.05,P,False,166
P,509,260728096,0.05,0.05,P,False,222
P,509,260728096,0.05,0.01,P,False,227
P,509,260728096,0.01,0.05,P,False,222
P,510,260728097,0.05,0.05,P,False,141
P,510,260728097,0.05,0.01,P,False,146
P,510,260728097,0.01,0.05,P,False,141
P,511,260728098,0.05,0.05,P,False,137
P,511,260728098,0.05,0.01,P,False,142
P,511,260728098,0.01,0.05,P,False,137
P,512,260728099,0.05,0.05,P,False,131
P,512,260728099,0.05,0.01,P,False,136
P,512,260728099,0.01,0.05,P,False,131
P,513,260728100,0.05,0.05,P,False,137
P,513,260728100,0.05,0.01,P,False,161
P,513,260728100,0.01,0.05,P,False,137
P,514,260728101,0.05,0.05,P,False,160
P,514,260728101,0.05,0.01,P,False,165
P,514,260728101,0.01,0.05,P,False,160
P,515,260728102,0.05,0.05,P,False,174
P,515,260728102,0.05,0.01,P,False,180
P,515,260728102,0.01,0.05,P,False,174
P,516,260728103,0.05,0.05,P,False,173
P,516,260728103,0.05,0.01,P,False,192
P,516,260728103,0.01,0.05,P,False,173
P,517,260728104,0.05,0.05,P,False,161
P,517,260728104,0.05,0.01,P,False,166
P,517,260728104,0.01,0.05,P,False,161
P,518,260728105,0.05,0.05,P,False,146
P,518,260728105,0.05,0.01,P,False,151
P,518,260728105,0.01,0.05,P,False,146
P,519,260728106,0.05,0.05,P,False,156
P,519,260728106,0.05,0.01,P,False,161
P,519,260728106,0.01,0.05,P,False,156
P,520,260728107,0.05,0.05,P,False,142
P,520,260728107,0.05,0.01,P,False,147
P,520,260728107,0.01,0.05,P,False,142
P,521,260728108,0.05,0.05,P,False,115
P,521,260728108,0.05,0.01,P,False,120
P,521,260728108,0.01,0.05,P,False,115
P,522,260728109,0.05,0.05,P,False,150
P,522,260728109,0.05,0.01,P,False,180
P,522,260728109,0.01,0.05,P,False,150
P,523,260728110,0.05,0.05,P,False,125
P,523,260728110,0.05,0.01,P,False,130
P,523,260728110,0.01,0.05,P,False,125
P,524,260728111,0.05,0.05,P,False,191
P,524,260728111,0.05,0.01,P,False,197
P,524,260728111,0.01,0.05,P,False,191
P,525,260728112,0.05,0.05,P,False,122
P,525,260728112,0.05,0.01,P,False,127
P,525,260728112,0.01,0.05,P,False,122
P,526,260728113,0.05,0.05,P,False,139
P,526,260728113,0.05,0.01,P,False,148
P,526,260728113,0.01,0.05,P,False,139
P,527,260728114,0.05,0.05,P,False,159
P,527,260728114,0.05,0.01,P,False,164
P,527,260728114,0.01,0.05,P,False,159
P,528,260728115,0.05,0.05,P,False,166
P,528,260728115,0.05,0.01,P,False,198
P,528,260728115,0.01,0.05,P,False,166
P,529,260728116,0.05,0.05,P,False,133
P,529,260728116,0.05,0.01,P,False,138
P,529,260728116,0.01,0.05,P,False,133
P,530,260728117,0.05,0.05,P,False,193
P,530,260728117,0.05,0.01,P,False,198
P,530,260728117,0.01,0.05,P,False,193
P,531,260728118,0.05,0.05,P,False,162
P,531,260728118,0.05,0.01,P,False,177
P,531,260728118,0.01,0.05,P,False,162
P,532,260728119,0.05,0.05,P,False,145
P,532,260728119,0.05,0.01,P,False,158
P,532,260728119,0.01,0.05,P,False,145
P,533,260728120,0.05,0.05,P,False,133
P,533,260728120,0.05,0.01,P,False,138
P,533,260728120,0.01,0.05,P,False,133
P,534,260728121,0.05,0.05,P,False,112
P,534,260728121,0.05,0.01,P,False,117
P,534,260728121,0.01,0.05,P,False,112
P,535,260728122,0.05,0.05,P,False,127
P,535,260728122,0.05,0.01,P,False,131
P,535,260728122,0.01,0.05,P,False,127
P,536,260728123,0.05,0.05,P,False,140
P,536,260728123,0.05,0.01,P,False,145
P,536,260728123,0.01,0.05,P,False,140
P,537,260728124,0.05,0.05,P,False,129
P,537,260728124,0.05,0.01,P,False,134
P,537,260728124,0.01,0.05,P,False,129
P,538,260728125,0.05,0.05,P,False,164
P,538,260728125,0.05,0.01,P,False,182
P,538,260728125,0.01,0.05,P,False,164
P,539,260728126,0.05,0.05,P,False,133
P,539,260728126,0.05,0.01,P,False,143
P,539,260728126,0.01,0.05,P,False,133
P,540,260728127,0.05,0.05,P,False,127
P,540,260728127,0.05,0.01,P,False,137
P,540,260728127,0.01,0.05,P,False,127
P,541,260728128,0.05,0.05,P,False,144
P,541,260728128,0.05,0.01,P,False,149
P,541,260728128,0.01,0.05,P,False,144
P,542,260728129,0.05,0.05,P,False,163
P,542,260728129,0.05,0.01,P,False,169
P,542,260728129,0.01,0.05,P,False,163
P,543,260728130,0.05,0.05,P,False,109
P,543,260728130,0.05,0.01,P,False,114
P,543,260728130,0.01,0.05,P,False,109
P,544,260728131,0.05,0.05,P,False,116
P,544,260728131,0.05,0.01,P,False,130
P,544,260728131,0.01,0.05,P,False,116
P,545,260728132,0.05,0.05,P,False,138
P,545,260728132,0.05,0.01,P,False,143
P,545,260728132,0.01,0.05,P,False,138
P,546,260728133,0.05,0.05,P,False,121
P,546,260728133,0.05,0.01,P,False,126
P,546,260728133,0.01,0.05,P,False,121
P,547,260728134,0.05,0.05,P,False,124
P,547,260728134,0.05,0.01,P,False,129
P,547,260728134,0.01,0.05,P,False,124
P,548,260728135,0.05,0.05,P,False,135
P,548,260728135,0.05,0.01,P,False,140
P,548,260728135,0.01,0.05,P,False,135
P,549,260728136,0.05,0.05,P,False,137
P,549,260728136,0.05,0.01,P,False,142
P,549,260728136,0.01,0.05,P,False,137
P,550,260728137,0.05,0.05,P,False,187
P,550,260728137,0.05,0.01,P,False,192
P,550,260728137,0.01,0.05,P,False,187
P,551,260728138,0.05,0.05,P,False,144
P,551,260728138,0.05,0.01,P,False,149
P,551,260728138,0.01,0.05,P,False,144
P,552,260728139,0.05,0.05,P,False,107
P,552,260728139,0.05,0.01,P,False,112
P,552,260728139,0.01,0.05,P,False,107
P,553,260728140,0.05,0.05,P,False,117
P,553,260728140,0.05,0.01,P,False,122
P,553,260728140,0.01,0.05,P,False,117
P,554,260728141,0.05,0.05,P,False,177
P,554,260728141,0.05,0.01,P,False,182
P,554,260728141,0.01,0.05,P,False,177
P,555,260728142,0.05,0.05,P,False,104
P,555,260728142,0.05,0.01,P,False,108
P,555,260728142,0.01,0.05,P,False,104
P,556,260728143,0.05,0.05,P,False,118
P,556,260728143,0.05,0.01,P,False,136
P,556,260728143,0.01,0.05,P,False,118
P,557,260728144,0.05,0.05,P,False,152
P,557,260728144,0.05,0.01,P,False,173
P,557,260728144,0.01,0.05,P,False,152
P,558,260728145,0.05,0.05,P,False,162
P,558,260728145,0.05,0.01,P,False,168
P,558,260728145,0.01,0.05,P,False,162
P,559,260728146,0.05,0.05,P,False,162
P,559,260728146,0.05,0.01,P,False,167
P,559,260728146,0.01,0.05,P,False,162
P,560,260728147,0.05,0.05,P,False,141
P,560,260728147,0.05,0.01,P,False,146
P,560,260728147,0.01,0.05,P,False,141
P,561,260728148,0.05,0.05,P,False,165
P,561,260728148,0.05,0.01,P,False,170
P,561,260728148,0.01,0.05,P,False,165
P,562,260728149,0.05,0.05,P,False,131
P,562,260728149,0.05,0.01,P,False,145
P,562,260728149,0.01,0.05,P,False,131
P,563,260728150,0.05,0.05,P,False,183
P,563,260728150,0.05,0.01,P,False,188
P,563,260728150,0.01,0.05,P,False,183
P,564,260728151,0.05,0.05,P,False,114
P,564,260728151,0.05,0.01,P,False,119
P,564,260728151,0.01,0.05,P,False,114
P,565,260728152,0.05,0.05,P,False,154
P,565,260728152,0.05,0.01,P,False,165
P,565,260728152,0.01,0.05,P,False,154
P,566,260728153,0.05,0.05,P,False,133
P,566,260728153,0.05,0.01,P,False,138
P,566,260728153,0.01,0.05,P,False,133
P,567,260728154,0.05,0.05,P,False,172
P,567,260728154,0.05,0.01,P,False,198
P,567,260728154,0.01,0.05,P,False,172
P,568,260728155,0.05,0.05,P,False,141
P,568,260728155,0.05,0.01,P,False,148
P,568,260728155,0.01,0.05,P,False,141
P,569,260728156,0.05,0.05,P,False,126
P,569,260728156,0.05,0.01,P,False,131
P,569,260728156,0.01,0.05,P,False,126
P,570,260728157,0.05,0.05,P,False,134
P,570,260728157,0.05,0.01,P,False,139
P,570,260728157,0.01,0.05,P,False,134
P,571,260728158,0.05,0.05,P,False,173
P,571,260728158,0.05,0.01,P,False,178
P,571,260728158,0.01,0.05,P,False,173
P,572,260728159,0.05,0.05,P,False,148
P,572,260728159,0.05,0.01,P,False,153
P,572,260728159,0.01,0.05,P,False,148
P,573,260728160,0.05,0.05,P,False,167
P,573,260728160,0.05,0.01,P,False,172
P,573,260728160,0.01,0.05,P,False,167
P,574,260728161,0.05,0.05,P,False,142
P,574,260728161,0.05,0.01,P,False,147
P,574,260728161,0.01,0.05,P,False,142
P,575,260728162,0.05,0.05,P,False,120
P,575,260728162,0.05,0.01,P,False,138
P,575,260728162,0.01,0.05,P,False,120
P,576,260728163,0.05,0.05,P,False,143
P,576,260728163,0.05,0.01,P,False,148
P,576,260728163,0.01,0.05,P,False,143
P,577,260728164,0.05,0.05,P,False,91
P,577,260728164,0.05,0.01,P,False,110
P,577,260728164,0.01,0.05,P,False,91
P,578,260728165,0.05,0.05,P,False,124
P,578,260728165,0.05,0.01,P,False,128
P,578,260728165,0.01,0.05,P,False,124
P,579,260728166,0.05,0.05,P,False,175
P,579,260728166,0.05,0.01,P,False,180
P,579,260728166,0.01,0.05,P,False,175
P,580,260728167,0.05,0.05,P,False,102
P,580,260728167,0.05,0.01,P,False,116
P,580,260728167,0.01,0.05,P,False,102
P,581,260728168,0.05,0.05,P,False,144
P,581,260728168,0.05,0.01,P,False,149
P,581,260728168,0.01,0.05,P,False,144
P,582,260728169,0.05,0.05,P,False,168
P,582,260728169,0.05,0.01,P,False,173
P,582,260728169,0.01,0.05,P,False,168
P,583,260728170,0.05,0.05,P,False,145
P,583,260728170,0.05,0.01,P,False,160
P,583,260728170,0.01,0.05,P,False,145
P,584,260728171,0.05,0.05,P,False,122
P,584,260728171,0.05,0.01,P,False,126
P,584,260728171,0.01,0.05,P,False,122
P,585,260728172,0.05,0.05,P,False,111
P,585,260728172,0.05,0.01,P,False,126
P,585,260728172,0.01,0.05,P,False,111
P,586,260728173,0.05,0.05,P,False,158
P,586,260728173,0.05,0.01,P,False,163
P,586,260728173,0.01,0.05,P,False,158
P,587,260728174,0.05,0.05,P,False,99
P,587,260728174,0.05,0.01,P,False,105
P,587,260728174,0.01,0.05,P,False,99
P,588,260728175,0.05,0.05,P,False,99
P,588,260728175,0.05,0.01,P,False,104
P,588,260728175,0.01,0.05,P,False,99
P,589,260728176,0.05,0.05,P,False,137
P,589,260728176,0.05,0.01,P,False,142
P,589,260728176,0.01,0.05,P,False,137
P,590,260728177,0.05,0.05,P,False,134
P,590,260728177,0.05,0.01,P,False,140
P,590,260728177,0.01,0.05,P,False,134
P,591,260728178,0.05,0.05,P,False,141
P,591,260728178,0.05,0.01,P,False,146
P,591,260728178,0.01,0.05,P,False,141
P,592,260728179,0.05,0.05,P,False,146
P,592,260728179,0.05,0.01,P,False,151
P,592,260728179,0.01,0.05,P,False,146
P,593,260728180,0.05,0.05,P,False,158
P,593,260728180,0.05,0.01,P,False,163
P,593,260728180,0.01,0.05,P,False,158
P,594,260728181,0.05,0.05,P,False,128
P,594,260728181,0.05,0.01,P,False,133
P,594,260728181,0.01,0.05,P,False,128
P,595,260728182,0.05,0.05,P,False,159
P,595,260728182,0.05,0.01,P,False,164
P,595,260728182,0.01,0.05,P,False,159
P,596,260728183,0.05,0.05,P,False,185
P,596,260728183,0.05,0.01,P,False,190
P,596,260728183,0.01,0.05,P,False,185
P,597,260728184,0.05,0.05,P,False,134
P,597,260728184,0.05,0.01,P,False,139
P,597,260728184,0.01,0.05,P,False,134
P,598,260728185,0.05,0.05,P,False,181
P,598,260728185,0.05,0.01,P,False,187
P,598,260728185,0.01,0.05,P,False,181
P,599,260728186,0.05,0.05,P,False,156
P,599,260728186,0.05,0.01,P,False,161
P,599,260728186,0.01,0.05,P,False,156
P,600,260728187,0.05,0.05,P,False,105
P,600,260728187,0.05,0.01,P,False,173
P,600,260728187,0.01,0.05,P,False,105
P,601,260728188,0.05,0.05,P,False,142
P,601,260728188,0.05,0.01,P,False,147
P,601,260728188,0.01,0.05,P,False,142
P,602,260728189,0.05,0.05,P,False,124
P,602,260728189,0.05,0.01,P,False,129
P,602,260728189,0.01,0.05,P,False,124
P,603,260728190,0.05,0.05,P,False,112
P,603,260728190,0.05,0.01,P,False,117
P,603,260728190,0.01,0.05,P,False,112
P,604,260728191,0.05,0.05,P,False,127
P,604,260728191,0.05,0.01,P,False,132
P,604,260728191,0.01,0.05,P,False,127
P,605,260728192,0.05,0.05,P,False,155
P,605,260728192,0.05,0.01,P,False,167
P,605,260728192,0.01,0.05,P,False,155
P,606,260728193,0.05,0.05,P,False,105
P,606,260728193,0.05,0.01,P,False,115
P,606,260728193,0.01,0.05,P,False,105
P,607,260728194,0.05,0.05,P,False,125
P,607,260728194,0.05,0.01,P,False,130
P,607,260728194,0.01,0.05,P,False,125
P,608,260728195,0.05,0.05,P,False,133
P,608,260728195,0.05,0.01,P,False,137
P,608,260728195,0.01,0.05,P,False,133
P,609,260728196,0.05,0.05,P,False,121
P,609,260728196,0.05,0.01,P,False,125
P,609,260728196,0.01,0.05,P,False,121
P,610,260728197,0.05,0.05,P,False,130
P,610,260728197,0.05,0.01,P,False,135
P,610,260728197,0.01,0.05,P,False,130
P,611,260728198,0.05,0.05,P,False,105
P,611,260728198,0.05,0.01,P,False,109
P,611,260728198,0.01,0.05,P,False,105
P,612,260728199,0.05,0.05,P,False,170
P,612,260728199,0.05,0.01,P,False,175
P,612,260728199,0.01,0.05,P,False,170
P,613,260728200,0.05,0.05,P,False,167
P,613,260728200,0.05,0.01,P,False,172
P,613,260728200,0.01,0.05,P,False,167
P,614,260728201,0.05,0.05,P,False,170
P,614,260728201,0.05,0.01,P,False,190
P,614,260728201,0.01,0.05,P,False,170
P,615,260728202,0.05,0.05,P,False,222
P,615,260728202,0.05,0.01,P,False,233
P,615,260728202,0.01,0.05,P,False,222
P,616,260728203,0.05,0.05,P,False,143
P,616,260728203,0.05,0.01,P,False,148
P,616,260728203,0.01,0.05,P,False,143
P,617,260728204,0.05,0.05,P,False,132
P,617,260728204,0.05,0.01,P,False,140
P,617,260728204,0.01,0.05,P,False,132
P,618,260728205,0.05,0.05,P,False,231
P,618,260728205,0.05,0.01,P,False,236
P,618,260728205,0.01,0.05,P,False,231
P,619,260728206,0.05,0.05,P,False,105
P,619,260728206,0.05,0.01,P,False,110
P,619,260728206,0.01,0.05,P,False,105
P,620,260728207,0.05,0.05,P,False,155
P,620,260728207,0.05,0.01,P,False,160
P,620,260728207,0.01,0.05,P,False,155
P,621,260728208,0.05,0.05,P,False,117
P,621,260728208,0.05,0.01,P,False,122
P,621,260728208,0.01,0.05,P,False,117
P,622,260728209,0.05,0.05,P,False,138
P,622,260728209,0.05,0.01,P,False,143
P,622,260728209,0.01,0.05,P,False,138
P,623,260728210,0.05,0.05,P,False,167
P,623,260728210,0.05,0.01,P,False,172
P,623,260728210,0.01,0.05,P,False,167
P,624,260728211,0.05,0.05,P,False,146
P,624,260728211,0.05,0.01,P,False,151
P,624,260728211,0.01,0.05,P,False,146
P,625,260728212,0.05,0.05,P,False,190
P,625,260728212,0.05,0.01,P,False,196
P,625,260728212,0.01,0.05,P,False,190
P,626,260728213,0.05,0.05,P,False,145
P,626,260728213,0.05,0.01,P,False,150
P,626,260728213,0.01,0.05,P,False,145
P,627,260728214,0.05,0.05,P,False,176
P,627,260728214,0.05,0.01,P,False,181
P,627,260728214,0.01,0.05,P,False,176
P,628,260728215,0.05,0.05,P,False,121
P,628,260728215,0.05,0.01,P,False,135
P,628,260728215,0.01,0.05,P,False,121
P,629,260728216,0.05,0.05,P,False,109
P,629,260728216,0.05,0.01,P,False,114
P,629,260728216,0.01,0.05,P,False,109
P,630,260728217,0.05,0.05,P,False,149
P,630,260728217,0.05,0.01,P,False,154
P,630,260728217,0.01,0.05,P,False,149
P,631,260728218,0.05,0.05,P,False,143
P,631,260728218,0.05,0.01,P,False,148
P,631,260728218,0.01,0.05,P,False,143
P,632,260728219,0.05,0.05,P,False,126
P,632,260728219,0.05,0.01,P,False,131
P,632,260728219,0.01,0.05,P,False,126
P,633,260728220,0.05,0.05,P,False,186
P,633,260728220,0.05,0.01,P,False,191
P,633,260728220,0.01,0.05,P,False,186
P,634,260728221,0.05,0.05,P,False,140
P,634,260728221,0.05,0.01,P,False,145
P,634,260728221,0.01,0.05,P,False,140
P,635,260728222,0.05,0.05,P,False,123
P,635,260728222,0.05,0.01,P,False,129
P,635,260728222,0.01,0.05,P,False,123
P,636,260728223,0.05,0.05,P,False,95
P,636,260728223,0.05,0.01,P,False,100
P,636,260728223,0.01,0.05,P,False,95
P,637,260728224,0.05,0.05,P,False,111
P,637,260728224,0.05,0.01,P,False,115
P,637,260728224,0.01,0.05,P,False,111
P,638,260728225,0.05,0.05,P,False,130
P,638,260728225,0.05,0.01,P,False,135
P,638,260728225,0.01,0.05,P,False,130
P,639,260728226,0.05,0.05,P,False,161
P,639,260728226,0.05,0.01,P,False,166
P,639,260728226,0.01,0.05,P,False,161
P,640,260728227,0.05,0.05,P,False,109
P,640,260728227,0.05,0.01,P,False,114
P,640,260728227,0.01,0.05,P,False,109
P,641,260728228,0.05,0.05,P,False,95
P,641,260728228,0.05,0.01,P,False,99
P,641,260728228,0.01,0.05,P,False,95
P,642,260728229,0.05,0.05,P,False,149
P,642,260728229,0.05,0.01,P,False,154
P,642,260728229,0.01,0.05,P,False,149
P,643,260728230,0.05,0.05,P,False,197
P,643,260728230,0.05,0.01,P,False,202
P,643,260728230,0.01,0.05,P,False,197
P,644,260728231,0.05,0.05,P,False,173
P,644,260728231,0.05,0.01,P,False,178
P,644,260728231,0.01,0.05,P,False,173
P,645,260728232,0.05,0.05,P,False,116
P,645,260728232,0.05,0.01,P,False,121
P,645,260728232,0.01,0.05,P,False,116
P,646,260728233,0.05,0.05,P,False,189
P,646,260728233,0.05,0.01,P,False,200
P,646,260728233,0.01,0.05,P,False,189
P,647,260728234,0.05,0.05,P,False,150
P,647,260728234,0.05,0.01,P,False,155
P,647,260728234,0.01,0.05,P,False,150
P,648,260728235,0.05,0.05,P,False,141
P,648,260728235,0.05,0.01,P,False,146
P,648,260728235,0.01,0.05,P,False,141
P,649,260728236,0.05,0.05,P,False,176
P,649,260728236,0.05,0.01,P,False,181
P,649,260728236,0.01,0.05,P,False,176
P,650,260728237,0.05,0.05,P,False,144
P,650,260728237,0.05,0.01,P,False,149
P,650,260728237,0.01,0.05,P,False,144
P,651,260728238,0.05,0.05,P,False,197
P,651,260728238,0.05,0.01,P,False,202
P,651,260728238,0.01,0.05,P,False,197
P,652,260728239,0.05,0.05,P,False,125
P,652,260728239,0.05,0.01,P,False,130
P,652,260728239,0.01,0.05,P,False,125
P,653,260728240,0.05,0.05,P,False,166
P,653,260728240,0.05,0.01,P,False,171
P,653,260728240,0.01,0.05,P,False,166
P,654,260728241,0.05,0.05,P,False,137
P,654,260728241,0.05,0.01,P,False,142
P,654,260728241,0.01,0.05,P,False,137
P,655,260728242,0.05,0.05,P,False,107
P,655,260728242,0.05,0.01,P,False,112
P,655,260728242,0.01,0.05,P,False,107
P,656,260728243,0.05,0.05,P,False,136
P,656,260728243,0.05,0.01,P,False,145
P,656,260728243,0.01,0.05,P,False,136
P,657,260728244,0.05,0.05,P,False,103
P,657,260728244,0.05,0.01,P,False,107
P,657,260728244,0.01,0.05,P,False,103
P,658,260728245,0.05,0.05,P,False,116
P,658,260728245,0.05,0.01,P,False,121
P,658,260728245,0.01,0.05,P,False,116
P,659,260728246,0.05,0.05,P,False,191
P,659,260728246,0.05,0.01,P,False,197
P,659,260728246,0.01,0.05,P,False,191
P,660,260728247,0.05,0.05,P,False,140
P,660,260728247,0.05,0.01,P,False,170
P,660,260728247,0.01,0.05,P,False,140
P,661,260728248,0.05,0.05,P,False,119
P,661,260728248,0.05,0.01,P,False,129
P,661,260728248,0.01,0.05,P,False,119
P,662,260728249,0.05,0.05,P,False,129
P,662,260728249,0.05,0.01,P,False,134
P,662,260728249,0.01,0.05,P,False,129
P,663,260728250,0.05,0.05,P,False,101
P,663,260728250,0.05,0.01,P,False,105
P,663,260728250,0.01,0.05,P,False,101
P,664,260728251,0.05,0.05,P,False,163
P,664,260728251,0.05,0.01,P,False,168
P,664,260728251,0.01,0.05,P,False,163
P,665,260728252,0.05,0.05,P,False,127
P,665,260728252,0.05,0.01,P,False,132
P,665,260728252,0.01,0.05,P,False,127
P,666,260728253,0.05,0.05,P,False,142
P,666,260728253,0.05,0.01,P,False,160
P,666,260728253,0.01,0.05,P,False,142
P,667,260728254,0.05,0.05,P,False,142
P,667,260728254,0.05,0.01,P,False,147
P,667,260728254,0.01,0.05,P,False,142
P,668,260728255,0.05,0.05,P,False,91
P,668,260728255,0.05,0.01,P,False,96
P,668,260728255,0.01,0.05,P,False,91
P,669,260728256,0.05,0.05,P,False,207
P,669,260728256,0.05,0.01,P,False,213
P,669,260728256,0.01,0.05,P,False,207
P,670,260728257,0.05,0.05,P,False,99
P,670,260728257,0.05,0.01,P,False,105
P,670,260728257,0.01,0.05,P,False,99
P,671,260728258,0.05,0.05,P,False,139
P,671,260728258,0.05,0.01,P,False,145
P,671,260728258,0.01,0.05,P,False,139
P,672,260728259,0.05,0.05,P,False,118
P,672,260728259,0.05,0.01,P,False,130
P,672,260728259,0.01,0.05,P,False,118
P,673,260728260,0.05,0.05,P,False,117
P,673,260728260,0.05,0.01,P,False,121
P,673,260728260,0.01,0.05,P,False,117
P,674,260728261,0.05,0.05,P,False,164
P,674,260728261,0.05,0.01,P,False,170
P,674,260728261,0.01,0.05,P,False,164
P,675,260728262,0.05,0.05,P,False,140
P,675,260728262,0.05,0.01,P,False,145
P,675,260728262,0.01,0.05,P,False,140
P,676,260728263,0.05,0.05,P,False,167
P,676,260728263,0.05,0.01,P,False,172
P,676,260728263,0.01,0.05,P,False,167
P,677,260728264,0.05,0.05,P,False,179
P,677,260728264,0.05,0.01,P,False,184
P,677,260728264,0.01,0.05,P,False,179
P,678,260728265,0.05,0.05,P,False,123
P,678,260728265,0.05,0.01,P,False,128
P,678,260728265,0.01,0.05,P,False,123
P,679,260728266,0.05,0.05,P,False,202
P,679,260728266,0.05,0.01,P,False,214
P,679,260728266,0.01,0.05,P,False,202
P,680,260728267,0.05,0.05,P,False,159
P,680,260728267,0.05,0.01,P,False,164
P,680,260728267,0.01,0.05,P,False,159
P,681,260728268,0.05,0.05,P,False,128
P,681,260728268,0.05,0.01,P,False,139
P,681,260728268,0.01,0.05,P,False,128
P,682,260728269,0.05,0.05,P,False,150
P,682,260728269,0.05,0.01,P,False,155
P,682,260728269,0.01,0.05,P,False,150
P,683,260728270,0.05,0.05,P,False,160
P,683,260728270,0.05,0.01,P,False,171
P,683,260728270,0.01,0.05,P,False,160
P,684,260728271,0.05,0.05,P,False,109
P,684,260728271,0.05,0.01,P,False,114
P,684,260728271,0.01,0.05,P,False,109
P,685,260728272,0.05,0.05,P,False,140
P,685,260728272,0.05,0.01,P,False,145
P,685,260728272,0.01,0.05,P,False,140
P,686,260728273,0.05,0.05,P,False,139
P,686,260728273,0.05,0.01,P,False,144
P,686,260728273,0.01,0.05,P,False,139
P,687,260728274,0.05,0.05,P,False,161
P,687,260728274,0.05,0.01,P,False,166
P,687,260728274,0.01,0.05,P,False,161
P,688,260728275,0.05,0.05,P,False,132
P,688,260728275,0.05,0.01,P,False,224
P,688,260728275,0.01,0.05,P,False,132
P,689,260728276,0.05,0.05,P,False,142
P,689,260728276,0.05,0.01,P,False,147
P,689,260728276,0.01,0.05,P,False,142
P,690,260728277,0.05,0.05,P,False,182
P,690,260728277,0.05,0.01,P,False,191
P,690,260728277,0.01,0.05,P,False,182
P,691,260728278,0.05,0.05,P,False,123
P,691,260728278,0.05,0.01,P,False,128
P,691,260728278,0.01,0.05,P,False,123
P,692,260728279,0.05,0.05,P,False,124
P,692,260728279,0.05,0.01,P,False,129
P,692,260728279,0.01,0.05,P,False,124
P,693,260728280,0.05,0.05,P,False,149
P,693,260728280,0.05,0.01,P,False,159
P,693,260728280,0.01,0.05,P,False,149
P,694,260728281,0.05,0.05,P,False,150
P,694,260728281,0.05,0.01,P,False,155
P,694,260728281,0.01,0.05,P,False,150
P,695,260728282,0.05,0.05,P,False,199
P,695,260728282,0.05,0.01,P,False,208
P,695,260728282,0.01,0.05,P,False,199
P,696,260728283,0.05,0.05,P,False,106
P,696,260728283,0.05,0.01,P,False,122
P,696,260728283,0.01,0.05,P,False,106
P,697,260728284,0.05,0.05,P,False,120
P,697,260728284,0.05,0.01,P,False,125
P,697,260728284,0.01,0.05,P,False,120
P,698,260728285,0.05,0.05,P,False,130
P,698,260728285,0.05,0.01,P,False,135
P,698,260728285,0.01,0.05,P,False,130
P,699,260728286,0.05,0.05,P,False,118
P,699,260728286,0.05,0.01,P,False,123
P,699,260728286,0.01,0.05,P,False,118
P,700,260728287,0.05,0.05,P,False,224
P,700,260728287,0.05,0.01,P,False,230
P,700,260728287,0.01,0.05,P,False,224
P,701,260728288,0.05,0.05,P,False,150
P,701,260728288,0.05,0.01,P,False,155
P,701,260728288,0.01,0.05,P,False,150
P,702,260728289,0.05,0.05,P,False,138
P,702,260728289,0.05,0.01,P,False,143
P,702,260728289,0.01,0.05,P,False,138
P,703,260728290,0.05,0.05,P,False,159
P,703,260728290,0.05,0.01,P,False,164
P,703,260728290,0.01,0.05,P,False,159
P,704,260728291,0.05,0.05,P,False,156
P,704,260728291,0.05,0.01,P,False,161
P,704,260728291,0.01,0.05,P,False,156
P,705,260728292,0.05,0.05,P,False,118
P,705,260728292,0.05,0.01,P,False,123
P,705,260728292,0.01,0.05,P,False,118
P,706,260728293,0.05,0.05,P,False,171
P,706,260728293,0.05,0.01,P,False,176
P,706,260728293,0.01,0.05,P,False,171
P,707,260728294,0.05,0.05,P,False,137
P,707,260728294,0.05,0.01,P,False,142
P,707,260728294,0.01,0.05,P,False,137
P,708,260728295,0.05,0.05,P,False,111
P,708,260728295,0.05,0.01,P,False,115
P,708,260728295,0.01,0.05,P,False,111
P,709,260728296,0.05,0.05,P,False,165
P,709,260728296,0.05,0.01,P,False,170
P,709,260728296,0.01,0.05,P,False,165
P,710,260728297,0.05,0.05,P,False,100
P,710,260728297,0.05,0.01,P,False,164
P,710,260728297,0.01,0.05,P,False,100
P,711,260728298,0.05,0.05,P,False,143
P,711,260728298,0.05,0.01,P,False,148
P,711,260728298,0.01,0.05,P,False,143
P,712,260728299,0.05,0.05,P,False,115
P,712,260728299,0.05,0.01,P,False,120
P,712,260728299,0.01,0.05,P,False,115
P,713,260728300,0.05,0.05,P,False,150
P,713,260728300,0.05,0.01,P,False,155
P,713,260728300,0.01,0.05,P,False,150
P,714,260728301,0.05,0.05,P,False,157
P,714,260728301,0.05,0.01,P,False,161
P,714,260728301,0.01,0.05,P,False,157
P,715,260728302,0.05,0.05,P,False,133
P,715,260728302,0.05,0.01,P,False,138
P,715,260728302,0.01,0.05,P,False,133
P,716,260728303,0.05,0.05,P,False,157
P,716,260728303,0.05,0.01,P,False,162
P,716,260728303,0.01,0.05,P,False,157
P,717,260728304,0.05,0.05,P,False,143
P,717,260728304,0.05,0.01,P,False,148
P,717,260728304,0.01,0.05,P,False,143
P,718,260728305,0.05,0.05,P,False,126
P,718,260728305,0.05,0.01,P,False,132
P,718,260728305,0.01,0.05,P,False,126
P,719,260728306,0.05,0.05,P,False,135
P,719,260728306,0.05,0.01,P,False,139
P,719,260728306,0.01,0.05,P,False,135
P,720,260728307,0.05,0.05,P,False,170
P,720,260728307,0.05,0.01,P,False,175
P,720,260728307,0.01,0.05,P,False,170
P,721,260728308,0.05,0.05,P,False,125
P,721,260728308,0.05,0.01,P,False,130
P,721,260728308,0.01,0.05,P,False,125
P,722,260728309,0.05,0.05,P,False,186
P,722,260728309,0.05,0.01,P,False,191
P,722,260728309,0.01,0.05,P,False,186
P,723,260728310,0.05,0.05,P,False,142
P,723,260728310,0.05,0.01,P,False,147
P,723,260728310,0.01,0.05,P,False,142
P,724,260728311,0.05,0.05,P,False,114
P,724,260728311,0.05,0.01,P,False,119
P,724,260728311,0.01,0.05,P,False,114
P,725,260728312,0.05,0.05,P,False,104
P,725,260728312,0.05,0.01,P,False,108
P,725,260728312,0.01,0.05,P,False,104
P,726,260728313,0.05,0.05,P,False,138
P,726,260728313,0.05,0.01,P,False,143
P,726,260728313,0.01,0.05,P,False,138
P,727,260728314,0.05,0.05,P,False,161
P,727,260728314,0.05,0.01,P,False,175
P,727,260728314,0.01,0.05,P,False,161
P,728,260728315,0.05,0.05,P,False,142
P,728,260728315,0.05,0.01,P,False,147
P,728,260728315,0.01,0.05,P,False,142
P,729,260728316,0.05,0.05,P,False,152
P,729,260728316,0.05,0.01,P,False,164
P,729,260728316,0.01,0.05,P,False,152
P,730,260728317,0.05,0.05,P,False,150
P,730,260728317,0.05,0.01,P,False,176
P,730,260728317,0.01,0.05,P,False,150
P,731,260728318,0.05,0.05,P,False,153
P,731,260728318,0.05,0.01,P,False,158
P,731,260728318,0.01,0.05,P,False,153
P,732,260728319,0.05,0.05,P,False,209
P,732,260728319,0.05,0.01,P,False,215
P,732,260728319,0.01,0.05,P,False,209
P,733,260728320,0.05,0.05,P,False,179
P,733,260728320,0.05,0.01,P,False,185
P,733,260728320,0.01,0.05,P,False,179
P,734,260728321,0.05,0.05,P,False,102
P,734,260728321,0.05,0.01,P,False,107
P,734,260728321,0.01,0.05,P,False,102
P,735,260728322,0.05,0.05,P,False,109
P,735,260728322,0.05,0.01,P,False,114
P,735,260728322,0.01,0.05,P,False,109
P,736,260728323,0.05,0.05,P,False,121
P,736,260728323,0.05,0.01,P,False,126
P,736,260728323,0.01,0.05,P,False,121
P,737,260728324,0.05,0.05,P,False,108
P,737,260728324,0.05,0.01,P,False,113
P,737,260728324,0.01,0.05,P,False,108
P,738,260728325,0.05,0.05,P,False,137
P,738,260728325,0.05,0.01,P,False,142
P,738,260728325,0.01,0.05,P,False,137
P,739,260728326,0.05,0.05,P,False,102
P,739,260728326,0.05,0.01,P,False,165
P,739,260728326,0.01,0.05,P,False,102
P,740,260728327,0.05,0.05,P,False,144
P,740,260728327,0.05,0.01,P,False,149
P,740,260728327,0.01,0.05,P,False,144
P,741,260728328,0.05,0.05,P,False,110
P,741,260728328,0.05,0.01,P,False,119
P,741,260728328,0.01,0.05,P,False,110
P,742,260728329,0.05,0.05,P,False,133
P,742,260728329,0.05,0.01,P,False,138
P,742,260728329,0.01,0.05,P,False,133
P,743,260728330,0.05,0.05,P,False,112
P,743,260728330,0.05,0.01,P,False,117
P,743,260728330,0.01,0.05,P,False,112
P,744,260728331,0.05,0.05,P,False,155
P,744,260728331,0.05,0.01,P,False,160
P,744,260728331,0.01,0.05,P,False,155
P,745,260728332,0.05,0.05,P,False,113
P,745,260728332,0.05,0.01,P,False,118
P,745,260728332,0.01,0.05,P,False,113
P,746,260728333,0.05,0.05,P,False,114
P,746,260728333,0.05,0.01,P,False,134
P,746,260728333,0.01,0.05,P,False,114
P,747,260728334,0.05,0.05,P,False,117
P,747,260728334,0.05,0.01,P,False,122
P,747,260728334,0.01,0.05,P,False,117
P,748,260728335,0.05,0.05,P,False,121
P,748,260728335,0.05,0.01,P,False,126
P,748,260728335,0.01,0.05,P,False,121
P,749,260728336,0.05,0.05,P,False,133
P,749,260728336,0.05,0.01,P,False,138
P,749,260728336,0.01,0.05,P,False,133
P,750,260728337,0.05,0.05,P,False,183
P,750,260728337,0.05,0.01,P,False,198
P,750,260728337,0.01,0.05,P,False,183
P,751,260728338,0.05,0.05,P,False,172
P,751,260728338,0.05,0.01,P,False,199
P,751,260728338,0.01,0.05,P,False,172
P,752,260728339,0.05,0.05,P,False,116
P,752,260728339,0.05,0.01,P,False,121
P,752,260728339,0.01,0.05,P,False,116
P,753,260728340,0.05,0.05,P,False,137
P,753,260728340,0.05,0.01,P,False,142
P,753,260728340,0.01,0.05,P,False,137
P,754,260728341,0.05,0.05,P,False,125
P,754,260728341,0.05,0.01,P,False,129
P,754,260728341,0.01,0.05,P,False,125
P,755,260728342,0.05,0.05,P,False,112
P,755,260728342,0.05,0.01,P,False,117
P,755,260728342,0.01,0.05,P,False,112
P,756,260728343,0.05,0.05,P,False,155
P,756,260728343,0.05,0.01,P,False,160
P,756,260728343,0.01,0.05,P,False,155
P,757,260728344,0.05,0.05,P,False,141
P,757,260728344,0.05,0.01,P,False,163
P,757,260728344,0.01,0.05,P,False,141
P,758,260728345,0.05,0.05,P,False,120
P,758,260728345,0.05,0.01,P,False,144
P,758,260728345,0.01,0.05,P,False,120
P,759,260728346,0.05,0.05,P,False,218
P,759,260728346,0.05,0.01,P,False,223
P,759,260728346,0.01,0.05,P,False,218
P,760,260728347,0.05,0.05,P,False,100
P,760,260728347,0.05,0.01,P,False,104
P,760,260728347,0.01,0.05,P,False,100
P,761,260728348,0.05,0.05,P,False,120
P,761,260728348,0.05,0.01,P,False,125
P,761,260728348,0.01,0.05,P,False,120
P,762,260728349,0.05,0.05,P,False,143
P,762,260728349,0.05,0.01,P,False,148
P,762,260728349,0.01,0.05,P,False,143
P,763,260728350,0.05,0.05,P,False,161
P,763,260728350,0.05,0.01,P,False,166
P,763,260728350,0.01,0.05,P,False,161
P,764,260728351,0.05,0.05,P,False,137
P,764,260728351,0.05,0.01,P,False,141
P,764,260728351,0.01,0.05,P,False,137
P,765,260728352,0.05,0.05,P,False,145
P,765,260728352,0.05,0.01,P,False,150
P,765,260728352,0.01,0.05,P,False,145
P,766,260728353,0.05,0.05,P,False,100
P,766,260728353,0.05,0.01,P,False,105
P,766,260728353,0.01,0.05,P,False,100
P,767,260728354,0.05,0.05,P,False,189
P,767,260728354,0.05,0.01,P,False,195
P,767,260728354,0.01,0.05,P,False,189
P,768,260728355,0.05,0.05,P,False,197
P,768,260728355,0.05,0.01,P,False,202
P,768,260728355,0.01,0.05,P,False,197
P,769,260728356,0.05,0.05,P,False,207
P,769,260728356,0.05,0.01,P,False,213
P,769,260728356,0.01,0.05,P,False,207
P,770,260728357,0.05,0.05,P,False,155
P,770,260728357,0.05,0.01,P,False,160
P,770,260728357,0.01,0.05,P,False,155
P,771,260728358,0.05,0.05,P,False,148
P,771,260728358,0.05,0.01,P,False,153
P,771,260728358,0.01,0.05,P,False,148
P,772,260728359,0.05,0.05,P,False,137
P,772,260728359,0.05,0.01,P,False,142
P,772,260728359,0.01,0.05,P,False,137
P,773,260728360,0.05,0.05,P,False,117
P,773,260728360,0.05,0.01,P,False,126
P,773,260728360,0.01,0.05,P,False,117
P,774,260728361,0.05,0.05,P,False,174
P,774,260728361,0.05,0.01,P,False,179
P,774,260728361,0.01,0.05,P,False,174
P,775,260728362,0.05,0.05,P,False,140
P,775,260728362,0.05,0.01,P,False,166
P,775,260728362,0.01,0.05,P,False,140
P,776,260728363,0.05,0.05,P,False,140
P,776,260728363,0.05,0.01,P,False,146
P,776,260728363,0.01,0.05,P,False,140
P,777,260728364,0.05,0.05,P,False,138
P,777,260728364,0.05,0.01,P,False,143
P,777,260728364,0.01,0.05,P,False,138
P,778,260728365,0.05,0.05,P,False,125
P,778,260728365,0.05,0.01,P,False,130
P,778,260728365,0.01,0.05,P,False,125
P,779,260728366,0.05,0.05,P,False,170
P,779,260728366,0.05,0.01,P,False,175
P,779,260728366,0.01,0.05,P,False,170
P,780,260728367,0.05,0.05,P,False,199
P,780,260728367,0.05,0.01,P,False,206
P,780,260728367,0.01,0.05,P,False,199
P,781,260728368,0.05,0.05,P,False,152
P,781,260728368,0.05,0.01,P,False,177
P,781,260728368,0.01,0.05,P,False,152
P,782,260728369,0.05,0.05,P,False,123
P,782,260728369,0.05,0.01,P,False,128
P,782,260728369,0.01,0.05,P,False,123
P,783,260728370,0.05,0.05,P,False,195
P,783,260728370,0.05,0.01,P,False,201
P,783,260728370,0.01,0.05,P,False,195
P,784,260728371,0.05,0.05,P,False,169
P,784,260728371,0.05,0.01,P,False,174
P,784,260728371,0.01,0.05,P,False,169
P,785,260728372,0.05,0.05,P,False,151
P,785,260728372,0.05,0.01,P,False,156
P,785,260728372,0.01,0.05,P,False,151
P,786,260728373,0.05,0.05,P,False,151
P,786,260728373,0.05,0.01,P,False,156
P,786,260728373,0.01,0.05,P,False,151
P,787,260728374,0.05,0.05,P,False,148
P,787,260728374,0.05,0.01,P,False,153
P,787,260728374,0.01,0.05,P,False,148
P,788,260728375,0.05,0.05,P,False,118
P,788,260728375,0.05,0.01,P,False,123
P,788,260728375,0.01,0.05,P,False,118
P,789,260728376,0.05,0.05,P,False,133
P,789,260728376,0.05,0.01,P,False,139
P,789,260728376,0.01,0.05,P,False,133
P,790,260728377,0.05,0.05,P,False,92
P,790,260728377,0.05,0.01,P,False,97
P,790,260728377,0.01,0.05,P,False,92
P,791,260728378,0.05,0.05,P,False,163
P,791,260728378,0.05,0.01,P,False,175
P,791,260728378,0.01,0.05,P,False,163
P,792,260728379,0.05,0.05,P,False,112
P,792,260728379,0.05,0.01,P,False,116
P,792,260728379,0.01,0.05,P,False,112
P,793,260728380,0.05,0.05,P,False,141
P,793,260728380,0.05,0.01,P,False,146
P,793,260728380,0.01,0.05,P,False,141
P,794,260728381,0.05,0.05,P,False,118
P,794,260728381,0.05,0.01,P,False,123
P,794,260728381,0.01,0.05,P,False,118
P,795,260728382,0.05,0.05,P,False,157
P,795,260728382,0.05,0.01,P,False,163
P,795,260728382,0.01,0.05,P,False,157
P,796,260728383,0.05,0.05,P,False,124
P,796,260728383,0.05,0.01,P,False,129
P,796,260728383,0.01,0.05,P,False,124
P,797,260728384,0.05,0.05,P,False,110
P,797,260728384,0.05,0.01,P,False,115
P,797,260728384,0.01,0.05,P,False,110
P,798,260728385,0.05,0.05,P,False,104
P,798,260728385,0.05,0.01,P,False,108
P,798,260728385,0.01,0.05,P,False,104
P,799,260728386,0.05,0.05,P,False,125
P,799,260728386,0.05,0.01,P,False,130
P,799,260728386,0.01,0.05,P,False,125
P,800,260728387,0.05,0.05,P,False,151
P,800,260728387,0.05,0.01,P,False,156
P,800,260728387,0.01,0.05,P,False,151
P,801,260728388,0.05,0.05,P,False,105
P,801,260728388,0.05,0.01,P,False,110
P,801,260728388,0.01,0.05,P,False,105
P,802,260728389,0.05,0.05,P,False,146
P,802,260728389,0.05,0.01,P,False,151
P,802,260728389,0.01,0.05,P,False,146
P,803,260728390,0.05,0.05,P,False,149
P,803,260728390,0.05,0.01,P,False,154
P,803,260728390,0.01,0.05,P,False,149
P,804,260728391,0.05,0.05,P,False,138
P,804,260728391,0.05,0.01,P,False,143
P,804,260728391,0.01,0.05,P,False,138
P,805,260728392,0.05,0.05,P,False,141
P,805,260728392,0.05,0.01,P,False,149
P,805,260728392,0.01,0.05,P,False,141
P,806,260728393,0.05,0.05,P,False,138
P,806,260728393,0.05,0.01,P,False,143
P,806,260728393,0.01,0.05,P,False,138
P,807,260728394,0.05,0.05,P,False,134
P,807,260728394,0.05,0.01,P,False,139
P,807,260728394,0.01,0.05,P,False,134
P,808,260728395,0.05,0.05,P,False,169
P,808,260728395,0.05,0.01,P,False,174
P,808,260728395,0.01,0.05,P,False,169
P,809,260728396,0.05,0.05,P,False,165
P,809,260728396,0.05,0.01,P,False,170
P,809,260728396,0.01,0.05,P,False,165
P,810,260728397,0.05,0.05,P,False,170
P,810,260728397,0.05,0.01,P,False,175
P,810,260728397,0.01,0.05,P,False,170
P,811,260728398,0.05,0.05,P,False,127
P,811,260728398,0.05,0.01,P,False,132
P,811,260728398,0.01,0.05,P,False,127
P,812,260728399,0.05,0.05,P,False,131
P,812,260728399,0.05,0.01,P,False,136
P,812,260728399,0.01,0.05,P,False,131
P,813,260728400,0.05,0.05,P,False,196
P,813,260728400,0.05,0.01,P,False,201
P,813,260728400,0.01,0.05,P,False,196
P,814,260728401,0.05,0.05,P,False,93
P,814,260728401,0.05,0.01,P,False,98
P,814,260728401,0.01,0.05,P,False,93
P,815,260728402,0.05,0.05,P,False,162
P,815,260728402,0.05,0.01,P,False,168
P,815,260728402,0.01,0.05,P,False,162
P,816,260728403,0.05,0.05,P,False,148
P,816,260728403,0.05,0.01,P,False,153
P,816,260728403,0.01,0.05,P,False,148
P,817,260728404,0.05,0.05,P,False,128
P,817,260728404,0.05,0.01,P,False,133
P,817,260728404,0.01,0.05,P,False,128
P,818,260728405,0.05,0.05,P,False,183
P,818,260728405,0.05,0.01,P,False,188
P,818,260728405,0.01,0.05,P,False,183
P,819,260728406,0.05,0.05,P,False,135
P,819,260728406,0.05,0.01,P,False,140
P,819,260728406,0.01,0.05,P,False,135
P,820,260728407,0.05,0.05,P,False,118
P,820,260728407,0.05,0.01,P,False,123
P,820,260728407,0.01,0.05,P,False,118
P,821,260728408,0.05,0.05,P,False,100
P,821,260728408,0.05,0.01,P,False,105
P,821,260728408,0.01,0.05,P,False,100
P,822,260728409,0.05,0.05,P,False,117
P,822,260728409,0.05,0.01,P,False,122
P,822,260728409,0.01,0.05,P,False,117
P,823,260728410,0.05,0.05,P,False,208
P,823,260728410,0.05,0.01,P,False,213
P,823,260728410,0.01,0.05,P,False,208
P,824,260728411,0.05,0.05,P,False,168
P,824,260728411,0.05,0.01,P,False,173
P,824,260728411,0.01,0.05,P,False,168
P,825,260728412,0.05,0.05,P,False,137
P,825,260728412,0.05,0.01,P,False,142
P,825,260728412,0.01,0.05,P,False,137
P,826,260728413,0.05,0.05,P,False,103
P,826,260728413,0.05,0.01,P,False,108
P,826,260728413,0.01,0.05,P,False,103
P,827,260728414,0.05,0.05,P,False,121
P,827,260728414,0.05,0.01,P,False,125
P,827,260728414,0.01,0.05,P,False,121
P,828,260728415,0.05,0.05,P,False,191
P,828,260728415,0.05,0.01,P,False,196
P,828,260728415,0.01,0.05,P,False,191
P,829,260728416,0.05,0.05,P,False,116
P,829,260728416,0.05,0.01,P,False,121
P,829,260728416,0.01,0.05,P,False,116
P,830,260728417,0.05,0.05,P,False,127
P,830,260728417,0.05,0.01,P,False,134
P,830,260728417,0.01,0.05,P,False,127
P,831,260728418,0.05,0.05,P,False,103
P,831,260728418,0.05,0.01,P,False,123
P,831,260728418,0.01,0.05,P,False,103
P,832,260728419,0.05,0.05,P,False,106
P,832,260728419,0.05,0.01,P,False,111
P,832,260728419,0.01,0.05,P,False,106
P,833,260728420,0.05,0.05,P,False,176
P,833,260728420,0.05,0.01,P,False,181
P,833,260728420,0.01,0.05,P,False,176
P,834,260728421,0.05,0.05,P,False,130
P,834,260728421,0.05,0.01,P,False,135
P,834,260728421,0.01,0.05,P,False,130
P,835,260728422,0.05,0.05,P,False,156
P,835,260728422,0.05,0.01,P,False,161
P,835,260728422,0.01,0.05,P,False,156
P,836,260728423,0.05,0.05,P,False,202
P,836,260728423,0.05,0.01,P,False,207
P,836,260728423,0.01,0.05,P,False,202
P,837,260728424,0.05,0.05,P,False,139
P,837,260728424,0.05,0.01,P,False,144
P,837,260728424,0.01,0.05,P,False,139
P,838,260728425,0.05,0.05,P,False,181
P,838,260728425,0.05,0.01,P,False,186
P,838,260728425,0.01,0.05,P,False,181
P,839,260728426,0.05,0.05,P,False,180
P,839,260728426,0.05,0.01,P,False,185
P,839,260728426,0.01,0.05,P,False,180
P,840,260728427,0.05,0.05,P,False,150
P,840,260728427,0.05,0.01,P,False,155
P,840,260728427,0.01,0.05,P,False,150
P,841,260728428,0.05,0.05,P,False,121
P,841,260728428,0.05,0.01,P,False,126
P,841,260728428,0.01,0.05,P,False,121
P,842,260728429,0.05,0.05,P,False,109
P,842,260728429,0.05,0.01,P,False,121
P,842,260728429,0.01,0.05,P,False,109
P,843,260728430,0.05,0.05,P,False,151
P,843,260728430,0.05,0.01,P,False,163
P,843,260728430,0.01,0.05,P,False,151
P,844,260728431,0.05,0.05,P,False,112
P,844,260728431,0.05,0.01,P,False,150
P,844,260728431,0.01,0.05,P,False,112
P,845,260728432,0.05,0.05,P,False,178
P,845,260728432,0.05,0.01,P,False,183
P,845,260728432,0.01,0.05,P,False,178
P,846,260728433,0.05,0.05,P,False,132
P,846,260728433,0.05,0.01,P,False,137
P,846,260728433,0.01,0.05,P,False,132
P,847,260728434,0.05,0.05,P,False,169
P,847,260728434,0.05,0.01,P,False,174
P,847,260728434,0.01,0.05,P,False,169
P,848,260728435,0.05,0.05,P,False,137
P,848,260728435,0.05,0.01,P,False,142
P,848,260728435,0.01,0.05,P,False,137
P,849,260728436,0.05,0.05,P,False,102
P,849,260728436,0.05,0.01,P,False,107
P,849,260728436,0.01,0.05,P,False,102
P,850,260728437,0.05,0.05,P,False,145
P,850,260728437,0.05,0.01,P,False,150
P,850,260728437,0.01,0.05,P,False,145
P,851,260728438,0.05,0.05,P,False,118
P,851,260728438,0.05,0.01,P,False,122
P,851,260728438,0.01,0.05,P,False,118
P,852,260728439,0.05,0.05,P,False,165
P,852,260728439,0.05,0.01,P,False,170
P,852,260728439,0.01,0.05,P,False,165
P,853,260728440,0.05,0.05,P,False,178
P,853,260728440,0.05,0.01,P,False,183
P,853,260728440,0.01,0.05,P,False,178
P,854,260728441,0.05,0.05,P,False,149
P,854,260728441,0.05,0.01,P,False,161
P,854,260728441,0.01,0.05,P,False,149
P,855,260728442,0.05,0.05,P,False,156
P,855,260728442,0.05,0.01,P,False,161
P,855,260728442,0.01,0.05,P,False,156
P,856,260728443,0.05,0.05,P,False,112
P,856,260728443,0.05,0.01,P,False,117
P,856,260728443,0.01,0.05,P,False,112
P,857,260728444,0.05,0.05,P,False,118
P,857,260728444,0.05,0.01,P,False,123
P,857,260728444,0.01,0.05,P,False,118
P,858,260728445,0.05,0.05,P,False,137
P,858,260728445,0.05,0.01,P,False,142
P,858,260728445,0.01,0.05,P,False,137
P,859,260728446,0.05,0.05,P,False,144
P,859,260728446,0.05,0.01,P,False,149
P,859,260728446,0.01,0.05,P,False,144
P,860,260728447,0.05,0.05,P,False,175
P,860,260728447,0.05,0.01,P,False,181
P,860,260728447,0.01,0.05,P,False,175
P,861,260728448,0.05,0.05,P,False,169
P,861,260728448,0.05,0.01,P,False,174
P,861,260728448,0.01,0.05,P,False,169
P,862,260728449,0.05,0.05,P,False,170
P,862,260728449,0.05,0.01,P,False,181
P,862,260728449,0.01,0.05,P,False,170
P,863,260728450,0.05,0.05,P,False,173
P,863,260728450,0.05,0.01,P,False,179
P,863,260728450,0.01,0.05,P,False,173
P,864,260728451,0.05,0.05,P,False,160
P,864,260728451,0.05,0.01,P,False,165
P,864,260728451,0.01,0.05,P,False,160
P,865,260728452,0.05,0.05,P,False,119
P,865,260728452,0.05,0.01,P,False,124
P,865,260728452,0.01,0.05,P,False,119
P,866,260728453,0.05,0.05,P,False,161
P,866,260728453,0.05,0.01,P,False,166
P,866,260728453,0.01,0.05,P,False,161
P,867,260728454,0.05,0.05,P,False,129
P,867,260728454,0.05,0.01,P,False,134
P,867,260728454,0.01,0.05,P,False,129
P,868,260728455,0.05,0.05,P,False,123
P,868,260728455,0.05,0.01,P,False,128
P,868,260728455,0.01,0.05,P,False,123
P,869,260728456,0.05,0.05,P,False,114
P,869,260728456,0.05,0.01,P,False,123
P,869,260728456,0.01,0.05,P,False,114
P,870,260728457,0.05,0.05,P,False,157
P,870,260728457,0.05,0.01,P,False,162
P,870,260728457,0.01,0.05,P,False,157
P,871,260728458,0.05,0.05,P,False,144
P,871,260728458,0.05,0.01,P,False,149
P,871,260728458,0.01,0.05,P,False,144
P,872,260728459,0.05,0.05,P,False,149
P,872,260728459,0.05,0.01,P,False,155
P,872,260728459,0.01,0.05,P,False,149
P,873,260728460,0.05,0.05,P,False,130
P,873,260728460,0.05,0.01,P,False,136
P,873,260728460,0.01,0.05,P,False,130
P,874,260728461,0.05,0.05,P,False,170
P,874,260728461,0.05,0.01,P,False,175
P,874,260728461,0.01,0.05,P,False,170
P,875,260728462,0.05,0.05,P,False,176
P,875,260728462,0.05,0.01,P,False,181
P,875,260728462,0.01,0.05,P,False,176
P,876,260728463,0.05,0.05,P,False,105
P,876,260728463,0.05,0.01,P,False,109
P,876,260728463,0.01,0.05,P,False,105
P,877,260728464,0.05,0.05,P,False,162
P,877,260728464,0.05,0.01,P,False,168
P,877,260728464,0.01,0.05,P,False,162
P,878,260728465,0.05,0.05,P,False,205
P,878,260728465,0.05,0.01,P,False,211
P,878,260728465,0.01,0.05,P,False,205
P,879,260728466,0.05,0.05,P,False,105
P,879,260728466,0.05,0.01,P,False,110
P,879,260728466,0.01,0.05,P,False,105
P,880,260728467,0.05,0.05,P,False,149
P,880,260728467,0.05,0.01,P,False,154
P,880,260728467,0.01,0.05,P,False,149
P,881,260728468,0.05,0.05,P,False,110
P,881,260728468,0.05,0.01,P,False,115
P,881,260728468,0.01,0.05,P,False,110
P,882,260728469,0.05,0.05,P,False,115
P,882,260728469,0.05,0.01,P,False,120
P,882,260728469,0.01,0.05,P,False,115
P,883,260728470,0.05,0.05,P,False,135
P,883,260728470,0.05,0.01,P,False,140
P,883,260728470,0.01,0.05,P,False,135
P,884,260728471,0.05,0.05,P,False,155
P,884,260728471,0.05,0.01,P,False,160
P,884,260728471,0.01,0.05,P,False,155
P,885,260728472,0.05,0.05,P,False,102
P,885,260728472,0.05,0.01,P,False,105
P,885,260728472,0.01,0.05,P,False,102
P,886,260728473,0.05,0.05,P,False,138
P,886,260728473,0.05,0.01,P,False,143
P,886,260728473,0.01,0.05,P,False,138
P,887,260728474,0.05,0.05,P,False,159
P,887,260728474,0.05,0.01,P,False,164
P,887,260728474,0.01,0.05,P,False,159
P,888,260728475,0.05,0.05,P,False,145
P,888,260728475,0.05,0.01,P,False,155
P,888,260728475,0.01,0.05,P,False,145
P,889,260728476,0.05,0.05,P,False,116
P,889,260728476,0.05,0.01,P,False,121
P,889,260728476,0.01,0.05,P,False,116
P,890,260728477,0.05,0.05,P,False,135
P,890,260728477,0.05,0.01,P,False,140
P,890,260728477,0.01,0.05,P,False,135
P,891,260728478,0.05,0.05,P,False,101
P,891,260728478,0.05,0.01,P,False,106
P,891,260728478,0.01,0.05,P,False,101
P,892,260728479,0.05,0.05,P,False,146
P,892,260728479,0.05,0.01,P,False,151
P,892,260728479,0.01,0.05,P,False,146
P,893,260728480,0.05,0.05,P,False,182
P,893,260728480,0.05,0.01,P,False,187
P,893,260728480,0.01,0.05,P,False,182
P,894,260728481,0.05,0.05,P,False,156
P,894,260728481,0.05,0.01,P,False,161
P,894,260728481,0.01,0.05,P,False,156
P,895,260728482,0.05,0.05,P,False,132
P,895,260728482,0.05,0.01,P,False,137
P,895,260728482,0.01,0.05,P,False,132
P,896,260728483,0.05,0.05,P,False,110
P,896,260728483,0.05,0.01,P,False,152
P,896,260728483,0.01,0.05,P,False,110
P,897,260728484,0.05,0.05,P,False,91
P,897,260728484,0.05,0.01,P,False,113
P,897,260728484,0.01,0.05,P,False,91
P,898,260728485,0.05,0.05,P,False,185
P,898,260728485,0.05,0.01,P,False,190
P,898,260728485,0.01,0.05,P,False,185
P,899,260728486,0.05,0.05,P,False,166
P,899,260728486,0.05,0.01,P,False,171
P,899,260728486,0.01,0.05,P,False,166
P,900,260728487,0.05,0.05,P,False,140
P,900,260728487,0.05,0.01,P,False,145
P,900,260728487,0.01,0.05,P,False,140
P,901,260728488,0.05,0.05,P,False,180
P,901,260728488,0.05,0.01,P,False,185
P,901,260728488,0.01,0.05,P,False,180
P,902,260728489,0.05,0.05,P,False,133
P,902,260728489,0.05,0.01,P,False,138
P,902,260728489,0.01,0.05,P,False,133
P,903,260728490,0.05,0.05,P,False,132
P,903,260728490,0.05,0.01,P,False,137
P,903,260728490,0.01,0.05,P,False,132
P,904,260728491,0.05,0.05,P,False,175
P,904,260728491,0.05,0.01,P,False,180
P,904,260728491,0.01,0.05,P,False,175
P,905,260728492,0.05,0.05,P,False,141
P,905,260728492,0.05,0.01,P,False,146
P,905,260728492,0.01,0.05,P,False,141
P,906,260728493,0.05,0.05,P,False,174
P,906,260728493,0.05,0.01,P,False,179
P,906,260728493,0.01,0.05,P,False,174
P,907,260728494,0.05,0.05,P,False,100
P,907,260728494,0.05,0.01,P,False,113
P,907,260728494,0.01,0.05,P,False,100
P,908,260728495,0.05,0.05,P,False,126
P,908,260728495,0.05,0.01,P,False,131
P,908,260728495,0.01,0.05,P,False,126
P,909,260728496,0.05,0.05,P,False,165
P,909,260728496,0.05,0.01,P,False,170
P,909,260728496,0.01,0.05,P,False,165
P,910,260728497,0.05,0.05,P,False,188
P,910,260728497,0.05,0.01,P,False,194
P,910,260728497,0.01,0.05,P,False,188
P,911,260728498,0.05,0.05,P,False,128
P,911,260728498,0.05,0.01,P,False,132
P,911,260728498,0.01,0.05,P,False,128
P,912,260728499,0.05,0.05,P,False,124
P,912,260728499,0.05,0.01,P,False,129
P,912,260728499,0.01,0.05,P,False,124
P,913,260728500,0.05,0.05,P,False,116
P,913,260728500,0.05,0.01,P,False,139
P,913,260728500,0.01,0.05,P,False,116
P,914,260728501,0.05,0.05,P,False,132
P,914,260728501,0.05,0.01,P,False,137
P,914,260728501,0.01,0.05,P,False,132
P,915,260728502,0.05,0.05,P,False,116
P,915,260728502,0.05,0.01,P,False,121
P,915,260728502,0.01,0.05,P,False,116
P,916,260728503,0.05,0.05,P,False,154
P,916,260728503,0.05,0.01,P,False,160
P,916,260728503,0.01,0.05,P,False,154
P,917,260728504,0.05,0.05,P,False,157
P,917,260728504,0.05,0.01,P,False,170
P,917,260728504,0.01,0.05,P,False,157
P,918,260728505,0.05,0.05,P,False,140
P,918,260728505,0.05,0.01,P,False,145
P,918,260728505,0.01,0.05,P,False,140
P,919,260728506,0.05,0.05,P,False,152
P,919,260728506,0.05,0.01,P,False,157
P,919,260728506,0.01,0.05,P,False,152
P,920,260728507,0.05,0.05,P,False,119
P,920,260728507,0.05,0.01,P,False,124
P,920,260728507,0.01,0.05,P,False,119
P,921,260728508,0.05,0.05,P,False,138
P,921,260728508,0.05,0.01,P,False,143
P,921,260728508,0.01,0.05,P,False,138
P,922,260728509,0.05,0.05,P,False,155
P,922,260728509,0.05,0.01,P,False,160
P,922,260728509,0.01,0.05,P,False,155
P,923,260728510,0.05,0.05,P,False,154
P,923,260728510,0.05,0.01,P,False,159
P,923,260728510,0.01,0.05,P,False,154
P,924,260728511,0.05,0.05,P,False,104
P,924,260728511,0.05,0.01,P,False,126
P,924,260728511,0.01,0.05,P,False,104
P,925,260728512,0.05,0.05,P,False,144
P,925,260728512,0.05,0.01,P,False,149
P,925,260728512,0.01,0.05,P,False,144
P,926,260728513,0.05,0.05,P,False,121
P,926,260728513,0.05,0.01,P,False,126
P,926,260728513,0.01,0.05,P,False,121
P,927,260728514,0.05,0.05,P,False,128
P,927,260728514,0.05,0.01,P,False,133
P,927,260728514,0.01,0.05,P,False,128
P,928,260728515,0.05,0.05,P,False,140
P,928,260728515,0.05,0.01,P,False,146
P,928,260728515,0.01,0.05,P,False,140
P,929,260728516,0.05,0.05,P,False,179
P,929,260728516,0.05,0.01,P,False,184
P,929,260728516,0.01,0.05,P,False,179
P,930,260728517,0.05,0.05,P,False,186
P,930,260728517,0.05,0.01,P,False,192
P,930,260728517,0.01,0.05,P,False,186
P,931,260728518,0.05,0.05,P,False,119
P,931,260728518,0.05,0.01,P,False,126
P,931,260728518,0.01,0.05,P,False,119
P,932,260728519,0.05,0.05,P,False,117
P,932,260728519,0.05,0.01,P,False,122
P,932,260728519,0.01,0.05,P,False,117
P,933,260728520,0.05,0.05,P,False,133
P,933,260728520,0.05,0.01,P,False,138
P,933,260728520,0.01,0.05,P,False,133
P,934,260728521,0.05,0.05,P,False,146
P,934,260728521,0.05,0.01,P,False,151
P,934,260728521,0.01,0.05,P,False,146
P,935,260728522,0.05,0.05,P,False,142
P,935,260728522,0.05,0.01,P,False,147
P,935,260728522,0.01,0.05,P,False,142
P,936,260728523,0.05,0.05,P,False,112
P,936,260728523,0.05,0.01,P,False,117
P,936,260728523,0.01,0.05,P,False,112
P,937,260728524,0.05,0.05,P,False,119
P,937,260728524,0.05,0.01,P,False,124
P,937,260728524,0.01,0.05,P,False,119
P,938,260728525,0.05,0.05,P,False,135
P,938,260728525,0.05,0.01,P,False,140
P,938,260728525,0.01,0.05,P,False,135
P,939,260728526,0.05,0.05,P,False,192
P,939,260728526,0.05,0.01,P,False,197
P,939,260728526,0.01,0.05,P,False,192
P,940,260728527,0.05,0.05,P,False,150
P,940,260728527,0.05,0.01,P,False,171
P,940,260728527,0.01,0.05,P,False,150
P,941,260728528,0.05,0.05,P,False,174
P,941,260728528,0.05,0.01,P,False,180
P,941,260728528,0.01,0.05,P,False,174
P,942,260728529,0.05,0.05,P,False,130
P,942,260728529,0.05,0.01,P,False,135
P,942,260728529,0.01,0.05,P,False,130
P,943,260728530,0.05,0.05,P,False,132
P,943,260728530,0.05,0.01,P,False,145
P,943,260728530,0.01,0.05,P,False,132
P,944,260728531,0.05,0.05,P,False,142
P,944,260728531,0.05,0.01,P,False,147
P,944,260728531,0.01,0.05,P,False,142
P,945,260728532,0.05,0.05,P,False,126
P,945,260728532,0.05,0.01,P,False,131
P,945,260728532,0.01,0.05,P,False,126
P,946,260728533,0.05,0.05,P,False,130
P,946,260728533,0.05,0.01,P,False,135
P,946,260728533,0.01,0.05,P,False,130
P,947,260728534,0.05,0.05,P,False,191
P,947,260728534,0.05,0.01,P,False,197
P,947,260728534,0.01,0.05,P,False,191
P,948,260728535,0.05,0.05,P,False,187
P,948,260728535,0.05,0.01,P,False,192
P,948,260728535,0.01,0.05,P,False,187
P,949,260728536,0.05,0.05,P,False,127
P,949,260728536,0.05,0.01,P,False,132
P,949,260728536,0.01,0.05,P,False,127
P,950,260728537,0.05,0.05,P,False,102
P,950,260728537,0.05,0.01,P,False,107
P,950,260728537,0.01,0.05,P,False,102
P,951,260728538,0.05,0.05,P,False,130
P,951,260728538,0.05,0.01,P,False,145
P,951,260728538,0.01,0.05,P,False,130
P,952,260728539,0.05,0.05,P,False,120
P,952,260728539,0.05,0.01,P,False,125
P,952,260728539,0.01,0.05,P,False,120
P,953,260728540,0.05,0.05,P,False,117
P,953,260728540,0.05,0.01,P,False,122
P,953,260728540,0.01,0.05,P,False,117
P,954,260728541,0.05,0.05,P,False,145
P,954,260728541,0.05,0.01,P,False,160
P,954,260728541,0.01,0.05,P,False,145
P,955,260728542,0.05,0.05,P,False,149
P,955,260728542,0.05,0.01,P,False,154
P,955,260728542,0.01,0.05,P,False,149
P,956,260728543,0.05,0.05,P,False,142
P,956,260728543,0.05,0.01,P,False,147
P,956,260728543,0.01,0.05,P,False,142
P,957,260728544,0.05,0.05,P,False,125
P,957,260728544,0.05,0.01,P,False,130
P,957,260728544,0.01,0.05,P,False,125
P,958,260728545,0.05,0.05,P,False,181
P,958,260728545,0.05,0.01,P,False,186
P,958,260728545,0.01,0.05,P,False,181
P,959,260728546,0.05,0.05,P,False,114
P,959,260728546,0.05,0.01,P,False,119
P,959,260728546,0.01,0.05,P,False,114
P,960,260728547,0.05,0.05,P,False,135
P,960,260728547,0.05,0.01,P,False,140
P,960,260728547,0.01,0.05,P,False,135
P,961,260728548,0.05,0.05,P,False,120
P,961,260728548,0.05,0.01,P,False,131
P,961,260728548,0.01,0.05,P,False,120
P,962,260728549,0.05,0.05,P,False,205
P,962,260728549,0.05,0.01,P,False,210
P,962,260728549,0.01,0.05,P,False,205
P,963,260728550,0.05,0.05,P,False,158
P,963,260728550,0.05,0.01,P,False,163
P,963,260728550,0.01,0.05,P,False,158
P,964,260728551,0.05,0.05,P,False,104
P,964,260728551,0.05,0.01,P,False,109
P,964,260728551,0.01,0.05,P,False,104
P,965,260728552,0.05,0.05,P,False,164
P,965,260728552,0.05,0.01,P,False,175
P,965,260728552,0.01,0.05,P,False,164
P,966,260728553,0.05,0.05,P,False,124
P,966,260728553,0.05,0.01,P,False,129
P,966,260728553,0.01,0.05,P,False,124
P,967,260728554,0.05,0.05,P,False,120
P,967,260728554,0.05,0.01,P,False,134
P,967,260728554,0.01,0.05,P,False,120
P,968,260728555,0.05,0.05,P,False,229
P,968,260728555,0.05,0.01,P,False,240
P,968,260728555,0.01,0.05,P,False,229
P,969,260728556,0.05,0.05,P,False,139
P,969,260728556,0.05,0.01,P,False,157
P,969,260728556,0.01,0.05,P,False,139
P,970,260728557,0.05,0.05,P,False,137
P,970,260728557,0.05,0.01,P,False,142
P,970,260728557,0.01,0.05,P,False,137
P,971,260728558,0.05,0.05,P,False,128
P,971,260728558,0.05,0.01,P,False,133
P,971,260728558,0.01,0.05,P,False,128
P,972,260728559,0.05,0.05,P,False,152
P,972,260728559,0.05,0.01,P,False,169
P,972,260728559,0.01,0.05,P,False,152
P,973,260728560,0.05,0.05,P,False,109
P,973,260728560,0.05,0.01,P,False,114
P,973,260728560,0.01,0.05,P,False,109
P,974,260728561,0.05,0.05,P,False,122
P,974,260728561,0.05,0.01,P,False,127
P,974,260728561,0.01,0.05,P,False,122
P,975,260728562,0.05,0.05,P,False,153
P,975,260728562,0.05,0.01,P,False,161
P,975,260728562,0.01,0.05,P,False,153
P,976,260728563,0.05,0.05,P,False,151
P,976,260728563,0.05,0.01,P,False,156
P,976,260728563,0.01,0.05,P,False,151
P,977,260728564,0.05,0.05,P,False,97
P,977,260728564,0.05,0.01,P,False,102
P,977,260728564,0.01,0.05,P,False,97
P,978,260728565,0.05,0.05,P,False,139
P,978,260728565,0.05,0.01,P,False,145
P,978,260728565,0.01,0.05,P,False,139
P,979,260728566,0.05,0.05,P,False,101
P,979,260728566,0.05,0.01,P,False,106
P,979,260728566,0.01,0.05,P,False,101
P,980,260728567,0.05,0.05,P,False,149
P,980,260728567,0.05,0.01,P,False,154
P,980,260728567,0.01,0.05,P,False,149
P,981,260728568,0.05,0.05,P,False,108
P,981,260728568,0.05,0.01,P,False,113
P,981,260728568,0.01,0.05,P,False,108
P,982,260728569,0.05,0.05,P,False,159
P,982,260728569,0.05,0.01,P,False,174
P,982,260728569,0.01,0.05,P,False,159
P,983,260728570,0.05,0.05,P,False,152
P,983,260728570,0.05,0.01,P,False,157
P,983,260728570,0.01,0.05,P,False,152
P,984,260728571,0.05,0.05,P,False,147
P,984,260728571,0.05,0.01,P,False,152
P,984,260728571,0.01,0.05,P,False,147
P,985,260728572,0.05,0.05,P,False,194
P,985,260728572,0.05,0.01,P,False,199
P,985,260728572,0.01,0.05,P,False,194
P,986,260728573,0.05,0.05,P,False,118
P,986,260728573,0.05,0.01,P,False,157
P,986,260728573,0.01,0.05,P,False,118
P,987,260728574,0.05,0.05,P,False,126
P,987,260728574,0.05,0.01,P,False,127
P,987,260728574,0.01,0.05,P,False,126
P,988,260728575,0.05,0.05,P,False,158
P,988,260728575,0.05,0.01,P,False,163
P,988,260728575,0.01,0.05,P,False,158
P,989,260728576,0.05,0.05,P,False,93
P,989,260728576,0.05,0.01,P,False,98
P,989,260728576,0.01,0.05,P,False,93
P,990,260728577,0.05,0.05,P,False,113
P,990,260728577,0.05,0.01,P,False,118
P,990,260728577,0.01,0.05,P,False,113
P,991,260728578,0.05,0.05,P,False,160
P,991,260728578,0.05,0.01,P,False,165
P,991,260728578,0.01,0.05,P,False,160
P,992,260728579,0.05,0.05,P,False,160
P,992,260728579,0.05,0.01,P,False,166
P,992,260728579,0.01,0.05,P,False,160
P,993,260728580,0.05,0.05,P,False,142
P,993,260728580,0.05,0.01,P,False,147
P,993,260728580,0.01,0.05,P,False,142
P,994,260728581,0.05,0.05,P,False,107
P,994,260728581,0.05,0.01,P,False,112
P,994,260728581,0.01,0.05,P,False,107
P,995,260728582,0.05,0.05,P,False,113
P,995,260728582,0.05,0.01,P,False,118
P,995,260728582,0.01,0.05,P,False,113
P,996,260728583,0.05,0.05,P,False,158
P,996,260728583,0.05,0.01,P,False,166
P,996,260728583,0.01,0.05,P,False,158
P,997,260728584,0.05,0.05,P,False,132
P,997,260728584,0.05,0.01,P,False,137
P,997,260728584,0.01,0.05,P,False,132
P,998,260728585,0.05,0.05,P,False,159
P,998,260728585,0.05,0.01,P,False,165
P,998,260728585,0.01,0.05,P,False,159
P,999,260728586,0.05,0.05,P,False,109
P,999,260728586,0.05,0.01,P,False,114
P,999,260728586,0.01,0.05,P,False,109
