truth,trial,seed,initial_state,rate_log_beta_over_log_alpha,log_inverse_alpha,log_inverse_beta,p_test_crossing,q_test_crossing,stopping_time,decision,error
Q,0,260617587,0,0.5,320.0,160.0,731,,731,Q,False
Q,0,260617587,0,1.0,320.0,320.0,731,,731,Q,False
Q,0,260617587,0,2.0,320.0,640.0,731,,731,Q,False
Q,0,260617587,0,0.5,640.0,320.0,1434,,1434,Q,False
Q,0,260617587,0,1.0,640.0,640.0,1434,,1434,Q,False
Q,0,260617587,0,2.0,640.0,1280.0,1434,,1434,Q,False
Q,0,260617587,0,0.5,1280.0,640.0,2671,,2671,Q,False
Q,0,260617587,0,1.0,1280.0,1280.0,2671,,2671,Q,False
Q,0,260617587,0,2.0,1280.0,2560.0,2671,,2671,Q,False
Q,0,260617587,0,0.5,2560.0,1280.0,5073,,5073,Q,False
Q,0,260617587,0,1.0,2560.0,2560.0,5073,,5073,Q,False
Q,0,260617587,0,2.0,2560.0,5120.0,5073,,5073,Q,False
Q,0,260617587,0,0.5,5120.0,2560.0,9865,,9865,Q,False
Q,0,260617587,0,1.0,5120.0,5120.0,9865,,9865,Q,False
Q,0,260617587,0,2.0,5120.0,10240.0,9865,,9865,Q,False
Q,1,260617588,1,0.5,320.0,160.0,800,,800,Q,False
Q,1,260617588,1,1.0,320.0,320.0,800,,800,Q,False
Q,1,260617588,1,2.0,320.0,640.0,800,,800,Q,False
Q,1,260617588,1,0.5,640.0,320.0,1415,,1415,Q,False
Q,1,260617588,1,1.0,640.0,640.0,1415,,1415,Q,False
Q,1,260617588,1,2.0,640.0,1280.0,1415,,1415,Q,False
Q,1,260617588,1,0.5,1280.0,640.0,2655,,2655,Q,False
Q,1,260617588,1,1.0,1280.0,1280.0,2655,,2655,Q,False
Q,1,260617588,1,2.0,1280.0,2560.0,2655,,2655,Q,False
Q,1,260617588,1,0.5,2560.0,1280.0,5181,,5181,Q,False
Q,1,260617588,1,1.0,2560.0,2560.0,5181,,5181,Q,False
Q,1,260617588,1,2.0,2560.0,5120.0,5181,,5181,Q,False
Q,1,260617588,1,0.5,5120.0,2560.0,10127,,10127,Q,False
Q,1,260617588,1,1.0,5120.0,5120.0,10127,,10127,Q,False
Q,1,260617588,1,2.0,5120.0,10240.0,10127,,10127,Q,False
Q,2,260617589,2,0.5,320.0,160.0,782,,782,Q,False
Q,2,260617589,2,1.0,320.0,320.0,782,,782,Q,False
Q,2,260617589,2,2.0,320.0,640.0,782,,782,Q,False
Q,2,260617589,2,0.5,640.0,320.0,1403,,1403,Q,False
Q,2,260617589,2,1.0,640.0,640.0,1403,,1403,Q,False
Q,2,260617589,2,2.0,640.0,1280.0,1403,,1403,Q,False
Q,2,260617589,2,0.5,1280.0,640.0,2668,,2668,Q,False
Q,2,260617589,2,1.0,1280.0,1280.0,2668,,2668,Q,False
Q,2,260617589,2,2.0,1280.0,2560.0,2668,,2668,Q,False
Q,2,260617589,2,0.5,2560.0,1280.0,5069,,5069,Q,False
Q,2,260617589,2,1.0,2560.0,2560.0,5069,,5069,Q,False
Q,2,260617589,2,2.0,2560.0,5120.0,5069,,5069,Q,False
Q,2,260617589,2,0.5,5120.0,2560.0,9698,,9698,Q,False
Q,2,260617589,2,1.0,5120.0,5120.0,9698,,9698,Q,False
Q,2,260617589,2,2.0,5120.0,10240.0,9698,,9698,Q,False
Q,3,260617590,3,0.5,320.0,160.0,816,,816,Q,False
Q,3,260617590,3,1.0,320.0,320.0,816,,816,Q,False
Q,3,260617590,3,2.0,320.0,640.0,816,,816,Q,False
Q,3,260617590,3,0.5,640.0,320.0,1389,,1389,Q,False
Q,3,260617590,3,1.0,640.0,640.0,1389,,1389,Q,False
Q,3,260617590,3,2.0,640.0,1280.0,1389,,1389,Q,False
Q,3,260617590,3,0.5,1280.0,640.0,2743,,2743,Q,False
Q,3,260617590,3,1.0,1280.0,1280.0,2743,,2743,Q,False
Q,3,260617590,3,2.0,1280.0,2560.0,2743,,2743,Q,False
Q,3,260617590,3,0.5,2560.0,1280.0,5194,,5194,Q,False
Q,3,260617590,3,1.0,2560.0,2560.0,5194,,5194,Q,False
Q,3,260617590,3,2.0,2560.0,5120.0,5194,,5194,Q,False
Q,3,260617590,3,0.5,5120.0,2560.0,10002,,10002,Q,False
Q,3,260617590,3,1.0,5120.0,5120.0,10002,,10002,Q,False
Q,3,260617590,3,2.0,5120.0,10240.0,10002,,10002,Q,False
Q,4,260617591,4,0.5,320.0,160.0,690,,690,Q,False
Q,4,260617591,4,1.0,320.0,320.0,690,,690,Q,False
Q,4,260617591,4,2.0,320.0,640.0,690,,690,Q,False
Q,4,260617591,4,0.5,640.0,320.0,1360,,1360,Q,False
Q,4,260617591,4,1.0,640.0,640.0,1360,,1360,Q,False
Q,4,260617591,4,2.0,640.0,1280.0,1360,,1360,Q,False
Q,4,260617591,4,0.5,1280.0,640.0,2561,,2561,Q,False
Q,4,260617591,4,1.0,1280.0,1280.0,2561,,2561,Q,False
Q,4,260617591,4,2.0,1280.0,2560.0,2561,,2561,Q,False
Q,4,260617591,4,0.5,2560.0,1280.0,5007,,5007,Q,False
Q,4,260617591,4,1.0,2560.0,2560.0,5007,,5007,Q,False
Q,4,260617591,4,2.0,2560.0,5120.0,5007,,5007,Q,False
Q,4,260617591,4,0.5,5120.0,2560.0,9826,,9826,Q,False
Q,4,260617591,4,1.0,5120.0,5120.0,9826,,9826,Q,False
Q,4,260617591,4,2.0,5120.0,10240.0,9826,,9826,Q,False
Q,5,260617592,0,0.5,320.0,160.0,800,,800,Q,False
Q,5,260617592,0,1.0,320.0,320.0,800,,800,Q,False
Q,5,260617592,0,2.0,320.0,640.0,800,,800,Q,False
Q,5,260617592,0,0.5,640.0,320.0,1519,,1519,Q,False
Q,5,260617592,0,1.0,640.0,640.0,1519,,1519,Q,False
Q,5,260617592,0,2.0,640.0,1280.0,1519,,1519,Q,False
Q,5,260617592,0,0.5,1280.0,640.0,2734,,2734,Q,False
Q,5,260617592,0,1.0,1280.0,1280.0,2734,,2734,Q,False
Q,5,260617592,0,2.0,1280.0,2560.0,2734,,2734,Q,False
Q,5,260617592,0,0.5,2560.0,1280.0,5086,,5086,Q,False
Q,5,260617592,0,1.0,2560.0,2560.0,5086,,5086,Q,False
Q,5,260617592,0,2.0,2560.0,5120.0,5086,,5086,Q,False
Q,5,260617592,0,0.5,5120.0,2560.0,9894,,9894,Q,False
Q,5,260617592,0,1.0,5120.0,5120.0,9894,,9894,Q,False
Q,5,260617592,0,2.0,5120.0,10240.0,9894,,9894,Q,False
Q,6,260617593,1,0.5,320.0,160.0,727,,727,Q,False
Q,6,260617593,1,1.0,320.0,320.0,727,,727,Q,False
Q,6,260617593,1,2.0,320.0,640.0,727,,727,Q,False
Q,6,260617593,1,0.5,640.0,320.0,1467,,1467,Q,False
Q,6,260617593,1,1.0,640.0,640.0,1467,,1467,Q,False
Q,6,260617593,1,2.0,640.0,1280.0,1467,,1467,Q,False
Q,6,260617593,1,0.5,1280.0,640.0,2725,,2725,Q,False
Q,6,260617593,1,1.0,1280.0,1280.0,2725,,2725,Q,False
Q,6,260617593,1,2.0,1280.0,2560.0,2725,,2725,Q,False
Q,6,260617593,1,0.5,2560.0,1280.0,5071,,5071,Q,False
Q,6,260617593,1,1.0,2560.0,2560.0,5071,,5071,Q,False
Q,6,260617593,1,2.0,2560.0,5120.0,5071,,5071,Q,False
Q,6,260617593,1,0.5,5120.0,2560.0,9951,,9951,Q,False
Q,6,260617593,1,1.0,5120.0,5120.0,9951,,9951,Q,False
Q,6,260617593,1,2.0,5120.0,10240.0,9951,,9951,Q,False
Q,7,260617594,2,0.5,320.0,160.0,634,,634,Q,False
Q,7,260617594,2,1.0,320.0,320.0,634,,634,Q,False
Q,7,260617594,2,2.0,320.0,640.0,634,,634,Q,False
Q,7,260617594,2,0.5,640.0,320.0,1349,,1349,Q,False
Q,7,260617594,2,1.0,640.0,640.0,1349,,1349,Q,False
Q,7,260617594,2,2.0,640.0,1280.0,1349,,1349,Q,False
Q,7,260617594,2,0.5,1280.0,640.0,2710,,2710,Q,False
Q,7,260617594,2,1.0,1280.0,1280.0,2710,,2710,Q,False
Q,7,260617594,2,2.0,1280.0,2560.0,2710,,2710,Q,False
Q,7,260617594,2,0.5,2560.0,1280.0,5024,,5024,Q,False
Q,7,260617594,2,1.0,2560.0,2560.0,5024,,5024,Q,False
Q,7,260617594,2,2.0,2560.0,5120.0,5024,,5024,Q,False
Q,7,260617594,2,0.5,5120.0,2560.0,9896,,9896,Q,False
Q,7,260617594,2,1.0,5120.0,5120.0,9896,,9896,Q,False
Q,7,260617594,2,2.0,5120.0,10240.0,9896,,9896,Q,False
Q,8,260617595,3,0.5,320.0,160.0,875,,875,Q,False
Q,8,260617595,3,1.0,320.0,320.0,875,,875,Q,False
Q,8,260617595,3,2.0,320.0,640.0,875,,875,Q,False
Q,8,260617595,3,0.5,640.0,320.0,1450,,1450,Q,False
Q,8,260617595,3,1.0,640.0,640.0,1450,,1450,Q,False
Q,8,260617595,3,2.0,640.0,1280.0,1450,,1450,Q,False
Q,8,260617595,3,0.5,1280.0,640.0,2700,,2700,Q,False
Q,8,260617595,3,1.0,1280.0,1280.0,2700,,2700,Q,False
Q,8,260617595,3,2.0,1280.0,2560.0,2700,,2700,Q,False
Q,8,260617595,3,0.5,2560.0,1280.0,5129,,5129,Q,False
Q,8,260617595,3,1.0,2560.0,2560.0,5129,,5129,Q,False
Q,8,260617595,3,2.0,2560.0,5120.0,5129,,5129,Q,False
Q,8,260617595,3,0.5,5120.0,2560.0,10019,,10019,Q,False
Q,8,260617595,3,1.0,5120.0,5120.0,10019,,10019,Q,False
Q,8,260617595,3,2.0,5120.0,10240.0,10019,,10019,Q,False
Q,9,260617596,4,0.5,320.0,160.0,843,,843,Q,False
Q,9,260617596,4,1.0,320.0,320.0,843,,843,Q,False
Q,9,260617596,4,2.0,320.0,640.0,843,,843,Q,False
Q,9,260617596,4,0.5,640.0,320.0,1450,,1450,Q,False
Q,9,260617596,4,1.0,640.0,640.0,1450,,1450,Q,False
Q,9,260617596,4,2.0,640.0,1280.0,1450,,1450,Q,False
Q,9,260617596,4,0.5,1280.0,640.0,2646,,2646,Q,False
Q,9,260617596,4,1.0,1280.0,1280.0,2646,,2646,Q,False
Q,9,260617596,4,2.0,1280.0,2560.0,2646,,2646,Q,False
Q,9,260617596,4,0.5,2560.0,1280.0,5016,,5016,Q,False
Q,9,260617596,4,1.0,2560.0,2560.0,5016,,5016,Q,False
Q,9,260617596,4,2.0,2560.0,5120.0,5016,,5016,Q,False
Q,9,260617596,4,0.5,5120.0,2560.0,10018,,10018,Q,False
Q,9,260617596,4,1.0,5120.0,5120.0,10018,,10018,Q,False
Q,9,260617596,4,2.0,5120.0,10240.0,10018,,10018,Q,False
Q,10,260617597,0,0.5,320.0,160.0,666,,666,Q,False
Q,10,260617597,0,1.0,320.0,320.0,666,,666,Q,False
Q,10,260617597,0,2.0,320.0,640.0,666,,666,Q,False
Q,10,260617597,0,0.5,640.0,320.0,1223,,1223,Q,False
Q,10,260617597,0,1.0,640.0,640.0,1223,,1223,Q,False
Q,10,260617597,0,2.0,640.0,1280.0,1223,,1223,Q,False
Q,10,260617597,0,0.5,1280.0,640.0,2411,,2411,Q,False
Q,10,260617597,0,1.0,1280.0,1280.0,2411,,2411,Q,False
Q,10,260617597,0,2.0,1280.0,2560.0,2411,,2411,Q,False
Q,10,260617597,0,0.5,2560.0,1280.0,4904,,4904,Q,False
Q,10,260617597,0,1.0,2560.0,2560.0,4904,,4904,Q,False
Q,10,260617597,0,2.0,2560.0,5120.0,4904,,4904,Q,False
Q,10,260617597,0,0.5,5120.0,2560.0,9934,,9934,Q,False
Q,10,260617597,0,1.0,5120.0,5120.0,9934,,9934,Q,False
Q,10,260617597,0,2.0,5120.0,10240.0,9934,,9934,Q,False
Q,11,260617598,1,0.5,320.0,160.0,715,,715,Q,False
Q,11,260617598,1,1.0,320.0,320.0,715,,715,Q,False
Q,11,260617598,1,2.0,320.0,640.0,715,,715,Q,False
Q,11,260617598,1,0.5,640.0,320.0,1368,,1368,Q,False
Q,11,260617598,1,1.0,640.0,640.0,1368,,1368,Q,False
Q,11,260617598,1,2.0,640.0,1280.0,1368,,1368,Q,False
Q,11,260617598,1,0.5,1280.0,640.0,2686,,2686,Q,False
Q,11,260617598,1,1.0,1280.0,1280.0,2686,,2686,Q,False
Q,11,260617598,1,2.0,1280.0,2560.0,2686,,2686,Q,False
Q,11,260617598,1,0.5,2560.0,1280.0,5241,,5241,Q,False
Q,11,260617598,1,1.0,2560.0,2560.0,5241,,5241,Q,False
Q,11,260617598,1,2.0,2560.0,5120.0,5241,,5241,Q,False
Q,11,260617598,1,0.5,5120.0,2560.0,10432,,10432,Q,False
Q,11,260617598,1,1.0,5120.0,5120.0,10432,,10432,Q,False
Q,11,260617598,1,2.0,5120.0,10240.0,10432,,10432,Q,False
Q,12,260617599,2,0.5,320.0,160.0,738,,738,Q,False
Q,12,260617599,2,1.0,320.0,320.0,738,,738,Q,False
Q,12,260617599,2,2.0,320.0,640.0,738,,738,Q,False
Q,12,260617599,2,0.5,640.0,320.0,1353,,1353,Q,False
Q,12,260617599,2,1.0,640.0,640.0,1353,,1353,Q,False
Q,12,260617599,2,2.0,640.0,1280.0,1353,,1353,Q,False
Q,12,260617599,2,0.5,1280.0,640.0,2604,,2604,Q,False
Q,12,260617599,2,1.0,1280.0,1280.0,2604,,2604,Q,False
Q,12,260617599,2,2.0,1280.0,2560.0,2604,,2604,Q,False
Q,12,260617599,2,0.5,2560.0,1280.0,5033,,5033,Q,False
Q,12,260617599,2,1.0,2560.0,2560.0,5033,,5033,Q,False
Q,12,260617599,2,2.0,2560.0,5120.0,5033,,5033,Q,False
Q,12,260617599,2,0.5,5120.0,2560.0,9737,,9737,Q,False
Q,12,260617599,2,1.0,5120.0,5120.0,9737,,9737,Q,False
Q,12,260617599,2,2.0,5120.0,10240.0,9737,,9737,Q,False
Q,13,260617600,3,0.5,320.0,160.0,709,,709,Q,False
Q,13,260617600,3,1.0,320.0,320.0,709,,709,Q,False
Q,13,260617600,3,2.0,320.0,640.0,709,,709,Q,False
Q,13,260617600,3,0.5,640.0,320.0,1402,,1402,Q,False
Q,13,260617600,3,1.0,640.0,640.0,1402,,1402,Q,False
Q,13,260617600,3,2.0,640.0,1280.0,1402,,1402,Q,False
Q,13,260617600,3,0.5,1280.0,640.0,2657,,2657,Q,False
Q,13,260617600,3,1.0,1280.0,1280.0,2657,,2657,Q,False
Q,13,260617600,3,2.0,1280.0,2560.0,2657,,2657,Q,False
Q,13,260617600,3,0.5,2560.0,1280.0,5074,,5074,Q,False
Q,13,260617600,3,1.0,2560.0,2560.0,5074,,5074,Q,False
Q,13,260617600,3,2.0,2560.0,5120.0,5074,,5074,Q,False
Q,13,260617600,3,0.5,5120.0,2560.0,9990,,9990,Q,False
Q,13,260617600,3,1.0,5120.0,5120.0,9990,,9990,Q,False
Q,13,260617600,3,2.0,5120.0,10240.0,9990,,9990,Q,False
Q,14,260617601,4,0.5,320.0,160.0,796,,796,Q,False
Q,14,260617601,4,1.0,320.0,320.0,796,,796,Q,False
Q,14,260617601,4,2.0,320.0,640.0,796,,796,Q,False
Q,14,260617601,4,0.5,640.0,320.0,1458,,1458,Q,False
Q,14,260617601,4,1.0,640.0,640.0,1458,,1458,Q,False
Q,14,260617601,4,2.0,640.0,1280.0,1458,,1458,Q,False
Q,14,260617601,4,0.5,1280.0,640.0,2655,,2655,Q,False
Q,14,260617601,4,1.0,1280.0,1280.0,2655,,2655,Q,False
Q,14,260617601,4,2.0,1280.0,2560.0,2655,,2655,Q,False
Q,14,260617601,4,0.5,2560.0,1280.0,5113,,5113,Q,False
Q,14,260617601,4,1.0,2560.0,2560.0,5113,,5113,Q,False
Q,14,260617601,4,2.0,2560.0,5120.0,5113,,5113,Q,False
Q,14,260617601,4,0.5,5120.0,2560.0,10090,,10090,Q,False
Q,14,260617601,4,1.0,5120.0,5120.0,10090,,10090,Q,False
Q,14,260617601,4,2.0,5120.0,10240.0,10090,,10090,Q,False
Q,15,260617602,0,0.5,320.0,160.0,743,,743,Q,False
Q,15,260617602,0,1.0,320.0,320.0,743,,743,Q,False
Q,15,260617602,0,2.0,320.0,640.0,743,,743,Q,False
Q,15,260617602,0,0.5,640.0,320.0,1402,,1402,Q,False
Q,15,260617602,0,1.0,640.0,640.0,1402,,1402,Q,False
Q,15,260617602,0,2.0,640.0,1280.0,1402,,1402,Q,False
Q,15,260617602,0,0.5,1280.0,640.0,2661,,2661,Q,False
Q,15,260617602,0,1.0,1280.0,1280.0,2661,,2661,Q,False
Q,15,260617602,0,2.0,1280.0,2560.0,2661,,2661,Q,False
Q,15,260617602,0,0.5,2560.0,1280.0,5157,,5157,Q,False
Q,15,260617602,0,1.0,2560.0,2560.0,5157,,5157,Q,False
Q,15,260617602,0,2.0,2560.0,5120.0,5157,,5157,Q,False
Q,15,260617602,0,0.5,5120.0,2560.0,10026,,10026,Q,False
Q,15,260617602,0,1.0,5120.0,5120.0,10026,,10026,Q,False
Q,15,260617602,0,2.0,5120.0,10240.0,10026,,10026,Q,False
Q,16,260617603,1,0.5,320.0,160.0,762,,762,Q,False
Q,16,260617603,1,1.0,320.0,320.0,762,,762,Q,False
Q,16,260617603,1,2.0,320.0,640.0,762,,762,Q,False
Q,16,260617603,1,0.5,640.0,320.0,1392,,1392,Q,False
Q,16,260617603,1,1.0,640.0,640.0,1392,,1392,Q,False
Q,16,260617603,1,2.0,640.0,1280.0,1392,,1392,Q,False
Q,16,260617603,1,0.5,1280.0,640.0,2739,,2739,Q,False
Q,16,260617603,1,1.0,1280.0,1280.0,2739,,2739,Q,False
Q,16,260617603,1,2.0,1280.0,2560.0,2739,,2739,Q,False
Q,16,260617603,1,0.5,2560.0,1280.0,5038,,5038,Q,False
Q,16,260617603,1,1.0,2560.0,2560.0,5038,,5038,Q,False
Q,16,260617603,1,2.0,2560.0,5120.0,5038,,5038,Q,False
Q,16,260617603,1,0.5,5120.0,2560.0,10195,,10195,Q,False
Q,16,260617603,1,1.0,5120.0,5120.0,10195,,10195,Q,False
Q,16,260617603,1,2.0,5120.0,10240.0,10195,,10195,Q,False
Q,17,260617604,2,0.5,320.0,160.0,806,,806,Q,False
Q,17,260617604,2,1.0,320.0,320.0,806,,806,Q,False
Q,17,260617604,2,2.0,320.0,640.0,806,,806,Q,False
Q,17,260617604,2,0.5,640.0,320.0,1439,,1439,Q,False
Q,17,260617604,2,1.0,640.0,640.0,1439,,1439,Q,False
Q,17,260617604,2,2.0,640.0,1280.0,1439,,1439,Q,False
Q,17,260617604,2,0.5,1280.0,640.0,2744,,2744,Q,False
Q,17,260617604,2,1.0,1280.0,1280.0,2744,,2744,Q,False
Q,17,260617604,2,2.0,1280.0,2560.0,2744,,2744,Q,False
Q,17,260617604,2,0.5,2560.0,1280.0,5193,,5193,Q,False
Q,17,260617604,2,1.0,2560.0,2560.0,5193,,5193,Q,False
Q,17,260617604,2,2.0,2560.0,5120.0,5193,,5193,Q,False
Q,17,260617604,2,0.5,5120.0,2560.0,10183,,10183,Q,False
Q,17,260617604,2,1.0,5120.0,5120.0,10183,,10183,Q,False
Q,17,260617604,2,2.0,5120.0,10240.0,10183,,10183,Q,False
Q,18,260617605,3,0.5,320.0,160.0,882,,882,Q,False
Q,18,260617605,3,1.0,320.0,320.0,882,,882,Q,False
Q,18,260617605,3,2.0,320.0,640.0,882,,882,Q,False
Q,18,260617605,3,0.5,640.0,320.0,1537,,1537,Q,False
Q,18,260617605,3,1.0,640.0,640.0,1537,,1537,Q,False
Q,18,260617605,3,2.0,640.0,1280.0,1537,,1537,Q,False
Q,18,260617605,3,0.5,1280.0,640.0,2762,,2762,Q,False
Q,18,260617605,3,1.0,1280.0,1280.0,2762,,2762,Q,False
Q,18,260617605,3,2.0,1280.0,2560.0,2762,,2762,Q,False
Q,18,260617605,3,0.5,2560.0,1280.0,5312,,5312,Q,False
Q,18,260617605,3,1.0,2560.0,2560.0,5312,,5312,Q,False
Q,18,260617605,3,2.0,2560.0,5120.0,5312,,5312,Q,False
Q,18,260617605,3,0.5,5120.0,2560.0,10187,,10187,Q,False
Q,18,260617605,3,1.0,5120.0,5120.0,10187,,10187,Q,False
Q,18,260617605,3,2.0,5120.0,10240.0,10187,,10187,Q,False
Q,19,260617606,4,0.5,320.0,160.0,715,,715,Q,False
Q,19,260617606,4,1.0,320.0,320.0,715,,715,Q,False
Q,19,260617606,4,2.0,320.0,640.0,715,,715,Q,False
Q,19,260617606,4,0.5,640.0,320.0,1410,,1410,Q,False
Q,19,260617606,4,1.0,640.0,640.0,1410,,1410,Q,False
Q,19,260617606,4,2.0,640.0,1280.0,1410,,1410,Q,False
Q,19,260617606,4,0.5,1280.0,640.0,2590,,2590,Q,False
Q,19,260617606,4,1.0,1280.0,1280.0,2590,,2590,Q,False
Q,19,260617606,4,2.0,1280.0,2560.0,2590,,2590,Q,False
Q,19,260617606,4,0.5,2560.0,1280.0,4986,,4986,Q,False
Q,19,260617606,4,1.0,2560.0,2560.0,4986,,4986,Q,False
Q,19,260617606,4,2.0,2560.0,5120.0,4986,,4986,Q,False
Q,19,260617606,4,0.5,5120.0,2560.0,10019,,10019,Q,False
Q,19,260617606,4,1.0,5120.0,5120.0,10019,,10019,Q,False
Q,19,260617606,4,2.0,5120.0,10240.0,10019,,10019,Q,False
Q,20,260617607,0,0.5,320.0,160.0,732,,732,Q,False
Q,20,260617607,0,1.0,320.0,320.0,732,,732,Q,False
Q,20,260617607,0,2.0,320.0,640.0,732,,732,Q,False
Q,20,260617607,0,0.5,640.0,320.0,1398,,1398,Q,False
Q,20,260617607,0,1.0,640.0,640.0,1398,,1398,Q,False
Q,20,260617607,0,2.0,640.0,1280.0,1398,,1398,Q,False
Q,20,260617607,0,0.5,1280.0,640.0,2633,,2633,Q,False
Q,20,260617607,0,1.0,1280.0,1280.0,2633,,2633,Q,False
Q,20,260617607,0,2.0,1280.0,2560.0,2633,,2633,Q,False
Q,20,260617607,0,0.5,2560.0,1280.0,5180,,5180,Q,False
Q,20,260617607,0,1.0,2560.0,2560.0,5180,,5180,Q,False
Q,20,260617607,0,2.0,2560.0,5120.0,5180,,5180,Q,False
Q,20,260617607,0,0.5,5120.0,2560.0,10102,,10102,Q,False
Q,20,260617607,0,1.0,5120.0,5120.0,10102,,10102,Q,False
Q,20,260617607,0,2.0,5120.0,10240.0,10102,,10102,Q,False
Q,21,260617608,1,0.5,320.0,160.0,921,,921,Q,False
Q,21,260617608,1,1.0,320.0,320.0,921,,921,Q,False
Q,21,260617608,1,2.0,320.0,640.0,921,,921,Q,False
Q,21,260617608,1,0.5,640.0,320.0,1567,,1567,Q,False
Q,21,260617608,1,1.0,640.0,640.0,1567,,1567,Q,False
Q,21,260617608,1,2.0,640.0,1280.0,1567,,1567,Q,False
Q,21,260617608,1,0.5,1280.0,640.0,2725,,2725,Q,False
Q,21,260617608,1,1.0,1280.0,1280.0,2725,,2725,Q,False
Q,21,260617608,1,2.0,1280.0,2560.0,2725,,2725,Q,False
Q,21,260617608,1,0.5,2560.0,1280.0,5117,,5117,Q,False
Q,21,260617608,1,1.0,2560.0,2560.0,5117,,5117,Q,False
Q,21,260617608,1,2.0,2560.0,5120.0,5117,,5117,Q,False
Q,21,260617608,1,0.5,5120.0,2560.0,9905,,9905,Q,False
Q,21,260617608,1,1.0,5120.0,5120.0,9905,,9905,Q,False
Q,21,260617608,1,2.0,5120.0,10240.0,9905,,9905,Q,False
Q,22,260617609,2,0.5,320.0,160.0,801,,801,Q,False
Q,22,260617609,2,1.0,320.0,320.0,801,,801,Q,False
Q,22,260617609,2,2.0,320.0,640.0,801,,801,Q,False
Q,22,260617609,2,0.5,640.0,320.0,1443,,1443,Q,False
Q,22,260617609,2,1.0,640.0,640.0,1443,,1443,Q,False
Q,22,260617609,2,2.0,640.0,1280.0,1443,,1443,Q,False
Q,22,260617609,2,0.5,1280.0,640.0,2722,,2722,Q,False
Q,22,260617609,2,1.0,1280.0,1280.0,2722,,2722,Q,False
Q,22,260617609,2,2.0,1280.0,2560.0,2722,,2722,Q,False
Q,22,260617609,2,0.5,2560.0,1280.0,5284,,5284,Q,False
Q,22,260617609,2,1.0,2560.0,2560.0,5284,,5284,Q,False
Q,22,260617609,2,2.0,2560.0,5120.0,5284,,5284,Q,False
Q,22,260617609,2,0.5,5120.0,2560.0,10328,,10328,Q,False
Q,22,260617609,2,1.0,5120.0,5120.0,10328,,10328,Q,False
Q,22,260617609,2,2.0,5120.0,10240.0,10328,,10328,Q,False
Q,23,260617610,3,0.5,320.0,160.0,776,,776,Q,False
Q,23,260617610,3,1.0,320.0,320.0,776,,776,Q,False
Q,23,260617610,3,2.0,320.0,640.0,776,,776,Q,False
Q,23,260617610,3,0.5,640.0,320.0,1338,,1338,Q,False
Q,23,260617610,3,1.0,640.0,640.0,1338,,1338,Q,False
Q,23,260617610,3,2.0,640.0,1280.0,1338,,1338,Q,False
Q,23,260617610,3,0.5,1280.0,640.0,2536,,2536,Q,False
Q,23,260617610,3,1.0,1280.0,1280.0,2536,,2536,Q,False
Q,23,260617610,3,2.0,1280.0,2560.0,2536,,2536,Q,False
Q,23,260617610,3,0.5,2560.0,1280.0,4887,,4887,Q,False
Q,23,260617610,3,1.0,2560.0,2560.0,4887,,4887,Q,False
Q,23,260617610,3,2.0,2560.0,5120.0,4887,,4887,Q,False
Q,23,260617610,3,0.5,5120.0,2560.0,9869,,9869,Q,False
Q,23,260617610,3,1.0,5120.0,5120.0,9869,,9869,Q,False
Q,23,260617610,3,2.0,5120.0,10240.0,9869,,9869,Q,False
Q,24,260617611,4,0.5,320.0,160.0,814,,814,Q,False
Q,24,260617611,4,1.0,320.0,320.0,814,,814,Q,False
Q,24,260617611,4,2.0,320.0,640.0,814,,814,Q,False
Q,24,260617611,4,0.5,640.0,320.0,1438,,1438,Q,False
Q,24,260617611,4,1.0,640.0,640.0,1438,,1438,Q,False
Q,24,260617611,4,2.0,640.0,1280.0,1438,,1438,Q,False
Q,24,260617611,4,0.5,1280.0,640.0,2648,,2648,Q,False
Q,24,260617611,4,1.0,1280.0,1280.0,2648,,2648,Q,False
Q,24,260617611,4,2.0,1280.0,2560.0,2648,,2648,Q,False
Q,24,260617611,4,0.5,2560.0,1280.0,5134,,5134,Q,False
Q,24,260617611,4,1.0,2560.0,2560.0,5134,,5134,Q,False
Q,24,260617611,4,2.0,2560.0,5120.0,5134,,5134,Q,False
Q,24,260617611,4,0.5,5120.0,2560.0,9976,,9976,Q,False
Q,24,260617611,4,1.0,5120.0,5120.0,9976,,9976,Q,False
Q,24,260617611,4,2.0,5120.0,10240.0,9976,,9976,Q,False
Q,25,260617612,0,0.5,320.0,160.0,783,,783,Q,False
Q,25,260617612,0,1.0,320.0,320.0,783,,783,Q,False
Q,25,260617612,0,2.0,320.0,640.0,783,,783,Q,False
Q,25,260617612,0,0.5,640.0,320.0,1387,,1387,Q,False
Q,25,260617612,0,1.0,640.0,640.0,1387,,1387,Q,False
Q,25,260617612,0,2.0,640.0,1280.0,1387,,1387,Q,False
Q,25,260617612,0,0.5,1280.0,640.0,2650,,2650,Q,False
Q,25,260617612,0,1.0,1280.0,1280.0,2650,,2650,Q,False
Q,25,260617612,0,2.0,1280.0,2560.0,2650,,2650,Q,False
Q,25,260617612,0,0.5,2560.0,1280.0,5155,,5155,Q,False
Q,25,260617612,0,1.0,2560.0,2560.0,5155,,5155,Q,False
Q,25,260617612,0,2.0,2560.0,5120.0,5155,,5155,Q,False
Q,25,260617612,0,0.5,5120.0,2560.0,10278,,10278,Q,False
Q,25,260617612,0,1.0,5120.0,5120.0,10278,,10278,Q,False
Q,25,260617612,0,2.0,5120.0,10240.0,10278,,10278,Q,False
Q,26,260617613,1,0.5,320.0,160.0,786,,786,Q,False
Q,26,260617613,1,1.0,320.0,320.0,786,,786,Q,False
Q,26,260617613,1,2.0,320.0,640.0,786,,786,Q,False
Q,26,260617613,1,0.5,640.0,320.0,1415,,1415,Q,False
Q,26,260617613,1,1.0,640.0,640.0,1415,,1415,Q,False
Q,26,260617613,1,2.0,640.0,1280.0,1415,,1415,Q,False
Q,26,260617613,1,0.5,1280.0,640.0,2704,,2704,Q,False
Q,26,260617613,1,1.0,1280.0,1280.0,2704,,2704,Q,False
Q,26,260617613,1,2.0,1280.0,2560.0,2704,,2704,Q,False
Q,26,260617613,1,0.5,2560.0,1280.0,5139,,5139,Q,False
Q,26,260617613,1,1.0,2560.0,2560.0,5139,,5139,Q,False
Q,26,260617613,1,2.0,2560.0,5120.0,5139,,5139,Q,False
Q,26,260617613,1,0.5,5120.0,2560.0,10047,,10047,Q,False
Q,26,260617613,1,1.0,5120.0,5120.0,10047,,10047,Q,False
Q,26,260617613,1,2.0,5120.0,10240.0,10047,,10047,Q,False
Q,27,260617614,2,0.5,320.0,160.0,698,,698,Q,False
Q,27,260617614,2,1.0,320.0,320.0,698,,698,Q,False
Q,27,260617614,2,2.0,320.0,640.0,698,,698,Q,False
Q,27,260617614,2,0.5,640.0,320.0,1300,,1300,Q,False
Q,27,260617614,2,1.0,640.0,640.0,1300,,1300,Q,False
Q,27,260617614,2,2.0,640.0,1280.0,1300,,1300,Q,False
Q,27,260617614,2,0.5,1280.0,640.0,2544,,2544,Q,False
Q,27,260617614,2,1.0,1280.0,1280.0,2544,,2544,Q,False
Q,27,260617614,2,2.0,1280.0,2560.0,2544,,2544,Q,False
Q,27,260617614,2,0.5,2560.0,1280.0,5159,,5159,Q,False
Q,27,260617614,2,1.0,2560.0,2560.0,5159,,5159,Q,False
Q,27,260617614,2,2.0,2560.0,5120.0,5159,,5159,Q,False
Q,27,260617614,2,0.5,5120.0,2560.0,9961,,9961,Q,False
Q,27,260617614,2,1.0,5120.0,5120.0,9961,,9961,Q,False
Q,27,260617614,2,2.0,5120.0,10240.0,9961,,9961,Q,False
Q,28,260617615,3,0.5,320.0,160.0,757,,757,Q,False
Q,28,260617615,3,1.0,320.0,320.0,757,,757,Q,False
Q,28,260617615,3,2.0,320.0,640.0,757,,757,Q,False
Q,28,260617615,3,0.5,640.0,320.0,1451,,1451,Q,False
Q,28,260617615,3,1.0,640.0,640.0,1451,,1451,Q,False
Q,28,260617615,3,2.0,640.0,1280.0,1451,,1451,Q,False
Q,28,260617615,3,0.5,1280.0,640.0,2664,,2664,Q,False
Q,28,260617615,3,1.0,1280.0,1280.0,2664,,2664,Q,False
Q,28,260617615,3,2.0,1280.0,2560.0,2664,,2664,Q,False
Q,28,260617615,3,0.5,2560.0,1280.0,5199,,5199,Q,False
Q,28,260617615,3,1.0,2560.0,2560.0,5199,,5199,Q,False
Q,28,260617615,3,2.0,2560.0,5120.0,5199,,5199,Q,False
Q,28,260617615,3,0.5,5120.0,2560.0,9926,,9926,Q,False
Q,28,260617615,3,1.0,5120.0,5120.0,9926,,9926,Q,False
Q,28,260617615,3,2.0,5120.0,10240.0,9926,,9926,Q,False
Q,29,260617616,4,0.5,320.0,160.0,800,,800,Q,False
Q,29,260617616,4,1.0,320.0,320.0,800,,800,Q,False
Q,29,260617616,4,2.0,320.0,640.0,800,,800,Q,False
Q,29,260617616,4,0.5,640.0,320.0,1409,,1409,Q,False
Q,29,260617616,4,1.0,640.0,640.0,1409,,1409,Q,False
Q,29,260617616,4,2.0,640.0,1280.0,1409,,1409,Q,False
Q,29,260617616,4,0.5,1280.0,640.0,2683,,2683,Q,False
Q,29,260617616,4,1.0,1280.0,1280.0,2683,,2683,Q,False
Q,29,260617616,4,2.0,1280.0,2560.0,2683,,2683,Q,False
Q,29,260617616,4,0.5,2560.0,1280.0,5175,,5175,Q,False
Q,29,260617616,4,1.0,2560.0,2560.0,5175,,5175,Q,False
Q,29,260617616,4,2.0,2560.0,5120.0,5175,,5175,Q,False
Q,29,260617616,4,0.5,5120.0,2560.0,10221,,10221,Q,False
Q,29,260617616,4,1.0,5120.0,5120.0,10221,,10221,Q,False
Q,29,260617616,4,2.0,5120.0,10240.0,10221,,10221,Q,False
Q,30,260617617,0,0.5,320.0,160.0,665,,665,Q,False
Q,30,260617617,0,1.0,320.0,320.0,665,,665,Q,False
Q,30,260617617,0,2.0,320.0,640.0,665,,665,Q,False
Q,30,260617617,0,0.5,640.0,320.0,1326,,1326,Q,False
Q,30,260617617,0,1.0,640.0,640.0,1326,,1326,Q,False
Q,30,260617617,0,2.0,640.0,1280.0,1326,,1326,Q,False
Q,30,260617617,0,0.5,1280.0,640.0,2483,,2483,Q,False
Q,30,260617617,0,1.0,1280.0,1280.0,2483,,2483,Q,False
Q,30,260617617,0,2.0,1280.0,2560.0,2483,,2483,Q,False
Q,30,260617617,0,0.5,2560.0,1280.0,4916,,4916,Q,False
Q,30,260617617,0,1.0,2560.0,2560.0,4916,,4916,Q,False
Q,30,260617617,0,2.0,2560.0,5120.0,4916,,4916,Q,False
Q,30,260617617,0,0.5,5120.0,2560.0,10046,,10046,Q,False
Q,30,260617617,0,1.0,5120.0,5120.0,10046,,10046,Q,False
Q,30,260617617,0,2.0,5120.0,10240.0,10046,,10046,Q,False
Q,31,260617618,1,0.5,320.0,160.0,694,,694,Q,False
Q,31,260617618,1,1.0,320.0,320.0,694,,694,Q,False
Q,31,260617618,1,2.0,320.0,640.0,694,,694,Q,False
Q,31,260617618,1,0.5,640.0,320.0,1308,,1308,Q,False
Q,31,260617618,1,1.0,640.0,640.0,1308,,1308,Q,False
Q,31,260617618,1,2.0,640.0,1280.0,1308,,1308,Q,False
Q,31,260617618,1,0.5,1280.0,640.0,2553,,2553,Q,False
Q,31,260617618,1,1.0,1280.0,1280.0,2553,,2553,Q,False
Q,31,260617618,1,2.0,1280.0,2560.0,2553,,2553,Q,False
Q,31,260617618,1,0.5,2560.0,1280.0,4966,,4966,Q,False
Q,31,260617618,1,1.0,2560.0,2560.0,4966,,4966,Q,False
Q,31,260617618,1,2.0,2560.0,5120.0,4966,,4966,Q,False
Q,31,260617618,1,0.5,5120.0,2560.0,10039,,10039,Q,False
Q,31,260617618,1,1.0,5120.0,5120.0,10039,,10039,Q,False
Q,31,260617618,1,2.0,5120.0,10240.0,10039,,10039,Q,False
Q,32,260617619,2,0.5,320.0,160.0,802,,802,Q,False
Q,32,260617619,2,1.0,320.0,320.0,802,,802,Q,False
Q,32,260617619,2,2.0,320.0,640.0,802,,802,Q,False
Q,32,260617619,2,0.5,640.0,320.0,1387,,1387,Q,False
Q,32,260617619,2,1.0,640.0,640.0,1387,,1387,Q,False
Q,32,260617619,2,2.0,640.0,1280.0,1387,,1387,Q,False
Q,32,260617619,2,0.5,1280.0,640.0,2618,,2618,Q,False
Q,32,260617619,2,1.0,1280.0,1280.0,2618,,2618,Q,False
Q,32,260617619,2,2.0,1280.0,2560.0,2618,,2618,Q,False
Q,32,260617619,2,0.5,2560.0,1280.0,5091,,5091,Q,False
Q,32,260617619,2,1.0,2560.0,2560.0,5091,,5091,Q,False
Q,32,260617619,2,2.0,2560.0,5120.0,5091,,5091,Q,False
Q,32,260617619,2,0.5,5120.0,2560.0,9845,,9845,Q,False
Q,32,260617619,2,1.0,5120.0,5120.0,9845,,9845,Q,False
Q,32,260617619,2,2.0,5120.0,10240.0,9845,,9845,Q,False
Q,33,260617620,3,0.5,320.0,160.0,725,,725,Q,False
Q,33,260617620,3,1.0,320.0,320.0,725,,725,Q,False
Q,33,260617620,3,2.0,320.0,640.0,725,,725,Q,False
Q,33,260617620,3,0.5,640.0,320.0,1380,,1380,Q,False
Q,33,260617620,3,1.0,640.0,640.0,1380,,1380,Q,False
Q,33,260617620,3,2.0,640.0,1280.0,1380,,1380,Q,False
Q,33,260617620,3,0.5,1280.0,640.0,2702,,2702,Q,False
Q,33,260617620,3,1.0,1280.0,1280.0,2702,,2702,Q,False
Q,33,260617620,3,2.0,1280.0,2560.0,2702,,2702,Q,False
Q,33,260617620,3,0.5,2560.0,1280.0,5191,,5191,Q,False
Q,33,260617620,3,1.0,2560.0,2560.0,5191,,5191,Q,False
Q,33,260617620,3,2.0,2560.0,5120.0,5191,,5191,Q,False
Q,33,260617620,3,0.5,5120.0,2560.0,10175,,10175,Q,False
Q,33,260617620,3,1.0,5120.0,5120.0,10175,,10175,Q,False
Q,33,260617620,3,2.0,5120.0,10240.0,10175,,10175,Q,False
Q,34,260617621,4,0.5,320.0,160.0,764,,764,Q,False
Q,34,260617621,4,1.0,320.0,320.0,764,,764,Q,False
Q,34,260617621,4,2.0,320.0,640.0,764,,764,Q,False
Q,34,260617621,4,0.5,640.0,320.0,1420,,1420,Q,False
Q,34,260617621,4,1.0,640.0,640.0,1420,,1420,Q,False
Q,34,260617621,4,2.0,640.0,1280.0,1420,,1420,Q,False
Q,34,260617621,4,0.5,1280.0,640.0,2719,,2719,Q,False
Q,34,260617621,4,1.0,1280.0,1280.0,2719,,2719,Q,False
Q,34,260617621,4,2.0,1280.0,2560.0,2719,,2719,Q,False
Q,34,260617621,4,0.5,2560.0,1280.0,5162,,5162,Q,False
Q,34,260617621,4,1.0,2560.0,2560.0,5162,,5162,Q,False
Q,34,260617621,4,2.0,2560.0,5120.0,5162,,5162,Q,False
Q,34,260617621,4,0.5,5120.0,2560.0,10106,,10106,Q,False
Q,34,260617621,4,1.0,5120.0,5120.0,10106,,10106,Q,False
Q,34,260617621,4,2.0,5120.0,10240.0,10106,,10106,Q,False
Q,35,260617622,0,0.5,320.0,160.0,780,,780,Q,False
Q,35,260617622,0,1.0,320.0,320.0,780,,780,Q,False
Q,35,260617622,0,2.0,320.0,640.0,780,,780,Q,False
Q,35,260617622,0,0.5,640.0,320.0,1458,,1458,Q,False
Q,35,260617622,0,1.0,640.0,640.0,1458,,1458,Q,False
Q,35,260617622,0,2.0,640.0,1280.0,1458,,1458,Q,False
Q,35,260617622,0,0.5,1280.0,640.0,2698,,2698,Q,False
Q,35,260617622,0,1.0,1280.0,1280.0,2698,,2698,Q,False
Q,35,260617622,0,2.0,1280.0,2560.0,2698,,2698,Q,False
Q,35,260617622,0,0.5,2560.0,1280.0,4944,,4944,Q,False
Q,35,260617622,0,1.0,2560.0,2560.0,4944,,4944,Q,False
Q,35,260617622,0,2.0,2560.0,5120.0,4944,,4944,Q,False
Q,35,260617622,0,0.5,5120.0,2560.0,9684,,9684,Q,False
Q,35,260617622,0,1.0,5120.0,5120.0,9684,,9684,Q,False
Q,35,260617622,0,2.0,5120.0,10240.0,9684,,9684,Q,False
Q,36,260617623,1,0.5,320.0,160.0,802,,802,Q,False
Q,36,260617623,1,1.0,320.0,320.0,802,,802,Q,False
Q,36,260617623,1,2.0,320.0,640.0,802,,802,Q,False
Q,36,260617623,1,0.5,640.0,320.0,1442,,1442,Q,False
Q,36,260617623,1,1.0,640.0,640.0,1442,,1442,Q,False
Q,36,260617623,1,2.0,640.0,1280.0,1442,,1442,Q,False
Q,36,260617623,1,0.5,1280.0,640.0,2742,,2742,Q,False
Q,36,260617623,1,1.0,1280.0,1280.0,2742,,2742,Q,False
Q,36,260617623,1,2.0,1280.0,2560.0,2742,,2742,Q,False
Q,36,260617623,1,0.5,2560.0,1280.0,5057,,5057,Q,False
Q,36,260617623,1,1.0,2560.0,2560.0,5057,,5057,Q,False
Q,36,260617623,1,2.0,2560.0,5120.0,5057,,5057,Q,False
Q,36,260617623,1,0.5,5120.0,2560.0,9704,,9704,Q,False
Q,36,260617623,1,1.0,5120.0,5120.0,9704,,9704,Q,False
Q,36,260617623,1,2.0,5120.0,10240.0,9704,,9704,Q,False
Q,37,260617624,2,0.5,320.0,160.0,697,,697,Q,False
Q,37,260617624,2,1.0,320.0,320.0,697,,697,Q,False
Q,37,260617624,2,2.0,320.0,640.0,697,,697,Q,False
Q,37,260617624,2,0.5,640.0,320.0,1434,,1434,Q,False
Q,37,260617624,2,1.0,640.0,640.0,1434,,1434,Q,False
Q,37,260617624,2,2.0,640.0,1280.0,1434,,1434,Q,False
Q,37,260617624,2,0.5,1280.0,640.0,2659,,2659,Q,False
Q,37,260617624,2,1.0,1280.0,1280.0,2659,,2659,Q,False
Q,37,260617624,2,2.0,1280.0,2560.0,2659,,2659,Q,False
Q,37,260617624,2,0.5,2560.0,1280.0,5362,,5362,Q,False
Q,37,260617624,2,1.0,2560.0,2560.0,5362,,5362,Q,False
Q,37,260617624,2,2.0,2560.0,5120.0,5362,,5362,Q,False
Q,37,260617624,2,0.5,5120.0,2560.0,10155,,10155,Q,False
Q,37,260617624,2,1.0,5120.0,5120.0,10155,,10155,Q,False
Q,37,260617624,2,2.0,5120.0,10240.0,10155,,10155,Q,False
Q,38,260617625,3,0.5,320.0,160.0,764,,764,Q,False
Q,38,260617625,3,1.0,320.0,320.0,764,,764,Q,False
Q,38,260617625,3,2.0,320.0,640.0,764,,764,Q,False
Q,38,260617625,3,0.5,640.0,320.0,1326,,1326,Q,False
Q,38,260617625,3,1.0,640.0,640.0,1326,,1326,Q,False
Q,38,260617625,3,2.0,640.0,1280.0,1326,,1326,Q,False
Q,38,260617625,3,0.5,1280.0,640.0,2600,,2600,Q,False
Q,38,260617625,3,1.0,1280.0,1280.0,2600,,2600,Q,False
Q,38,260617625,3,2.0,1280.0,2560.0,2600,,2600,Q,False
Q,38,260617625,3,0.5,2560.0,1280.0,5223,,5223,Q,False
Q,38,260617625,3,1.0,2560.0,2560.0,5223,,5223,Q,False
Q,38,260617625,3,2.0,2560.0,5120.0,5223,,5223,Q,False
Q,38,260617625,3,0.5,5120.0,2560.0,9925,,9925,Q,False
Q,38,260617625,3,1.0,5120.0,5120.0,9925,,9925,Q,False
Q,38,260617625,3,2.0,5120.0,10240.0,9925,,9925,Q,False
Q,39,260617626,4,0.5,320.0,160.0,791,,791,Q,False
Q,39,260617626,4,1.0,320.0,320.0,791,,791,Q,False
Q,39,260617626,4,2.0,320.0,640.0,791,,791,Q,False
Q,39,260617626,4,0.5,640.0,320.0,1410,,1410,Q,False
Q,39,260617626,4,1.0,640.0,640.0,1410,,1410,Q,False
Q,39,260617626,4,2.0,640.0,1280.0,1410,,1410,Q,False
Q,39,260617626,4,0.5,1280.0,640.0,2686,,2686,Q,False
Q,39,260617626,4,1.0,1280.0,1280.0,2686,,2686,Q,False
Q,39,260617626,4,2.0,1280.0,2560.0,2686,,2686,Q,False
Q,39,260617626,4,0.5,2560.0,1280.0,4934,,4934,Q,False
Q,39,260617626,4,1.0,2560.0,2560.0,4934,,4934,Q,False
Q,39,260617626,4,2.0,2560.0,5120.0,4934,,4934,Q,False
Q,39,260617626,4,0.5,5120.0,2560.0,9856,,9856,Q,False
Q,39,260617626,4,1.0,5120.0,5120.0,9856,,9856,Q,False
Q,39,260617626,4,2.0,5120.0,10240.0,9856,,9856,Q,False
Q,40,260617627,0,0.5,320.0,160.0,768,,768,Q,False
Q,40,260617627,0,1.0,320.0,320.0,768,,768,Q,False
Q,40,260617627,0,2.0,320.0,640.0,768,,768,Q,False
Q,40,260617627,0,0.5,640.0,320.0,1383,,1383,Q,False
Q,40,260617627,0,1.0,640.0,640.0,1383,,1383,Q,False
Q,40,260617627,0,2.0,640.0,1280.0,1383,,1383,Q,False
Q,40,260617627,0,0.5,1280.0,640.0,2660,,2660,Q,False
Q,40,260617627,0,1.0,1280.0,1280.0,2660,,2660,Q,False
Q,40,260617627,0,2.0,1280.0,2560.0,2660,,2660,Q,False
Q,40,260617627,0,0.5,2560.0,1280.0,5021,,5021,Q,False
Q,40,260617627,0,1.0,2560.0,2560.0,5021,,5021,Q,False
Q,40,260617627,0,2.0,2560.0,5120.0,5021,,5021,Q,False
Q,40,260617627,0,0.5,5120.0,2560.0,9950,,9950,Q,False
Q,40,260617627,0,1.0,5120.0,5120.0,9950,,9950,Q,False
Q,40,260617627,0,2.0,5120.0,10240.0,9950,,9950,Q,False
Q,41,260617628,1,0.5,320.0,160.0,784,,784,Q,False
Q,41,260617628,1,1.0,320.0,320.0,784,,784,Q,False
Q,41,260617628,1,2.0,320.0,640.0,784,,784,Q,False
Q,41,260617628,1,0.5,640.0,320.0,1453,,1453,Q,False
Q,41,260617628,1,1.0,640.0,640.0,1453,,1453,Q,False
Q,41,260617628,1,2.0,640.0,1280.0,1453,,1453,Q,False
Q,41,260617628,1,0.5,1280.0,640.0,2592,,2592,Q,False
Q,41,260617628,1,1.0,1280.0,1280.0,2592,,2592,Q,False
Q,41,260617628,1,2.0,1280.0,2560.0,2592,,2592,Q,False
Q,41,260617628,1,0.5,2560.0,1280.0,5019,,5019,Q,False
Q,41,260617628,1,1.0,2560.0,2560.0,5019,,5019,Q,False
Q,41,260617628,1,2.0,2560.0,5120.0,5019,,5019,Q,False
Q,41,260617628,1,0.5,5120.0,2560.0,9952,,9952,Q,False
Q,41,260617628,1,1.0,5120.0,5120.0,9952,,9952,Q,False
Q,41,260617628,1,2.0,5120.0,10240.0,9952,,9952,Q,False
Q,42,260617629,2,0.5,320.0,160.0,923,,923,Q,False
Q,42,260617629,2,1.0,320.0,320.0,923,,923,Q,False
Q,42,260617629,2,2.0,320.0,640.0,923,,923,Q,False
Q,42,260617629,2,0.5,640.0,320.0,1609,,1609,Q,False
Q,42,260617629,2,1.0,640.0,640.0,1609,,1609,Q,False
Q,42,260617629,2,2.0,640.0,1280.0,1609,,1609,Q,False
Q,42,260617629,2,0.5,1280.0,640.0,2806,,2806,Q,False
Q,42,260617629,2,1.0,1280.0,1280.0,2806,,2806,Q,False
Q,42,260617629,2,2.0,1280.0,2560.0,2806,,2806,Q,False
Q,42,260617629,2,0.5,2560.0,1280.0,5152,,5152,Q,False
Q,42,260617629,2,1.0,2560.0,2560.0,5152,,5152,Q,False
Q,42,260617629,2,2.0,2560.0,5120.0,5152,,5152,Q,False
Q,42,260617629,2,0.5,5120.0,2560.0,9843,,9843,Q,False
Q,42,260617629,2,1.0,5120.0,5120.0,9843,,9843,Q,False
Q,42,260617629,2,2.0,5120.0,10240.0,9843,,9843,Q,False
Q,43,260617630,3,0.5,320.0,160.0,885,,885,Q,False
Q,43,260617630,3,1.0,320.0,320.0,885,,885,Q,False
Q,43,260617630,3,2.0,320.0,640.0,885,,885,Q,False
Q,43,260617630,3,0.5,640.0,320.0,1480,,1480,Q,False
Q,43,260617630,3,1.0,640.0,640.0,1480,,1480,Q,False
Q,43,260617630,3,2.0,640.0,1280.0,1480,,1480,Q,False
Q,43,260617630,3,0.5,1280.0,640.0,2775,,2775,Q,False
Q,43,260617630,3,1.0,1280.0,1280.0,2775,,2775,Q,False
Q,43,260617630,3,2.0,1280.0,2560.0,2775,,2775,Q,False
Q,43,260617630,3,0.5,2560.0,1280.0,5198,,5198,Q,False
Q,43,260617630,3,1.0,2560.0,2560.0,5198,,5198,Q,False
Q,43,260617630,3,2.0,2560.0,5120.0,5198,,5198,Q,False
Q,43,260617630,3,0.5,5120.0,2560.0,10009,,10009,Q,False
Q,43,260617630,3,1.0,5120.0,5120.0,10009,,10009,Q,False
Q,43,260617630,3,2.0,5120.0,10240.0,10009,,10009,Q,False
Q,44,260617631,4,0.5,320.0,160.0,842,,842,Q,False
Q,44,260617631,4,1.0,320.0,320.0,842,,842,Q,False
Q,44,260617631,4,2.0,320.0,640.0,842,,842,Q,False
Q,44,260617631,4,0.5,640.0,320.0,1507,,1507,Q,False
Q,44,260617631,4,1.0,640.0,640.0,1507,,1507,Q,False
Q,44,260617631,4,2.0,640.0,1280.0,1507,,1507,Q,False
Q,44,260617631,4,0.5,1280.0,640.0,2740,,2740,Q,False
Q,44,260617631,4,1.0,1280.0,1280.0,2740,,2740,Q,False
Q,44,260617631,4,2.0,1280.0,2560.0,2740,,2740,Q,False
Q,44,260617631,4,0.5,2560.0,1280.0,5302,,5302,Q,False
Q,44,260617631,4,1.0,2560.0,2560.0,5302,,5302,Q,False
Q,44,260617631,4,2.0,2560.0,5120.0,5302,,5302,Q,False
Q,44,260617631,4,0.5,5120.0,2560.0,10090,,10090,Q,False
Q,44,260617631,4,1.0,5120.0,5120.0,10090,,10090,Q,False
Q,44,260617631,4,2.0,5120.0,10240.0,10090,,10090,Q,False
Q,45,260617632,0,0.5,320.0,160.0,761,,761,Q,False
Q,45,260617632,0,1.0,320.0,320.0,761,,761,Q,False
Q,45,260617632,0,2.0,320.0,640.0,761,,761,Q,False
Q,45,260617632,0,0.5,640.0,320.0,1435,,1435,Q,False
Q,45,260617632,0,1.0,640.0,640.0,1435,,1435,Q,False
Q,45,260617632,0,2.0,640.0,1280.0,1435,,1435,Q,False
Q,45,260617632,0,0.5,1280.0,640.0,2671,,2671,Q,False
Q,45,260617632,0,1.0,1280.0,1280.0,2671,,2671,Q,False
Q,45,260617632,0,2.0,1280.0,2560.0,2671,,2671,Q,False
Q,45,260617632,0,0.5,2560.0,1280.0,5109,,5109,Q,False
Q,45,260617632,0,1.0,2560.0,2560.0,5109,,5109,Q,False
Q,45,260617632,0,2.0,2560.0,5120.0,5109,,5109,Q,False
Q,45,260617632,0,0.5,5120.0,2560.0,9890,,9890,Q,False
Q,45,260617632,0,1.0,5120.0,5120.0,9890,,9890,Q,False
Q,45,260617632,0,2.0,5120.0,10240.0,9890,,9890,Q,False
Q,46,260617633,1,0.5,320.0,160.0,804,,804,Q,False
Q,46,260617633,1,1.0,320.0,320.0,804,,804,Q,False
Q,46,260617633,1,2.0,320.0,640.0,804,,804,Q,False
Q,46,260617633,1,0.5,640.0,320.0,1471,,1471,Q,False
Q,46,260617633,1,1.0,640.0,640.0,1471,,1471,Q,False
Q,46,260617633,1,2.0,640.0,1280.0,1471,,1471,Q,False
Q,46,260617633,1,0.5,1280.0,640.0,2714,,2714,Q,False
Q,46,260617633,1,1.0,1280.0,1280.0,2714,,2714,Q,False
Q,46,260617633,1,2.0,1280.0,2560.0,2714,,2714,Q,False
Q,46,260617633,1,0.5,2560.0,1280.0,5201,,5201,Q,False
Q,46,260617633,1,1.0,2560.0,2560.0,5201,,5201,Q,False
Q,46,260617633,1,2.0,2560.0,5120.0,5201,,5201,Q,False
Q,46,260617633,1,0.5,5120.0,2560.0,9860,,9860,Q,False
Q,46,260617633,1,1.0,5120.0,5120.0,9860,,9860,Q,False
Q,46,260617633,1,2.0,5120.0,10240.0,9860,,9860,Q,False
Q,47,260617634,2,0.5,320.0,160.0,793,,793,Q,False
Q,47,260617634,2,1.0,320.0,320.0,793,,793,Q,False
Q,47,260617634,2,2.0,320.0,640.0,793,,793,Q,False
Q,47,260617634,2,0.5,640.0,320.0,1432,,1432,Q,False
Q,47,260617634,2,1.0,640.0,640.0,1432,,1432,Q,False
Q,47,260617634,2,2.0,640.0,1280.0,1432,,1432,Q,False
Q,47,260617634,2,0.5,1280.0,640.0,2768,,2768,Q,False
Q,47,260617634,2,1.0,1280.0,1280.0,2768,,2768,Q,False
Q,47,260617634,2,2.0,1280.0,2560.0,2768,,2768,Q,False
Q,47,260617634,2,0.5,2560.0,1280.0,5267,,5267,Q,False
Q,47,260617634,2,1.0,2560.0,2560.0,5267,,5267,Q,False
Q,47,260617634,2,2.0,2560.0,5120.0,5267,,5267,Q,False
Q,47,260617634,2,0.5,5120.0,2560.0,10370,,10370,Q,False
Q,47,260617634,2,1.0,5120.0,5120.0,10370,,10370,Q,False
Q,47,260617634,2,2.0,5120.0,10240.0,10370,,10370,Q,False
Q,48,260617635,3,0.5,320.0,160.0,787,,787,Q,False
Q,48,260617635,3,1.0,320.0,320.0,787,,787,Q,False
Q,48,260617635,3,2.0,320.0,640.0,787,,787,Q,False
Q,48,260617635,3,0.5,640.0,320.0,1405,,1405,Q,False
Q,48,260617635,3,1.0,640.0,640.0,1405,,1405,Q,False
Q,48,260617635,3,2.0,640.0,1280.0,1405,,1405,Q,False
Q,48,260617635,3,0.5,1280.0,640.0,2605,,2605,Q,False
Q,48,260617635,3,1.0,1280.0,1280.0,2605,,2605,Q,False
Q,48,260617635,3,2.0,1280.0,2560.0,2605,,2605,Q,False
Q,48,260617635,3,0.5,2560.0,1280.0,4990,,4990,Q,False
Q,48,260617635,3,1.0,2560.0,2560.0,4990,,4990,Q,False
Q,48,260617635,3,2.0,2560.0,5120.0,4990,,4990,Q,False
Q,48,260617635,3,0.5,5120.0,2560.0,10039,,10039,Q,False
Q,48,260617635,3,1.0,5120.0,5120.0,10039,,10039,Q,False
Q,48,260617635,3,2.0,5120.0,10240.0,10039,,10039,Q,False
Q,49,260617636,4,0.5,320.0,160.0,807,,807,Q,False
Q,49,260617636,4,1.0,320.0,320.0,807,,807,Q,False
Q,49,260617636,4,2.0,320.0,640.0,807,,807,Q,False
Q,49,260617636,4,0.5,640.0,320.0,1393,,1393,Q,False
Q,49,260617636,4,1.0,640.0,640.0,1393,,1393,Q,False
Q,49,260617636,4,2.0,640.0,1280.0,1393,,1393,Q,False
Q,49,260617636,4,0.5,1280.0,640.0,2577,,2577,Q,False
Q,49,260617636,4,1.0,1280.0,1280.0,2577,,2577,Q,False
Q,49,260617636,4,2.0,1280.0,2560.0,2577,,2577,Q,False
Q,49,260617636,4,0.5,2560.0,1280.0,4987,,4987,Q,False
Q,49,260617636,4,1.0,2560.0,2560.0,4987,,4987,Q,False
Q,49,260617636,4,2.0,2560.0,5120.0,4987,,4987,Q,False
Q,49,260617636,4,0.5,5120.0,2560.0,9889,,9889,Q,False
Q,49,260617636,4,1.0,5120.0,5120.0,9889,,9889,Q,False
Q,49,260617636,4,2.0,5120.0,10240.0,9889,,9889,Q,False
Q,50,260617637,0,0.5,320.0,160.0,661,,661,Q,False
Q,50,260617637,0,1.0,320.0,320.0,661,,661,Q,False
Q,50,260617637,0,2.0,320.0,640.0,661,,661,Q,False
Q,50,260617637,0,0.5,640.0,320.0,1244,,1244,Q,False
Q,50,260617637,0,1.0,640.0,640.0,1244,,1244,Q,False
Q,50,260617637,0,2.0,640.0,1280.0,1244,,1244,Q,False
Q,50,260617637,0,0.5,1280.0,640.0,2582,,2582,Q,False
Q,50,260617637,0,1.0,1280.0,1280.0,2582,,2582,Q,False
Q,50,260617637,0,2.0,1280.0,2560.0,2582,,2582,Q,False
Q,50,260617637,0,0.5,2560.0,1280.0,5012,,5012,Q,False
Q,50,260617637,0,1.0,2560.0,2560.0,5012,,5012,Q,False
Q,50,260617637,0,2.0,2560.0,5120.0,5012,,5012,Q,False
Q,50,260617637,0,0.5,5120.0,2560.0,9880,,9880,Q,False
Q,50,260617637,0,1.0,5120.0,5120.0,9880,,9880,Q,False
Q,50,260617637,0,2.0,5120.0,10240.0,9880,,9880,Q,False
Q,51,260617638,1,0.5,320.0,160.0,781,,781,Q,False
Q,51,260617638,1,1.0,320.0,320.0,781,,781,Q,False
Q,51,260617638,1,2.0,320.0,640.0,781,,781,Q,False
Q,51,260617638,1,0.5,640.0,320.0,1465,,1465,Q,False
Q,51,260617638,1,1.0,640.0,640.0,1465,,1465,Q,False
Q,51,260617638,1,2.0,640.0,1280.0,1465,,1465,Q,False
Q,51,260617638,1,0.5,1280.0,640.0,2671,,2671,Q,False
Q,51,260617638,1,1.0,1280.0,1280.0,2671,,2671,Q,False
Q,51,260617638,1,2.0,1280.0,2560.0,2671,,2671,Q,False
Q,51,260617638,1,0.5,2560.0,1280.0,5183,,5183,Q,False
Q,51,260617638,1,1.0,2560.0,2560.0,5183,,5183,Q,False
Q,51,260617638,1,2.0,2560.0,5120.0,5183,,5183,Q,False
Q,51,260617638,1,0.5,5120.0,2560.0,10142,,10142,Q,False
Q,51,260617638,1,1.0,5120.0,5120.0,10142,,10142,Q,False
Q,51,260617638,1,2.0,5120.0,10240.0,10142,,10142,Q,False
Q,52,260617639,2,0.5,320.0,160.0,881,,881,Q,False
Q,52,260617639,2,1.0,320.0,320.0,881,,881,Q,False
Q,52,260617639,2,2.0,320.0,640.0,881,,881,Q,False
Q,52,260617639,2,0.5,640.0,320.0,1543,,1543,Q,False
Q,52,260617639,2,1.0,640.0,640.0,1543,,1543,Q,False
Q,52,260617639,2,2.0,640.0,1280.0,1543,,1543,Q,False
Q,52,260617639,2,0.5,1280.0,640.0,2747,,2747,Q,False
Q,52,260617639,2,1.0,1280.0,1280.0,2747,,2747,Q,False
Q,52,260617639,2,2.0,1280.0,2560.0,2747,,2747,Q,False
Q,52,260617639,2,0.5,2560.0,1280.0,5329,,5329,Q,False
Q,52,260617639,2,1.0,2560.0,2560.0,5329,,5329,Q,False
Q,52,260617639,2,2.0,2560.0,5120.0,5329,,5329,Q,False
Q,52,260617639,2,0.5,5120.0,2560.0,10310,,10310,Q,False
Q,52,260617639,2,1.0,5120.0,5120.0,10310,,10310,Q,False
Q,52,260617639,2,2.0,5120.0,10240.0,10310,,10310,Q,False
Q,53,260617640,3,0.5,320.0,160.0,754,,754,Q,False
Q,53,260617640,3,1.0,320.0,320.0,754,,754,Q,False
Q,53,260617640,3,2.0,320.0,640.0,754,,754,Q,False
Q,53,260617640,3,0.5,640.0,320.0,1394,,1394,Q,False
Q,53,260617640,3,1.0,640.0,640.0,1394,,1394,Q,False
Q,53,260617640,3,2.0,640.0,1280.0,1394,,1394,Q,False
Q,53,260617640,3,0.5,1280.0,640.0,2566,,2566,Q,False
Q,53,260617640,3,1.0,1280.0,1280.0,2566,,2566,Q,False
Q,53,260617640,3,2.0,1280.0,2560.0,2566,,2566,Q,False
Q,53,260617640,3,0.5,2560.0,1280.0,4852,,4852,Q,False
Q,53,260617640,3,1.0,2560.0,2560.0,4852,,4852,Q,False
Q,53,260617640,3,2.0,2560.0,5120.0,4852,,4852,Q,False
Q,53,260617640,3,0.5,5120.0,2560.0,9461,,9461,Q,False
Q,53,260617640,3,1.0,5120.0,5120.0,9461,,9461,Q,False
Q,53,260617640,3,2.0,5120.0,10240.0,9461,,9461,Q,False
Q,54,260617641,4,0.5,320.0,160.0,790,,790,Q,False
Q,54,260617641,4,1.0,320.0,320.0,790,,790,Q,False
Q,54,260617641,4,2.0,320.0,640.0,790,,790,Q,False
Q,54,260617641,4,0.5,640.0,320.0,1442,,1442,Q,False
Q,54,260617641,4,1.0,640.0,640.0,1442,,1442,Q,False
Q,54,260617641,4,2.0,640.0,1280.0,1442,,1442,Q,False
Q,54,260617641,4,0.5,1280.0,640.0,2615,,2615,Q,False
Q,54,260617641,4,1.0,1280.0,1280.0,2615,,2615,Q,False
Q,54,260617641,4,2.0,1280.0,2560.0,2615,,2615,Q,False
Q,54,260617641,4,0.5,2560.0,1280.0,5070,,5070,Q,False
Q,54,260617641,4,1.0,2560.0,2560.0,5070,,5070,Q,False
Q,54,260617641,4,2.0,2560.0,5120.0,5070,,5070,Q,False
Q,54,260617641,4,0.5,5120.0,2560.0,10032,,10032,Q,False
Q,54,260617641,4,1.0,5120.0,5120.0,10032,,10032,Q,False
Q,54,260617641,4,2.0,5120.0,10240.0,10032,,10032,Q,False
Q,55,260617642,0,0.5,320.0,160.0,712,,712,Q,False
Q,55,260617642,0,1.0,320.0,320.0,712,,712,Q,False
Q,55,260617642,0,2.0,320.0,640.0,712,,712,Q,False
Q,55,260617642,0,0.5,640.0,320.0,1375,,1375,Q,False
Q,55,260617642,0,1.0,640.0,640.0,1375,,1375,Q,False
Q,55,260617642,0,2.0,640.0,1280.0,1375,,1375,Q,False
Q,55,260617642,0,0.5,1280.0,640.0,2589,,2589,Q,False
Q,55,260617642,0,1.0,1280.0,1280.0,2589,,2589,Q,False
Q,55,260617642,0,2.0,1280.0,2560.0,2589,,2589,Q,False
Q,55,260617642,0,0.5,2560.0,1280.0,5054,,5054,Q,False
Q,55,260617642,0,1.0,2560.0,2560.0,5054,,5054,Q,False
Q,55,260617642,0,2.0,2560.0,5120.0,5054,,5054,Q,False
Q,55,260617642,0,0.5,5120.0,2560.0,10297,,10297,Q,False
Q,55,260617642,0,1.0,5120.0,5120.0,10297,,10297,Q,False
Q,55,260617642,0,2.0,5120.0,10240.0,10297,,10297,Q,False
Q,56,260617643,1,0.5,320.0,160.0,837,,837,Q,False
Q,56,260617643,1,1.0,320.0,320.0,837,,837,Q,False
Q,56,260617643,1,2.0,320.0,640.0,837,,837,Q,False
Q,56,260617643,1,0.5,640.0,320.0,1446,,1446,Q,False
Q,56,260617643,1,1.0,640.0,640.0,1446,,1446,Q,False
Q,56,260617643,1,2.0,640.0,1280.0,1446,,1446,Q,False
Q,56,260617643,1,0.5,1280.0,640.0,2739,,2739,Q,False
Q,56,260617643,1,1.0,1280.0,1280.0,2739,,2739,Q,False
Q,56,260617643,1,2.0,1280.0,2560.0,2739,,2739,Q,False
Q,56,260617643,1,0.5,2560.0,1280.0,5251,,5251,Q,False
Q,56,260617643,1,1.0,2560.0,2560.0,5251,,5251,Q,False
Q,56,260617643,1,2.0,2560.0,5120.0,5251,,5251,Q,False
Q,56,260617643,1,0.5,5120.0,2560.0,10342,,10342,Q,False
Q,56,260617643,1,1.0,5120.0,5120.0,10342,,10342,Q,False
Q,56,260617643,1,2.0,5120.0,10240.0,10342,,10342,Q,False
Q,57,260617644,2,0.5,320.0,160.0,722,,722,Q,False
Q,57,260617644,2,1.0,320.0,320.0,722,,722,Q,False
Q,57,260617644,2,2.0,320.0,640.0,722,,722,Q,False
Q,57,260617644,2,0.5,640.0,320.0,1339,,1339,Q,False
Q,57,260617644,2,1.0,640.0,640.0,1339,,1339,Q,False
Q,57,260617644,2,2.0,640.0,1280.0,1339,,1339,Q,False
Q,57,260617644,2,0.5,1280.0,640.0,2577,,2577,Q,False
Q,57,260617644,2,1.0,1280.0,1280.0,2577,,2577,Q,False
Q,57,260617644,2,2.0,1280.0,2560.0,2577,,2577,Q,False
Q,57,260617644,2,0.5,2560.0,1280.0,5233,,5233,Q,False
Q,57,260617644,2,1.0,2560.0,2560.0,5233,,5233,Q,False
Q,57,260617644,2,2.0,2560.0,5120.0,5233,,5233,Q,False
Q,57,260617644,2,0.5,5120.0,2560.0,10117,,10117,Q,False
Q,57,260617644,2,1.0,5120.0,5120.0,10117,,10117,Q,False
Q,57,260617644,2,2.0,5120.0,10240.0,10117,,10117,Q,False
Q,58,260617645,3,0.5,320.0,160.0,850,,850,Q,False
Q,58,260617645,3,1.0,320.0,320.0,850,,850,Q,False
Q,58,260617645,3,2.0,320.0,640.0,850,,850,Q,False
Q,58,260617645,3,0.5,640.0,320.0,1413,,1413,Q,False
Q,58,260617645,3,1.0,640.0,640.0,1413,,1413,Q,False
Q,58,260617645,3,2.0,640.0,1280.0,1413,,1413,Q,False
Q,58,260617645,3,0.5,1280.0,640.0,2620,,2620,Q,False
Q,58,260617645,3,1.0,1280.0,1280.0,2620,,2620,Q,False
Q,58,260617645,3,2.0,1280.0,2560.0,2620,,2620,Q,False
Q,58,260617645,3,0.5,2560.0,1280.0,4915,,4915,Q,False
Q,58,260617645,3,1.0,2560.0,2560.0,4915,,4915,Q,False
Q,58,260617645,3,2.0,2560.0,5120.0,4915,,4915,Q,False
Q,58,260617645,3,0.5,5120.0,2560.0,9823,,9823,Q,False
Q,58,260617645,3,1.0,5120.0,5120.0,9823,,9823,Q,False
Q,58,260617645,3,2.0,5120.0,10240.0,9823,,9823,Q,False
Q,59,260617646,4,0.5,320.0,160.0,745,,745,Q,False
Q,59,260617646,4,1.0,320.0,320.0,745,,745,Q,False
Q,59,260617646,4,2.0,320.0,640.0,745,,745,Q,False
Q,59,260617646,4,0.5,640.0,320.0,1501,,1501,Q,False
Q,59,260617646,4,1.0,640.0,640.0,1501,,1501,Q,False
Q,59,260617646,4,2.0,640.0,1280.0,1501,,1501,Q,False
Q,59,260617646,4,0.5,1280.0,640.0,2769,,2769,Q,False
Q,59,260617646,4,1.0,1280.0,1280.0,2769,,2769,Q,False
Q,59,260617646,4,2.0,1280.0,2560.0,2769,,2769,Q,False
Q,59,260617646,4,0.5,2560.0,1280.0,5324,,5324,Q,False
Q,59,260617646,4,1.0,2560.0,2560.0,5324,,5324,Q,False
Q,59,260617646,4,2.0,2560.0,5120.0,5324,,5324,Q,False
Q,59,260617646,4,0.5,5120.0,2560.0,10485,,10485,Q,False
Q,59,260617646,4,1.0,5120.0,5120.0,10485,,10485,Q,False
Q,59,260617646,4,2.0,5120.0,10240.0,10485,,10485,Q,False
Q,60,260617647,0,0.5,320.0,160.0,734,,734,Q,False
Q,60,260617647,0,1.0,320.0,320.0,734,,734,Q,False
Q,60,260617647,0,2.0,320.0,640.0,734,,734,Q,False
Q,60,260617647,0,0.5,640.0,320.0,1359,,1359,Q,False
Q,60,260617647,0,1.0,640.0,640.0,1359,,1359,Q,False
Q,60,260617647,0,2.0,640.0,1280.0,1359,,1359,Q,False
Q,60,260617647,0,0.5,1280.0,640.0,2592,,2592,Q,False
Q,60,260617647,0,1.0,1280.0,1280.0,2592,,2592,Q,False
Q,60,260617647,0,2.0,1280.0,2560.0,2592,,2592,Q,False
Q,60,260617647,0,0.5,2560.0,1280.0,5130,,5130,Q,False
Q,60,260617647,0,1.0,2560.0,2560.0,5130,,5130,Q,False
Q,60,260617647,0,2.0,2560.0,5120.0,5130,,5130,Q,False
Q,60,260617647,0,0.5,5120.0,2560.0,9881,,9881,Q,False
Q,60,260617647,0,1.0,5120.0,5120.0,9881,,9881,Q,False
Q,60,260617647,0,2.0,5120.0,10240.0,9881,,9881,Q,False
Q,61,260617648,1,0.5,320.0,160.0,765,,765,Q,False
Q,61,260617648,1,1.0,320.0,320.0,765,,765,Q,False
Q,61,260617648,1,2.0,320.0,640.0,765,,765,Q,False
Q,61,260617648,1,0.5,640.0,320.0,1467,,1467,Q,False
Q,61,260617648,1,1.0,640.0,640.0,1467,,1467,Q,False
Q,61,260617648,1,2.0,640.0,1280.0,1467,,1467,Q,False
Q,61,260617648,1,0.5,1280.0,640.0,2681,,2681,Q,False
Q,61,260617648,1,1.0,1280.0,1280.0,2681,,2681,Q,False
Q,61,260617648,1,2.0,1280.0,2560.0,2681,,2681,Q,False
Q,61,260617648,1,0.5,2560.0,1280.0,5119,,5119,Q,False
Q,61,260617648,1,1.0,2560.0,2560.0,5119,,5119,Q,False
Q,61,260617648,1,2.0,2560.0,5120.0,5119,,5119,Q,False
Q,61,260617648,1,0.5,5120.0,2560.0,10121,,10121,Q,False
Q,61,260617648,1,1.0,5120.0,5120.0,10121,,10121,Q,False
Q,61,260617648,1,2.0,5120.0,10240.0,10121,,10121,Q,False
Q,62,260617649,2,0.5,320.0,160.0,726,,726,Q,False
Q,62,260617649,2,1.0,320.0,320.0,726,,726,Q,False
Q,62,260617649,2,2.0,320.0,640.0,726,,726,Q,False
Q,62,260617649,2,0.5,640.0,320.0,1258,,1258,Q,False
Q,62,260617649,2,1.0,640.0,640.0,1258,,1258,Q,False
Q,62,260617649,2,2.0,640.0,1280.0,1258,,1258,Q,False
Q,62,260617649,2,0.5,1280.0,640.0,2586,,2586,Q,False
Q,62,260617649,2,1.0,1280.0,1280.0,2586,,2586,Q,False
Q,62,260617649,2,2.0,1280.0,2560.0,2586,,2586,Q,False
Q,62,260617649,2,0.5,2560.0,1280.0,5150,,5150,Q,False
Q,62,260617649,2,1.0,2560.0,2560.0,5150,,5150,Q,False
Q,62,260617649,2,2.0,2560.0,5120.0,5150,,5150,Q,False
Q,62,260617649,2,0.5,5120.0,2560.0,10091,,10091,Q,False
Q,62,260617649,2,1.0,5120.0,5120.0,10091,,10091,Q,False
Q,62,260617649,2,2.0,5120.0,10240.0,10091,,10091,Q,False
Q,63,260617650,3,0.5,320.0,160.0,815,,815,Q,False
Q,63,260617650,3,1.0,320.0,320.0,815,,815,Q,False
Q,63,260617650,3,2.0,320.0,640.0,815,,815,Q,False
Q,63,260617650,3,0.5,640.0,320.0,1447,,1447,Q,False
Q,63,260617650,3,1.0,640.0,640.0,1447,,1447,Q,False
Q,63,260617650,3,2.0,640.0,1280.0,1447,,1447,Q,False
Q,63,260617650,3,0.5,1280.0,640.0,2661,,2661,Q,False
Q,63,260617650,3,1.0,1280.0,1280.0,2661,,2661,Q,False
Q,63,260617650,3,2.0,1280.0,2560.0,2661,,2661,Q,False
Q,63,260617650,3,0.5,2560.0,1280.0,4908,,4908,Q,False
Q,63,260617650,3,1.0,2560.0,2560.0,4908,,4908,Q,False
Q,63,260617650,3,2.0,2560.0,5120.0,4908,,4908,Q,False
Q,63,260617650,3,0.5,5120.0,2560.0,10034,,10034,Q,False
Q,63,260617650,3,1.0,5120.0,5120.0,10034,,10034,Q,False
Q,63,260617650,3,2.0,5120.0,10240.0,10034,,10034,Q,False
Q,64,260617651,4,0.5,320.0,160.0,746,,746,Q,False
Q,64,260617651,4,1.0,320.0,320.0,746,,746,Q,False
Q,64,260617651,4,2.0,320.0,640.0,746,,746,Q,False
Q,64,260617651,4,0.5,640.0,320.0,1331,,1331,Q,False
Q,64,260617651,4,1.0,640.0,640.0,1331,,1331,Q,False
Q,64,260617651,4,2.0,640.0,1280.0,1331,,1331,Q,False
Q,64,260617651,4,0.5,1280.0,640.0,2610,,2610,Q,False
Q,64,260617651,4,1.0,1280.0,1280.0,2610,,2610,Q,False
Q,64,260617651,4,2.0,1280.0,2560.0,2610,,2610,Q,False
Q,64,260617651,4,0.5,2560.0,1280.0,5038,,5038,Q,False
Q,64,260617651,4,1.0,2560.0,2560.0,5038,,5038,Q,False
Q,64,260617651,4,2.0,2560.0,5120.0,5038,,5038,Q,False
Q,64,260617651,4,0.5,5120.0,2560.0,10087,,10087,Q,False
Q,64,260617651,4,1.0,5120.0,5120.0,10087,,10087,Q,False
Q,64,260617651,4,2.0,5120.0,10240.0,10087,,10087,Q,False
Q,65,260617652,0,0.5,320.0,160.0,699,,699,Q,False
Q,65,260617652,0,1.0,320.0,320.0,699,,699,Q,False
Q,65,260617652,0,2.0,320.0,640.0,699,,699,Q,False
Q,65,260617652,0,0.5,640.0,320.0,1306,,1306,Q,False
Q,65,260617652,0,1.0,640.0,640.0,1306,,1306,Q,False
Q,65,260617652,0,2.0,640.0,1280.0,1306,,1306,Q,False
Q,65,260617652,0,0.5,1280.0,640.0,2582,,2582,Q,False
Q,65,260617652,0,1.0,1280.0,1280.0,2582,,2582,Q,False
Q,65,260617652,0,2.0,1280.0,2560.0,2582,,2582,Q,False
Q,65,260617652,0,0.5,2560.0,1280.0,4897,,4897,Q,False
Q,65,260617652,0,1.0,2560.0,2560.0,4897,,4897,Q,False
Q,65,260617652,0,2.0,2560.0,5120.0,4897,,4897,Q,False
Q,65,260617652,0,0.5,5120.0,2560.0,9564,,9564,Q,False
Q,65,260617652,0,1.0,5120.0,5120.0,9564,,9564,Q,False
Q,65,260617652,0,2.0,5120.0,10240.0,9564,,9564,Q,False
Q,66,260617653,1,0.5,320.0,160.0,805,,805,Q,False
Q,66,260617653,1,1.0,320.0,320.0,805,,805,Q,False
Q,66,260617653,1,2.0,320.0,640.0,805,,805,Q,False
Q,66,260617653,1,0.5,640.0,320.0,1371,,1371,Q,False
Q,66,260617653,1,1.0,640.0,640.0,1371,,1371,Q,False
Q,66,260617653,1,2.0,640.0,1280.0,1371,,1371,Q,False
Q,66,260617653,1,0.5,1280.0,640.0,2512,,2512,Q,False
Q,66,260617653,1,1.0,1280.0,1280.0,2512,,2512,Q,False
Q,66,260617653,1,2.0,1280.0,2560.0,2512,,2512,Q,False
Q,66,260617653,1,0.5,2560.0,1280.0,4921,,4921,Q,False
Q,66,260617653,1,1.0,2560.0,2560.0,4921,,4921,Q,False
Q,66,260617653,1,2.0,2560.0,5120.0,4921,,4921,Q,False
Q,66,260617653,1,0.5,5120.0,2560.0,9923,,9923,Q,False
Q,66,260617653,1,1.0,5120.0,5120.0,9923,,9923,Q,False
Q,66,260617653,1,2.0,5120.0,10240.0,9923,,9923,Q,False
Q,67,260617654,2,0.5,320.0,160.0,784,,784,Q,False
Q,67,260617654,2,1.0,320.0,320.0,784,,784,Q,False
Q,67,260617654,2,2.0,320.0,640.0,784,,784,Q,False
Q,67,260617654,2,0.5,640.0,320.0,1446,,1446,Q,False
Q,67,260617654,2,1.0,640.0,640.0,1446,,1446,Q,False
Q,67,260617654,2,2.0,640.0,1280.0,1446,,1446,Q,False
Q,67,260617654,2,0.5,1280.0,640.0,2529,,2529,Q,False
Q,67,260617654,2,1.0,1280.0,1280.0,2529,,2529,Q,False
Q,67,260617654,2,2.0,1280.0,2560.0,2529,,2529,Q,False
Q,67,260617654,2,0.5,2560.0,1280.0,4942,,4942,Q,False
Q,67,260617654,2,1.0,2560.0,2560.0,4942,,4942,Q,False
Q,67,260617654,2,2.0,2560.0,5120.0,4942,,4942,Q,False
Q,67,260617654,2,0.5,5120.0,2560.0,9857,,9857,Q,False
Q,67,260617654,2,1.0,5120.0,5120.0,9857,,9857,Q,False
Q,67,260617654,2,2.0,5120.0,10240.0,9857,,9857,Q,False
Q,68,260617655,3,0.5,320.0,160.0,816,,816,Q,False
Q,68,260617655,3,1.0,320.0,320.0,816,,816,Q,False
Q,68,260617655,3,2.0,320.0,640.0,816,,816,Q,False
Q,68,260617655,3,0.5,640.0,320.0,1514,,1514,Q,False
Q,68,260617655,3,1.0,640.0,640.0,1514,,1514,Q,False
Q,68,260617655,3,2.0,640.0,1280.0,1514,,1514,Q,False
Q,68,260617655,3,0.5,1280.0,640.0,2760,,2760,Q,False
Q,68,260617655,3,1.0,1280.0,1280.0,2760,,2760,Q,False
Q,68,260617655,3,2.0,1280.0,2560.0,2760,,2760,Q,False
Q,68,260617655,3,0.5,2560.0,1280.0,5330,,5330,Q,False
Q,68,260617655,3,1.0,2560.0,2560.0,5330,,5330,Q,False
Q,68,260617655,3,2.0,2560.0,5120.0,5330,,5330,Q,False
Q,68,260617655,3,0.5,5120.0,2560.0,10050,,10050,Q,False
Q,68,260617655,3,1.0,5120.0,5120.0,10050,,10050,Q,False
Q,68,260617655,3,2.0,5120.0,10240.0,10050,,10050,Q,False
Q,69,260617656,4,0.5,320.0,160.0,696,,696,Q,False
Q,69,260617656,4,1.0,320.0,320.0,696,,696,Q,False
Q,69,260617656,4,2.0,320.0,640.0,696,,696,Q,False
Q,69,260617656,4,0.5,640.0,320.0,1383,,1383,Q,False
Q,69,260617656,4,1.0,640.0,640.0,1383,,1383,Q,False
Q,69,260617656,4,2.0,640.0,1280.0,1383,,1383,Q,False
Q,69,260617656,4,0.5,1280.0,640.0,2626,,2626,Q,False
Q,69,260617656,4,1.0,1280.0,1280.0,2626,,2626,Q,False
Q,69,260617656,4,2.0,1280.0,2560.0,2626,,2626,Q,False
Q,69,260617656,4,0.5,2560.0,1280.0,5080,,5080,Q,False
Q,69,260617656,4,1.0,2560.0,2560.0,5080,,5080,Q,False
Q,69,260617656,4,2.0,2560.0,5120.0,5080,,5080,Q,False
Q,69,260617656,4,0.5,5120.0,2560.0,9815,,9815,Q,False
Q,69,260617656,4,1.0,5120.0,5120.0,9815,,9815,Q,False
Q,69,260617656,4,2.0,5120.0,10240.0,9815,,9815,Q,False
Q,70,260617657,0,0.5,320.0,160.0,729,,729,Q,False
Q,70,260617657,0,1.0,320.0,320.0,729,,729,Q,False
Q,70,260617657,0,2.0,320.0,640.0,729,,729,Q,False
Q,70,260617657,0,0.5,640.0,320.0,1360,,1360,Q,False
Q,70,260617657,0,1.0,640.0,640.0,1360,,1360,Q,False
Q,70,260617657,0,2.0,640.0,1280.0,1360,,1360,Q,False
Q,70,260617657,0,0.5,1280.0,640.0,2631,,2631,Q,False
Q,70,260617657,0,1.0,1280.0,1280.0,2631,,2631,Q,False
Q,70,260617657,0,2.0,1280.0,2560.0,2631,,2631,Q,False
Q,70,260617657,0,0.5,2560.0,1280.0,5050,,5050,Q,False
Q,70,260617657,0,1.0,2560.0,2560.0,5050,,5050,Q,False
Q,70,260617657,0,2.0,2560.0,5120.0,5050,,5050,Q,False
Q,70,260617657,0,0.5,5120.0,2560.0,9836,,9836,Q,False
Q,70,260617657,0,1.0,5120.0,5120.0,9836,,9836,Q,False
Q,70,260617657,0,2.0,5120.0,10240.0,9836,,9836,Q,False
Q,71,260617658,1,0.5,320.0,160.0,695,,695,Q,False
Q,71,260617658,1,1.0,320.0,320.0,695,,695,Q,False
Q,71,260617658,1,2.0,320.0,640.0,695,,695,Q,False
Q,71,260617658,1,0.5,640.0,320.0,1363,,1363,Q,False
Q,71,260617658,1,1.0,640.0,640.0,1363,,1363,Q,False
Q,71,260617658,1,2.0,640.0,1280.0,1363,,1363,Q,False
Q,71,260617658,1,0.5,1280.0,640.0,2509,,2509,Q,False
Q,71,260617658,1,1.0,1280.0,1280.0,2509,,2509,Q,False
Q,71,260617658,1,2.0,1280.0,2560.0,2509,,2509,Q,False
Q,71,260617658,1,0.5,2560.0,1280.0,4968,,4968,Q,False
Q,71,260617658,1,1.0,2560.0,2560.0,4968,,4968,Q,False
Q,71,260617658,1,2.0,2560.0,5120.0,4968,,4968,Q,False
Q,71,260617658,1,0.5,5120.0,2560.0,10254,,10254,Q,False
Q,71,260617658,1,1.0,5120.0,5120.0,10254,,10254,Q,False
Q,71,260617658,1,2.0,5120.0,10240.0,10254,,10254,Q,False
Q,72,260617659,2,0.5,320.0,160.0,756,,756,Q,False
Q,72,260617659,2,1.0,320.0,320.0,756,,756,Q,False
Q,72,260617659,2,2.0,320.0,640.0,756,,756,Q,False
Q,72,260617659,2,0.5,640.0,320.0,1371,,1371,Q,False
Q,72,260617659,2,1.0,640.0,640.0,1371,,1371,Q,False
Q,72,260617659,2,2.0,640.0,1280.0,1371,,1371,Q,False
Q,72,260617659,2,0.5,1280.0,640.0,2641,,2641,Q,False
Q,72,260617659,2,1.0,1280.0,1280.0,2641,,2641,Q,False
Q,72,260617659,2,2.0,1280.0,2560.0,2641,,2641,Q,False
Q,72,260617659,2,0.5,2560.0,1280.0,5196,,5196,Q,False
Q,72,260617659,2,1.0,2560.0,2560.0,5196,,5196,Q,False
Q,72,260617659,2,2.0,2560.0,5120.0,5196,,5196,Q,False
Q,72,260617659,2,0.5,5120.0,2560.0,10025,,10025,Q,False
Q,72,260617659,2,1.0,5120.0,5120.0,10025,,10025,Q,False
Q,72,260617659,2,2.0,5120.0,10240.0,10025,,10025,Q,False
Q,73,260617660,3,0.5,320.0,160.0,739,,739,Q,False
Q,73,260617660,3,1.0,320.0,320.0,739,,739,Q,False
Q,73,260617660,3,2.0,320.0,640.0,739,,739,Q,False
Q,73,260617660,3,0.5,640.0,320.0,1375,,1375,Q,False
Q,73,260617660,3,1.0,640.0,640.0,1375,,1375,Q,False
Q,73,260617660,3,2.0,640.0,1280.0,1375,,1375,Q,False
Q,73,260617660,3,0.5,1280.0,640.0,2587,,2587,Q,False
Q,73,260617660,3,1.0,1280.0,1280.0,2587,,2587,Q,False
Q,73,260617660,3,2.0,1280.0,2560.0,2587,,2587,Q,False
Q,73,260617660,3,0.5,2560.0,1280.0,4810,,4810,Q,False
Q,73,260617660,3,1.0,2560.0,2560.0,4810,,4810,Q,False
Q,73,260617660,3,2.0,2560.0,5120.0,4810,,4810,Q,False
Q,73,260617660,3,0.5,5120.0,2560.0,9691,,9691,Q,False
Q,73,260617660,3,1.0,5120.0,5120.0,9691,,9691,Q,False
Q,73,260617660,3,2.0,5120.0,10240.0,9691,,9691,Q,False
Q,74,260617661,4,0.5,320.0,160.0,749,,749,Q,False
Q,74,260617661,4,1.0,320.0,320.0,749,,749,Q,False
Q,74,260617661,4,2.0,320.0,640.0,749,,749,Q,False
Q,74,260617661,4,0.5,640.0,320.0,1349,,1349,Q,False
Q,74,260617661,4,1.0,640.0,640.0,1349,,1349,Q,False
Q,74,260617661,4,2.0,640.0,1280.0,1349,,1349,Q,False
Q,74,260617661,4,0.5,1280.0,640.0,2544,,2544,Q,False
Q,74,260617661,4,1.0,1280.0,1280.0,2544,,2544,Q,False
Q,74,260617661,4,2.0,1280.0,2560.0,2544,,2544,Q,False
Q,74,260617661,4,0.5,2560.0,1280.0,4906,,4906,Q,False
Q,74,260617661,4,1.0,2560.0,2560.0,4906,,4906,Q,False
Q,74,260617661,4,2.0,2560.0,5120.0,4906,,4906,Q,False
Q,74,260617661,4,0.5,5120.0,2560.0,9796,,9796,Q,False
Q,74,260617661,4,1.0,5120.0,5120.0,9796,,9796,Q,False
Q,74,260617661,4,2.0,5120.0,10240.0,9796,,9796,Q,False
Q,75,260617662,0,0.5,320.0,160.0,759,,759,Q,False
Q,75,260617662,0,1.0,320.0,320.0,759,,759,Q,False
Q,75,260617662,0,2.0,320.0,640.0,759,,759,Q,False
Q,75,260617662,0,0.5,640.0,320.0,1445,,1445,Q,False
Q,75,260617662,0,1.0,640.0,640.0,1445,,1445,Q,False
Q,75,260617662,0,2.0,640.0,1280.0,1445,,1445,Q,False
Q,75,260617662,0,0.5,1280.0,640.0,2591,,2591,Q,False
Q,75,260617662,0,1.0,1280.0,1280.0,2591,,2591,Q,False
Q,75,260617662,0,2.0,1280.0,2560.0,2591,,2591,Q,False
Q,75,260617662,0,0.5,2560.0,1280.0,5183,,5183,Q,False
Q,75,260617662,0,1.0,2560.0,2560.0,5183,,5183,Q,False
Q,75,260617662,0,2.0,2560.0,5120.0,5183,,5183,Q,False
Q,75,260617662,0,0.5,5120.0,2560.0,9957,,9957,Q,False
Q,75,260617662,0,1.0,5120.0,5120.0,9957,,9957,Q,False
Q,75,260617662,0,2.0,5120.0,10240.0,9957,,9957,Q,False
Q,76,260617663,1,0.5,320.0,160.0,765,,765,Q,False
Q,76,260617663,1,1.0,320.0,320.0,765,,765,Q,False
Q,76,260617663,1,2.0,320.0,640.0,765,,765,Q,False
Q,76,260617663,1,0.5,640.0,320.0,1494,,1494,Q,False
Q,76,260617663,1,1.0,640.0,640.0,1494,,1494,Q,False
Q,76,260617663,1,2.0,640.0,1280.0,1494,,1494,Q,False
Q,76,260617663,1,0.5,1280.0,640.0,2701,,2701,Q,False
Q,76,260617663,1,1.0,1280.0,1280.0,2701,,2701,Q,False
Q,76,260617663,1,2.0,1280.0,2560.0,2701,,2701,Q,False
Q,76,260617663,1,0.5,2560.0,1280.0,5051,,5051,Q,False
Q,76,260617663,1,1.0,2560.0,2560.0,5051,,5051,Q,False
Q,76,260617663,1,2.0,2560.0,5120.0,5051,,5051,Q,False
Q,76,260617663,1,0.5,5120.0,2560.0,9934,,9934,Q,False
Q,76,260617663,1,1.0,5120.0,5120.0,9934,,9934,Q,False
Q,76,260617663,1,2.0,5120.0,10240.0,9934,,9934,Q,False
Q,77,260617664,2,0.5,320.0,160.0,742,,742,Q,False
Q,77,260617664,2,1.0,320.0,320.0,742,,742,Q,False
Q,77,260617664,2,2.0,320.0,640.0,742,,742,Q,False
Q,77,260617664,2,0.5,640.0,320.0,1442,,1442,Q,False
Q,77,260617664,2,1.0,640.0,640.0,1442,,1442,Q,False
Q,77,260617664,2,2.0,640.0,1280.0,1442,,1442,Q,False
Q,77,260617664,2,0.5,1280.0,640.0,2703,,2703,Q,False
Q,77,260617664,2,1.0,1280.0,1280.0,2703,,2703,Q,False
Q,77,260617664,2,2.0,1280.0,2560.0,2703,,2703,Q,False
Q,77,260617664,2,0.5,2560.0,1280.0,5314,,5314,Q,False
Q,77,260617664,2,1.0,2560.0,2560.0,5314,,5314,Q,False
Q,77,260617664,2,2.0,2560.0,5120.0,5314,,5314,Q,False
Q,77,260617664,2,0.5,5120.0,2560.0,10340,,10340,Q,False
Q,77,260617664,2,1.0,5120.0,5120.0,10340,,10340,Q,False
Q,77,260617664,2,2.0,5120.0,10240.0,10340,,10340,Q,False
Q,78,260617665,3,0.5,320.0,160.0,662,,662,Q,False
Q,78,260617665,3,1.0,320.0,320.0,662,,662,Q,False
Q,78,260617665,3,2.0,320.0,640.0,662,,662,Q,False
Q,78,260617665,3,0.5,640.0,320.0,1367,,1367,Q,False
Q,78,260617665,3,1.0,640.0,640.0,1367,,1367,Q,False
Q,78,260617665,3,2.0,640.0,1280.0,1367,,1367,Q,False
Q,78,260617665,3,0.5,1280.0,640.0,2524,,2524,Q,False
Q,78,260617665,3,1.0,1280.0,1280.0,2524,,2524,Q,False
Q,78,260617665,3,2.0,1280.0,2560.0,2524,,2524,Q,False
Q,78,260617665,3,0.5,2560.0,1280.0,5030,,5030,Q,False
Q,78,260617665,3,1.0,2560.0,2560.0,5030,,5030,Q,False
Q,78,260617665,3,2.0,2560.0,5120.0,5030,,5030,Q,False
Q,78,260617665,3,0.5,5120.0,2560.0,9783,,9783,Q,False
Q,78,260617665,3,1.0,5120.0,5120.0,9783,,9783,Q,False
Q,78,260617665,3,2.0,5120.0,10240.0,9783,,9783,Q,False
Q,79,260617666,4,0.5,320.0,160.0,818,,818,Q,False
Q,79,260617666,4,1.0,320.0,320.0,818,,818,Q,False
Q,79,260617666,4,2.0,320.0,640.0,818,,818,Q,False
Q,79,260617666,4,0.5,640.0,320.0,1335,,1335,Q,False
Q,79,260617666,4,1.0,640.0,640.0,1335,,1335,Q,False
Q,79,260617666,4,2.0,640.0,1280.0,1335,,1335,Q,False
Q,79,260617666,4,0.5,1280.0,640.0,2534,,2534,Q,False
Q,79,260617666,4,1.0,1280.0,1280.0,2534,,2534,Q,False
Q,79,260617666,4,2.0,1280.0,2560.0,2534,,2534,Q,False
Q,79,260617666,4,0.5,2560.0,1280.0,5007,,5007,Q,False
Q,79,260617666,4,1.0,2560.0,2560.0,5007,,5007,Q,False
Q,79,260617666,4,2.0,2560.0,5120.0,5007,,5007,Q,False
Q,79,260617666,4,0.5,5120.0,2560.0,9846,,9846,Q,False
Q,79,260617666,4,1.0,5120.0,5120.0,9846,,9846,Q,False
Q,79,260617666,4,2.0,5120.0,10240.0,9846,,9846,Q,False
Q,80,260617667,0,0.5,320.0,160.0,780,,780,Q,False
Q,80,260617667,0,1.0,320.0,320.0,780,,780,Q,False
Q,80,260617667,0,2.0,320.0,640.0,780,,780,Q,False
Q,80,260617667,0,0.5,640.0,320.0,1366,,1366,Q,False
Q,80,260617667,0,1.0,640.0,640.0,1366,,1366,Q,False
Q,80,260617667,0,2.0,640.0,1280.0,1366,,1366,Q,False
Q,80,260617667,0,0.5,1280.0,640.0,2675,,2675,Q,False
Q,80,260617667,0,1.0,1280.0,1280.0,2675,,2675,Q,False
Q,80,260617667,0,2.0,1280.0,2560.0,2675,,2675,Q,False
Q,80,260617667,0,0.5,2560.0,1280.0,5110,,5110,Q,False
Q,80,260617667,0,1.0,2560.0,2560.0,5110,,5110,Q,False
Q,80,260617667,0,2.0,2560.0,5120.0,5110,,5110,Q,False
Q,80,260617667,0,0.5,5120.0,2560.0,10167,,10167,Q,False
Q,80,260617667,0,1.0,5120.0,5120.0,10167,,10167,Q,False
Q,80,260617667,0,2.0,5120.0,10240.0,10167,,10167,Q,False
Q,81,260617668,1,0.5,320.0,160.0,815,,815,Q,False
Q,81,260617668,1,1.0,320.0,320.0,815,,815,Q,False
Q,81,260617668,1,2.0,320.0,640.0,815,,815,Q,False
Q,81,260617668,1,0.5,640.0,320.0,1448,,1448,Q,False
Q,81,260617668,1,1.0,640.0,640.0,1448,,1448,Q,False
Q,81,260617668,1,2.0,640.0,1280.0,1448,,1448,Q,False
Q,81,260617668,1,0.5,1280.0,640.0,2762,,2762,Q,False
Q,81,260617668,1,1.0,1280.0,1280.0,2762,,2762,Q,False
Q,81,260617668,1,2.0,1280.0,2560.0,2762,,2762,Q,False
Q,81,260617668,1,0.5,2560.0,1280.0,5216,,5216,Q,False
Q,81,260617668,1,1.0,2560.0,2560.0,5216,,5216,Q,False
Q,81,260617668,1,2.0,2560.0,5120.0,5216,,5216,Q,False
Q,81,260617668,1,0.5,5120.0,2560.0,10048,,10048,Q,False
Q,81,260617668,1,1.0,5120.0,5120.0,10048,,10048,Q,False
Q,81,260617668,1,2.0,5120.0,10240.0,10048,,10048,Q,False
Q,82,260617669,2,0.5,320.0,160.0,726,,726,Q,False
Q,82,260617669,2,1.0,320.0,320.0,726,,726,Q,False
Q,82,260617669,2,2.0,320.0,640.0,726,,726,Q,False
Q,82,260617669,2,0.5,640.0,320.0,1333,,1333,Q,False
Q,82,260617669,2,1.0,640.0,640.0,1333,,1333,Q,False
Q,82,260617669,2,2.0,640.0,1280.0,1333,,1333,Q,False
Q,82,260617669,2,0.5,1280.0,640.0,2654,,2654,Q,False
Q,82,260617669,2,1.0,1280.0,1280.0,2654,,2654,Q,False
Q,82,260617669,2,2.0,1280.0,2560.0,2654,,2654,Q,False
Q,82,260617669,2,0.5,2560.0,1280.0,5084,,5084,Q,False
Q,82,260617669,2,1.0,2560.0,2560.0,5084,,5084,Q,False
Q,82,260617669,2,2.0,2560.0,5120.0,5084,,5084,Q,False
Q,82,260617669,2,0.5,5120.0,2560.0,9752,,9752,Q,False
Q,82,260617669,2,1.0,5120.0,5120.0,9752,,9752,Q,False
Q,82,260617669,2,2.0,5120.0,10240.0,9752,,9752,Q,False
Q,83,260617670,3,0.5,320.0,160.0,750,,750,Q,False
Q,83,260617670,3,1.0,320.0,320.0,750,,750,Q,False
Q,83,260617670,3,2.0,320.0,640.0,750,,750,Q,False
Q,83,260617670,3,0.5,640.0,320.0,1346,,1346,Q,False
Q,83,260617670,3,1.0,640.0,640.0,1346,,1346,Q,False
Q,83,260617670,3,2.0,640.0,1280.0,1346,,1346,Q,False
Q,83,260617670,3,0.5,1280.0,640.0,2548,,2548,Q,False
Q,83,260617670,3,1.0,1280.0,1280.0,2548,,2548,Q,False
Q,83,260617670,3,2.0,1280.0,2560.0,2548,,2548,Q,False
Q,83,260617670,3,0.5,2560.0,1280.0,4935,,4935,Q,False
Q,83,260617670,3,1.0,2560.0,2560.0,4935,,4935,Q,False
Q,83,260617670,3,2.0,2560.0,5120.0,4935,,4935,Q,False
Q,83,260617670,3,0.5,5120.0,2560.0,9927,,9927,Q,False
Q,83,260617670,3,1.0,5120.0,5120.0,9927,,9927,Q,False
Q,83,260617670,3,2.0,5120.0,10240.0,9927,,9927,Q,False
Q,84,260617671,4,0.5,320.0,160.0,863,,863,Q,False
Q,84,260617671,4,1.0,320.0,320.0,863,,863,Q,False
Q,84,260617671,4,2.0,320.0,640.0,863,,863,Q,False
Q,84,260617671,4,0.5,640.0,320.0,1539,,1539,Q,False
Q,84,260617671,4,1.0,640.0,640.0,1539,,1539,Q,False
Q,84,260617671,4,2.0,640.0,1280.0,1539,,1539,Q,False
Q,84,260617671,4,0.5,1280.0,640.0,2841,,2841,Q,False
Q,84,260617671,4,1.0,1280.0,1280.0,2841,,2841,Q,False
Q,84,260617671,4,2.0,1280.0,2560.0,2841,,2841,Q,False
Q,84,260617671,4,0.5,2560.0,1280.0,5146,,5146,Q,False
Q,84,260617671,4,1.0,2560.0,2560.0,5146,,5146,Q,False
Q,84,260617671,4,2.0,2560.0,5120.0,5146,,5146,Q,False
Q,84,260617671,4,0.5,5120.0,2560.0,9969,,9969,Q,False
Q,84,260617671,4,1.0,5120.0,5120.0,9969,,9969,Q,False
Q,84,260617671,4,2.0,5120.0,10240.0,9969,,9969,Q,False
Q,85,260617672,0,0.5,320.0,160.0,746,,746,Q,False
Q,85,260617672,0,1.0,320.0,320.0,746,,746,Q,False
Q,85,260617672,0,2.0,320.0,640.0,746,,746,Q,False
Q,85,260617672,0,0.5,640.0,320.0,1325,,1325,Q,False
Q,85,260617672,0,1.0,640.0,640.0,1325,,1325,Q,False
Q,85,260617672,0,2.0,640.0,1280.0,1325,,1325,Q,False
Q,85,260617672,0,0.5,1280.0,640.0,2654,,2654,Q,False
Q,85,260617672,0,1.0,1280.0,1280.0,2654,,2654,Q,False
Q,85,260617672,0,2.0,1280.0,2560.0,2654,,2654,Q,False
Q,85,260617672,0,0.5,2560.0,1280.0,5144,,5144,Q,False
Q,85,260617672,0,1.0,2560.0,2560.0,5144,,5144,Q,False
Q,85,260617672,0,2.0,2560.0,5120.0,5144,,5144,Q,False
Q,85,260617672,0,0.5,5120.0,2560.0,10052,,10052,Q,False
Q,85,260617672,0,1.0,5120.0,5120.0,10052,,10052,Q,False
Q,85,260617672,0,2.0,5120.0,10240.0,10052,,10052,Q,False
Q,86,260617673,1,0.5,320.0,160.0,764,,764,Q,False
Q,86,260617673,1,1.0,320.0,320.0,764,,764,Q,False
Q,86,260617673,1,2.0,320.0,640.0,764,,764,Q,False
Q,86,260617673,1,0.5,640.0,320.0,1450,,1450,Q,False
Q,86,260617673,1,1.0,640.0,640.0,1450,,1450,Q,False
Q,86,260617673,1,2.0,640.0,1280.0,1450,,1450,Q,False
Q,86,260617673,1,0.5,1280.0,640.0,2684,,2684,Q,False
Q,86,260617673,1,1.0,1280.0,1280.0,2684,,2684,Q,False
Q,86,260617673,1,2.0,1280.0,2560.0,2684,,2684,Q,False
Q,86,260617673,1,0.5,2560.0,1280.0,5142,,5142,Q,False
Q,86,260617673,1,1.0,2560.0,2560.0,5142,,5142,Q,False
Q,86,260617673,1,2.0,2560.0,5120.0,5142,,5142,Q,False
Q,86,260617673,1,0.5,5120.0,2560.0,10106,,10106,Q,False
Q,86,260617673,1,1.0,5120.0,5120.0,10106,,10106,Q,False
Q,86,260617673,1,2.0,5120.0,10240.0,10106,,10106,Q,False
Q,87,260617674,2,0.5,320.0,160.0,841,,841,Q,False
Q,87,260617674,2,1.0,320.0,320.0,841,,841,Q,False
Q,87,260617674,2,2.0,320.0,640.0,841,,841,Q,False
Q,87,260617674,2,0.5,640.0,320.0,1442,,1442,Q,False
Q,87,260617674,2,1.0,640.0,640.0,1442,,1442,Q,False
Q,87,260617674,2,2.0,640.0,1280.0,1442,,1442,Q,False
Q,87,260617674,2,0.5,1280.0,640.0,2755,,2755,Q,False
Q,87,260617674,2,1.0,1280.0,1280.0,2755,,2755,Q,False
Q,87,260617674,2,2.0,1280.0,2560.0,2755,,2755,Q,False
Q,87,260617674,2,0.5,2560.0,1280.0,5162,,5162,Q,False
Q,87,260617674,2,1.0,2560.0,2560.0,5162,,5162,Q,False
Q,87,260617674,2,2.0,2560.0,5120.0,5162,,5162,Q,False
Q,87,260617674,2,0.5,5120.0,2560.0,9906,,9906,Q,False
Q,87,260617674,2,1.0,5120.0,5120.0,9906,,9906,Q,False
Q,87,260617674,2,2.0,5120.0,10240.0,9906,,9906,Q,False
Q,88,260617675,3,0.5,320.0,160.0,777,,777,Q,False
Q,88,260617675,3,1.0,320.0,320.0,777,,777,Q,False
Q,88,260617675,3,2.0,320.0,640.0,777,,777,Q,False
Q,88,260617675,3,0.5,640.0,320.0,1435,,1435,Q,False
Q,88,260617675,3,1.0,640.0,640.0,1435,,1435,Q,False
Q,88,260617675,3,2.0,640.0,1280.0,1435,,1435,Q,False
Q,88,260617675,3,0.5,1280.0,640.0,2667,,2667,Q,False
Q,88,260617675,3,1.0,1280.0,1280.0,2667,,2667,Q,False
Q,88,260617675,3,2.0,1280.0,2560.0,2667,,2667,Q,False
Q,88,260617675,3,0.5,2560.0,1280.0,4989,,4989,Q,False
Q,88,260617675,3,1.0,2560.0,2560.0,4989,,4989,Q,False
Q,88,260617675,3,2.0,2560.0,5120.0,4989,,4989,Q,False
Q,88,260617675,3,0.5,5120.0,2560.0,9856,,9856,Q,False
Q,88,260617675,3,1.0,5120.0,5120.0,9856,,9856,Q,False
Q,88,260617675,3,2.0,5120.0,10240.0,9856,,9856,Q,False
Q,89,260617676,4,0.5,320.0,160.0,753,,753,Q,False
Q,89,260617676,4,1.0,320.0,320.0,753,,753,Q,False
Q,89,260617676,4,2.0,320.0,640.0,753,,753,Q,False
Q,89,260617676,4,0.5,640.0,320.0,1377,,1377,Q,False
Q,89,260617676,4,1.0,640.0,640.0,1377,,1377,Q,False
Q,89,260617676,4,2.0,640.0,1280.0,1377,,1377,Q,False
Q,89,260617676,4,0.5,1280.0,640.0,2526,,2526,Q,False
Q,89,260617676,4,1.0,1280.0,1280.0,2526,,2526,Q,False
Q,89,260617676,4,2.0,1280.0,2560.0,2526,,2526,Q,False
Q,89,260617676,4,0.5,2560.0,1280.0,5031,,5031,Q,False
Q,89,260617676,4,1.0,2560.0,2560.0,5031,,5031,Q,False
Q,89,260617676,4,2.0,2560.0,5120.0,5031,,5031,Q,False
Q,89,260617676,4,0.5,5120.0,2560.0,9673,,9673,Q,False
Q,89,260617676,4,1.0,5120.0,5120.0,9673,,9673,Q,False
Q,89,260617676,4,2.0,5120.0,10240.0,9673,,9673,Q,False
Q,90,260617677,0,0.5,320.0,160.0,800,,800,Q,False
Q,90,260617677,0,1.0,320.0,320.0,800,,800,Q,False
Q,90,260617677,0,2.0,320.0,640.0,800,,800,Q,False
Q,90,260617677,0,0.5,640.0,320.0,1496,,1496,Q,False
Q,90,260617677,0,1.0,640.0,640.0,1496,,1496,Q,False
Q,90,260617677,0,2.0,640.0,1280.0,1496,,1496,Q,False
Q,90,260617677,0,0.5,1280.0,640.0,2893,,2893,Q,False
Q,90,260617677,0,1.0,1280.0,1280.0,2893,,2893,Q,False
Q,90,260617677,0,2.0,1280.0,2560.0,2893,,2893,Q,False
Q,90,260617677,0,0.5,2560.0,1280.0,5302,,5302,Q,False
Q,90,260617677,0,1.0,2560.0,2560.0,5302,,5302,Q,False
Q,90,260617677,0,2.0,2560.0,5120.0,5302,,5302,Q,False
Q,90,260617677,0,0.5,5120.0,2560.0,10285,,10285,Q,False
Q,90,260617677,0,1.0,5120.0,5120.0,10285,,10285,Q,False
Q,90,260617677,0,2.0,5120.0,10240.0,10285,,10285,Q,False
Q,91,260617678,1,0.5,320.0,160.0,822,,822,Q,False
Q,91,260617678,1,1.0,320.0,320.0,822,,822,Q,False
Q,91,260617678,1,2.0,320.0,640.0,822,,822,Q,False
Q,91,260617678,1,0.5,640.0,320.0,1384,,1384,Q,False
Q,91,260617678,1,1.0,640.0,640.0,1384,,1384,Q,False
Q,91,260617678,1,2.0,640.0,1280.0,1384,,1384,Q,False
Q,91,260617678,1,0.5,1280.0,640.0,2645,,2645,Q,False
Q,91,260617678,1,1.0,1280.0,1280.0,2645,,2645,Q,False
Q,91,260617678,1,2.0,1280.0,2560.0,2645,,2645,Q,False
Q,91,260617678,1,0.5,2560.0,1280.0,5079,,5079,Q,False
Q,91,260617678,1,1.0,2560.0,2560.0,5079,,5079,Q,False
Q,91,260617678,1,2.0,2560.0,5120.0,5079,,5079,Q,False
Q,91,260617678,1,0.5,5120.0,2560.0,9795,,9795,Q,False
Q,91,260617678,1,1.0,5120.0,5120.0,9795,,9795,Q,False
Q,91,260617678,1,2.0,5120.0,10240.0,9795,,9795,Q,False
Q,92,260617679,2,0.5,320.0,160.0,769,,769,Q,False
Q,92,260617679,2,1.0,320.0,320.0,769,,769,Q,False
Q,92,260617679,2,2.0,320.0,640.0,769,,769,Q,False
Q,92,260617679,2,0.5,640.0,320.0,1462,,1462,Q,False
Q,92,260617679,2,1.0,640.0,640.0,1462,,1462,Q,False
Q,92,260617679,2,2.0,640.0,1280.0,1462,,1462,Q,False
Q,92,260617679,2,0.5,1280.0,640.0,2704,,2704,Q,False
Q,92,260617679,2,1.0,1280.0,1280.0,2704,,2704,Q,False
Q,92,260617679,2,2.0,1280.0,2560.0,2704,,2704,Q,False
Q,92,260617679,2,0.5,2560.0,1280.0,5258,,5258,Q,False
Q,92,260617679,2,1.0,2560.0,2560.0,5258,,5258,Q,False
Q,92,260617679,2,2.0,2560.0,5120.0,5258,,5258,Q,False
Q,92,260617679,2,0.5,5120.0,2560.0,10045,,10045,Q,False
Q,92,260617679,2,1.0,5120.0,5120.0,10045,,10045,Q,False
Q,92,260617679,2,2.0,5120.0,10240.0,10045,,10045,Q,False
Q,93,260617680,3,0.5,320.0,160.0,800,,800,Q,False
Q,93,260617680,3,1.0,320.0,320.0,800,,800,Q,False
Q,93,260617680,3,2.0,320.0,640.0,800,,800,Q,False
Q,93,260617680,3,0.5,640.0,320.0,1429,,1429,Q,False
Q,93,260617680,3,1.0,640.0,640.0,1429,,1429,Q,False
Q,93,260617680,3,2.0,640.0,1280.0,1429,,1429,Q,False
Q,93,260617680,3,0.5,1280.0,640.0,2733,,2733,Q,False
Q,93,260617680,3,1.0,1280.0,1280.0,2733,,2733,Q,False
Q,93,260617680,3,2.0,1280.0,2560.0,2733,,2733,Q,False
Q,93,260617680,3,0.5,2560.0,1280.0,5187,,5187,Q,False
Q,93,260617680,3,1.0,2560.0,2560.0,5187,,5187,Q,False
Q,93,260617680,3,2.0,2560.0,5120.0,5187,,5187,Q,False
Q,93,260617680,3,0.5,5120.0,2560.0,10024,,10024,Q,False
Q,93,260617680,3,1.0,5120.0,5120.0,10024,,10024,Q,False
Q,93,260617680,3,2.0,5120.0,10240.0,10024,,10024,Q,False
Q,94,260617681,4,0.5,320.0,160.0,756,,756,Q,False
Q,94,260617681,4,1.0,320.0,320.0,756,,756,Q,False
Q,94,260617681,4,2.0,320.0,640.0,756,,756,Q,False
Q,94,260617681,4,0.5,640.0,320.0,1356,,1356,Q,False
Q,94,260617681,4,1.0,640.0,640.0,1356,,1356,Q,False
Q,94,260617681,4,2.0,640.0,1280.0,1356,,1356,Q,False
Q,94,260617681,4,0.5,1280.0,640.0,2524,,2524,Q,False
Q,94,260617681,4,1.0,1280.0,1280.0,2524,,2524,Q,False
Q,94,260617681,4,2.0,1280.0,2560.0,2524,,2524,Q,False
Q,94,260617681,4,0.5,2560.0,1280.0,5026,,5026,Q,False
Q,94,260617681,4,1.0,2560.0,2560.0,5026,,5026,Q,False
Q,94,260617681,4,2.0,2560.0,5120.0,5026,,5026,Q,False
Q,94,260617681,4,0.5,5120.0,2560.0,9878,,9878,Q,False
Q,94,260617681,4,1.0,5120.0,5120.0,9878,,9878,Q,False
Q,94,260617681,4,2.0,5120.0,10240.0,9878,,9878,Q,False
Q,95,260617682,0,0.5,320.0,160.0,757,,757,Q,False
Q,95,260617682,0,1.0,320.0,320.0,757,,757,Q,False
Q,95,260617682,0,2.0,320.0,640.0,757,,757,Q,False
Q,95,260617682,0,0.5,640.0,320.0,1324,,1324,Q,False
Q,95,260617682,0,1.0,640.0,640.0,1324,,1324,Q,False
Q,95,260617682,0,2.0,640.0,1280.0,1324,,1324,Q,False
Q,95,260617682,0,0.5,1280.0,640.0,2578,,2578,Q,False
Q,95,260617682,0,1.0,1280.0,1280.0,2578,,2578,Q,False
Q,95,260617682,0,2.0,1280.0,2560.0,2578,,2578,Q,False
Q,95,260617682,0,0.5,2560.0,1280.0,5212,,5212,Q,False
Q,95,260617682,0,1.0,2560.0,2560.0,5212,,5212,Q,False
Q,95,260617682,0,2.0,2560.0,5120.0,5212,,5212,Q,False
Q,95,260617682,0,0.5,5120.0,2560.0,10076,,10076,Q,False
Q,95,260617682,0,1.0,5120.0,5120.0,10076,,10076,Q,False
Q,95,260617682,0,2.0,5120.0,10240.0,10076,,10076,Q,False
Q,96,260617683,1,0.5,320.0,160.0,790,,790,Q,False
Q,96,260617683,1,1.0,320.0,320.0,790,,790,Q,False
Q,96,260617683,1,2.0,320.0,640.0,790,,790,Q,False
Q,96,260617683,1,0.5,640.0,320.0,1368,,1368,Q,False
Q,96,260617683,1,1.0,640.0,640.0,1368,,1368,Q,False
Q,96,260617683,1,2.0,640.0,1280.0,1368,,1368,Q,False
Q,96,260617683,1,0.5,1280.0,640.0,2562,,2562,Q,False
Q,96,260617683,1,1.0,1280.0,1280.0,2562,,2562,Q,False
Q,96,260617683,1,2.0,1280.0,2560.0,2562,,2562,Q,False
Q,96,260617683,1,0.5,2560.0,1280.0,4985,,4985,Q,False
Q,96,260617683,1,1.0,2560.0,2560.0,4985,,4985,Q,False
Q,96,260617683,1,2.0,2560.0,5120.0,4985,,4985,Q,False
Q,96,260617683,1,0.5,5120.0,2560.0,9973,,9973,Q,False
Q,96,260617683,1,1.0,5120.0,5120.0,9973,,9973,Q,False
Q,96,260617683,1,2.0,5120.0,10240.0,9973,,9973,Q,False
Q,97,260617684,2,0.5,320.0,160.0,779,,779,Q,False
Q,97,260617684,2,1.0,320.0,320.0,779,,779,Q,False
Q,97,260617684,2,2.0,320.0,640.0,779,,779,Q,False
Q,97,260617684,2,0.5,640.0,320.0,1365,,1365,Q,False
Q,97,260617684,2,1.0,640.0,640.0,1365,,1365,Q,False
Q,97,260617684,2,2.0,640.0,1280.0,1365,,1365,Q,False
Q,97,260617684,2,0.5,1280.0,640.0,2645,,2645,Q,False
Q,97,260617684,2,1.0,1280.0,1280.0,2645,,2645,Q,False
Q,97,260617684,2,2.0,1280.0,2560.0,2645,,2645,Q,False
Q,97,260617684,2,0.5,2560.0,1280.0,5034,,5034,Q,False
Q,97,260617684,2,1.0,2560.0,2560.0,5034,,5034,Q,False
Q,97,260617684,2,2.0,2560.0,5120.0,5034,,5034,Q,False
Q,97,260617684,2,0.5,5120.0,2560.0,10033,,10033,Q,False
Q,97,260617684,2,1.0,5120.0,5120.0,10033,,10033,Q,False
Q,97,260617684,2,2.0,5120.0,10240.0,10033,,10033,Q,False
Q,98,260617685,3,0.5,320.0,160.0,746,,746,Q,False
Q,98,260617685,3,1.0,320.0,320.0,746,,746,Q,False
Q,98,260617685,3,2.0,320.0,640.0,746,,746,Q,False
Q,98,260617685,3,0.5,640.0,320.0,1281,,1281,Q,False
Q,98,260617685,3,1.0,640.0,640.0,1281,,1281,Q,False
Q,98,260617685,3,2.0,640.0,1280.0,1281,,1281,Q,False
Q,98,260617685,3,0.5,1280.0,640.0,2633,,2633,Q,False
Q,98,260617685,3,1.0,1280.0,1280.0,2633,,2633,Q,False
Q,98,260617685,3,2.0,1280.0,2560.0,2633,,2633,Q,False
Q,98,260617685,3,0.5,2560.0,1280.0,5123,,5123,Q,False
Q,98,260617685,3,1.0,2560.0,2560.0,5123,,5123,Q,False
Q,98,260617685,3,2.0,2560.0,5120.0,5123,,5123,Q,False
Q,98,260617685,3,0.5,5120.0,2560.0,10195,,10195,Q,False
Q,98,260617685,3,1.0,5120.0,5120.0,10195,,10195,Q,False
Q,98,260617685,3,2.0,5120.0,10240.0,10195,,10195,Q,False
Q,99,260617686,4,0.5,320.0,160.0,833,,833,Q,False
Q,99,260617686,4,1.0,320.0,320.0,833,,833,Q,False
Q,99,260617686,4,2.0,320.0,640.0,833,,833,Q,False
Q,99,260617686,4,0.5,640.0,320.0,1513,,1513,Q,False
Q,99,260617686,4,1.0,640.0,640.0,1513,,1513,Q,False
Q,99,260617686,4,2.0,640.0,1280.0,1513,,1513,Q,False
Q,99,260617686,4,0.5,1280.0,640.0,2744,,2744,Q,False
Q,99,260617686,4,1.0,1280.0,1280.0,2744,,2744,Q,False
Q,99,260617686,4,2.0,1280.0,2560.0,2744,,2744,Q,False
Q,99,260617686,4,0.5,2560.0,1280.0,5236,,5236,Q,False
Q,99,260617686,4,1.0,2560.0,2560.0,5236,,5236,Q,False
Q,99,260617686,4,2.0,2560.0,5120.0,5236,,5236,Q,False
Q,99,260617686,4,0.5,5120.0,2560.0,10094,,10094,Q,False
Q,99,260617686,4,1.0,5120.0,5120.0,10094,,10094,Q,False
Q,99,260617686,4,2.0,5120.0,10240.0,10094,,10094,Q,False
Q,100,260617687,0,0.5,320.0,160.0,668,,668,Q,False
Q,100,260617687,0,1.0,320.0,320.0,668,,668,Q,False
Q,100,260617687,0,2.0,320.0,640.0,668,,668,Q,False
Q,100,260617687,0,0.5,640.0,320.0,1277,,1277,Q,False
Q,100,260617687,0,1.0,640.0,640.0,1277,,1277,Q,False
Q,100,260617687,0,2.0,640.0,1280.0,1277,,1277,Q,False
Q,100,260617687,0,0.5,1280.0,640.0,2627,,2627,Q,False
Q,100,260617687,0,1.0,1280.0,1280.0,2627,,2627,Q,False
Q,100,260617687,0,2.0,1280.0,2560.0,2627,,2627,Q,False
Q,100,260617687,0,0.5,2560.0,1280.0,5056,,5056,Q,False
Q,100,260617687,0,1.0,2560.0,2560.0,5056,,5056,Q,False
Q,100,260617687,0,2.0,2560.0,5120.0,5056,,5056,Q,False
Q,100,260617687,0,0.5,5120.0,2560.0,10132,,10132,Q,False
Q,100,260617687,0,1.0,5120.0,5120.0,10132,,10132,Q,False
Q,100,260617687,0,2.0,5120.0,10240.0,10132,,10132,Q,False
Q,101,260617688,1,0.5,320.0,160.0,762,,762,Q,False
Q,101,260617688,1,1.0,320.0,320.0,762,,762,Q,False
Q,101,260617688,1,2.0,320.0,640.0,762,,762,Q,False
Q,101,260617688,1,0.5,640.0,320.0,1421,,1421,Q,False
Q,101,260617688,1,1.0,640.0,640.0,1421,,1421,Q,False
Q,101,260617688,1,2.0,640.0,1280.0,1421,,1421,Q,False
Q,101,260617688,1,0.5,1280.0,640.0,2661,,2661,Q,False
Q,101,260617688,1,1.0,1280.0,1280.0,2661,,2661,Q,False
Q,101,260617688,1,2.0,1280.0,2560.0,2661,,2661,Q,False
Q,101,260617688,1,0.5,2560.0,1280.0,5106,,5106,Q,False
Q,101,260617688,1,1.0,2560.0,2560.0,5106,,5106,Q,False
Q,101,260617688,1,2.0,2560.0,5120.0,5106,,5106,Q,False
Q,101,260617688,1,0.5,5120.0,2560.0,9858,,9858,Q,False
Q,101,260617688,1,1.0,5120.0,5120.0,9858,,9858,Q,False
Q,101,260617688,1,2.0,5120.0,10240.0,9858,,9858,Q,False
Q,102,260617689,2,0.5,320.0,160.0,751,,751,Q,False
Q,102,260617689,2,1.0,320.0,320.0,751,,751,Q,False
Q,102,260617689,2,2.0,320.0,640.0,751,,751,Q,False
Q,102,260617689,2,0.5,640.0,320.0,1401,,1401,Q,False
Q,102,260617689,2,1.0,640.0,640.0,1401,,1401,Q,False
Q,102,260617689,2,2.0,640.0,1280.0,1401,,1401,Q,False
Q,102,260617689,2,0.5,1280.0,640.0,2631,,2631,Q,False
Q,102,260617689,2,1.0,1280.0,1280.0,2631,,2631,Q,False
Q,102,260617689,2,2.0,1280.0,2560.0,2631,,2631,Q,False
Q,102,260617689,2,0.5,2560.0,1280.0,4983,,4983,Q,False
Q,102,260617689,2,1.0,2560.0,2560.0,4983,,4983,Q,False
Q,102,260617689,2,2.0,2560.0,5120.0,4983,,4983,Q,False
Q,102,260617689,2,0.5,5120.0,2560.0,9756,,9756,Q,False
Q,102,260617689,2,1.0,5120.0,5120.0,9756,,9756,Q,False
Q,102,260617689,2,2.0,5120.0,10240.0,9756,,9756,Q,False
Q,103,260617690,3,0.5,320.0,160.0,726,,726,Q,False
Q,103,260617690,3,1.0,320.0,320.0,726,,726,Q,False
Q,103,260617690,3,2.0,320.0,640.0,726,,726,Q,False
Q,103,260617690,3,0.5,640.0,320.0,1356,,1356,Q,False
Q,103,260617690,3,1.0,640.0,640.0,1356,,1356,Q,False
Q,103,260617690,3,2.0,640.0,1280.0,1356,,1356,Q,False
Q,103,260617690,3,0.5,1280.0,640.0,2532,,2532,Q,False
Q,103,260617690,3,1.0,1280.0,1280.0,2532,,2532,Q,False
Q,103,260617690,3,2.0,1280.0,2560.0,2532,,2532,Q,False
Q,103,260617690,3,0.5,2560.0,1280.0,4924,,4924,Q,False
Q,103,260617690,3,1.0,2560.0,2560.0,4924,,4924,Q,False
Q,103,260617690,3,2.0,2560.0,5120.0,4924,,4924,Q,False
Q,103,260617690,3,0.5,5120.0,2560.0,9689,,9689,Q,False
Q,103,260617690,3,1.0,5120.0,5120.0,9689,,9689,Q,False
Q,103,260617690,3,2.0,5120.0,10240.0,9689,,9689,Q,False
Q,104,260617691,4,0.5,320.0,160.0,810,,810,Q,False
Q,104,260617691,4,1.0,320.0,320.0,810,,810,Q,False
Q,104,260617691,4,2.0,320.0,640.0,810,,810,Q,False
Q,104,260617691,4,0.5,640.0,320.0,1408,,1408,Q,False
Q,104,260617691,4,1.0,640.0,640.0,1408,,1408,Q,False
Q,104,260617691,4,2.0,640.0,1280.0,1408,,1408,Q,False
Q,104,260617691,4,0.5,1280.0,640.0,2744,,2744,Q,False
Q,104,260617691,4,1.0,1280.0,1280.0,2744,,2744,Q,False
Q,104,260617691,4,2.0,1280.0,2560.0,2744,,2744,Q,False
Q,104,260617691,4,0.5,2560.0,1280.0,5265,,5265,Q,False
Q,104,260617691,4,1.0,2560.0,2560.0,5265,,5265,Q,False
Q,104,260617691,4,2.0,2560.0,5120.0,5265,,5265,Q,False
Q,104,260617691,4,0.5,5120.0,2560.0,9984,,9984,Q,False
Q,104,260617691,4,1.0,5120.0,5120.0,9984,,9984,Q,False
Q,104,260617691,4,2.0,5120.0,10240.0,9984,,9984,Q,False
Q,105,260617692,0,0.5,320.0,160.0,718,,718,Q,False
Q,105,260617692,0,1.0,320.0,320.0,718,,718,Q,False
Q,105,260617692,0,2.0,320.0,640.0,718,,718,Q,False
Q,105,260617692,0,0.5,640.0,320.0,1207,,1207,Q,False
Q,105,260617692,0,1.0,640.0,640.0,1207,,1207,Q,False
Q,105,260617692,0,2.0,640.0,1280.0,1207,,1207,Q,False
Q,105,260617692,0,0.5,1280.0,640.0,2546,,2546,Q,False
Q,105,260617692,0,1.0,1280.0,1280.0,2546,,2546,Q,False
Q,105,260617692,0,2.0,1280.0,2560.0,2546,,2546,Q,False
Q,105,260617692,0,0.5,2560.0,1280.0,4959,,4959,Q,False
Q,105,260617692,0,1.0,2560.0,2560.0,4959,,4959,Q,False
Q,105,260617692,0,2.0,2560.0,5120.0,4959,,4959,Q,False
Q,105,260617692,0,0.5,5120.0,2560.0,9983,,9983,Q,False
Q,105,260617692,0,1.0,5120.0,5120.0,9983,,9983,Q,False
Q,105,260617692,0,2.0,5120.0,10240.0,9983,,9983,Q,False
Q,106,260617693,1,0.5,320.0,160.0,795,,795,Q,False
Q,106,260617693,1,1.0,320.0,320.0,795,,795,Q,False
Q,106,260617693,1,2.0,320.0,640.0,795,,795,Q,False
Q,106,260617693,1,0.5,640.0,320.0,1535,,1535,Q,False
Q,106,260617693,1,1.0,640.0,640.0,1535,,1535,Q,False
Q,106,260617693,1,2.0,640.0,1280.0,1535,,1535,Q,False
Q,106,260617693,1,0.5,1280.0,640.0,2745,,2745,Q,False
Q,106,260617693,1,1.0,1280.0,1280.0,2745,,2745,Q,False
Q,106,260617693,1,2.0,1280.0,2560.0,2745,,2745,Q,False
Q,106,260617693,1,0.5,2560.0,1280.0,5317,,5317,Q,False
Q,106,260617693,1,1.0,2560.0,2560.0,5317,,5317,Q,False
Q,106,260617693,1,2.0,2560.0,5120.0,5317,,5317,Q,False
Q,106,260617693,1,0.5,5120.0,2560.0,9856,,9856,Q,False
Q,106,260617693,1,1.0,5120.0,5120.0,9856,,9856,Q,False
Q,106,260617693,1,2.0,5120.0,10240.0,9856,,9856,Q,False
Q,107,260617694,2,0.5,320.0,160.0,743,,743,Q,False
Q,107,260617694,2,1.0,320.0,320.0,743,,743,Q,False
Q,107,260617694,2,2.0,320.0,640.0,743,,743,Q,False
Q,107,260617694,2,0.5,640.0,320.0,1276,,1276,Q,False
Q,107,260617694,2,1.0,640.0,640.0,1276,,1276,Q,False
Q,107,260617694,2,2.0,640.0,1280.0,1276,,1276,Q,False
Q,107,260617694,2,0.5,1280.0,640.0,2518,,2518,Q,False
Q,107,260617694,2,1.0,1280.0,1280.0,2518,,2518,Q,False
Q,107,260617694,2,2.0,1280.0,2560.0,2518,,2518,Q,False
Q,107,260617694,2,0.5,2560.0,1280.0,5001,,5001,Q,False
Q,107,260617694,2,1.0,2560.0,2560.0,5001,,5001,Q,False
Q,107,260617694,2,2.0,2560.0,5120.0,5001,,5001,Q,False
Q,107,260617694,2,0.5,5120.0,2560.0,10149,,10149,Q,False
Q,107,260617694,2,1.0,5120.0,5120.0,10149,,10149,Q,False
Q,107,260617694,2,2.0,5120.0,10240.0,10149,,10149,Q,False
Q,108,260617695,3,0.5,320.0,160.0,691,,691,Q,False
Q,108,260617695,3,1.0,320.0,320.0,691,,691,Q,False
Q,108,260617695,3,2.0,320.0,640.0,691,,691,Q,False
Q,108,260617695,3,0.5,640.0,320.0,1314,,1314,Q,False
Q,108,260617695,3,1.0,640.0,640.0,1314,,1314,Q,False
Q,108,260617695,3,2.0,640.0,1280.0,1314,,1314,Q,False
Q,108,260617695,3,0.5,1280.0,640.0,2608,,2608,Q,False
Q,108,260617695,3,1.0,1280.0,1280.0,2608,,2608,Q,False
Q,108,260617695,3,2.0,1280.0,2560.0,2608,,2608,Q,False
Q,108,260617695,3,0.5,2560.0,1280.0,4952,,4952,Q,False
Q,108,260617695,3,1.0,2560.0,2560.0,4952,,4952,Q,False
Q,108,260617695,3,2.0,2560.0,5120.0,4952,,4952,Q,False
Q,108,260617695,3,0.5,5120.0,2560.0,9786,,9786,Q,False
Q,108,260617695,3,1.0,5120.0,5120.0,9786,,9786,Q,False
Q,108,260617695,3,2.0,5120.0,10240.0,9786,,9786,Q,False
Q,109,260617696,4,0.5,320.0,160.0,713,,713,Q,False
Q,109,260617696,4,1.0,320.0,320.0,713,,713,Q,False
Q,109,260617696,4,2.0,320.0,640.0,713,,713,Q,False
Q,109,260617696,4,0.5,640.0,320.0,1338,,1338,Q,False
Q,109,260617696,4,1.0,640.0,640.0,1338,,1338,Q,False
Q,109,260617696,4,2.0,640.0,1280.0,1338,,1338,Q,False
Q,109,260617696,4,0.5,1280.0,640.0,2622,,2622,Q,False
Q,109,260617696,4,1.0,1280.0,1280.0,2622,,2622,Q,False
Q,109,260617696,4,2.0,1280.0,2560.0,2622,,2622,Q,False
Q,109,260617696,4,0.5,2560.0,1280.0,5048,,5048,Q,False
Q,109,260617696,4,1.0,2560.0,2560.0,5048,,5048,Q,False
Q,109,260617696,4,2.0,2560.0,5120.0,5048,,5048,Q,False
Q,109,260617696,4,0.5,5120.0,2560.0,9926,,9926,Q,False
Q,109,260617696,4,1.0,5120.0,5120.0,9926,,9926,Q,False
Q,109,260617696,4,2.0,5120.0,10240.0,9926,,9926,Q,False
Q,110,260617697,0,0.5,320.0,160.0,810,,810,Q,False
Q,110,260617697,0,1.0,320.0,320.0,810,,810,Q,False
Q,110,260617697,0,2.0,320.0,640.0,810,,810,Q,False
Q,110,260617697,0,0.5,640.0,320.0,1387,,1387,Q,False
Q,110,260617697,0,1.0,640.0,640.0,1387,,1387,Q,False
Q,110,260617697,0,2.0,640.0,1280.0,1387,,1387,Q,False
Q,110,260617697,0,0.5,1280.0,640.0,2624,,2624,Q,False
Q,110,260617697,0,1.0,1280.0,1280.0,2624,,2624,Q,False
Q,110,260617697,0,2.0,1280.0,2560.0,2624,,2624,Q,False
Q,110,260617697,0,0.5,2560.0,1280.0,5156,,5156,Q,False
Q,110,260617697,0,1.0,2560.0,2560.0,5156,,5156,Q,False
Q,110,260617697,0,2.0,2560.0,5120.0,5156,,5156,Q,False
Q,110,260617697,0,0.5,5120.0,2560.0,10074,,10074,Q,False
Q,110,260617697,0,1.0,5120.0,5120.0,10074,,10074,Q,False
Q,110,260617697,0,2.0,5120.0,10240.0,10074,,10074,Q,False
Q,111,260617698,1,0.5,320.0,160.0,814,,814,Q,False
Q,111,260617698,1,1.0,320.0,320.0,814,,814,Q,False
Q,111,260617698,1,2.0,320.0,640.0,814,,814,Q,False
Q,111,260617698,1,0.5,640.0,320.0,1414,,1414,Q,False
Q,111,260617698,1,1.0,640.0,640.0,1414,,1414,Q,False
Q,111,260617698,1,2.0,640.0,1280.0,1414,,1414,Q,False
Q,111,260617698,1,0.5,1280.0,640.0,2596,,2596,Q,False
Q,111,260617698,1,1.0,1280.0,1280.0,2596,,2596,Q,False
Q,111,260617698,1,2.0,1280.0,2560.0,2596,,2596,Q,False
Q,111,260617698,1,0.5,2560.0,1280.0,4954,,4954,Q,False
Q,111,260617698,1,1.0,2560.0,2560.0,4954,,4954,Q,False
Q,111,260617698,1,2.0,2560.0,5120.0,4954,,4954,Q,False
Q,111,260617698,1,0.5,5120.0,2560.0,10047,,10047,Q,False
Q,111,260617698,1,1.0,5120.0,5120.0,10047,,10047,Q,False
Q,111,260617698,1,2.0,5120.0,10240.0,10047,,10047,Q,False
Q,112,260617699,2,0.5,320.0,160.0,749,,749,Q,False
Q,112,260617699,2,1.0,320.0,320.0,749,,749,Q,False
Q,112,260617699,2,2.0,320.0,640.0,749,,749,Q,False
Q,112,260617699,2,0.5,640.0,320.0,1354,,1354,Q,False
Q,112,260617699,2,1.0,640.0,640.0,1354,,1354,Q,False
Q,112,260617699,2,2.0,640.0,1280.0,1354,,1354,Q,False
Q,112,260617699,2,0.5,1280.0,640.0,2703,,2703,Q,False
Q,112,260617699,2,1.0,1280.0,1280.0,2703,,2703,Q,False
Q,112,260617699,2,2.0,1280.0,2560.0,2703,,2703,Q,False
Q,112,260617699,2,0.5,2560.0,1280.0,5213,,5213,Q,False
Q,112,260617699,2,1.0,2560.0,2560.0,5213,,5213,Q,False
Q,112,260617699,2,2.0,2560.0,5120.0,5213,,5213,Q,False
Q,112,260617699,2,0.5,5120.0,2560.0,10222,,10222,Q,False
Q,112,260617699,2,1.0,5120.0,5120.0,10222,,10222,Q,False
Q,112,260617699,2,2.0,5120.0,10240.0,10222,,10222,Q,False
Q,113,260617700,3,0.5,320.0,160.0,869,,869,Q,False
Q,113,260617700,3,1.0,320.0,320.0,869,,869,Q,False
Q,113,260617700,3,2.0,320.0,640.0,869,,869,Q,False
Q,113,260617700,3,0.5,640.0,320.0,1476,,1476,Q,False
Q,113,260617700,3,1.0,640.0,640.0,1476,,1476,Q,False
Q,113,260617700,3,2.0,640.0,1280.0,1476,,1476,Q,False
Q,113,260617700,3,0.5,1280.0,640.0,2775,,2775,Q,False
Q,113,260617700,3,1.0,1280.0,1280.0,2775,,2775,Q,False
Q,113,260617700,3,2.0,1280.0,2560.0,2775,,2775,Q,False
Q,113,260617700,3,0.5,2560.0,1280.0,5260,,5260,Q,False
Q,113,260617700,3,1.0,2560.0,2560.0,5260,,5260,Q,False
Q,113,260617700,3,2.0,2560.0,5120.0,5260,,5260,Q,False
Q,113,260617700,3,0.5,5120.0,2560.0,10263,,10263,Q,False
Q,113,260617700,3,1.0,5120.0,5120.0,10263,,10263,Q,False
Q,113,260617700,3,2.0,5120.0,10240.0,10263,,10263,Q,False
Q,114,260617701,4,0.5,320.0,160.0,672,,672,Q,False
Q,114,260617701,4,1.0,320.0,320.0,672,,672,Q,False
Q,114,260617701,4,2.0,320.0,640.0,672,,672,Q,False
Q,114,260617701,4,0.5,640.0,320.0,1318,,1318,Q,False
Q,114,260617701,4,1.0,640.0,640.0,1318,,1318,Q,False
Q,114,260617701,4,2.0,640.0,1280.0,1318,,1318,Q,False
Q,114,260617701,4,0.5,1280.0,640.0,2494,,2494,Q,False
Q,114,260617701,4,1.0,1280.0,1280.0,2494,,2494,Q,False
Q,114,260617701,4,2.0,1280.0,2560.0,2494,,2494,Q,False
Q,114,260617701,4,0.5,2560.0,1280.0,4984,,4984,Q,False
Q,114,260617701,4,1.0,2560.0,2560.0,4984,,4984,Q,False
Q,114,260617701,4,2.0,2560.0,5120.0,4984,,4984,Q,False
Q,114,260617701,4,0.5,5120.0,2560.0,9833,,9833,Q,False
Q,114,260617701,4,1.0,5120.0,5120.0,9833,,9833,Q,False
Q,114,260617701,4,2.0,5120.0,10240.0,9833,,9833,Q,False
Q,115,260617702,0,0.5,320.0,160.0,824,,824,Q,False
Q,115,260617702,0,1.0,320.0,320.0,824,,824,Q,False
Q,115,260617702,0,2.0,320.0,640.0,824,,824,Q,False
Q,115,260617702,0,0.5,640.0,320.0,1458,,1458,Q,False
Q,115,260617702,0,1.0,640.0,640.0,1458,,1458,Q,False
Q,115,260617702,0,2.0,640.0,1280.0,1458,,1458,Q,False
Q,115,260617702,0,0.5,1280.0,640.0,2657,,2657,Q,False
Q,115,260617702,0,1.0,1280.0,1280.0,2657,,2657,Q,False
Q,115,260617702,0,2.0,1280.0,2560.0,2657,,2657,Q,False
Q,115,260617702,0,0.5,2560.0,1280.0,5008,,5008,Q,False
Q,115,260617702,0,1.0,2560.0,2560.0,5008,,5008,Q,False
Q,115,260617702,0,2.0,2560.0,5120.0,5008,,5008,Q,False
Q,115,260617702,0,0.5,5120.0,2560.0,9745,,9745,Q,False
Q,115,260617702,0,1.0,5120.0,5120.0,9745,,9745,Q,False
Q,115,260617702,0,2.0,5120.0,10240.0,9745,,9745,Q,False
Q,116,260617703,1,0.5,320.0,160.0,700,,700,Q,False
Q,116,260617703,1,1.0,320.0,320.0,700,,700,Q,False
Q,116,260617703,1,2.0,320.0,640.0,700,,700,Q,False
Q,116,260617703,1,0.5,640.0,320.0,1339,,1339,Q,False
Q,116,260617703,1,1.0,640.0,640.0,1339,,1339,Q,False
Q,116,260617703,1,2.0,640.0,1280.0,1339,,1339,Q,False
Q,116,260617703,1,0.5,1280.0,640.0,2644,,2644,Q,False
Q,116,260617703,1,1.0,1280.0,1280.0,2644,,2644,Q,False
Q,116,260617703,1,2.0,1280.0,2560.0,2644,,2644,Q,False
Q,116,260617703,1,0.5,2560.0,1280.0,5214,,5214,Q,False
Q,116,260617703,1,1.0,2560.0,2560.0,5214,,5214,Q,False
Q,116,260617703,1,2.0,2560.0,5120.0,5214,,5214,Q,False
Q,116,260617703,1,0.5,5120.0,2560.0,10107,,10107,Q,False
Q,116,260617703,1,1.0,5120.0,5120.0,10107,,10107,Q,False
Q,116,260617703,1,2.0,5120.0,10240.0,10107,,10107,Q,False
Q,117,260617704,2,0.5,320.0,160.0,728,,728,Q,False
Q,117,260617704,2,1.0,320.0,320.0,728,,728,Q,False
Q,117,260617704,2,2.0,320.0,640.0,728,,728,Q,False
Q,117,260617704,2,0.5,640.0,320.0,1318,,1318,Q,False
Q,117,260617704,2,1.0,640.0,640.0,1318,,1318,Q,False
Q,117,260617704,2,2.0,640.0,1280.0,1318,,1318,Q,False
Q,117,260617704,2,0.5,1280.0,640.0,2492,,2492,Q,False
Q,117,260617704,2,1.0,1280.0,1280.0,2492,,2492,Q,False
Q,117,260617704,2,2.0,1280.0,2560.0,2492,,2492,Q,False
Q,117,260617704,2,0.5,2560.0,1280.0,4853,,4853,Q,False
Q,117,260617704,2,1.0,2560.0,2560.0,4853,,4853,Q,False
Q,117,260617704,2,2.0,2560.0,5120.0,4853,,4853,Q,False
Q,117,260617704,2,0.5,5120.0,2560.0,9695,,9695,Q,False
Q,117,260617704,2,1.0,5120.0,5120.0,9695,,9695,Q,False
Q,117,260617704,2,2.0,5120.0,10240.0,9695,,9695,Q,False
Q,118,260617705,3,0.5,320.0,160.0,734,,734,Q,False
Q,118,260617705,3,1.0,320.0,320.0,734,,734,Q,False
Q,118,260617705,3,2.0,320.0,640.0,734,,734,Q,False
Q,118,260617705,3,0.5,640.0,320.0,1412,,1412,Q,False
Q,118,260617705,3,1.0,640.0,640.0,1412,,1412,Q,False
Q,118,260617705,3,2.0,640.0,1280.0,1412,,1412,Q,False
Q,118,260617705,3,0.5,1280.0,640.0,2751,,2751,Q,False
Q,118,260617705,3,1.0,1280.0,1280.0,2751,,2751,Q,False
Q,118,260617705,3,2.0,1280.0,2560.0,2751,,2751,Q,False
Q,118,260617705,3,0.5,2560.0,1280.0,5132,,5132,Q,False
Q,118,260617705,3,1.0,2560.0,2560.0,5132,,5132,Q,False
Q,118,260617705,3,2.0,2560.0,5120.0,5132,,5132,Q,False
Q,118,260617705,3,0.5,5120.0,2560.0,9754,,9754,Q,False
Q,118,260617705,3,1.0,5120.0,5120.0,9754,,9754,Q,False
Q,118,260617705,3,2.0,5120.0,10240.0,9754,,9754,Q,False
Q,119,260617706,4,0.5,320.0,160.0,764,,764,Q,False
Q,119,260617706,4,1.0,320.0,320.0,764,,764,Q,False
Q,119,260617706,4,2.0,320.0,640.0,764,,764,Q,False
Q,119,260617706,4,0.5,640.0,320.0,1422,,1422,Q,False
Q,119,260617706,4,1.0,640.0,640.0,1422,,1422,Q,False
Q,119,260617706,4,2.0,640.0,1280.0,1422,,1422,Q,False
Q,119,260617706,4,0.5,1280.0,640.0,2624,,2624,Q,False
Q,119,260617706,4,1.0,1280.0,1280.0,2624,,2624,Q,False
Q,119,260617706,4,2.0,1280.0,2560.0,2624,,2624,Q,False
Q,119,260617706,4,0.5,2560.0,1280.0,5049,,5049,Q,False
Q,119,260617706,4,1.0,2560.0,2560.0,5049,,5049,Q,False
Q,119,260617706,4,2.0,2560.0,5120.0,5049,,5049,Q,False
Q,119,260617706,4,0.5,5120.0,2560.0,9991,,9991,Q,False
Q,119,260617706,4,1.0,5120.0,5120.0,9991,,9991,Q,False
Q,119,260617706,4,2.0,5120.0,10240.0,9991,,9991,Q,False
Q,120,260617707,0,0.5,320.0,160.0,801,,801,Q,False
Q,120,260617707,0,1.0,320.0,320.0,801,,801,Q,False
Q,120,260617707,0,2.0,320.0,640.0,801,,801,Q,False
Q,120,260617707,0,0.5,640.0,320.0,1468,,1468,Q,False
Q,120,260617707,0,1.0,640.0,640.0,1468,,1468,Q,False
Q,120,260617707,0,2.0,640.0,1280.0,1468,,1468,Q,False
Q,120,260617707,0,0.5,1280.0,640.0,2738,,2738,Q,False
Q,120,260617707,0,1.0,1280.0,1280.0,2738,,2738,Q,False
Q,120,260617707,0,2.0,1280.0,2560.0,2738,,2738,Q,False
Q,120,260617707,0,0.5,2560.0,1280.0,5099,,5099,Q,False
Q,120,260617707,0,1.0,2560.0,2560.0,5099,,5099,Q,False
Q,120,260617707,0,2.0,2560.0,5120.0,5099,,5099,Q,False
Q,120,260617707,0,0.5,5120.0,2560.0,10179,,10179,Q,False
Q,120,260617707,0,1.0,5120.0,5120.0,10179,,10179,Q,False
Q,120,260617707,0,2.0,5120.0,10240.0,10179,,10179,Q,False
Q,121,260617708,1,0.5,320.0,160.0,844,,844,Q,False
Q,121,260617708,1,1.0,320.0,320.0,844,,844,Q,False
Q,121,260617708,1,2.0,320.0,640.0,844,,844,Q,False
Q,121,260617708,1,0.5,640.0,320.0,1444,,1444,Q,False
Q,121,260617708,1,1.0,640.0,640.0,1444,,1444,Q,False
Q,121,260617708,1,2.0,640.0,1280.0,1444,,1444,Q,False
Q,121,260617708,1,0.5,1280.0,640.0,2632,,2632,Q,False
Q,121,260617708,1,1.0,1280.0,1280.0,2632,,2632,Q,False
Q,121,260617708,1,2.0,1280.0,2560.0,2632,,2632,Q,False
Q,121,260617708,1,0.5,2560.0,1280.0,5217,,5217,Q,False
Q,121,260617708,1,1.0,2560.0,2560.0,5217,,5217,Q,False
Q,121,260617708,1,2.0,2560.0,5120.0,5217,,5217,Q,False
Q,121,260617708,1,0.5,5120.0,2560.0,10127,,10127,Q,False
Q,121,260617708,1,1.0,5120.0,5120.0,10127,,10127,Q,False
Q,121,260617708,1,2.0,5120.0,10240.0,10127,,10127,Q,False
Q,122,260617709,2,0.5,320.0,160.0,750,,750,Q,False
Q,122,260617709,2,1.0,320.0,320.0,750,,750,Q,False
Q,122,260617709,2,2.0,320.0,640.0,750,,750,Q,False
Q,122,260617709,2,0.5,640.0,320.0,1390,,1390,Q,False
Q,122,260617709,2,1.0,640.0,640.0,1390,,1390,Q,False
Q,122,260617709,2,2.0,640.0,1280.0,1390,,1390,Q,False
Q,122,260617709,2,0.5,1280.0,640.0,2631,,2631,Q,False
Q,122,260617709,2,1.0,1280.0,1280.0,2631,,2631,Q,False
Q,122,260617709,2,2.0,1280.0,2560.0,2631,,2631,Q,False
Q,122,260617709,2,0.5,2560.0,1280.0,5162,,5162,Q,False
Q,122,260617709,2,1.0,2560.0,2560.0,5162,,5162,Q,False
Q,122,260617709,2,2.0,2560.0,5120.0,5162,,5162,Q,False
Q,122,260617709,2,0.5,5120.0,2560.0,9846,,9846,Q,False
Q,122,260617709,2,1.0,5120.0,5120.0,9846,,9846,Q,False
Q,122,260617709,2,2.0,5120.0,10240.0,9846,,9846,Q,False
Q,123,260617710,3,0.5,320.0,160.0,786,,786,Q,False
Q,123,260617710,3,1.0,320.0,320.0,786,,786,Q,False
Q,123,260617710,3,2.0,320.0,640.0,786,,786,Q,False
Q,123,260617710,3,0.5,640.0,320.0,1470,,1470,Q,False
Q,123,260617710,3,1.0,640.0,640.0,1470,,1470,Q,False
Q,123,260617710,3,2.0,640.0,1280.0,1470,,1470,Q,False
Q,123,260617710,3,0.5,1280.0,640.0,2770,,2770,Q,False
Q,123,260617710,3,1.0,1280.0,1280.0,2770,,2770,Q,False
Q,123,260617710,3,2.0,1280.0,2560.0,2770,,2770,Q,False
Q,123,260617710,3,0.5,2560.0,1280.0,5314,,5314,Q,False
Q,123,260617710,3,1.0,2560.0,2560.0,5314,,5314,Q,False
Q,123,260617710,3,2.0,2560.0,5120.0,5314,,5314,Q,False
Q,123,260617710,3,0.5,5120.0,2560.0,9991,,9991,Q,False
Q,123,260617710,3,1.0,5120.0,5120.0,9991,,9991,Q,False
Q,123,260617710,3,2.0,5120.0,10240.0,9991,,9991,Q,False
Q,124,260617711,4,0.5,320.0,160.0,713,,713,Q,False
Q,124,260617711,4,1.0,320.0,320.0,713,,713,Q,False
Q,124,260617711,4,2.0,320.0,640.0,713,,713,Q,False
Q,124,260617711,4,0.5,640.0,320.0,1311,,1311,Q,False
Q,124,260617711,4,1.0,640.0,640.0,1311,,1311,Q,False
Q,124,260617711,4,2.0,640.0,1280.0,1311,,1311,Q,False
Q,124,260617711,4,0.5,1280.0,640.0,2422,,2422,Q,False
Q,124,260617711,4,1.0,1280.0,1280.0,2422,,2422,Q,False
Q,124,260617711,4,2.0,1280.0,2560.0,2422,,2422,Q,False
Q,124,260617711,4,0.5,2560.0,1280.0,4898,,4898,Q,False
Q,124,260617711,4,1.0,2560.0,2560.0,4898,,4898,Q,False
Q,124,260617711,4,2.0,2560.0,5120.0,4898,,4898,Q,False
Q,124,260617711,4,0.5,5120.0,2560.0,9745,,9745,Q,False
Q,124,260617711,4,1.0,5120.0,5120.0,9745,,9745,Q,False
Q,124,260617711,4,2.0,5120.0,10240.0,9745,,9745,Q,False
Q,125,260617712,0,0.5,320.0,160.0,761,,761,Q,False
Q,125,260617712,0,1.0,320.0,320.0,761,,761,Q,False
Q,125,260617712,0,2.0,320.0,640.0,761,,761,Q,False
Q,125,260617712,0,0.5,640.0,320.0,1357,,1357,Q,False
Q,125,260617712,0,1.0,640.0,640.0,1357,,1357,Q,False
Q,125,260617712,0,2.0,640.0,1280.0,1357,,1357,Q,False
Q,125,260617712,0,0.5,1280.0,640.0,2679,,2679,Q,False
Q,125,260617712,0,1.0,1280.0,1280.0,2679,,2679,Q,False
Q,125,260617712,0,2.0,1280.0,2560.0,2679,,2679,Q,False
Q,125,260617712,0,0.5,2560.0,1280.0,5123,,5123,Q,False
Q,125,260617712,0,1.0,2560.0,2560.0,5123,,5123,Q,False
Q,125,260617712,0,2.0,2560.0,5120.0,5123,,5123,Q,False
Q,125,260617712,0,0.5,5120.0,2560.0,10087,,10087,Q,False
Q,125,260617712,0,1.0,5120.0,5120.0,10087,,10087,Q,False
Q,125,260617712,0,2.0,5120.0,10240.0,10087,,10087,Q,False
Q,126,260617713,1,0.5,320.0,160.0,805,,805,Q,False
Q,126,260617713,1,1.0,320.0,320.0,805,,805,Q,False
Q,126,260617713,1,2.0,320.0,640.0,805,,805,Q,False
Q,126,260617713,1,0.5,640.0,320.0,1397,,1397,Q,False
Q,126,260617713,1,1.0,640.0,640.0,1397,,1397,Q,False
Q,126,260617713,1,2.0,640.0,1280.0,1397,,1397,Q,False
Q,126,260617713,1,0.5,1280.0,640.0,2721,,2721,Q,False
Q,126,260617713,1,1.0,1280.0,1280.0,2721,,2721,Q,False
Q,126,260617713,1,2.0,1280.0,2560.0,2721,,2721,Q,False
Q,126,260617713,1,0.5,2560.0,1280.0,5003,,5003,Q,False
Q,126,260617713,1,1.0,2560.0,2560.0,5003,,5003,Q,False
Q,126,260617713,1,2.0,2560.0,5120.0,5003,,5003,Q,False
Q,126,260617713,1,0.5,5120.0,2560.0,9803,,9803,Q,False
Q,126,260617713,1,1.0,5120.0,5120.0,9803,,9803,Q,False
Q,126,260617713,1,2.0,5120.0,10240.0,9803,,9803,Q,False
Q,127,260617714,2,0.5,320.0,160.0,810,,810,Q,False
Q,127,260617714,2,1.0,320.0,320.0,810,,810,Q,False
Q,127,260617714,2,2.0,320.0,640.0,810,,810,Q,False
Q,127,260617714,2,0.5,640.0,320.0,1507,,1507,Q,False
Q,127,260617714,2,1.0,640.0,640.0,1507,,1507,Q,False
Q,127,260617714,2,2.0,640.0,1280.0,1507,,1507,Q,False
Q,127,260617714,2,0.5,1280.0,640.0,2657,,2657,Q,False
Q,127,260617714,2,1.0,1280.0,1280.0,2657,,2657,Q,False
Q,127,260617714,2,2.0,1280.0,2560.0,2657,,2657,Q,False
Q,127,260617714,2,0.5,2560.0,1280.0,5229,,5229,Q,False
Q,127,260617714,2,1.0,2560.0,2560.0,5229,,5229,Q,False
Q,127,260617714,2,2.0,2560.0,5120.0,5229,,5229,Q,False
Q,127,260617714,2,0.5,5120.0,2560.0,9997,,9997,Q,False
Q,127,260617714,2,1.0,5120.0,5120.0,9997,,9997,Q,False
Q,127,260617714,2,2.0,5120.0,10240.0,9997,,9997,Q,False
P,0,260627587,0,0.5,320.0,160.0,,928,928,P,False
P,0,260627587,0,1.0,320.0,320.0,,1557,1557,P,False
P,0,260627587,0,2.0,320.0,640.0,,2897,2897,P,False
P,0,260627587,0,0.5,640.0,320.0,,1557,1557,P,False
P,0,260627587,0,1.0,640.0,640.0,,2897,2897,P,False
P,0,260627587,0,2.0,640.0,1280.0,,5269,5269,P,False
P,0,260627587,0,0.5,1280.0,640.0,,2897,2897,P,False
P,0,260627587,0,1.0,1280.0,1280.0,,5269,5269,P,False
P,0,260627587,0,2.0,1280.0,2560.0,,10177,10177,P,False
P,0,260627587,0,0.5,2560.0,1280.0,,5269,5269,P,False
P,0,260627587,0,1.0,2560.0,2560.0,,10177,10177,P,False
P,0,260627587,0,2.0,2560.0,5120.0,,19761,19761,P,False
P,0,260627587,0,0.5,5120.0,2560.0,,10177,10177,P,False
P,0,260627587,0,1.0,5120.0,5120.0,,19761,19761,P,False
P,0,260627587,0,2.0,5120.0,10240.0,,39094,39094,P,False
P,1,260627588,1,0.5,320.0,160.0,,898,898,P,False
P,1,260627588,1,1.0,320.0,320.0,,1487,1487,P,False
P,1,260627588,1,2.0,320.0,640.0,,2730,2730,P,False
P,1,260627588,1,0.5,640.0,320.0,,1487,1487,P,False
P,1,260627588,1,1.0,640.0,640.0,,2730,2730,P,False
P,1,260627588,1,2.0,640.0,1280.0,,5320,5320,P,False
P,1,260627588,1,0.5,1280.0,640.0,,2730,2730,P,False
P,1,260627588,1,1.0,1280.0,1280.0,,5320,5320,P,False
P,1,260627588,1,2.0,1280.0,2560.0,,10333,10333,P,False
P,1,260627588,1,0.5,2560.0,1280.0,,5320,5320,P,False
P,1,260627588,1,1.0,2560.0,2560.0,,10333,10333,P,False
P,1,260627588,1,2.0,2560.0,5120.0,,20154,20154,P,False
P,1,260627588,1,0.5,5120.0,2560.0,,10333,10333,P,False
P,1,260627588,1,1.0,5120.0,5120.0,,20154,20154,P,False
P,1,260627588,1,2.0,5120.0,10240.0,,39574,39574,P,False
P,2,260627589,2,0.5,320.0,160.0,,845,845,P,False
P,2,260627589,2,1.0,320.0,320.0,,1501,1501,P,False
P,2,260627589,2,2.0,320.0,640.0,,2826,2826,P,False
P,2,260627589,2,0.5,640.0,320.0,,1501,1501,P,False
P,2,260627589,2,1.0,640.0,640.0,,2826,2826,P,False
P,2,260627589,2,2.0,640.0,1280.0,,5168,5168,P,False
P,2,260627589,2,0.5,1280.0,640.0,,2826,2826,P,False
P,2,260627589,2,1.0,1280.0,1280.0,,5168,5168,P,False
P,2,260627589,2,2.0,1280.0,2560.0,,10204,10204,P,False
P,2,260627589,2,0.5,2560.0,1280.0,,5168,5168,P,False
P,2,260627589,2,1.0,2560.0,2560.0,,10204,10204,P,False
P,2,260627589,2,2.0,2560.0,5120.0,,19667,19667,P,False
P,2,260627589,2,0.5,5120.0,2560.0,,10204,10204,P,False
P,2,260627589,2,1.0,5120.0,5120.0,,19667,19667,P,False
P,2,260627589,2,2.0,5120.0,10240.0,,39176,39176,P,False
P,3,260627590,3,0.5,320.0,160.0,,781,781,P,False
P,3,260627590,3,1.0,320.0,320.0,,1390,1390,P,False
P,3,260627590,3,2.0,320.0,640.0,,2675,2675,P,False
P,3,260627590,3,0.5,640.0,320.0,,1390,1390,P,False
P,3,260627590,3,1.0,640.0,640.0,,2675,2675,P,False
P,3,260627590,3,2.0,640.0,1280.0,,5090,5090,P,False
P,3,260627590,3,0.5,1280.0,640.0,,2675,2675,P,False
P,3,260627590,3,1.0,1280.0,1280.0,,5090,5090,P,False
P,3,260627590,3,2.0,1280.0,2560.0,,10134,10134,P,False
P,3,260627590,3,0.5,2560.0,1280.0,,5090,5090,P,False
P,3,260627590,3,1.0,2560.0,2560.0,,10134,10134,P,False
P,3,260627590,3,2.0,2560.0,5120.0,,19987,19987,P,False
P,3,260627590,3,0.5,5120.0,2560.0,,10134,10134,P,False
P,3,260627590,3,1.0,5120.0,5120.0,,19987,19987,P,False
P,3,260627590,3,2.0,5120.0,10240.0,,39140,39140,P,False
P,4,260627591,4,0.5,320.0,160.0,,700,700,P,False
P,4,260627591,4,1.0,320.0,320.0,,1400,1400,P,False
P,4,260627591,4,2.0,320.0,640.0,,2568,2568,P,False
P,4,260627591,4,0.5,640.0,320.0,,1400,1400,P,False
P,4,260627591,4,1.0,640.0,640.0,,2568,2568,P,False
P,4,260627591,4,2.0,640.0,1280.0,,5007,5007,P,False
P,4,260627591,4,0.5,1280.0,640.0,,2568,2568,P,False
P,4,260627591,4,1.0,1280.0,1280.0,,5007,5007,P,False
P,4,260627591,4,2.0,1280.0,2560.0,,9898,9898,P,False
P,4,260627591,4,0.5,2560.0,1280.0,,5007,5007,P,False
P,4,260627591,4,1.0,2560.0,2560.0,,9898,9898,P,False
P,4,260627591,4,2.0,2560.0,5120.0,,19454,19454,P,False
P,4,260627591,4,0.5,5120.0,2560.0,,9898,9898,P,False
P,4,260627591,4,1.0,5120.0,5120.0,,19454,19454,P,False
P,4,260627591,4,2.0,5120.0,10240.0,,39120,39120,P,False
P,5,260627592,0,0.5,320.0,160.0,,870,870,P,False
P,5,260627592,0,1.0,320.0,320.0,,1507,1507,P,False
P,5,260627592,0,2.0,320.0,640.0,,2773,2773,P,False
P,5,260627592,0,0.5,640.0,320.0,,1507,1507,P,False
P,5,260627592,0,1.0,640.0,640.0,,2773,2773,P,False
P,5,260627592,0,2.0,640.0,1280.0,,5269,5269,P,False
P,5,260627592,0,0.5,1280.0,640.0,,2773,2773,P,False
P,5,260627592,0,1.0,1280.0,1280.0,,5269,5269,P,False
P,5,260627592,0,2.0,1280.0,2560.0,,10240,10240,P,False
P,5,260627592,0,0.5,2560.0,1280.0,,5269,5269,P,False
P,5,260627592,0,1.0,2560.0,2560.0,,10240,10240,P,False
P,5,260627592,0,2.0,2560.0,5120.0,,19880,19880,P,False
P,5,260627592,0,0.5,5120.0,2560.0,,10240,10240,P,False
P,5,260627592,0,1.0,5120.0,5120.0,,19880,19880,P,False
P,5,260627592,0,2.0,5120.0,10240.0,,39573,39573,P,False
P,6,260627593,1,0.5,320.0,160.0,,837,837,P,False
P,6,260627593,1,1.0,320.0,320.0,,1513,1513,P,False
P,6,260627593,1,2.0,320.0,640.0,,2807,2807,P,False
P,6,260627593,1,0.5,640.0,320.0,,1513,1513,P,False
P,6,260627593,1,1.0,640.0,640.0,,2807,2807,P,False
P,6,260627593,1,2.0,640.0,1280.0,,5277,5277,P,False
P,6,260627593,1,0.5,1280.0,640.0,,2807,2807,P,False
P,6,260627593,1,1.0,1280.0,1280.0,,5277,5277,P,False
P,6,260627593,1,2.0,1280.0,2560.0,,10117,10117,P,False
P,6,260627593,1,0.5,2560.0,1280.0,,5277,5277,P,False
P,6,260627593,1,1.0,2560.0,2560.0,,10117,10117,P,False
P,6,260627593,1,2.0,2560.0,5120.0,,19870,19870,P,False
P,6,260627593,1,0.5,5120.0,2560.0,,10117,10117,P,False
P,6,260627593,1,1.0,5120.0,5120.0,,19870,19870,P,False
P,6,260627593,1,2.0,5120.0,10240.0,,39000,39000,P,False
P,7,260627594,2,0.5,320.0,160.0,,851,851,P,False
P,7,260627594,2,1.0,320.0,320.0,,1465,1465,P,False
P,7,260627594,2,2.0,320.0,640.0,,2624,2624,P,False
P,7,260627594,2,0.5,640.0,320.0,,1465,1465,P,False
P,7,260627594,2,1.0,640.0,640.0,,2624,2624,P,False
P,7,260627594,2,2.0,640.0,1280.0,,4997,4997,P,False
P,7,260627594,2,0.5,1280.0,640.0,,2624,2624,P,False
P,7,260627594,2,1.0,1280.0,1280.0,,4997,4997,P,False
P,7,260627594,2,2.0,1280.0,2560.0,,9961,9961,P,False
P,7,260627594,2,0.5,2560.0,1280.0,,4997,4997,P,False
P,7,260627594,2,1.0,2560.0,2560.0,,9961,9961,P,False
P,7,260627594,2,2.0,2560.0,5120.0,,19773,19773,P,False
P,7,260627594,2,0.5,5120.0,2560.0,,9961,9961,P,False
P,7,260627594,2,1.0,5120.0,5120.0,,19773,19773,P,False
P,7,260627594,2,2.0,5120.0,10240.0,,39499,39499,P,False
P,8,260627595,3,0.5,320.0,160.0,,708,708,P,False
P,8,260627595,3,1.0,320.0,320.0,,1290,1290,P,False
P,8,260627595,3,2.0,320.0,640.0,,2516,2516,P,False
P,8,260627595,3,0.5,640.0,320.0,,1290,1290,P,False
P,8,260627595,3,1.0,640.0,640.0,,2516,2516,P,False
P,8,260627595,3,2.0,640.0,1280.0,,4945,4945,P,False
P,8,260627595,3,0.5,1280.0,640.0,,2516,2516,P,False
P,8,260627595,3,1.0,1280.0,1280.0,,4945,4945,P,False
P,8,260627595,3,2.0,1280.0,2560.0,,9918,9918,P,False
P,8,260627595,3,0.5,2560.0,1280.0,,4945,4945,P,False
P,8,260627595,3,1.0,2560.0,2560.0,,9918,9918,P,False
P,8,260627595,3,2.0,2560.0,5120.0,,19812,19812,P,False
P,8,260627595,3,0.5,5120.0,2560.0,,9918,9918,P,False
P,8,260627595,3,1.0,5120.0,5120.0,,19812,19812,P,False
P,8,260627595,3,2.0,5120.0,10240.0,,39303,39303,P,False
P,9,260627596,4,0.5,320.0,160.0,,825,825,P,False
P,9,260627596,4,1.0,320.0,320.0,,1405,1405,P,False
P,9,260627596,4,2.0,320.0,640.0,,2702,2702,P,False
P,9,260627596,4,0.5,640.0,320.0,,1405,1405,P,False
P,9,260627596,4,1.0,640.0,640.0,,2702,2702,P,False
P,9,260627596,4,2.0,640.0,1280.0,,5135,5135,P,False
P,9,260627596,4,0.5,1280.0,640.0,,2702,2702,P,False
P,9,260627596,4,1.0,1280.0,1280.0,,5135,5135,P,False
P,9,260627596,4,2.0,1280.0,2560.0,,10261,10261,P,False
P,9,260627596,4,0.5,2560.0,1280.0,,5135,5135,P,False
P,9,260627596,4,1.0,2560.0,2560.0,,10261,10261,P,False
P,9,260627596,4,2.0,2560.0,5120.0,,20076,20076,P,False
P,9,260627596,4,0.5,5120.0,2560.0,,10261,10261,P,False
P,9,260627596,4,1.0,5120.0,5120.0,,20076,20076,P,False
P,9,260627596,4,2.0,5120.0,10240.0,,39529,39529,P,False
P,10,260627597,0,0.5,320.0,160.0,,794,794,P,False
P,10,260627597,0,1.0,320.0,320.0,,1386,1386,P,False
P,10,260627597,0,2.0,320.0,640.0,,2660,2660,P,False
P,10,260627597,0,0.5,640.0,320.0,,1386,1386,P,False
P,10,260627597,0,1.0,640.0,640.0,,2660,2660,P,False
P,10,260627597,0,2.0,640.0,1280.0,,5082,5082,P,False
P,10,260627597,0,0.5,1280.0,640.0,,2660,2660,P,False
P,10,260627597,0,1.0,1280.0,1280.0,,5082,5082,P,False
P,10,260627597,0,2.0,1280.0,2560.0,,9828,9828,P,False
P,10,260627597,0,0.5,2560.0,1280.0,,5082,5082,P,False
P,10,260627597,0,1.0,2560.0,2560.0,,9828,9828,P,False
P,10,260627597,0,2.0,2560.0,5120.0,,19475,19475,P,False
P,10,260627597,0,0.5,5120.0,2560.0,,9828,9828,P,False
P,10,260627597,0,1.0,5120.0,5120.0,,19475,19475,P,False
P,10,260627597,0,2.0,5120.0,10240.0,,38894,38894,P,False
P,11,260627598,1,0.5,320.0,160.0,,896,896,P,False
P,11,260627598,1,1.0,320.0,320.0,,1585,1585,P,False
P,11,260627598,1,2.0,320.0,640.0,,2872,2872,P,False
P,11,260627598,1,0.5,640.0,320.0,,1585,1585,P,False
P,11,260627598,1,1.0,640.0,640.0,,2872,2872,P,False
P,11,260627598,1,2.0,640.0,1280.0,,5410,5410,P,False
P,11,260627598,1,0.5,1280.0,640.0,,2872,2872,P,False
P,11,260627598,1,1.0,1280.0,1280.0,,5410,5410,P,False
P,11,260627598,1,2.0,1280.0,2560.0,,10292,10292,P,False
P,11,260627598,1,0.5,2560.0,1280.0,,5410,5410,P,False
P,11,260627598,1,1.0,2560.0,2560.0,,10292,10292,P,False
P,11,260627598,1,2.0,2560.0,5120.0,,19956,19956,P,False
P,11,260627598,1,0.5,5120.0,2560.0,,10292,10292,P,False
P,11,260627598,1,1.0,5120.0,5120.0,,19956,19956,P,False
P,11,260627598,1,2.0,5120.0,10240.0,,39350,39350,P,False
P,12,260627599,2,0.5,320.0,160.0,,813,813,P,False
P,12,260627599,2,1.0,320.0,320.0,,1504,1504,P,False
P,12,260627599,2,2.0,320.0,640.0,,2698,2698,P,False
P,12,260627599,2,0.5,640.0,320.0,,1504,1504,P,False
P,12,260627599,2,1.0,640.0,640.0,,2698,2698,P,False
P,12,260627599,2,2.0,640.0,1280.0,,5114,5114,P,False
P,12,260627599,2,0.5,1280.0,640.0,,2698,2698,P,False
P,12,260627599,2,1.0,1280.0,1280.0,,5114,5114,P,False
P,12,260627599,2,2.0,1280.0,2560.0,,9709,9709,P,False
P,12,260627599,2,0.5,2560.0,1280.0,,5114,5114,P,False
P,12,260627599,2,1.0,2560.0,2560.0,,9709,9709,P,False
P,12,260627599,2,2.0,2560.0,5120.0,,19278,19278,P,False
P,12,260627599,2,0.5,5120.0,2560.0,,9709,9709,P,False
P,12,260627599,2,1.0,5120.0,5120.0,,19278,19278,P,False
P,12,260627599,2,2.0,5120.0,10240.0,,38573,38573,P,False
P,13,260627600,3,0.5,320.0,160.0,,864,864,P,False
P,13,260627600,3,1.0,320.0,320.0,,1436,1436,P,False
P,13,260627600,3,2.0,320.0,640.0,,2655,2655,P,False
P,13,260627600,3,0.5,640.0,320.0,,1436,1436,P,False
P,13,260627600,3,1.0,640.0,640.0,,2655,2655,P,False
P,13,260627600,3,2.0,640.0,1280.0,,5072,5072,P,False
P,13,260627600,3,0.5,1280.0,640.0,,2655,2655,P,False
P,13,260627600,3,1.0,1280.0,1280.0,,5072,5072,P,False
P,13,260627600,3,2.0,1280.0,2560.0,,9982,9982,P,False
P,13,260627600,3,0.5,2560.0,1280.0,,5072,5072,P,False
P,13,260627600,3,1.0,2560.0,2560.0,,9982,9982,P,False
P,13,260627600,3,2.0,2560.0,5120.0,,19988,19988,P,False
P,13,260627600,3,0.5,5120.0,2560.0,,9982,9982,P,False
P,13,260627600,3,1.0,5120.0,5120.0,,19988,19988,P,False
P,13,260627600,3,2.0,5120.0,10240.0,,39544,39544,P,False
P,14,260627601,4,0.5,320.0,160.0,,730,730,P,False
P,14,260627601,4,1.0,320.0,320.0,,1369,1369,P,False
P,14,260627601,4,2.0,320.0,640.0,,2529,2529,P,False
P,14,260627601,4,0.5,640.0,320.0,,1369,1369,P,False
P,14,260627601,4,1.0,640.0,640.0,,2529,2529,P,False
P,14,260627601,4,2.0,640.0,1280.0,,4933,4933,P,False
P,14,260627601,4,0.5,1280.0,640.0,,2529,2529,P,False
P,14,260627601,4,1.0,1280.0,1280.0,,4933,4933,P,False
P,14,260627601,4,2.0,1280.0,2560.0,,9613,9613,P,False
P,14,260627601,4,0.5,2560.0,1280.0,,4933,4933,P,False
P,14,260627601,4,1.0,2560.0,2560.0,,9613,9613,P,False
P,14,260627601,4,2.0,2560.0,5120.0,,19251,19251,P,False
P,14,260627601,4,0.5,5120.0,2560.0,,9613,9613,P,False
P,14,260627601,4,1.0,5120.0,5120.0,,19251,19251,P,False
P,14,260627601,4,2.0,5120.0,10240.0,,39052,39052,P,False
P,15,260627602,0,0.5,320.0,160.0,,892,892,P,False
P,15,260627602,0,1.0,320.0,320.0,,1493,1493,P,False
P,15,260627602,0,2.0,320.0,640.0,,2798,2798,P,False
P,15,260627602,0,0.5,640.0,320.0,,1493,1493,P,False
P,15,260627602,0,1.0,640.0,640.0,,2798,2798,P,False
P,15,260627602,0,2.0,640.0,1280.0,,5218,5218,P,False
P,15,260627602,0,0.5,1280.0,640.0,,2798,2798,P,False
P,15,260627602,0,1.0,1280.0,1280.0,,5218,5218,P,False
P,15,260627602,0,2.0,1280.0,2560.0,,10222,10222,P,False
P,15,260627602,0,0.5,2560.0,1280.0,,5218,5218,P,False
P,15,260627602,0,1.0,2560.0,2560.0,,10222,10222,P,False
P,15,260627602,0,2.0,2560.0,5120.0,,19755,19755,P,False
P,15,260627602,0,0.5,5120.0,2560.0,,10222,10222,P,False
P,15,260627602,0,1.0,5120.0,5120.0,,19755,19755,P,False
P,15,260627602,0,2.0,5120.0,10240.0,,39226,39226,P,False
P,16,260627603,1,0.5,320.0,160.0,,797,797,P,False
P,16,260627603,1,1.0,320.0,320.0,,1413,1413,P,False
P,16,260627603,1,2.0,320.0,640.0,,2648,2648,P,False
P,16,260627603,1,0.5,640.0,320.0,,1413,1413,P,False
P,16,260627603,1,1.0,640.0,640.0,,2648,2648,P,False
P,16,260627603,1,2.0,640.0,1280.0,,5058,5058,P,False
P,16,260627603,1,0.5,1280.0,640.0,,2648,2648,P,False
P,16,260627603,1,1.0,1280.0,1280.0,,5058,5058,P,False
P,16,260627603,1,2.0,1280.0,2560.0,,9970,9970,P,False
P,16,260627603,1,0.5,2560.0,1280.0,,5058,5058,P,False
P,16,260627603,1,1.0,2560.0,2560.0,,9970,9970,P,False
P,16,260627603,1,2.0,2560.0,5120.0,,19905,19905,P,False
P,16,260627603,1,0.5,5120.0,2560.0,,9970,9970,P,False
P,16,260627603,1,1.0,5120.0,5120.0,,19905,19905,P,False
P,16,260627603,1,2.0,5120.0,10240.0,,39533,39533,P,False
P,17,260627604,2,0.5,320.0,160.0,,848,848,P,False
P,17,260627604,2,1.0,320.0,320.0,,1507,1507,P,False
P,17,260627604,2,2.0,320.0,640.0,,2828,2828,P,False
P,17,260627604,2,0.5,640.0,320.0,,1507,1507,P,False
P,17,260627604,2,1.0,640.0,640.0,,2828,2828,P,False
P,17,260627604,2,2.0,640.0,1280.0,,5248,5248,P,False
P,17,260627604,2,0.5,1280.0,640.0,,2828,2828,P,False
P,17,260627604,2,1.0,1280.0,1280.0,,5248,5248,P,False
P,17,260627604,2,2.0,1280.0,2560.0,,9846,9846,P,False
P,17,260627604,2,0.5,2560.0,1280.0,,5248,5248,P,False
P,17,260627604,2,1.0,2560.0,2560.0,,9846,9846,P,False
P,17,260627604,2,2.0,2560.0,5120.0,,19547,19547,P,False
P,17,260627604,2,0.5,5120.0,2560.0,,9846,9846,P,False
P,17,260627604,2,1.0,5120.0,5120.0,,19547,19547,P,False
P,17,260627604,2,2.0,5120.0,10240.0,,38874,38874,P,False
P,18,260627605,3,0.5,320.0,160.0,,840,840,P,False
P,18,260627605,3,1.0,320.0,320.0,,1428,1428,P,False
P,18,260627605,3,2.0,320.0,640.0,,2592,2592,P,False
P,18,260627605,3,0.5,640.0,320.0,,1428,1428,P,False
P,18,260627605,3,1.0,640.0,640.0,,2592,2592,P,False
P,18,260627605,3,2.0,640.0,1280.0,,5144,5144,P,False
P,18,260627605,3,0.5,1280.0,640.0,,2592,2592,P,False
P,18,260627605,3,1.0,1280.0,1280.0,,5144,5144,P,False
P,18,260627605,3,2.0,1280.0,2560.0,,9965,9965,P,False
P,18,260627605,3,0.5,2560.0,1280.0,,5144,5144,P,False
P,18,260627605,3,1.0,2560.0,2560.0,,9965,9965,P,False
P,18,260627605,3,2.0,2560.0,5120.0,,19612,19612,P,False
P,18,260627605,3,0.5,5120.0,2560.0,,9965,9965,P,False
P,18,260627605,3,1.0,5120.0,5120.0,,19612,19612,P,False
P,18,260627605,3,2.0,5120.0,10240.0,,39086,39086,P,False
P,19,260627606,4,0.5,320.0,160.0,,682,682,P,False
P,19,260627606,4,1.0,320.0,320.0,,1258,1258,P,False
P,19,260627606,4,2.0,320.0,640.0,,2423,2423,P,False
P,19,260627606,4,0.5,640.0,320.0,,1258,1258,P,False
P,19,260627606,4,1.0,640.0,640.0,,2423,2423,P,False
P,19,260627606,4,2.0,640.0,1280.0,,4825,4825,P,False
P,19,260627606,4,0.5,1280.0,640.0,,2423,2423,P,False
P,19,260627606,4,1.0,1280.0,1280.0,,4825,4825,P,False
P,19,260627606,4,2.0,1280.0,2560.0,,9945,9945,P,False
P,19,260627606,4,0.5,2560.0,1280.0,,4825,4825,P,False
P,19,260627606,4,1.0,2560.0,2560.0,,9945,9945,P,False
P,19,260627606,4,2.0,2560.0,5120.0,,19461,19461,P,False
P,19,260627606,4,0.5,5120.0,2560.0,,9945,9945,P,False
P,19,260627606,4,1.0,5120.0,5120.0,,19461,19461,P,False
P,19,260627606,4,2.0,5120.0,10240.0,,38556,38556,P,False
P,20,260627607,0,0.5,320.0,160.0,,777,777,P,False
P,20,260627607,0,1.0,320.0,320.0,,1414,1414,P,False
P,20,260627607,0,2.0,320.0,640.0,,2613,2613,P,False
P,20,260627607,0,0.5,640.0,320.0,,1414,1414,P,False
P,20,260627607,0,1.0,640.0,640.0,,2613,2613,P,False
P,20,260627607,0,2.0,640.0,1280.0,,5096,5096,P,False
P,20,260627607,0,0.5,1280.0,640.0,,2613,2613,P,False
P,20,260627607,0,1.0,1280.0,1280.0,,5096,5096,P,False
P,20,260627607,0,2.0,1280.0,2560.0,,10002,10002,P,False
P,20,260627607,0,0.5,2560.0,1280.0,,5096,5096,P,False
P,20,260627607,0,1.0,2560.0,2560.0,,10002,10002,P,False
P,20,260627607,0,2.0,2560.0,5120.0,,19735,19735,P,False
P,20,260627607,0,0.5,5120.0,2560.0,,10002,10002,P,False
P,20,260627607,0,1.0,5120.0,5120.0,,19735,19735,P,False
P,20,260627607,0,2.0,5120.0,10240.0,,38697,38697,P,False
P,21,260627608,1,0.5,320.0,160.0,,788,788,P,False
P,21,260627608,1,1.0,320.0,320.0,,1491,1491,P,False
P,21,260627608,1,2.0,320.0,640.0,,2699,2699,P,False
P,21,260627608,1,0.5,640.0,320.0,,1491,1491,P,False
P,21,260627608,1,1.0,640.0,640.0,,2699,2699,P,False
P,21,260627608,1,2.0,640.0,1280.0,,5183,5183,P,False
P,21,260627608,1,0.5,1280.0,640.0,,2699,2699,P,False
P,21,260627608,1,1.0,1280.0,1280.0,,5183,5183,P,False
P,21,260627608,1,2.0,1280.0,2560.0,,9980,9980,P,False
P,21,260627608,1,0.5,2560.0,1280.0,,5183,5183,P,False
P,21,260627608,1,1.0,2560.0,2560.0,,9980,9980,P,False
P,21,260627608,1,2.0,2560.0,5120.0,,19384,19384,P,False
P,21,260627608,1,0.5,5120.0,2560.0,,9980,9980,P,False
P,21,260627608,1,1.0,5120.0,5120.0,,19384,19384,P,False
P,21,260627608,1,2.0,5120.0,10240.0,,38840,38840,P,False
P,22,260627609,2,0.5,320.0,160.0,,747,747,P,False
P,22,260627609,2,1.0,320.0,320.0,,1393,1393,P,False
P,22,260627609,2,2.0,320.0,640.0,,2700,2700,P,False
P,22,260627609,2,0.5,640.0,320.0,,1393,1393,P,False
P,22,260627609,2,1.0,640.0,640.0,,2700,2700,P,False
P,22,260627609,2,2.0,640.0,1280.0,,5090,5090,P,False
P,22,260627609,2,0.5,1280.0,640.0,,2700,2700,P,False
P,22,260627609,2,1.0,1280.0,1280.0,,5090,5090,P,False
P,22,260627609,2,2.0,1280.0,2560.0,,10000,10000,P,False
P,22,260627609,2,0.5,2560.0,1280.0,,5090,5090,P,False
P,22,260627609,2,1.0,2560.0,2560.0,,10000,10000,P,False
P,22,260627609,2,2.0,2560.0,5120.0,,19698,19698,P,False
P,22,260627609,2,0.5,5120.0,2560.0,,10000,10000,P,False
P,22,260627609,2,1.0,5120.0,5120.0,,19698,19698,P,False
P,22,260627609,2,2.0,5120.0,10240.0,,39034,39034,P,False
P,23,260627610,3,0.5,320.0,160.0,,943,943,P,False
P,23,260627610,3,1.0,320.0,320.0,,1500,1500,P,False
P,23,260627610,3,2.0,320.0,640.0,,2661,2661,P,False
P,23,260627610,3,0.5,640.0,320.0,,1500,1500,P,False
P,23,260627610,3,1.0,640.0,640.0,,2661,2661,P,False
P,23,260627610,3,2.0,640.0,1280.0,,5220,5220,P,False
P,23,260627610,3,0.5,1280.0,640.0,,2661,2661,P,False
P,23,260627610,3,1.0,1280.0,1280.0,,5220,5220,P,False
P,23,260627610,3,2.0,1280.0,2560.0,,10078,10078,P,False
P,23,260627610,3,0.5,2560.0,1280.0,,5220,5220,P,False
P,23,260627610,3,1.0,2560.0,2560.0,,10078,10078,P,False
P,23,260627610,3,2.0,2560.0,5120.0,,19554,19554,P,False
P,23,260627610,3,0.5,5120.0,2560.0,,10078,10078,P,False
P,23,260627610,3,1.0,5120.0,5120.0,,19554,19554,P,False
P,23,260627610,3,2.0,5120.0,10240.0,,39318,39318,P,False
P,24,260627611,4,0.5,320.0,160.0,,779,779,P,False
P,24,260627611,4,1.0,320.0,320.0,,1404,1404,P,False
P,24,260627611,4,2.0,320.0,640.0,,2571,2571,P,False
P,24,260627611,4,0.5,640.0,320.0,,1404,1404,P,False
P,24,260627611,4,1.0,640.0,640.0,,2571,2571,P,False
P,24,260627611,4,2.0,640.0,1280.0,,5067,5067,P,False
P,24,260627611,4,0.5,1280.0,640.0,,2571,2571,P,False
P,24,260627611,4,1.0,1280.0,1280.0,,5067,5067,P,False
P,24,260627611,4,2.0,1280.0,2560.0,,9908,9908,P,False
P,24,260627611,4,0.5,2560.0,1280.0,,5067,5067,P,False
P,24,260627611,4,1.0,2560.0,2560.0,,9908,9908,P,False
P,24,260627611,4,2.0,2560.0,5120.0,,19779,19779,P,False
P,24,260627611,4,0.5,5120.0,2560.0,,9908,9908,P,False
P,24,260627611,4,1.0,5120.0,5120.0,,19779,19779,P,False
P,24,260627611,4,2.0,5120.0,10240.0,,39854,39854,P,False
P,25,260627612,0,0.5,320.0,160.0,,778,778,P,False
P,25,260627612,0,1.0,320.0,320.0,,1424,1424,P,False
P,25,260627612,0,2.0,320.0,640.0,,2619,2619,P,False
P,25,260627612,0,0.5,640.0,320.0,,1424,1424,P,False
P,25,260627612,0,1.0,640.0,640.0,,2619,2619,P,False
P,25,260627612,0,2.0,640.0,1280.0,,5129,5129,P,False
P,25,260627612,0,0.5,1280.0,640.0,,2619,2619,P,False
P,25,260627612,0,1.0,1280.0,1280.0,,5129,5129,P,False
P,25,260627612,0,2.0,1280.0,2560.0,,9990,9990,P,False
P,25,260627612,0,0.5,2560.0,1280.0,,5129,5129,P,False
P,25,260627612,0,1.0,2560.0,2560.0,,9990,9990,P,False
P,25,260627612,0,2.0,2560.0,5120.0,,19790,19790,P,False
P,25,260627612,0,0.5,5120.0,2560.0,,9990,9990,P,False
P,25,260627612,0,1.0,5120.0,5120.0,,19790,19790,P,False
P,25,260627612,0,2.0,5120.0,10240.0,,38870,38870,P,False
P,26,260627613,1,0.5,320.0,160.0,,748,748,P,False
P,26,260627613,1,1.0,320.0,320.0,,1351,1351,P,False
P,26,260627613,1,2.0,320.0,640.0,,2728,2728,P,False
P,26,260627613,1,0.5,640.0,320.0,,1351,1351,P,False
P,26,260627613,1,1.0,640.0,640.0,,2728,2728,P,False
P,26,260627613,1,2.0,640.0,1280.0,,5183,5183,P,False
P,26,260627613,1,0.5,1280.0,640.0,,2728,2728,P,False
P,26,260627613,1,1.0,1280.0,1280.0,,5183,5183,P,False
P,26,260627613,1,2.0,1280.0,2560.0,,10247,10247,P,False
P,26,260627613,1,0.5,2560.0,1280.0,,5183,5183,P,False
P,26,260627613,1,1.0,2560.0,2560.0,,10247,10247,P,False
P,26,260627613,1,2.0,2560.0,5120.0,,19755,19755,P,False
P,26,260627613,1,0.5,5120.0,2560.0,,10247,10247,P,False
P,26,260627613,1,1.0,5120.0,5120.0,,19755,19755,P,False
P,26,260627613,1,2.0,5120.0,10240.0,,39294,39294,P,False
P,27,260627614,2,0.5,320.0,160.0,,779,779,P,False
P,27,260627614,2,1.0,320.0,320.0,,1463,1463,P,False
P,27,260627614,2,2.0,320.0,640.0,,2754,2754,P,False
P,27,260627614,2,0.5,640.0,320.0,,1463,1463,P,False
P,27,260627614,2,1.0,640.0,640.0,,2754,2754,P,False
P,27,260627614,2,2.0,640.0,1280.0,,5331,5331,P,False
P,27,260627614,2,0.5,1280.0,640.0,,2754,2754,P,False
P,27,260627614,2,1.0,1280.0,1280.0,,5331,5331,P,False
P,27,260627614,2,2.0,1280.0,2560.0,,10228,10228,P,False
P,27,260627614,2,0.5,2560.0,1280.0,,5331,5331,P,False
P,27,260627614,2,1.0,2560.0,2560.0,,10228,10228,P,False
P,27,260627614,2,2.0,2560.0,5120.0,,19991,19991,P,False
P,27,260627614,2,0.5,5120.0,2560.0,,10228,10228,P,False
P,27,260627614,2,1.0,5120.0,5120.0,,19991,19991,P,False
P,27,260627614,2,2.0,5120.0,10240.0,,39171,39171,P,False
P,28,260627615,3,0.5,320.0,160.0,,700,700,P,False
P,28,260627615,3,1.0,320.0,320.0,,1351,1351,P,False
P,28,260627615,3,2.0,320.0,640.0,,2653,2653,P,False
P,28,260627615,3,0.5,640.0,320.0,,1351,1351,P,False
P,28,260627615,3,1.0,640.0,640.0,,2653,2653,P,False
P,28,260627615,3,2.0,640.0,1280.0,,5108,5108,P,False
P,28,260627615,3,0.5,1280.0,640.0,,2653,2653,P,False
P,28,260627615,3,1.0,1280.0,1280.0,,5108,5108,P,False
P,28,260627615,3,2.0,1280.0,2560.0,,9981,9981,P,False
P,28,260627615,3,0.5,2560.0,1280.0,,5108,5108,P,False
P,28,260627615,3,1.0,2560.0,2560.0,,9981,9981,P,False
P,28,260627615,3,2.0,2560.0,5120.0,,19838,19838,P,False
P,28,260627615,3,0.5,5120.0,2560.0,,9981,9981,P,False
P,28,260627615,3,1.0,5120.0,5120.0,,19838,19838,P,False
P,28,260627615,3,2.0,5120.0,10240.0,,39542,39542,P,False
P,29,260627616,4,0.5,320.0,160.0,,835,835,P,False
P,29,260627616,4,1.0,320.0,320.0,,1453,1453,P,False
P,29,260627616,4,2.0,320.0,640.0,,2698,2698,P,False
P,29,260627616,4,0.5,640.0,320.0,,1453,1453,P,False
P,29,260627616,4,1.0,640.0,640.0,,2698,2698,P,False
P,29,260627616,4,2.0,640.0,1280.0,,5216,5216,P,False
P,29,260627616,4,0.5,1280.0,640.0,,2698,2698,P,False
P,29,260627616,4,1.0,1280.0,1280.0,,5216,5216,P,False
P,29,260627616,4,2.0,1280.0,2560.0,,10350,10350,P,False
P,29,260627616,4,0.5,2560.0,1280.0,,5216,5216,P,False
P,29,260627616,4,1.0,2560.0,2560.0,,10350,10350,P,False
P,29,260627616,4,2.0,2560.0,5120.0,,20222,20222,P,False
P,29,260627616,4,0.5,5120.0,2560.0,,10350,10350,P,False
P,29,260627616,4,1.0,5120.0,5120.0,,20222,20222,P,False
P,29,260627616,4,2.0,5120.0,10240.0,,39540,39540,P,False
P,30,260627617,0,0.5,320.0,160.0,,856,856,P,False
P,30,260627617,0,1.0,320.0,320.0,,1427,1427,P,False
P,30,260627617,0,2.0,320.0,640.0,,2694,2694,P,False
P,30,260627617,0,0.5,640.0,320.0,,1427,1427,P,False
P,30,260627617,0,1.0,640.0,640.0,,2694,2694,P,False
P,30,260627617,0,2.0,640.0,1280.0,,5242,5242,P,False
P,30,260627617,0,0.5,1280.0,640.0,,2694,2694,P,False
P,30,260627617,0,1.0,1280.0,1280.0,,5242,5242,P,False
P,30,260627617,0,2.0,1280.0,2560.0,,10194,10194,P,False
P,30,260627617,0,0.5,2560.0,1280.0,,5242,5242,P,False
P,30,260627617,0,1.0,2560.0,2560.0,,10194,10194,P,False
P,30,260627617,0,2.0,2560.0,5120.0,,20100,20100,P,False
P,30,260627617,0,0.5,5120.0,2560.0,,10194,10194,P,False
P,30,260627617,0,1.0,5120.0,5120.0,,20100,20100,P,False
P,30,260627617,0,2.0,5120.0,10240.0,,39740,39740,P,False
P,31,260627618,1,0.5,320.0,160.0,,781,781,P,False
P,31,260627618,1,1.0,320.0,320.0,,1398,1398,P,False
P,31,260627618,1,2.0,320.0,640.0,,2715,2715,P,False
P,31,260627618,1,0.5,640.0,320.0,,1398,1398,P,False
P,31,260627618,1,1.0,640.0,640.0,,2715,2715,P,False
P,31,260627618,1,2.0,640.0,1280.0,,5086,5086,P,False
P,31,260627618,1,0.5,1280.0,640.0,,2715,2715,P,False
P,31,260627618,1,1.0,1280.0,1280.0,,5086,5086,P,False
P,31,260627618,1,2.0,1280.0,2560.0,,10000,10000,P,False
P,31,260627618,1,0.5,2560.0,1280.0,,5086,5086,P,False
P,31,260627618,1,1.0,2560.0,2560.0,,10000,10000,P,False
P,31,260627618,1,2.0,2560.0,5120.0,,19575,19575,P,False
P,31,260627618,1,0.5,5120.0,2560.0,,10000,10000,P,False
P,31,260627618,1,1.0,5120.0,5120.0,,19575,19575,P,False
P,31,260627618,1,2.0,5120.0,10240.0,,38960,38960,P,False
P,32,260627619,2,0.5,320.0,160.0,,728,728,P,False
P,32,260627619,2,1.0,320.0,320.0,,1442,1442,P,False
P,32,260627619,2,2.0,320.0,640.0,,2648,2648,P,False
P,32,260627619,2,0.5,640.0,320.0,,1442,1442,P,False
P,32,260627619,2,1.0,640.0,640.0,,2648,2648,P,False
P,32,260627619,2,2.0,640.0,1280.0,,5252,5252,P,False
P,32,260627619,2,0.5,1280.0,640.0,,2648,2648,P,False
P,32,260627619,2,1.0,1280.0,1280.0,,5252,5252,P,False
P,32,260627619,2,2.0,1280.0,2560.0,,10166,10166,P,False
P,32,260627619,2,0.5,2560.0,1280.0,,5252,5252,P,False
P,32,260627619,2,1.0,2560.0,2560.0,,10166,10166,P,False
P,32,260627619,2,2.0,2560.0,5120.0,,19930,19930,P,False
P,32,260627619,2,0.5,5120.0,2560.0,,10166,10166,P,False
P,32,260627619,2,1.0,5120.0,5120.0,,19930,19930,P,False
P,32,260627619,2,2.0,5120.0,10240.0,,39307,39307,P,False
P,33,260627620,3,0.5,320.0,160.0,,774,774,P,False
P,33,260627620,3,1.0,320.0,320.0,,1434,1434,P,False
P,33,260627620,3,2.0,320.0,640.0,,2655,2655,P,False
P,33,260627620,3,0.5,640.0,320.0,,1434,1434,P,False
P,33,260627620,3,1.0,640.0,640.0,,2655,2655,P,False
P,33,260627620,3,2.0,640.0,1280.0,,5162,5162,P,False
P,33,260627620,3,0.5,1280.0,640.0,,2655,2655,P,False
P,33,260627620,3,1.0,1280.0,1280.0,,5162,5162,P,False
P,33,260627620,3,2.0,1280.0,2560.0,,9860,9860,P,False
P,33,260627620,3,0.5,2560.0,1280.0,,5162,5162,P,False
P,33,260627620,3,1.0,2560.0,2560.0,,9860,9860,P,False
P,33,260627620,3,2.0,2560.0,5120.0,,19490,19490,P,False
P,33,260627620,3,0.5,5120.0,2560.0,,9860,9860,P,False
P,33,260627620,3,1.0,5120.0,5120.0,,19490,19490,P,False
P,33,260627620,3,2.0,5120.0,10240.0,,38887,38887,P,False
P,34,260627621,4,0.5,320.0,160.0,,771,771,P,False
P,34,260627621,4,1.0,320.0,320.0,,1508,1508,P,False
P,34,260627621,4,2.0,320.0,640.0,,2878,2878,P,False
P,34,260627621,4,0.5,640.0,320.0,,1508,1508,P,False
P,34,260627621,4,1.0,640.0,640.0,,2878,2878,P,False
P,34,260627621,4,2.0,640.0,1280.0,,5337,5337,P,False
P,34,260627621,4,0.5,1280.0,640.0,,2878,2878,P,False
P,34,260627621,4,1.0,1280.0,1280.0,,5337,5337,P,False
P,34,260627621,4,2.0,1280.0,2560.0,,10345,10345,P,False
P,34,260627621,4,0.5,2560.0,1280.0,,5337,5337,P,False
P,34,260627621,4,1.0,2560.0,2560.0,,10345,10345,P,False
P,34,260627621,4,2.0,2560.0,5120.0,,20093,20093,P,False
P,34,260627621,4,0.5,5120.0,2560.0,,10345,10345,P,False
P,34,260627621,4,1.0,5120.0,5120.0,,20093,20093,P,False
P,34,260627621,4,2.0,5120.0,10240.0,,39570,39570,P,False
P,35,260627622,0,0.5,320.0,160.0,,865,865,P,False
P,35,260627622,0,1.0,320.0,320.0,,1508,1508,P,False
P,35,260627622,0,2.0,320.0,640.0,,2795,2795,P,False
P,35,260627622,0,0.5,640.0,320.0,,1508,1508,P,False
P,35,260627622,0,1.0,640.0,640.0,,2795,2795,P,False
P,35,260627622,0,2.0,640.0,1280.0,,5333,5333,P,False
P,35,260627622,0,0.5,1280.0,640.0,,2795,2795,P,False
P,35,260627622,0,1.0,1280.0,1280.0,,5333,5333,P,False
P,35,260627622,0,2.0,1280.0,2560.0,,10191,10191,P,False
P,35,260627622,0,0.5,2560.0,1280.0,,5333,5333,P,False
P,35,260627622,0,1.0,2560.0,2560.0,,10191,10191,P,False
P,35,260627622,0,2.0,2560.0,5120.0,,19876,19876,P,False
P,35,260627622,0,0.5,5120.0,2560.0,,10191,10191,P,False
P,35,260627622,0,1.0,5120.0,5120.0,,19876,19876,P,False
P,35,260627622,0,2.0,5120.0,10240.0,,39026,39026,P,False
P,36,260627623,1,0.5,320.0,160.0,,757,757,P,False
P,36,260627623,1,1.0,320.0,320.0,,1464,1464,P,False
P,36,260627623,1,2.0,320.0,640.0,,2743,2743,P,False
P,36,260627623,1,0.5,640.0,320.0,,1464,1464,P,False
P,36,260627623,1,1.0,640.0,640.0,,2743,2743,P,False
P,36,260627623,1,2.0,640.0,1280.0,,5222,5222,P,False
P,36,260627623,1,0.5,1280.0,640.0,,2743,2743,P,False
P,36,260627623,1,1.0,1280.0,1280.0,,5222,5222,P,False
P,36,260627623,1,2.0,1280.0,2560.0,,10001,10001,P,False
P,36,260627623,1,0.5,2560.0,1280.0,,5222,5222,P,False
P,36,260627623,1,1.0,2560.0,2560.0,,10001,10001,P,False
P,36,260627623,1,2.0,2560.0,5120.0,,19708,19708,P,False
P,36,260627623,1,0.5,5120.0,2560.0,,10001,10001,P,False
P,36,260627623,1,1.0,5120.0,5120.0,,19708,19708,P,False
P,36,260627623,1,2.0,5120.0,10240.0,,38971,38971,P,False
P,37,260627624,2,0.5,320.0,160.0,,744,744,P,False
P,37,260627624,2,1.0,320.0,320.0,,1321,1321,P,False
P,37,260627624,2,2.0,320.0,640.0,,2711,2711,P,False
P,37,260627624,2,0.5,640.0,320.0,,1321,1321,P,False
P,37,260627624,2,1.0,640.0,640.0,,2711,2711,P,False
P,37,260627624,2,2.0,640.0,1280.0,,5156,5156,P,False
P,37,260627624,2,0.5,1280.0,640.0,,2711,2711,P,False
P,37,260627624,2,1.0,1280.0,1280.0,,5156,5156,P,False
P,37,260627624,2,2.0,1280.0,2560.0,,10032,10032,P,False
P,37,260627624,2,0.5,2560.0,1280.0,,5156,5156,P,False
P,37,260627624,2,1.0,2560.0,2560.0,,10032,10032,P,False
P,37,260627624,2,2.0,2560.0,5120.0,,19780,19780,P,False
P,37,260627624,2,0.5,5120.0,2560.0,,10032,10032,P,False
P,37,260627624,2,1.0,5120.0,5120.0,,19780,19780,P,False
P,37,260627624,2,2.0,5120.0,10240.0,,39374,39374,P,False
P,38,260627625,3,0.5,320.0,160.0,,748,748,P,False
P,38,260627625,3,1.0,320.0,320.0,,1340,1340,P,False
P,38,260627625,3,2.0,320.0,640.0,,2593,2593,P,False
P,38,260627625,3,0.5,640.0,320.0,,1340,1340,P,False
P,38,260627625,3,1.0,640.0,640.0,,2593,2593,P,False
P,38,260627625,3,2.0,640.0,1280.0,,5071,5071,P,False
P,38,260627625,3,0.5,1280.0,640.0,,2593,2593,P,False
P,38,260627625,3,1.0,1280.0,1280.0,,5071,5071,P,False
P,38,260627625,3,2.0,1280.0,2560.0,,10071,10071,P,False
P,38,260627625,3,0.5,2560.0,1280.0,,5071,5071,P,False
P,38,260627625,3,1.0,2560.0,2560.0,,10071,10071,P,False
P,38,260627625,3,2.0,2560.0,5120.0,,19611,19611,P,False
P,38,260627625,3,0.5,5120.0,2560.0,,10071,10071,P,False
P,38,260627625,3,1.0,5120.0,5120.0,,19611,19611,P,False
P,38,260627625,3,2.0,5120.0,10240.0,,39107,39107,P,False
P,39,260627626,4,0.5,320.0,160.0,,751,751,P,False
P,39,260627626,4,1.0,320.0,320.0,,1296,1296,P,False
P,39,260627626,4,2.0,320.0,640.0,,2464,2464,P,False
P,39,260627626,4,0.5,640.0,320.0,,1296,1296,P,False
P,39,260627626,4,1.0,640.0,640.0,,2464,2464,P,False
P,39,260627626,4,2.0,640.0,1280.0,,4965,4965,P,False
P,39,260627626,4,0.5,1280.0,640.0,,2464,2464,P,False
P,39,260627626,4,1.0,1280.0,1280.0,,4965,4965,P,False
P,39,260627626,4,2.0,1280.0,2560.0,,9798,9798,P,False
P,39,260627626,4,0.5,2560.0,1280.0,,4965,4965,P,False
P,39,260627626,4,1.0,2560.0,2560.0,,9798,9798,P,False
P,39,260627626,4,2.0,2560.0,5120.0,,19565,19565,P,False
P,39,260627626,4,0.5,5120.0,2560.0,,9798,9798,P,False
P,39,260627626,4,1.0,5120.0,5120.0,,19565,19565,P,False
P,39,260627626,4,2.0,5120.0,10240.0,,39015,39015,P,False
P,40,260627627,0,0.5,320.0,160.0,,702,702,P,False
P,40,260627627,0,1.0,320.0,320.0,,1375,1375,P,False
P,40,260627627,0,2.0,320.0,640.0,,2532,2532,P,False
P,40,260627627,0,0.5,640.0,320.0,,1375,1375,P,False
P,40,260627627,0,1.0,640.0,640.0,,2532,2532,P,False
P,40,260627627,0,2.0,640.0,1280.0,,5031,5031,P,False
P,40,260627627,0,0.5,1280.0,640.0,,2532,2532,P,False
P,40,260627627,0,1.0,1280.0,1280.0,,5031,5031,P,False
P,40,260627627,0,2.0,1280.0,2560.0,,10011,10011,P,False
P,40,260627627,0,0.5,2560.0,1280.0,,5031,5031,P,False
P,40,260627627,0,1.0,2560.0,2560.0,,10011,10011,P,False
P,40,260627627,0,2.0,2560.0,5120.0,,19887,19887,P,False
P,40,260627627,0,0.5,5120.0,2560.0,,10011,10011,P,False
P,40,260627627,0,1.0,5120.0,5120.0,,19887,19887,P,False
P,40,260627627,0,2.0,5120.0,10240.0,,38969,38969,P,False
P,41,260627628,1,0.5,320.0,160.0,,854,854,P,False
P,41,260627628,1,1.0,320.0,320.0,,1499,1499,P,False
P,41,260627628,1,2.0,320.0,640.0,,2802,2802,P,False
P,41,260627628,1,0.5,640.0,320.0,,1499,1499,P,False
P,41,260627628,1,1.0,640.0,640.0,,2802,2802,P,False
P,41,260627628,1,2.0,640.0,1280.0,,5221,5221,P,False
P,41,260627628,1,0.5,1280.0,640.0,,2802,2802,P,False
P,41,260627628,1,1.0,1280.0,1280.0,,5221,5221,P,False
P,41,260627628,1,2.0,1280.0,2560.0,,10248,10248,P,False
P,41,260627628,1,0.5,2560.0,1280.0,,5221,5221,P,False
P,41,260627628,1,1.0,2560.0,2560.0,,10248,10248,P,False
P,41,260627628,1,2.0,2560.0,5120.0,,20393,20393,P,False
P,41,260627628,1,0.5,5120.0,2560.0,,10248,10248,P,False
P,41,260627628,1,1.0,5120.0,5120.0,,20393,20393,P,False
P,41,260627628,1,2.0,5120.0,10240.0,,39668,39668,P,False
P,42,260627629,2,0.5,320.0,160.0,,772,772,P,False
P,42,260627629,2,1.0,320.0,320.0,,1344,1344,P,False
P,42,260627629,2,2.0,320.0,640.0,,2538,2538,P,False
P,42,260627629,2,0.5,640.0,320.0,,1344,1344,P,False
P,42,260627629,2,1.0,640.0,640.0,,2538,2538,P,False
P,42,260627629,2,2.0,640.0,1280.0,,4953,4953,P,False
P,42,260627629,2,0.5,1280.0,640.0,,2538,2538,P,False
P,42,260627629,2,1.0,1280.0,1280.0,,4953,4953,P,False
P,42,260627629,2,2.0,1280.0,2560.0,,9844,9844,P,False
P,42,260627629,2,0.5,2560.0,1280.0,,4953,4953,P,False
P,42,260627629,2,1.0,2560.0,2560.0,,9844,9844,P,False
P,42,260627629,2,2.0,2560.0,5120.0,,19739,19739,P,False
P,42,260627629,2,0.5,5120.0,2560.0,,9844,9844,P,False
P,42,260627629,2,1.0,5120.0,5120.0,,19739,19739,P,False
P,42,260627629,2,2.0,5120.0,10240.0,,39208,39208,P,False
P,43,260627630,3,0.5,320.0,160.0,,827,827,P,False
P,43,260627630,3,1.0,320.0,320.0,,1390,1390,P,False
P,43,260627630,3,2.0,320.0,640.0,,2687,2687,P,False
P,43,260627630,3,0.5,640.0,320.0,,1390,1390,P,False
P,43,260627630,3,1.0,640.0,640.0,,2687,2687,P,False
P,43,260627630,3,2.0,640.0,1280.0,,5153,5153,P,False
P,43,260627630,3,0.5,1280.0,640.0,,2687,2687,P,False
P,43,260627630,3,1.0,1280.0,1280.0,,5153,5153,P,False
P,43,260627630,3,2.0,1280.0,2560.0,,10080,10080,P,False
P,43,260627630,3,0.5,2560.0,1280.0,,5153,5153,P,False
P,43,260627630,3,1.0,2560.0,2560.0,,10080,10080,P,False
P,43,260627630,3,2.0,2560.0,5120.0,,19771,19771,P,False
P,43,260627630,3,0.5,5120.0,2560.0,,10080,10080,P,False
P,43,260627630,3,1.0,5120.0,5120.0,,19771,19771,P,False
P,43,260627630,3,2.0,5120.0,10240.0,,39575,39575,P,False
P,44,260627631,4,0.5,320.0,160.0,,831,831,P,False
P,44,260627631,4,1.0,320.0,320.0,,1520,1520,P,False
P,44,260627631,4,2.0,320.0,640.0,,2773,2773,P,False
P,44,260627631,4,0.5,640.0,320.0,,1520,1520,P,False
P,44,260627631,4,1.0,640.0,640.0,,2773,2773,P,False
P,44,260627631,4,2.0,640.0,1280.0,,5144,5144,P,False
P,44,260627631,4,0.5,1280.0,640.0,,2773,2773,P,False
P,44,260627631,4,1.0,1280.0,1280.0,,5144,5144,P,False
P,44,260627631,4,2.0,1280.0,2560.0,,9801,9801,P,False
P,44,260627631,4,0.5,2560.0,1280.0,,5144,5144,P,False
P,44,260627631,4,1.0,2560.0,2560.0,,9801,9801,P,False
P,44,260627631,4,2.0,2560.0,5120.0,,19491,19491,P,False
P,44,260627631,4,0.5,5120.0,2560.0,,9801,9801,P,False
P,44,260627631,4,1.0,5120.0,5120.0,,19491,19491,P,False
P,44,260627631,4,2.0,5120.0,10240.0,,38750,38750,P,False
P,45,260627632,0,0.5,320.0,160.0,,859,859,P,False
P,45,260627632,0,1.0,320.0,320.0,,1595,1595,P,False
P,45,260627632,0,2.0,320.0,640.0,,2877,2877,P,False
P,45,260627632,0,0.5,640.0,320.0,,1595,1595,P,False
P,45,260627632,0,1.0,640.0,640.0,,2877,2877,P,False
P,45,260627632,0,2.0,640.0,1280.0,,5265,5265,P,False
P,45,260627632,0,0.5,1280.0,640.0,,2877,2877,P,False
P,45,260627632,0,1.0,1280.0,1280.0,,5265,5265,P,False
P,45,260627632,0,2.0,1280.0,2560.0,,10077,10077,P,False
P,45,260627632,0,0.5,2560.0,1280.0,,5265,5265,P,False
P,45,260627632,0,1.0,2560.0,2560.0,,10077,10077,P,False
P,45,260627632,0,2.0,2560.0,5120.0,,20071,20071,P,False
P,45,260627632,0,0.5,5120.0,2560.0,,10077,10077,P,False
P,45,260627632,0,1.0,5120.0,5120.0,,20071,20071,P,False
P,45,260627632,0,2.0,5120.0,10240.0,,39355,39355,P,False
P,46,260627633,1,0.5,320.0,160.0,,827,827,P,False
P,46,260627633,1,1.0,320.0,320.0,,1572,1572,P,False
P,46,260627633,1,2.0,320.0,640.0,,2785,2785,P,False
P,46,260627633,1,0.5,640.0,320.0,,1572,1572,P,False
P,46,260627633,1,1.0,640.0,640.0,,2785,2785,P,False
P,46,260627633,1,2.0,640.0,1280.0,,5237,5237,P,False
P,46,260627633,1,0.5,1280.0,640.0,,2785,2785,P,False
P,46,260627633,1,1.0,1280.0,1280.0,,5237,5237,P,False
P,46,260627633,1,2.0,1280.0,2560.0,,10008,10008,P,False
P,46,260627633,1,0.5,2560.0,1280.0,,5237,5237,P,False
P,46,260627633,1,1.0,2560.0,2560.0,,10008,10008,P,False
P,46,260627633,1,2.0,2560.0,5120.0,,19542,19542,P,False
P,46,260627633,1,0.5,5120.0,2560.0,,10008,10008,P,False
P,46,260627633,1,1.0,5120.0,5120.0,,19542,19542,P,False
P,46,260627633,1,2.0,5120.0,10240.0,,39196,39196,P,False
P,47,260627634,2,0.5,320.0,160.0,,830,830,P,False
P,47,260627634,2,1.0,320.0,320.0,,1396,1396,P,False
P,47,260627634,2,2.0,320.0,640.0,,2652,2652,P,False
P,47,260627634,2,0.5,640.0,320.0,,1396,1396,P,False
P,47,260627634,2,1.0,640.0,640.0,,2652,2652,P,False
P,47,260627634,2,2.0,640.0,1280.0,,5044,5044,P,False
P,47,260627634,2,0.5,1280.0,640.0,,2652,2652,P,False
P,47,260627634,2,1.0,1280.0,1280.0,,5044,5044,P,False
P,47,260627634,2,2.0,1280.0,2560.0,,9900,9900,P,False
P,47,260627634,2,0.5,2560.0,1280.0,,5044,5044,P,False
P,47,260627634,2,1.0,2560.0,2560.0,,9900,9900,P,False
P,47,260627634,2,2.0,2560.0,5120.0,,19907,19907,P,False
P,47,260627634,2,0.5,5120.0,2560.0,,9900,9900,P,False
P,47,260627634,2,1.0,5120.0,5120.0,,19907,19907,P,False
P,47,260627634,2,2.0,5120.0,10240.0,,39025,39025,P,False
P,48,260627635,3,0.5,320.0,160.0,,893,893,P,False
P,48,260627635,3,1.0,320.0,320.0,,1479,1479,P,False
P,48,260627635,3,2.0,320.0,640.0,,2603,2603,P,False
P,48,260627635,3,0.5,640.0,320.0,,1479,1479,P,False
P,48,260627635,3,1.0,640.0,640.0,,2603,2603,P,False
P,48,260627635,3,2.0,640.0,1280.0,,5104,5104,P,False
P,48,260627635,3,0.5,1280.0,640.0,,2603,2603,P,False
P,48,260627635,3,1.0,1280.0,1280.0,,5104,5104,P,False
P,48,260627635,3,2.0,1280.0,2560.0,,9793,9793,P,False
P,48,260627635,3,0.5,2560.0,1280.0,,5104,5104,P,False
P,48,260627635,3,1.0,2560.0,2560.0,,9793,9793,P,False
P,48,260627635,3,2.0,2560.0,5120.0,,19658,19658,P,False
P,48,260627635,3,0.5,5120.0,2560.0,,9793,9793,P,False
P,48,260627635,3,1.0,5120.0,5120.0,,19658,19658,P,False
P,48,260627635,3,2.0,5120.0,10240.0,,39072,39072,P,False
P,49,260627636,4,0.5,320.0,160.0,,836,836,P,False
P,49,260627636,4,1.0,320.0,320.0,,1456,1456,P,False
P,49,260627636,4,2.0,320.0,640.0,,2752,2752,P,False
P,49,260627636,4,0.5,640.0,320.0,,1456,1456,P,False
P,49,260627636,4,1.0,640.0,640.0,,2752,2752,P,False
P,49,260627636,4,2.0,640.0,1280.0,,5115,5115,P,False
P,49,260627636,4,0.5,1280.0,640.0,,2752,2752,P,False
P,49,260627636,4,1.0,1280.0,1280.0,,5115,5115,P,False
P,49,260627636,4,2.0,1280.0,2560.0,,9982,9982,P,False
P,49,260627636,4,0.5,2560.0,1280.0,,5115,5115,P,False
P,49,260627636,4,1.0,2560.0,2560.0,,9982,9982,P,False
P,49,260627636,4,2.0,2560.0,5120.0,,19629,19629,P,False
P,49,260627636,4,0.5,5120.0,2560.0,,9982,9982,P,False
P,49,260627636,4,1.0,5120.0,5120.0,,19629,19629,P,False
P,49,260627636,4,2.0,5120.0,10240.0,,38933,38933,P,False
P,50,260627637,0,0.5,320.0,160.0,,712,712,P,False
P,50,260627637,0,1.0,320.0,320.0,,1320,1320,P,False
P,50,260627637,0,2.0,320.0,640.0,,2592,2592,P,False
P,50,260627637,0,0.5,640.0,320.0,,1320,1320,P,False
P,50,260627637,0,1.0,640.0,640.0,,2592,2592,P,False
P,50,260627637,0,2.0,640.0,1280.0,,4942,4942,P,False
P,50,260627637,0,0.5,1280.0,640.0,,2592,2592,P,False
P,50,260627637,0,1.0,1280.0,1280.0,,4942,4942,P,False
P,50,260627637,0,2.0,1280.0,2560.0,,9948,9948,P,False
P,50,260627637,0,0.5,2560.0,1280.0,,4942,4942,P,False
P,50,260627637,0,1.0,2560.0,2560.0,,9948,9948,P,False
P,50,260627637,0,2.0,2560.0,5120.0,,19625,19625,P,False
P,50,260627637,0,0.5,5120.0,2560.0,,9948,9948,P,False
P,50,260627637,0,1.0,5120.0,5120.0,,19625,19625,P,False
P,50,260627637,0,2.0,5120.0,10240.0,,38614,38614,P,False
P,51,260627638,1,0.5,320.0,160.0,,832,832,P,False
P,51,260627638,1,1.0,320.0,320.0,,1493,1493,P,False
P,51,260627638,1,2.0,320.0,640.0,,2847,2847,P,False
P,51,260627638,1,0.5,640.0,320.0,,1493,1493,P,False
P,51,260627638,1,1.0,640.0,640.0,,2847,2847,P,False
P,51,260627638,1,2.0,640.0,1280.0,,5329,5329,P,False
P,51,260627638,1,0.5,1280.0,640.0,,2847,2847,P,False
P,51,260627638,1,1.0,1280.0,1280.0,,5329,5329,P,False
P,51,260627638,1,2.0,1280.0,2560.0,,10053,10053,P,False
P,51,260627638,1,0.5,2560.0,1280.0,,5329,5329,P,False
P,51,260627638,1,1.0,2560.0,2560.0,,10053,10053,P,False
P,51,260627638,1,2.0,2560.0,5120.0,,19688,19688,P,False
P,51,260627638,1,0.5,5120.0,2560.0,,10053,10053,P,False
P,51,260627638,1,1.0,5120.0,5120.0,,19688,19688,P,False
P,51,260627638,1,2.0,5120.0,10240.0,,39329,39329,P,False
P,52,260627639,2,0.5,320.0,160.0,,792,792,P,False
P,52,260627639,2,1.0,320.0,320.0,,1437,1437,P,False
P,52,260627639,2,2.0,320.0,640.0,,2655,2655,P,False
P,52,260627639,2,0.5,640.0,320.0,,1437,1437,P,False
P,52,260627639,2,1.0,640.0,640.0,,2655,2655,P,False
P,52,260627639,2,2.0,640.0,1280.0,,4934,4934,P,False
P,52,260627639,2,0.5,1280.0,640.0,,2655,2655,P,False
P,52,260627639,2,1.0,1280.0,1280.0,,4934,4934,P,False
P,52,260627639,2,2.0,1280.0,2560.0,,9784,9784,P,False
P,52,260627639,2,0.5,2560.0,1280.0,,4934,4934,P,False
P,52,260627639,2,1.0,2560.0,2560.0,,9784,9784,P,False
P,52,260627639,2,2.0,2560.0,5120.0,,19344,19344,P,False
P,52,260627639,2,0.5,5120.0,2560.0,,9784,9784,P,False
P,52,260627639,2,1.0,5120.0,5120.0,,19344,19344,P,False
P,52,260627639,2,2.0,5120.0,10240.0,,38839,38839,P,False
P,53,260627640,3,0.5,320.0,160.0,,888,888,P,False
P,53,260627640,3,1.0,320.0,320.0,,1470,1470,P,False
P,53,260627640,3,2.0,320.0,640.0,,2644,2644,P,False
P,53,260627640,3,0.5,640.0,320.0,,1470,1470,P,False
P,53,260627640,3,1.0,640.0,640.0,,2644,2644,P,False
P,53,260627640,3,2.0,640.0,1280.0,,5295,5295,P,False
P,53,260627640,3,0.5,1280.0,640.0,,2644,2644,P,False
P,53,260627640,3,1.0,1280.0,1280.0,,5295,5295,P,False
P,53,260627640,3,2.0,1280.0,2560.0,,10433,10433,P,False
P,53,260627640,3,0.5,2560.0,1280.0,,5295,5295,P,False
P,53,260627640,3,1.0,2560.0,2560.0,,10433,10433,P,False
P,53,260627640,3,2.0,2560.0,5120.0,,20203,20203,P,False
P,53,260627640,3,0.5,5120.0,2560.0,,10433,10433,P,False
P,53,260627640,3,1.0,5120.0,5120.0,,20203,20203,P,False
P,53,260627640,3,2.0,5120.0,10240.0,,39713,39713,P,False
P,54,260627641,4,0.5,320.0,160.0,,859,859,P,False
P,54,260627641,4,1.0,320.0,320.0,,1411,1411,P,False
P,54,260627641,4,2.0,320.0,640.0,,2604,2604,P,False
P,54,260627641,4,0.5,640.0,320.0,,1411,1411,P,False
P,54,260627641,4,1.0,640.0,640.0,,2604,2604,P,False
P,54,260627641,4,2.0,640.0,1280.0,,5141,5141,P,False
P,54,260627641,4,0.5,1280.0,640.0,,2604,2604,P,False
P,54,260627641,4,1.0,1280.0,1280.0,,5141,5141,P,False
P,54,260627641,4,2.0,1280.0,2560.0,,10042,10042,P,False
P,54,260627641,4,0.5,2560.0,1280.0,,5141,5141,P,False
P,54,260627641,4,1.0,2560.0,2560.0,,10042,10042,P,False
P,54,260627641,4,2.0,2560.0,5120.0,,19585,19585,P,False
P,54,260627641,4,0.5,5120.0,2560.0,,10042,10042,P,False
P,54,260627641,4,1.0,5120.0,5120.0,,19585,19585,P,False
P,54,260627641,4,2.0,5120.0,10240.0,,38933,38933,P,False
P,55,260627642,0,0.5,320.0,160.0,,808,808,P,False
P,55,260627642,0,1.0,320.0,320.0,,1432,1432,P,False
P,55,260627642,0,2.0,320.0,640.0,,2734,2734,P,False
P,55,260627642,0,0.5,640.0,320.0,,1432,1432,P,False
P,55,260627642,0,1.0,640.0,640.0,,2734,2734,P,False
P,55,260627642,0,2.0,640.0,1280.0,,5212,5212,P,False
P,55,260627642,0,0.5,1280.0,640.0,,2734,2734,P,False
P,55,260627642,0,1.0,1280.0,1280.0,,5212,5212,P,False
P,55,260627642,0,2.0,1280.0,2560.0,,10086,10086,P,False
P,55,260627642,0,0.5,2560.0,1280.0,,5212,5212,P,False
P,55,260627642,0,1.0,2560.0,2560.0,,10086,10086,P,False
P,55,260627642,0,2.0,2560.0,5120.0,,20067,20067,P,False
P,55,260627642,0,0.5,5120.0,2560.0,,10086,10086,P,False
P,55,260627642,0,1.0,5120.0,5120.0,,20067,20067,P,False
P,55,260627642,0,2.0,5120.0,10240.0,,39531,39531,P,False
P,56,260627643,1,0.5,320.0,160.0,,865,865,P,False
P,56,260627643,1,1.0,320.0,320.0,,1476,1476,P,False
P,56,260627643,1,2.0,320.0,640.0,,2716,2716,P,False
P,56,260627643,1,0.5,640.0,320.0,,1476,1476,P,False
P,56,260627643,1,1.0,640.0,640.0,,2716,2716,P,False
P,56,260627643,1,2.0,640.0,1280.0,,5276,5276,P,False
P,56,260627643,1,0.5,1280.0,640.0,,2716,2716,P,False
P,56,260627643,1,1.0,1280.0,1280.0,,5276,5276,P,False
P,56,260627643,1,2.0,1280.0,2560.0,,10107,10107,P,False
P,56,260627643,1,0.5,2560.0,1280.0,,5276,5276,P,False
P,56,260627643,1,1.0,2560.0,2560.0,,10107,10107,P,False
P,56,260627643,1,2.0,2560.0,5120.0,,19646,19646,P,False
P,56,260627643,1,0.5,5120.0,2560.0,,10107,10107,P,False
P,56,260627643,1,1.0,5120.0,5120.0,,19646,19646,P,False
P,56,260627643,1,2.0,5120.0,10240.0,,39162,39162,P,False
P,57,260627644,2,0.5,320.0,160.0,,750,750,P,False
P,57,260627644,2,1.0,320.0,320.0,,1465,1465,P,False
P,57,260627644,2,2.0,320.0,640.0,,2719,2719,P,False
P,57,260627644,2,0.5,640.0,320.0,,1465,1465,P,False
P,57,260627644,2,1.0,640.0,640.0,,2719,2719,P,False
P,57,260627644,2,2.0,640.0,1280.0,,4986,4986,P,False
P,57,260627644,2,0.5,1280.0,640.0,,2719,2719,P,False
P,57,260627644,2,1.0,1280.0,1280.0,,4986,4986,P,False
P,57,260627644,2,2.0,1280.0,2560.0,,9975,9975,P,False
P,57,260627644,2,0.5,2560.0,1280.0,,4986,4986,P,False
P,57,260627644,2,1.0,2560.0,2560.0,,9975,9975,P,False
P,57,260627644,2,2.0,2560.0,5120.0,,19562,19562,P,False
P,57,260627644,2,0.5,5120.0,2560.0,,9975,9975,P,False
P,57,260627644,2,1.0,5120.0,5120.0,,19562,19562,P,False
P,57,260627644,2,2.0,5120.0,10240.0,,38611,38611,P,False
P,58,260627645,3,0.5,320.0,160.0,,742,742,P,False
P,58,260627645,3,1.0,320.0,320.0,,1331,1331,P,False
P,58,260627645,3,2.0,320.0,640.0,,2526,2526,P,False
P,58,260627645,3,0.5,640.0,320.0,,1331,1331,P,False
P,58,260627645,3,1.0,640.0,640.0,,2526,2526,P,False
P,58,260627645,3,2.0,640.0,1280.0,,5098,5098,P,False
P,58,260627645,3,0.5,1280.0,640.0,,2526,2526,P,False
P,58,260627645,3,1.0,1280.0,1280.0,,5098,5098,P,False
P,58,260627645,3,2.0,1280.0,2560.0,,9958,9958,P,False
P,58,260627645,3,0.5,2560.0,1280.0,,5098,5098,P,False
P,58,260627645,3,1.0,2560.0,2560.0,,9958,9958,P,False
P,58,260627645,3,2.0,2560.0,5120.0,,19401,19401,P,False
P,58,260627645,3,0.5,5120.0,2560.0,,9958,9958,P,False
P,58,260627645,3,1.0,5120.0,5120.0,,19401,19401,P,False
P,58,260627645,3,2.0,5120.0,10240.0,,38653,38653,P,False
P,59,260627646,4,0.5,320.0,160.0,,792,792,P,False
P,59,260627646,4,1.0,320.0,320.0,,1436,1436,P,False
P,59,260627646,4,2.0,320.0,640.0,,2783,2783,P,False
P,59,260627646,4,0.5,640.0,320.0,,1436,1436,P,False
P,59,260627646,4,1.0,640.0,640.0,,2783,2783,P,False
P,59,260627646,4,2.0,640.0,1280.0,,5145,5145,P,False
P,59,260627646,4,0.5,1280.0,640.0,,2783,2783,P,False
P,59,260627646,4,1.0,1280.0,1280.0,,5145,5145,P,False
P,59,260627646,4,2.0,1280.0,2560.0,,10043,10043,P,False
P,59,260627646,4,0.5,2560.0,1280.0,,5145,5145,P,False
P,59,260627646,4,1.0,2560.0,2560.0,,10043,10043,P,False
P,59,260627646,4,2.0,2560.0,5120.0,,19558,19558,P,False
P,59,260627646,4,0.5,5120.0,2560.0,,10043,10043,P,False
P,59,260627646,4,1.0,5120.0,5120.0,,19558,19558,P,False
P,59,260627646,4,2.0,5120.0,10240.0,,38910,38910,P,False
P,60,260627647,0,0.5,320.0,160.0,,857,857,P,False
P,60,260627647,0,1.0,320.0,320.0,,1454,1454,P,False
P,60,260627647,0,2.0,320.0,640.0,,2664,2664,P,False
P,60,260627647,0,0.5,640.0,320.0,,1454,1454,P,False
P,60,260627647,0,1.0,640.0,640.0,,2664,2664,P,False
P,60,260627647,0,2.0,640.0,1280.0,,5117,5117,P,False
P,60,260627647,0,0.5,1280.0,640.0,,2664,2664,P,False
P,60,260627647,0,1.0,1280.0,1280.0,,5117,5117,P,False
P,60,260627647,0,2.0,1280.0,2560.0,,9864,9864,P,False
P,60,260627647,0,0.5,2560.0,1280.0,,5117,5117,P,False
P,60,260627647,0,1.0,2560.0,2560.0,,9864,9864,P,False
P,60,260627647,0,2.0,2560.0,5120.0,,19427,19427,P,False
P,60,260627647,0,0.5,5120.0,2560.0,,9864,9864,P,False
P,60,260627647,0,1.0,5120.0,5120.0,,19427,19427,P,False
P,60,260627647,0,2.0,5120.0,10240.0,,38872,38872,P,False
P,61,260627648,1,0.5,320.0,160.0,,785,785,P,False
P,61,260627648,1,1.0,320.0,320.0,,1500,1500,P,False
P,61,260627648,1,2.0,320.0,640.0,,2733,2733,P,False
P,61,260627648,1,0.5,640.0,320.0,,1500,1500,P,False
P,61,260627648,1,1.0,640.0,640.0,,2733,2733,P,False
P,61,260627648,1,2.0,640.0,1280.0,,5214,5214,P,False
P,61,260627648,1,0.5,1280.0,640.0,,2733,2733,P,False
P,61,260627648,1,1.0,1280.0,1280.0,,5214,5214,P,False
P,61,260627648,1,2.0,1280.0,2560.0,,9917,9917,P,False
P,61,260627648,1,0.5,2560.0,1280.0,,5214,5214,P,False
P,61,260627648,1,1.0,2560.0,2560.0,,9917,9917,P,False
P,61,260627648,1,2.0,2560.0,5120.0,,19541,19541,P,False
P,61,260627648,1,0.5,5120.0,2560.0,,9917,9917,P,False
P,61,260627648,1,1.0,5120.0,5120.0,,19541,19541,P,False
P,61,260627648,1,2.0,5120.0,10240.0,,39101,39101,P,False
P,62,260627649,2,0.5,320.0,160.0,,711,711,P,False
P,62,260627649,2,1.0,320.0,320.0,,1381,1381,P,False
P,62,260627649,2,2.0,320.0,640.0,,2614,2614,P,False
P,62,260627649,2,0.5,640.0,320.0,,1381,1381,P,False
P,62,260627649,2,1.0,640.0,640.0,,2614,2614,P,False
P,62,260627649,2,2.0,640.0,1280.0,,5161,5161,P,False
P,62,260627649,2,0.5,1280.0,640.0,,2614,2614,P,False
P,62,260627649,2,1.0,1280.0,1280.0,,5161,5161,P,False
P,62,260627649,2,2.0,1280.0,2560.0,,9929,9929,P,False
P,62,260627649,2,0.5,2560.0,1280.0,,5161,5161,P,False
P,62,260627649,2,1.0,2560.0,2560.0,,9929,9929,P,False
P,62,260627649,2,2.0,2560.0,5120.0,,19761,19761,P,False
P,62,260627649,2,0.5,5120.0,2560.0,,9929,9929,P,False
P,62,260627649,2,1.0,5120.0,5120.0,,19761,19761,P,False
P,62,260627649,2,2.0,5120.0,10240.0,,38860,38860,P,False
P,63,260627650,3,0.5,320.0,160.0,,809,809,P,False
P,63,260627650,3,1.0,320.0,320.0,,1527,1527,P,False
P,63,260627650,3,2.0,320.0,640.0,,2780,2780,P,False
P,63,260627650,3,0.5,640.0,320.0,,1527,1527,P,False
P,63,260627650,3,1.0,640.0,640.0,,2780,2780,P,False
P,63,260627650,3,2.0,640.0,1280.0,,5196,5196,P,False
P,63,260627650,3,0.5,1280.0,640.0,,2780,2780,P,False
P,63,260627650,3,1.0,1280.0,1280.0,,5196,5196,P,False
P,63,260627650,3,2.0,1280.0,2560.0,,9864,9864,P,False
P,63,260627650,3,0.5,2560.0,1280.0,,5196,5196,P,False
P,63,260627650,3,1.0,2560.0,2560.0,,9864,9864,P,False
P,63,260627650,3,2.0,2560.0,5120.0,,19392,19392,P,False
P,63,260627650,3,0.5,5120.0,2560.0,,9864,9864,P,False
P,63,260627650,3,1.0,5120.0,5120.0,,19392,19392,P,False
P,63,260627650,3,2.0,5120.0,10240.0,,38343,38343,P,False
P,64,260627651,4,0.5,320.0,160.0,,837,837,P,False
P,64,260627651,4,1.0,320.0,320.0,,1482,1482,P,False
P,64,260627651,4,2.0,320.0,640.0,,2690,2690,P,False
P,64,260627651,4,0.5,640.0,320.0,,1482,1482,P,False
P,64,260627651,4,1.0,640.0,640.0,,2690,2690,P,False
P,64,260627651,4,2.0,640.0,1280.0,,5149,5149,P,False
P,64,260627651,4,0.5,1280.0,640.0,,2690,2690,P,False
P,64,260627651,4,1.0,1280.0,1280.0,,5149,5149,P,False
P,64,260627651,4,2.0,1280.0,2560.0,,10003,10003,P,False
P,64,260627651,4,0.5,2560.0,1280.0,,5149,5149,P,False
P,64,260627651,4,1.0,2560.0,2560.0,,10003,10003,P,False
P,64,260627651,4,2.0,2560.0,5120.0,,19725,19725,P,False
P,64,260627651,4,0.5,5120.0,2560.0,,10003,10003,P,False
P,64,260627651,4,1.0,5120.0,5120.0,,19725,19725,P,False
P,64,260627651,4,2.0,5120.0,10240.0,,39063,39063,P,False
P,65,260627652,0,0.5,320.0,160.0,,793,793,P,False
P,65,260627652,0,1.0,320.0,320.0,,1444,1444,P,False
P,65,260627652,0,2.0,320.0,640.0,,2617,2617,P,False
P,65,260627652,0,0.5,640.0,320.0,,1444,1444,P,False
P,65,260627652,0,1.0,640.0,640.0,,2617,2617,P,False
P,65,260627652,0,2.0,640.0,1280.0,,5027,5027,P,False
P,65,260627652,0,0.5,1280.0,640.0,,2617,2617,P,False
P,65,260627652,0,1.0,1280.0,1280.0,,5027,5027,P,False
P,65,260627652,0,2.0,1280.0,2560.0,,10000,10000,P,False
P,65,260627652,0,0.5,2560.0,1280.0,,5027,5027,P,False
P,65,260627652,0,1.0,2560.0,2560.0,,10000,10000,P,False
P,65,260627652,0,2.0,2560.0,5120.0,,19554,19554,P,False
P,65,260627652,0,0.5,5120.0,2560.0,,10000,10000,P,False
P,65,260627652,0,1.0,5120.0,5120.0,,19554,19554,P,False
P,65,260627652,0,2.0,5120.0,10240.0,,39188,39188,P,False
P,66,260627653,1,0.5,320.0,160.0,,779,779,P,False
P,66,260627653,1,1.0,320.0,320.0,,1379,1379,P,False
P,66,260627653,1,2.0,320.0,640.0,,2694,2694,P,False
P,66,260627653,1,0.5,640.0,320.0,,1379,1379,P,False
P,66,260627653,1,1.0,640.0,640.0,,2694,2694,P,False
P,66,260627653,1,2.0,640.0,1280.0,,5128,5128,P,False
P,66,260627653,1,0.5,1280.0,640.0,,2694,2694,P,False
P,66,260627653,1,1.0,1280.0,1280.0,,5128,5128,P,False
P,66,260627653,1,2.0,1280.0,2560.0,,9949,9949,P,False
P,66,260627653,1,0.5,2560.0,1280.0,,5128,5128,P,False
P,66,260627653,1,1.0,2560.0,2560.0,,9949,9949,P,False
P,66,260627653,1,2.0,2560.0,5120.0,,19459,19459,P,False
P,66,260627653,1,0.5,5120.0,2560.0,,9949,9949,P,False
P,66,260627653,1,1.0,5120.0,5120.0,,19459,19459,P,False
P,66,260627653,1,2.0,5120.0,10240.0,,38951,38951,P,False
P,67,260627654,2,0.5,320.0,160.0,,786,786,P,False
P,67,260627654,2,1.0,320.0,320.0,,1445,1445,P,False
P,67,260627654,2,2.0,320.0,640.0,,2641,2641,P,False
P,67,260627654,2,0.5,640.0,320.0,,1445,1445,P,False
P,67,260627654,2,1.0,640.0,640.0,,2641,2641,P,False
P,67,260627654,2,2.0,640.0,1280.0,,5137,5137,P,False
P,67,260627654,2,0.5,1280.0,640.0,,2641,2641,P,False
P,67,260627654,2,1.0,1280.0,1280.0,,5137,5137,P,False
P,67,260627654,2,2.0,1280.0,2560.0,,9933,9933,P,False
P,67,260627654,2,0.5,2560.0,1280.0,,5137,5137,P,False
P,67,260627654,2,1.0,2560.0,2560.0,,9933,9933,P,False
P,67,260627654,2,2.0,2560.0,5120.0,,19534,19534,P,False
P,67,260627654,2,0.5,5120.0,2560.0,,9933,9933,P,False
P,67,260627654,2,1.0,5120.0,5120.0,,19534,19534,P,False
P,67,260627654,2,2.0,5120.0,10240.0,,38996,38996,P,False
P,68,260627655,3,0.5,320.0,160.0,,855,855,P,False
P,68,260627655,3,1.0,320.0,320.0,,1518,1518,P,False
P,68,260627655,3,2.0,320.0,640.0,,2761,2761,P,False
P,68,260627655,3,0.5,640.0,320.0,,1518,1518,P,False
P,68,260627655,3,1.0,640.0,640.0,,2761,2761,P,False
P,68,260627655,3,2.0,640.0,1280.0,,5349,5349,P,False
P,68,260627655,3,0.5,1280.0,640.0,,2761,2761,P,False
P,68,260627655,3,1.0,1280.0,1280.0,,5349,5349,P,False
P,68,260627655,3,2.0,1280.0,2560.0,,10125,10125,P,False
P,68,260627655,3,0.5,2560.0,1280.0,,5349,5349,P,False
P,68,260627655,3,1.0,2560.0,2560.0,,10125,10125,P,False
P,68,260627655,3,2.0,2560.0,5120.0,,19763,19763,P,False
P,68,260627655,3,0.5,5120.0,2560.0,,10125,10125,P,False
P,68,260627655,3,1.0,5120.0,5120.0,,19763,19763,P,False
P,68,260627655,3,2.0,5120.0,10240.0,,39070,39070,P,False
P,69,260627656,4,0.5,320.0,160.0,,770,770,P,False
P,69,260627656,4,1.0,320.0,320.0,,1440,1440,P,False
P,69,260627656,4,2.0,320.0,640.0,,2656,2656,P,False
P,69,260627656,4,0.5,640.0,320.0,,1440,1440,P,False
P,69,260627656,4,1.0,640.0,640.0,,2656,2656,P,False
P,69,260627656,4,2.0,640.0,1280.0,,5115,5115,P,False
P,69,260627656,4,0.5,1280.0,640.0,,2656,2656,P,False
P,69,260627656,4,1.0,1280.0,1280.0,,5115,5115,P,False
P,69,260627656,4,2.0,1280.0,2560.0,,10061,10061,P,False
P,69,260627656,4,0.5,2560.0,1280.0,,5115,5115,P,False
P,69,260627656,4,1.0,2560.0,2560.0,,10061,10061,P,False
P,69,260627656,4,2.0,2560.0,5120.0,,19771,19771,P,False
P,69,260627656,4,0.5,5120.0,2560.0,,10061,10061,P,False
P,69,260627656,4,1.0,5120.0,5120.0,,19771,19771,P,False
P,69,260627656,4,2.0,5120.0,10240.0,,39558,39558,P,False
P,70,260627657,0,0.5,320.0,160.0,,833,833,P,False
P,70,260627657,0,1.0,320.0,320.0,,1509,1509,P,False
P,70,260627657,0,2.0,320.0,640.0,,2681,2681,P,False
P,70,260627657,0,0.5,640.0,320.0,,1509,1509,P,False
P,70,260627657,0,1.0,640.0,640.0,,2681,2681,P,False
P,70,260627657,0,2.0,640.0,1280.0,,5258,5258,P,False
P,70,260627657,0,0.5,1280.0,640.0,,2681,2681,P,False
P,70,260627657,0,1.0,1280.0,1280.0,,5258,5258,P,False
P,70,260627657,0,2.0,1280.0,2560.0,,10181,10181,P,False
P,70,260627657,0,0.5,2560.0,1280.0,,5258,5258,P,False
P,70,260627657,0,1.0,2560.0,2560.0,,10181,10181,P,False
P,70,260627657,0,2.0,2560.0,5120.0,,20060,20060,P,False
P,70,260627657,0,0.5,5120.0,2560.0,,10181,10181,P,False
P,70,260627657,0,1.0,5120.0,5120.0,,20060,20060,P,False
P,70,260627657,0,2.0,5120.0,10240.0,,39390,39390,P,False
P,71,260627658,1,0.5,320.0,160.0,,902,902,P,False
P,71,260627658,1,1.0,320.0,320.0,,1535,1535,P,False
P,71,260627658,1,2.0,320.0,640.0,,2736,2736,P,False
P,71,260627658,1,0.5,640.0,320.0,,1535,1535,P,False
P,71,260627658,1,1.0,640.0,640.0,,2736,2736,P,False
P,71,260627658,1,2.0,640.0,1280.0,,5231,5231,P,False
P,71,260627658,1,0.5,1280.0,640.0,,2736,2736,P,False
P,71,260627658,1,1.0,1280.0,1280.0,,5231,5231,P,False
P,71,260627658,1,2.0,1280.0,2560.0,,10082,10082,P,False
P,71,260627658,1,0.5,2560.0,1280.0,,5231,5231,P,False
P,71,260627658,1,1.0,2560.0,2560.0,,10082,10082,P,False
P,71,260627658,1,2.0,2560.0,5120.0,,19782,19782,P,False
P,71,260627658,1,0.5,5120.0,2560.0,,10082,10082,P,False
P,71,260627658,1,1.0,5120.0,5120.0,,19782,19782,P,False
P,71,260627658,1,2.0,5120.0,10240.0,,39141,39141,P,False
P,72,260627659,2,0.5,320.0,160.0,,824,824,P,False
P,72,260627659,2,1.0,320.0,320.0,,1422,1422,P,False
P,72,260627659,2,2.0,320.0,640.0,,2720,2720,P,False
P,72,260627659,2,0.5,640.0,320.0,,1422,1422,P,False
P,72,260627659,2,1.0,640.0,640.0,,2720,2720,P,False
P,72,260627659,2,2.0,640.0,1280.0,,5192,5192,P,False
P,72,260627659,2,0.5,1280.0,640.0,,2720,2720,P,False
P,72,260627659,2,1.0,1280.0,1280.0,,5192,5192,P,False
P,72,260627659,2,2.0,1280.0,2560.0,,9851,9851,P,False
P,72,260627659,2,0.5,2560.0,1280.0,,5192,5192,P,False
P,72,260627659,2,1.0,2560.0,2560.0,,9851,9851,P,False
P,72,260627659,2,2.0,2560.0,5120.0,,19594,19594,P,False
P,72,260627659,2,0.5,5120.0,2560.0,,9851,9851,P,False
P,72,260627659,2,1.0,5120.0,5120.0,,19594,19594,P,False
P,72,260627659,2,2.0,5120.0,10240.0,,38543,38543,P,False
P,73,260627660,3,0.5,320.0,160.0,,764,764,P,False
P,73,260627660,3,1.0,320.0,320.0,,1320,1320,P,False
P,73,260627660,3,2.0,320.0,640.0,,2501,2501,P,False
P,73,260627660,3,0.5,640.0,320.0,,1320,1320,P,False
P,73,260627660,3,1.0,640.0,640.0,,2501,2501,P,False
P,73,260627660,3,2.0,640.0,1280.0,,4966,4966,P,False
P,73,260627660,3,0.5,1280.0,640.0,,2501,2501,P,False
P,73,260627660,3,1.0,1280.0,1280.0,,4966,4966,P,False
P,73,260627660,3,2.0,1280.0,2560.0,,10152,10152,P,False
P,73,260627660,3,0.5,2560.0,1280.0,,4966,4966,P,False
P,73,260627660,3,1.0,2560.0,2560.0,,10152,10152,P,False
P,73,260627660,3,2.0,2560.0,5120.0,,19936,19936,P,False
P,73,260627660,3,0.5,5120.0,2560.0,,10152,10152,P,False
P,73,260627660,3,1.0,5120.0,5120.0,,19936,19936,P,False
P,73,260627660,3,2.0,5120.0,10240.0,,39338,39338,P,False
P,74,260627661,4,0.5,320.0,160.0,,794,794,P,False
P,74,260627661,4,1.0,320.0,320.0,,1457,1457,P,False
P,74,260627661,4,2.0,320.0,640.0,,2702,2702,P,False
P,74,260627661,4,0.5,640.0,320.0,,1457,1457,P,False
P,74,260627661,4,1.0,640.0,640.0,,2702,2702,P,False
P,74,260627661,4,2.0,640.0,1280.0,,5175,5175,P,False
P,74,260627661,4,0.5,1280.0,640.0,,2702,2702,P,False
P,74,260627661,4,1.0,1280.0,1280.0,,5175,5175,P,False
P,74,260627661,4,2.0,1280.0,2560.0,,10067,10067,P,False
P,74,260627661,4,0.5,2560.0,1280.0,,5175,5175,P,False
P,74,260627661,4,1.0,2560.0,2560.0,,10067,10067,P,False
P,74,260627661,4,2.0,2560.0,5120.0,,19921,19921,P,False
P,74,260627661,4,0.5,5120.0,2560.0,,10067,10067,P,False
P,74,260627661,4,1.0,5120.0,5120.0,,19921,19921,P,False
P,74,260627661,4,2.0,5120.0,10240.0,,39192,39192,P,False
P,75,260627662,0,0.5,320.0,160.0,,810,810,P,False
P,75,260627662,0,1.0,320.0,320.0,,1407,1407,P,False
P,75,260627662,0,2.0,320.0,640.0,,2652,2652,P,False
P,75,260627662,0,0.5,640.0,320.0,,1407,1407,P,False
P,75,260627662,0,1.0,640.0,640.0,,2652,2652,P,False
P,75,260627662,0,2.0,640.0,1280.0,,5044,5044,P,False
P,75,260627662,0,0.5,1280.0,640.0,,2652,2652,P,False
P,75,260627662,0,1.0,1280.0,1280.0,,5044,5044,P,False
P,75,260627662,0,2.0,1280.0,2560.0,,9862,9862,P,False
P,75,260627662,0,0.5,2560.0,1280.0,,5044,5044,P,False
P,75,260627662,0,1.0,2560.0,2560.0,,9862,9862,P,False
P,75,260627662,0,2.0,2560.0,5120.0,,19591,19591,P,False
P,75,260627662,0,0.5,5120.0,2560.0,,9862,9862,P,False
P,75,260627662,0,1.0,5120.0,5120.0,,19591,19591,P,False
P,75,260627662,0,2.0,5120.0,10240.0,,39054,39054,P,False
P,76,260627663,1,0.5,320.0,160.0,,735,735,P,False
P,76,260627663,1,1.0,320.0,320.0,,1302,1302,P,False
P,76,260627663,1,2.0,320.0,640.0,,2569,2569,P,False
P,76,260627663,1,0.5,640.0,320.0,,1302,1302,P,False
P,76,260627663,1,1.0,640.0,640.0,,2569,2569,P,False
P,76,260627663,1,2.0,640.0,1280.0,,5021,5021,P,False
P,76,260627663,1,0.5,1280.0,640.0,,2569,2569,P,False
P,76,260627663,1,1.0,1280.0,1280.0,,5021,5021,P,False
P,76,260627663,1,2.0,1280.0,2560.0,,9732,9732,P,False
P,76,260627663,1,0.5,2560.0,1280.0,,5021,5021,P,False
P,76,260627663,1,1.0,2560.0,2560.0,,9732,9732,P,False
P,76,260627663,1,2.0,2560.0,5120.0,,19558,19558,P,False
P,76,260627663,1,0.5,5120.0,2560.0,,9732,9732,P,False
P,76,260627663,1,1.0,5120.0,5120.0,,19558,19558,P,False
P,76,260627663,1,2.0,5120.0,10240.0,,39170,39170,P,False
P,77,260627664,2,0.5,320.0,160.0,,761,761,P,False
P,77,260627664,2,1.0,320.0,320.0,,1383,1383,P,False
P,77,260627664,2,2.0,320.0,640.0,,2592,2592,P,False
P,77,260627664,2,0.5,640.0,320.0,,1383,1383,P,False
P,77,260627664,2,1.0,640.0,640.0,,2592,2592,P,False
P,77,260627664,2,2.0,640.0,1280.0,,5043,5043,P,False
P,77,260627664,2,0.5,1280.0,640.0,,2592,2592,P,False
P,77,260627664,2,1.0,1280.0,1280.0,,5043,5043,P,False
P,77,260627664,2,2.0,1280.0,2560.0,,10028,10028,P,False
P,77,260627664,2,0.5,2560.0,1280.0,,5043,5043,P,False
P,77,260627664,2,1.0,2560.0,2560.0,,10028,10028,P,False
P,77,260627664,2,2.0,2560.0,5120.0,,19607,19607,P,False
P,77,260627664,2,0.5,5120.0,2560.0,,10028,10028,P,False
P,77,260627664,2,1.0,5120.0,5120.0,,19607,19607,P,False
P,77,260627664,2,2.0,5120.0,10240.0,,39271,39271,P,False
P,78,260627665,3,0.5,320.0,160.0,,773,773,P,False
P,78,260627665,3,1.0,320.0,320.0,,1413,1413,P,False
P,78,260627665,3,2.0,320.0,640.0,,2727,2727,P,False
P,78,260627665,3,0.5,640.0,320.0,,1413,1413,P,False
P,78,260627665,3,1.0,640.0,640.0,,2727,2727,P,False
P,78,260627665,3,2.0,640.0,1280.0,,5143,5143,P,False
P,78,260627665,3,0.5,1280.0,640.0,,2727,2727,P,False
P,78,260627665,3,1.0,1280.0,1280.0,,5143,5143,P,False
P,78,260627665,3,2.0,1280.0,2560.0,,9910,9910,P,False
P,78,260627665,3,0.5,2560.0,1280.0,,5143,5143,P,False
P,78,260627665,3,1.0,2560.0,2560.0,,9910,9910,P,False
P,78,260627665,3,2.0,2560.0,5120.0,,19752,19752,P,False
P,78,260627665,3,0.5,5120.0,2560.0,,9910,9910,P,False
P,78,260627665,3,1.0,5120.0,5120.0,,19752,19752,P,False
P,78,260627665,3,2.0,5120.0,10240.0,,39057,39057,P,False
P,79,260627666,4,0.5,320.0,160.0,,822,822,P,False
P,79,260627666,4,1.0,320.0,320.0,,1520,1520,P,False
P,79,260627666,4,2.0,320.0,640.0,,2809,2809,P,False
P,79,260627666,4,0.5,640.0,320.0,,1520,1520,P,False
P,79,260627666,4,1.0,640.0,640.0,,2809,2809,P,False
P,79,260627666,4,2.0,640.0,1280.0,,5277,5277,P,False
P,79,260627666,4,0.5,1280.0,640.0,,2809,2809,P,False
P,79,260627666,4,1.0,1280.0,1280.0,,5277,5277,P,False
P,79,260627666,4,2.0,1280.0,2560.0,,10248,10248,P,False
P,79,260627666,4,0.5,2560.0,1280.0,,5277,5277,P,False
P,79,260627666,4,1.0,2560.0,2560.0,,10248,10248,P,False
P,79,260627666,4,2.0,2560.0,5120.0,,19956,19956,P,False
P,79,260627666,4,0.5,5120.0,2560.0,,10248,10248,P,False
P,79,260627666,4,1.0,5120.0,5120.0,,19956,19956,P,False
P,79,260627666,4,2.0,5120.0,10240.0,,39233,39233,P,False
P,80,260627667,0,0.5,320.0,160.0,,854,854,P,False
P,80,260627667,0,1.0,320.0,320.0,,1523,1523,P,False
P,80,260627667,0,2.0,320.0,640.0,,2760,2760,P,False
P,80,260627667,0,0.5,640.0,320.0,,1523,1523,P,False
P,80,260627667,0,1.0,640.0,640.0,,2760,2760,P,False
P,80,260627667,0,2.0,640.0,1280.0,,5260,5260,P,False
P,80,260627667,0,0.5,1280.0,640.0,,2760,2760,P,False
P,80,260627667,0,1.0,1280.0,1280.0,,5260,5260,P,False
P,80,260627667,0,2.0,1280.0,2560.0,,10271,10271,P,False
P,80,260627667,0,0.5,2560.0,1280.0,,5260,5260,P,False
P,80,260627667,0,1.0,2560.0,2560.0,,10271,10271,P,False
P,80,260627667,0,2.0,2560.0,5120.0,,19774,19774,P,False
P,80,260627667,0,0.5,5120.0,2560.0,,10271,10271,P,False
P,80,260627667,0,1.0,5120.0,5120.0,,19774,19774,P,False
P,80,260627667,0,2.0,5120.0,10240.0,,39056,39056,P,False
P,81,260627668,1,0.5,320.0,160.0,,827,827,P,False
P,81,260627668,1,1.0,320.0,320.0,,1457,1457,P,False
P,81,260627668,1,2.0,320.0,640.0,,2743,2743,P,False
P,81,260627668,1,0.5,640.0,320.0,,1457,1457,P,False
P,81,260627668,1,1.0,640.0,640.0,,2743,2743,P,False
P,81,260627668,1,2.0,640.0,1280.0,,5268,5268,P,False
P,81,260627668,1,0.5,1280.0,640.0,,2743,2743,P,False
P,81,260627668,1,1.0,1280.0,1280.0,,5268,5268,P,False
P,81,260627668,1,2.0,1280.0,2560.0,,10437,10437,P,False
P,81,260627668,1,0.5,2560.0,1280.0,,5268,5268,P,False
P,81,260627668,1,1.0,2560.0,2560.0,,10437,10437,P,False
P,81,260627668,1,2.0,2560.0,5120.0,,20323,20323,P,False
P,81,260627668,1,0.5,5120.0,2560.0,,10437,10437,P,False
P,81,260627668,1,1.0,5120.0,5120.0,,20323,20323,P,False
P,81,260627668,1,2.0,5120.0,10240.0,,40003,40003,P,False
P,82,260627669,2,0.5,320.0,160.0,,775,775,P,False
P,82,260627669,2,1.0,320.0,320.0,,1398,1398,P,False
P,82,260627669,2,2.0,320.0,640.0,,2708,2708,P,False
P,82,260627669,2,0.5,640.0,320.0,,1398,1398,P,False
P,82,260627669,2,1.0,640.0,640.0,,2708,2708,P,False
P,82,260627669,2,2.0,640.0,1280.0,,5244,5244,P,False
P,82,260627669,2,0.5,1280.0,640.0,,2708,2708,P,False
P,82,260627669,2,1.0,1280.0,1280.0,,5244,5244,P,False
P,82,260627669,2,2.0,1280.0,2560.0,,10093,10093,P,False
P,82,260627669,2,0.5,2560.0,1280.0,,5244,5244,P,False
P,82,260627669,2,1.0,2560.0,2560.0,,10093,10093,P,False
P,82,260627669,2,2.0,2560.0,5120.0,,19819,19819,P,False
P,82,260627669,2,0.5,5120.0,2560.0,,10093,10093,P,False
P,82,260627669,2,1.0,5120.0,5120.0,,19819,19819,P,False
P,82,260627669,2,2.0,5120.0,10240.0,,39141,39141,P,False
P,83,260627670,3,0.5,320.0,160.0,,818,818,P,False
P,83,260627670,3,1.0,320.0,320.0,,1509,1509,P,False
P,83,260627670,3,2.0,320.0,640.0,,2880,2880,P,False
P,83,260627670,3,0.5,640.0,320.0,,1509,1509,P,False
P,83,260627670,3,1.0,640.0,640.0,,2880,2880,P,False
P,83,260627670,3,2.0,640.0,1280.0,,5277,5277,P,False
P,83,260627670,3,0.5,1280.0,640.0,,2880,2880,P,False
P,83,260627670,3,1.0,1280.0,1280.0,,5277,5277,P,False
P,83,260627670,3,2.0,1280.0,2560.0,,10156,10156,P,False
P,83,260627670,3,0.5,2560.0,1280.0,,5277,5277,P,False
P,83,260627670,3,1.0,2560.0,2560.0,,10156,10156,P,False
P,83,260627670,3,2.0,2560.0,5120.0,,20181,20181,P,False
P,83,260627670,3,0.5,5120.0,2560.0,,10156,10156,P,False
P,83,260627670,3,1.0,5120.0,5120.0,,20181,20181,P,False
P,83,260627670,3,2.0,5120.0,10240.0,,39232,39232,P,False
P,84,260627671,4,0.5,320.0,160.0,,746,746,P,False
P,84,260627671,4,1.0,320.0,320.0,,1421,1421,P,False
P,84,260627671,4,2.0,320.0,640.0,,2694,2694,P,False
P,84,260627671,4,0.5,640.0,320.0,,1421,1421,P,False
P,84,260627671,4,1.0,640.0,640.0,,2694,2694,P,False
P,84,260627671,4,2.0,640.0,1280.0,,5136,5136,P,False
P,84,260627671,4,0.5,1280.0,640.0,,2694,2694,P,False
P,84,260627671,4,1.0,1280.0,1280.0,,5136,5136,P,False
P,84,260627671,4,2.0,1280.0,2560.0,,9814,9814,P,False
P,84,260627671,4,0.5,2560.0,1280.0,,5136,5136,P,False
P,84,260627671,4,1.0,2560.0,2560.0,,9814,9814,P,False
P,84,260627671,4,2.0,2560.0,5120.0,,19628,19628,P,False
P,84,260627671,4,0.5,5120.0,2560.0,,9814,9814,P,False
P,84,260627671,4,1.0,5120.0,5120.0,,19628,19628,P,False
P,84,260627671,4,2.0,5120.0,10240.0,,39077,39077,P,False
P,85,260627672,0,0.5,320.0,160.0,,784,784,P,False
P,85,260627672,0,1.0,320.0,320.0,,1416,1416,P,False
P,85,260627672,0,2.0,320.0,640.0,,2744,2744,P,False
P,85,260627672,0,0.5,640.0,320.0,,1416,1416,P,False
P,85,260627672,0,1.0,640.0,640.0,,2744,2744,P,False
P,85,260627672,0,2.0,640.0,1280.0,,5045,5045,P,False
P,85,260627672,0,0.5,1280.0,640.0,,2744,2744,P,False
P,85,260627672,0,1.0,1280.0,1280.0,,5045,5045,P,False
P,85,260627672,0,2.0,1280.0,2560.0,,9787,9787,P,False
P,85,260627672,0,0.5,2560.0,1280.0,,5045,5045,P,False
P,85,260627672,0,1.0,2560.0,2560.0,,9787,9787,P,False
P,85,260627672,0,2.0,2560.0,5120.0,,19437,19437,P,False
P,85,260627672,0,0.5,5120.0,2560.0,,9787,9787,P,False
P,85,260627672,0,1.0,5120.0,5120.0,,19437,19437,P,False
P,85,260627672,0,2.0,5120.0,10240.0,,39135,39135,P,False
P,86,260627673,1,0.5,320.0,160.0,,773,773,P,False
P,86,260627673,1,1.0,320.0,320.0,,1363,1363,P,False
P,86,260627673,1,2.0,320.0,640.0,,2677,2677,P,False
P,86,260627673,1,0.5,640.0,320.0,,1363,1363,P,False
P,86,260627673,1,1.0,640.0,640.0,,2677,2677,P,False
P,86,260627673,1,2.0,640.0,1280.0,,5047,5047,P,False
P,86,260627673,1,0.5,1280.0,640.0,,2677,2677,P,False
P,86,260627673,1,1.0,1280.0,1280.0,,5047,5047,P,False
P,86,260627673,1,2.0,1280.0,2560.0,,9770,9770,P,False
P,86,260627673,1,0.5,2560.0,1280.0,,5047,5047,P,False
P,86,260627673,1,1.0,2560.0,2560.0,,9770,9770,P,False
P,86,260627673,1,2.0,2560.0,5120.0,,19269,19269,P,False
P,86,260627673,1,0.5,5120.0,2560.0,,9770,9770,P,False
P,86,260627673,1,1.0,5120.0,5120.0,,19269,19269,P,False
P,86,260627673,1,2.0,5120.0,10240.0,,39047,39047,P,False
P,87,260627674,2,0.5,320.0,160.0,,823,823,P,False
P,87,260627674,2,1.0,320.0,320.0,,1378,1378,P,False
P,87,260627674,2,2.0,320.0,640.0,,2606,2606,P,False
P,87,260627674,2,0.5,640.0,320.0,,1378,1378,P,False
P,87,260627674,2,1.0,640.0,640.0,,2606,2606,P,False
P,87,260627674,2,2.0,640.0,1280.0,,5080,5080,P,False
P,87,260627674,2,0.5,1280.0,640.0,,2606,2606,P,False
P,87,260627674,2,1.0,1280.0,1280.0,,5080,5080,P,False
P,87,260627674,2,2.0,1280.0,2560.0,,9914,9914,P,False
P,87,260627674,2,0.5,2560.0,1280.0,,5080,5080,P,False
P,87,260627674,2,1.0,2560.0,2560.0,,9914,9914,P,False
P,87,260627674,2,2.0,2560.0,5120.0,,19774,19774,P,False
P,87,260627674,2,0.5,5120.0,2560.0,,9914,9914,P,False
P,87,260627674,2,1.0,5120.0,5120.0,,19774,19774,P,False
P,87,260627674,2,2.0,5120.0,10240.0,,39252,39252,P,False
P,88,260627675,3,0.5,320.0,160.0,,719,719,P,False
P,88,260627675,3,1.0,320.0,320.0,,1393,1393,P,False
P,88,260627675,3,2.0,320.0,640.0,,2524,2524,P,False
P,88,260627675,3,0.5,640.0,320.0,,1393,1393,P,False
P,88,260627675,3,1.0,640.0,640.0,,2524,2524,P,False
P,88,260627675,3,2.0,640.0,1280.0,,5106,5106,P,False
P,88,260627675,3,0.5,1280.0,640.0,,2524,2524,P,False
P,88,260627675,3,1.0,1280.0,1280.0,,5106,5106,P,False
P,88,260627675,3,2.0,1280.0,2560.0,,9942,9942,P,False
P,88,260627675,3,0.5,2560.0,1280.0,,5106,5106,P,False
P,88,260627675,3,1.0,2560.0,2560.0,,9942,9942,P,False
P,88,260627675,3,2.0,2560.0,5120.0,,19752,19752,P,False
P,88,260627675,3,0.5,5120.0,2560.0,,9942,9942,P,False
P,88,260627675,3,1.0,5120.0,5120.0,,19752,19752,P,False
P,88,260627675,3,2.0,5120.0,10240.0,,39303,39303,P,False
P,89,260627676,4,0.5,320.0,160.0,,828,828,P,False
P,89,260627676,4,1.0,320.0,320.0,,1497,1497,P,False
P,89,260627676,4,2.0,320.0,640.0,,2760,2760,P,False
P,89,260627676,4,0.5,640.0,320.0,,1497,1497,P,False
P,89,260627676,4,1.0,640.0,640.0,,2760,2760,P,False
P,89,260627676,4,2.0,640.0,1280.0,,5140,5140,P,False
P,89,260627676,4,0.5,1280.0,640.0,,2760,2760,P,False
P,89,260627676,4,1.0,1280.0,1280.0,,5140,5140,P,False
P,89,260627676,4,2.0,1280.0,2560.0,,9895,9895,P,False
P,89,260627676,4,0.5,2560.0,1280.0,,5140,5140,P,False
P,89,260627676,4,1.0,2560.0,2560.0,,9895,9895,P,False
P,89,260627676,4,2.0,2560.0,5120.0,,19755,19755,P,False
P,89,260627676,4,0.5,5120.0,2560.0,,9895,9895,P,False
P,89,260627676,4,1.0,5120.0,5120.0,,19755,19755,P,False
P,89,260627676,4,2.0,5120.0,10240.0,,38930,38930,P,False
P,90,260627677,0,0.5,320.0,160.0,,766,766,P,False
P,90,260627677,0,1.0,320.0,320.0,,1408,1408,P,False
P,90,260627677,0,2.0,320.0,640.0,,2751,2751,P,False
P,90,260627677,0,0.5,640.0,320.0,,1408,1408,P,False
P,90,260627677,0,1.0,640.0,640.0,,2751,2751,P,False
P,90,260627677,0,2.0,640.0,1280.0,,5369,5369,P,False
P,90,260627677,0,0.5,1280.0,640.0,,2751,2751,P,False
P,90,260627677,0,1.0,1280.0,1280.0,,5369,5369,P,False
P,90,260627677,0,2.0,1280.0,2560.0,,10230,10230,P,False
P,90,260627677,0,0.5,2560.0,1280.0,,5369,5369,P,False
P,90,260627677,0,1.0,2560.0,2560.0,,10230,10230,P,False
P,90,260627677,0,2.0,2560.0,5120.0,,19721,19721,P,False
P,90,260627677,0,0.5,5120.0,2560.0,,10230,10230,P,False
P,90,260627677,0,1.0,5120.0,5120.0,,19721,19721,P,False
P,90,260627677,0,2.0,5120.0,10240.0,,39215,39215,P,False
P,91,260627678,1,0.5,320.0,160.0,,815,815,P,False
P,91,260627678,1,1.0,320.0,320.0,,1525,1525,P,False
P,91,260627678,1,2.0,320.0,640.0,,2746,2746,P,False
P,91,260627678,1,0.5,640.0,320.0,,1525,1525,P,False
P,91,260627678,1,1.0,640.0,640.0,,2746,2746,P,False
P,91,260627678,1,2.0,640.0,1280.0,,5218,5218,P,False
P,91,260627678,1,0.5,1280.0,640.0,,2746,2746,P,False
P,91,260627678,1,1.0,1280.0,1280.0,,5218,5218,P,False
P,91,260627678,1,2.0,1280.0,2560.0,,10119,10119,P,False
P,91,260627678,1,0.5,2560.0,1280.0,,5218,5218,P,False
P,91,260627678,1,1.0,2560.0,2560.0,,10119,10119,P,False
P,91,260627678,1,2.0,2560.0,5120.0,,19897,19897,P,False
P,91,260627678,1,0.5,5120.0,2560.0,,10119,10119,P,False
P,91,260627678,1,1.0,5120.0,5120.0,,19897,19897,P,False
P,91,260627678,1,2.0,5120.0,10240.0,,39254,39254,P,False
P,92,260627679,2,0.5,320.0,160.0,,836,836,P,False
P,92,260627679,2,1.0,320.0,320.0,,1463,1463,P,False
P,92,260627679,2,2.0,320.0,640.0,,2742,2742,P,False
P,92,260627679,2,0.5,640.0,320.0,,1463,1463,P,False
P,92,260627679,2,1.0,640.0,640.0,,2742,2742,P,False
P,92,260627679,2,2.0,640.0,1280.0,,5088,5088,P,False
P,92,260627679,2,0.5,1280.0,640.0,,2742,2742,P,False
P,92,260627679,2,1.0,1280.0,1280.0,,5088,5088,P,False
P,92,260627679,2,2.0,1280.0,2560.0,,9811,9811,P,False
P,92,260627679,2,0.5,2560.0,1280.0,,5088,5088,P,False
P,92,260627679,2,1.0,2560.0,2560.0,,9811,9811,P,False
P,92,260627679,2,2.0,2560.0,5120.0,,19679,19679,P,False
P,92,260627679,2,0.5,5120.0,2560.0,,9811,9811,P,False
P,92,260627679,2,1.0,5120.0,5120.0,,19679,19679,P,False
P,92,260627679,2,2.0,5120.0,10240.0,,38905,38905,P,False
P,93,260627680,3,0.5,320.0,160.0,,864,864,P,False
P,93,260627680,3,1.0,320.0,320.0,,1495,1495,P,False
P,93,260627680,3,2.0,320.0,640.0,,2680,2680,P,False
P,93,260627680,3,0.5,640.0,320.0,,1495,1495,P,False
P,93,260627680,3,1.0,640.0,640.0,,2680,2680,P,False
P,93,260627680,3,2.0,640.0,1280.0,,5249,5249,P,False
P,93,260627680,3,0.5,1280.0,640.0,,2680,2680,P,False
P,93,260627680,3,1.0,1280.0,1280.0,,5249,5249,P,False
P,93,260627680,3,2.0,1280.0,2560.0,,10050,10050,P,False
P,93,260627680,3,0.5,2560.0,1280.0,,5249,5249,P,False
P,93,260627680,3,1.0,2560.0,2560.0,,10050,10050,P,False
P,93,260627680,3,2.0,2560.0,5120.0,,19950,19950,P,False
P,93,260627680,3,0.5,5120.0,2560.0,,10050,10050,P,False
P,93,260627680,3,1.0,5120.0,5120.0,,19950,19950,P,False
P,93,260627680,3,2.0,5120.0,10240.0,,39255,39255,P,False
P,94,260627681,4,0.5,320.0,160.0,,788,788,P,False
P,94,260627681,4,1.0,320.0,320.0,,1519,1519,P,False
P,94,260627681,4,2.0,320.0,640.0,,2686,2686,P,False
P,94,260627681,4,0.5,640.0,320.0,,1519,1519,P,False
P,94,260627681,4,1.0,640.0,640.0,,2686,2686,P,False
P,94,260627681,4,2.0,640.0,1280.0,,5186,5186,P,False
P,94,260627681,4,0.5,1280.0,640.0,,2686,2686,P,False
P,94,260627681,4,1.0,1280.0,1280.0,,5186,5186,P,False
P,94,260627681,4,2.0,1280.0,2560.0,,9981,9981,P,False
P,94,260627681,4,0.5,2560.0,1280.0,,5186,5186,P,False
P,94,260627681,4,1.0,2560.0,2560.0,,9981,9981,P,False
P,94,260627681,4,2.0,2560.0,5120.0,,19635,19635,P,False
P,94,260627681,4,0.5,5120.0,2560.0,,9981,9981,P,False
P,94,260627681,4,1.0,5120.0,5120.0,,19635,19635,P,False
P,94,260627681,4,2.0,5120.0,10240.0,,39312,39312,P,False
P,95,260627682,0,0.5,320.0,160.0,,772,772,P,False
P,95,260627682,0,1.0,320.0,320.0,,1486,1486,P,False
P,95,260627682,0,2.0,320.0,640.0,,2698,2698,P,False
P,95,260627682,0,0.5,640.0,320.0,,1486,1486,P,False
P,95,260627682,0,1.0,640.0,640.0,,2698,2698,P,False
P,95,260627682,0,2.0,640.0,1280.0,,5159,5159,P,False
P,95,260627682,0,0.5,1280.0,640.0,,2698,2698,P,False
P,95,260627682,0,1.0,1280.0,1280.0,,5159,5159,P,False
P,95,260627682,0,2.0,1280.0,2560.0,,10152,10152,P,False
P,95,260627682,0,0.5,2560.0,1280.0,,5159,5159,P,False
P,95,260627682,0,1.0,2560.0,2560.0,,10152,10152,P,False
P,95,260627682,0,2.0,2560.0,5120.0,,19883,19883,P,False
P,95,260627682,0,0.5,5120.0,2560.0,,10152,10152,P,False
P,95,260627682,0,1.0,5120.0,5120.0,,19883,19883,P,False
P,95,260627682,0,2.0,5120.0,10240.0,,39120,39120,P,False
P,96,260627683,1,0.5,320.0,160.0,,826,826,P,False
P,96,260627683,1,1.0,320.0,320.0,,1469,1469,P,False
P,96,260627683,1,2.0,320.0,640.0,,2742,2742,P,False
P,96,260627683,1,0.5,640.0,320.0,,1469,1469,P,False
P,96,260627683,1,1.0,640.0,640.0,,2742,2742,P,False
P,96,260627683,1,2.0,640.0,1280.0,,5216,5216,P,False
P,96,260627683,1,0.5,1280.0,640.0,,2742,2742,P,False
P,96,260627683,1,1.0,1280.0,1280.0,,5216,5216,P,False
P,96,260627683,1,2.0,1280.0,2560.0,,10109,10109,P,False
P,96,260627683,1,0.5,2560.0,1280.0,,5216,5216,P,False
P,96,260627683,1,1.0,2560.0,2560.0,,10109,10109,P,False
P,96,260627683,1,2.0,2560.0,5120.0,,19633,19633,P,False
P,96,260627683,1,0.5,5120.0,2560.0,,10109,10109,P,False
P,96,260627683,1,1.0,5120.0,5120.0,,19633,19633,P,False
P,96,260627683,1,2.0,5120.0,10240.0,,38991,38991,P,False
P,97,260627684,2,0.5,320.0,160.0,,933,933,P,False
P,97,260627684,2,1.0,320.0,320.0,,1627,1627,P,False
P,97,260627684,2,2.0,320.0,640.0,,2923,2923,P,False
P,97,260627684,2,0.5,640.0,320.0,,1627,1627,P,False
P,97,260627684,2,1.0,640.0,640.0,,2923,2923,P,False
P,97,260627684,2,2.0,640.0,1280.0,,5342,5342,P,False
P,97,260627684,2,0.5,1280.0,640.0,,2923,2923,P,False
P,97,260627684,2,1.0,1280.0,1280.0,,5342,5342,P,False
P,97,260627684,2,2.0,1280.0,2560.0,,10150,10150,P,False
P,97,260627684,2,0.5,2560.0,1280.0,,5342,5342,P,False
P,97,260627684,2,1.0,2560.0,2560.0,,10150,10150,P,False
P,97,260627684,2,2.0,2560.0,5120.0,,19910,19910,P,False
P,97,260627684,2,0.5,5120.0,2560.0,,10150,10150,P,False
P,97,260627684,2,1.0,5120.0,5120.0,,19910,19910,P,False
P,97,260627684,2,2.0,5120.0,10240.0,,39314,39314,P,False
P,98,260627685,3,0.5,320.0,160.0,,740,740,P,False
P,98,260627685,3,1.0,320.0,320.0,,1360,1360,P,False
P,98,260627685,3,2.0,320.0,640.0,,2649,2649,P,False
P,98,260627685,3,0.5,640.0,320.0,,1360,1360,P,False
P,98,260627685,3,1.0,640.0,640.0,,2649,2649,P,False
P,98,260627685,3,2.0,640.0,1280.0,,5124,5124,P,False
P,98,260627685,3,0.5,1280.0,640.0,,2649,2649,P,False
P,98,260627685,3,1.0,1280.0,1280.0,,5124,5124,P,False
P,98,260627685,3,2.0,1280.0,2560.0,,10270,10270,P,False
P,98,260627685,3,0.5,2560.0,1280.0,,5124,5124,P,False
P,98,260627685,3,1.0,2560.0,2560.0,,10270,10270,P,False
P,98,260627685,3,2.0,2560.0,5120.0,,19811,19811,P,False
P,98,260627685,3,0.5,5120.0,2560.0,,10270,10270,P,False
P,98,260627685,3,1.0,5120.0,5120.0,,19811,19811,P,False
P,98,260627685,3,2.0,5120.0,10240.0,,39027,39027,P,False
P,99,260627686,4,0.5,320.0,160.0,,888,888,P,False
P,99,260627686,4,1.0,320.0,320.0,,1520,1520,P,False
P,99,260627686,4,2.0,320.0,640.0,,2858,2858,P,False
P,99,260627686,4,0.5,640.0,320.0,,1520,1520,P,False
P,99,260627686,4,1.0,640.0,640.0,,2858,2858,P,False
P,99,260627686,4,2.0,640.0,1280.0,,5195,5195,P,False
P,99,260627686,4,0.5,1280.0,640.0,,2858,2858,P,False
P,99,260627686,4,1.0,1280.0,1280.0,,5195,5195,P,False
P,99,260627686,4,2.0,1280.0,2560.0,,10190,10190,P,False
P,99,260627686,4,0.5,2560.0,1280.0,,5195,5195,P,False
P,99,260627686,4,1.0,2560.0,2560.0,,10190,10190,P,False
P,99,260627686,4,2.0,2560.0,5120.0,,19797,19797,P,False
P,99,260627686,4,0.5,5120.0,2560.0,,10190,10190,P,False
P,99,260627686,4,1.0,5120.0,5120.0,,19797,19797,P,False
P,99,260627686,4,2.0,5120.0,10240.0,,39345,39345,P,False
P,100,260627687,0,0.5,320.0,160.0,,814,814,P,False
P,100,260627687,0,1.0,320.0,320.0,,1404,1404,P,False
P,100,260627687,0,2.0,320.0,640.0,,2635,2635,P,False
P,100,260627687,0,0.5,640.0,320.0,,1404,1404,P,False
P,100,260627687,0,1.0,640.0,640.0,,2635,2635,P,False
P,100,260627687,0,2.0,640.0,1280.0,,4980,4980,P,False
P,100,260627687,0,0.5,1280.0,640.0,,2635,2635,P,False
P,100,260627687,0,1.0,1280.0,1280.0,,4980,4980,P,False
P,100,260627687,0,2.0,1280.0,2560.0,,10134,10134,P,False
P,100,260627687,0,0.5,2560.0,1280.0,,4980,4980,P,False
P,100,260627687,0,1.0,2560.0,2560.0,,10134,10134,P,False
P,100,260627687,0,2.0,2560.0,5120.0,,19976,19976,P,False
P,100,260627687,0,0.5,5120.0,2560.0,,10134,10134,P,False
P,100,260627687,0,1.0,5120.0,5120.0,,19976,19976,P,False
P,100,260627687,0,2.0,5120.0,10240.0,,39554,39554,P,False
P,101,260627688,1,0.5,320.0,160.0,,918,918,P,False
P,101,260627688,1,1.0,320.0,320.0,,1560,1560,P,False
P,101,260627688,1,2.0,320.0,640.0,,2817,2817,P,False
P,101,260627688,1,0.5,640.0,320.0,,1560,1560,P,False
P,101,260627688,1,1.0,640.0,640.0,,2817,2817,P,False
P,101,260627688,1,2.0,640.0,1280.0,,5311,5311,P,False
P,101,260627688,1,0.5,1280.0,640.0,,2817,2817,P,False
P,101,260627688,1,1.0,1280.0,1280.0,,5311,5311,P,False
P,101,260627688,1,2.0,1280.0,2560.0,,10290,10290,P,False
P,101,260627688,1,0.5,2560.0,1280.0,,5311,5311,P,False
P,101,260627688,1,1.0,2560.0,2560.0,,10290,10290,P,False
P,101,260627688,1,2.0,2560.0,5120.0,,20094,20094,P,False
P,101,260627688,1,0.5,5120.0,2560.0,,10290,10290,P,False
P,101,260627688,1,1.0,5120.0,5120.0,,20094,20094,P,False
P,101,260627688,1,2.0,5120.0,10240.0,,39864,39864,P,False
P,102,260627689,2,0.5,320.0,160.0,,708,708,P,False
P,102,260627689,2,1.0,320.0,320.0,,1316,1316,P,False
P,102,260627689,2,2.0,320.0,640.0,,2539,2539,P,False
P,102,260627689,2,0.5,640.0,320.0,,1316,1316,P,False
P,102,260627689,2,1.0,640.0,640.0,,2539,2539,P,False
P,102,260627689,2,2.0,640.0,1280.0,,5013,5013,P,False
P,102,260627689,2,0.5,1280.0,640.0,,2539,2539,P,False
P,102,260627689,2,1.0,1280.0,1280.0,,5013,5013,P,False
P,102,260627689,2,2.0,1280.0,2560.0,,9910,9910,P,False
P,102,260627689,2,0.5,2560.0,1280.0,,5013,5013,P,False
P,102,260627689,2,1.0,2560.0,2560.0,,9910,9910,P,False
P,102,260627689,2,2.0,2560.0,5120.0,,19522,19522,P,False
P,102,260627689,2,0.5,5120.0,2560.0,,9910,9910,P,False
P,102,260627689,2,1.0,5120.0,5120.0,,19522,19522,P,False
P,102,260627689,2,2.0,5120.0,10240.0,,38724,38724,P,False
P,103,260627690,3,0.5,320.0,160.0,,815,815,P,False
P,103,260627690,3,1.0,320.0,320.0,,1520,1520,P,False
P,103,260627690,3,2.0,320.0,640.0,,2773,2773,P,False
P,103,260627690,3,0.5,640.0,320.0,,1520,1520,P,False
P,103,260627690,3,1.0,640.0,640.0,,2773,2773,P,False
P,103,260627690,3,2.0,640.0,1280.0,,5279,5279,P,False
P,103,260627690,3,0.5,1280.0,640.0,,2773,2773,P,False
P,103,260627690,3,1.0,1280.0,1280.0,,5279,5279,P,False
P,103,260627690,3,2.0,1280.0,2560.0,,10129,10129,P,False
P,103,260627690,3,0.5,2560.0,1280.0,,5279,5279,P,False
P,103,260627690,3,1.0,2560.0,2560.0,,10129,10129,P,False
P,103,260627690,3,2.0,2560.0,5120.0,,20081,20081,P,False
P,103,260627690,3,0.5,5120.0,2560.0,,10129,10129,P,False
P,103,260627690,3,1.0,5120.0,5120.0,,20081,20081,P,False
P,103,260627690,3,2.0,5120.0,10240.0,,39655,39655,P,False
P,104,260627691,4,0.5,320.0,160.0,,789,789,P,False
P,104,260627691,4,1.0,320.0,320.0,,1404,1404,P,False
P,104,260627691,4,2.0,320.0,640.0,,2669,2669,P,False
P,104,260627691,4,0.5,640.0,320.0,,1404,1404,P,False
P,104,260627691,4,1.0,640.0,640.0,,2669,2669,P,False
P,104,260627691,4,2.0,640.0,1280.0,,5112,5112,P,False
P,104,260627691,4,0.5,1280.0,640.0,,2669,2669,P,False
P,104,260627691,4,1.0,1280.0,1280.0,,5112,5112,P,False
P,104,260627691,4,2.0,1280.0,2560.0,,9973,9973,P,False
P,104,260627691,4,0.5,2560.0,1280.0,,5112,5112,P,False
P,104,260627691,4,1.0,2560.0,2560.0,,9973,9973,P,False
P,104,260627691,4,2.0,2560.0,5120.0,,19671,19671,P,False
P,104,260627691,4,0.5,5120.0,2560.0,,9973,9973,P,False
P,104,260627691,4,1.0,5120.0,5120.0,,19671,19671,P,False
P,104,260627691,4,2.0,5120.0,10240.0,,38860,38860,P,False
P,105,260627692,0,0.5,320.0,160.0,,723,723,P,False
P,105,260627692,0,1.0,320.0,320.0,,1373,1373,P,False
P,105,260627692,0,2.0,320.0,640.0,,2564,2564,P,False
P,105,260627692,0,0.5,640.0,320.0,,1373,1373,P,False
P,105,260627692,0,1.0,640.0,640.0,,2564,2564,P,False
P,105,260627692,0,2.0,640.0,1280.0,,4923,4923,P,False
P,105,260627692,0,0.5,1280.0,640.0,,2564,2564,P,False
P,105,260627692,0,1.0,1280.0,1280.0,,4923,4923,P,False
P,105,260627692,0,2.0,1280.0,2560.0,,9925,9925,P,False
P,105,260627692,0,0.5,2560.0,1280.0,,4923,4923,P,False
P,105,260627692,0,1.0,2560.0,2560.0,,9925,9925,P,False
P,105,260627692,0,2.0,2560.0,5120.0,,19890,19890,P,False
P,105,260627692,0,0.5,5120.0,2560.0,,9925,9925,P,False
P,105,260627692,0,1.0,5120.0,5120.0,,19890,19890,P,False
P,105,260627692,0,2.0,5120.0,10240.0,,39141,39141,P,False
P,106,260627693,1,0.5,320.0,160.0,,892,892,P,False
P,106,260627693,1,1.0,320.0,320.0,,1466,1466,P,False
P,106,260627693,1,2.0,320.0,640.0,,2773,2773,P,False
P,106,260627693,1,0.5,640.0,320.0,,1466,1466,P,False
P,106,260627693,1,1.0,640.0,640.0,,2773,2773,P,False
P,106,260627693,1,2.0,640.0,1280.0,,5205,5205,P,False
P,106,260627693,1,0.5,1280.0,640.0,,2773,2773,P,False
P,106,260627693,1,1.0,1280.0,1280.0,,5205,5205,P,False
P,106,260627693,1,2.0,1280.0,2560.0,,10187,10187,P,False
P,106,260627693,1,0.5,2560.0,1280.0,,5205,5205,P,False
P,106,260627693,1,1.0,2560.0,2560.0,,10187,10187,P,False
P,106,260627693,1,2.0,2560.0,5120.0,,19813,19813,P,False
P,106,260627693,1,0.5,5120.0,2560.0,,10187,10187,P,False
P,106,260627693,1,1.0,5120.0,5120.0,,19813,19813,P,False
P,106,260627693,1,2.0,5120.0,10240.0,,39248,39248,P,False
P,107,260627694,2,0.5,320.0,160.0,,888,888,P,False
P,107,260627694,2,1.0,320.0,320.0,,1588,1588,P,False
P,107,260627694,2,2.0,320.0,640.0,,2801,2801,P,False
P,107,260627694,2,0.5,640.0,320.0,,1588,1588,P,False
P,107,260627694,2,1.0,640.0,640.0,,2801,2801,P,False
P,107,260627694,2,2.0,640.0,1280.0,,5288,5288,P,False
P,107,260627694,2,0.5,1280.0,640.0,,2801,2801,P,False
P,107,260627694,2,1.0,1280.0,1280.0,,5288,5288,P,False
P,107,260627694,2,2.0,1280.0,2560.0,,10189,10189,P,False
P,107,260627694,2,0.5,2560.0,1280.0,,5288,5288,P,False
P,107,260627694,2,1.0,2560.0,2560.0,,10189,10189,P,False
P,107,260627694,2,2.0,2560.0,5120.0,,20063,20063,P,False
P,107,260627694,2,0.5,5120.0,2560.0,,10189,10189,P,False
P,107,260627694,2,1.0,5120.0,5120.0,,20063,20063,P,False
P,107,260627694,2,2.0,5120.0,10240.0,,39063,39063,P,False
P,108,260627695,3,0.5,320.0,160.0,,753,753,P,False
P,108,260627695,3,1.0,320.0,320.0,,1375,1375,P,False
P,108,260627695,3,2.0,320.0,640.0,,2629,2629,P,False
P,108,260627695,3,0.5,640.0,320.0,,1375,1375,P,False
P,108,260627695,3,1.0,640.0,640.0,,2629,2629,P,False
P,108,260627695,3,2.0,640.0,1280.0,,5254,5254,P,False
P,108,260627695,3,0.5,1280.0,640.0,,2629,2629,P,False
P,108,260627695,3,1.0,1280.0,1280.0,,5254,5254,P,False
P,108,260627695,3,2.0,1280.0,2560.0,,10201,10201,P,False
P,108,260627695,3,0.5,2560.0,1280.0,,5254,5254,P,False
P,108,260627695,3,1.0,2560.0,2560.0,,10201,10201,P,False
P,108,260627695,3,2.0,2560.0,5120.0,,19993,19993,P,False
P,108,260627695,3,0.5,5120.0,2560.0,,10201,10201,P,False
P,108,260627695,3,1.0,5120.0,5120.0,,19993,19993,P,False
P,108,260627695,3,2.0,5120.0,10240.0,,39498,39498,P,False
P,109,260627696,4,0.5,320.0,160.0,,928,928,P,False
P,109,260627696,4,1.0,320.0,320.0,,1513,1513,P,False
P,109,260627696,4,2.0,320.0,640.0,,2714,2714,P,False
P,109,260627696,4,0.5,640.0,320.0,,1513,1513,P,False
P,109,260627696,4,1.0,640.0,640.0,,2714,2714,P,False
P,109,260627696,4,2.0,640.0,1280.0,,5218,5218,P,False
P,109,260627696,4,0.5,1280.0,640.0,,2714,2714,P,False
P,109,260627696,4,1.0,1280.0,1280.0,,5218,5218,P,False
P,109,260627696,4,2.0,1280.0,2560.0,,10329,10329,P,False
P,109,260627696,4,0.5,2560.0,1280.0,,5218,5218,P,False
P,109,260627696,4,1.0,2560.0,2560.0,,10329,10329,P,False
P,109,260627696,4,2.0,2560.0,5120.0,,20164,20164,P,False
P,109,260627696,4,0.5,5120.0,2560.0,,10329,10329,P,False
P,109,260627696,4,1.0,5120.0,5120.0,,20164,20164,P,False
P,109,260627696,4,2.0,5120.0,10240.0,,39966,39966,P,False
P,110,260627697,0,0.5,320.0,160.0,,681,681,P,False
P,110,260627697,0,1.0,320.0,320.0,,1327,1327,P,False
P,110,260627697,0,2.0,320.0,640.0,,2590,2590,P,False
P,110,260627697,0,0.5,640.0,320.0,,1327,1327,P,False
P,110,260627697,0,1.0,640.0,640.0,,2590,2590,P,False
P,110,260627697,0,2.0,640.0,1280.0,,4885,4885,P,False
P,110,260627697,0,0.5,1280.0,640.0,,2590,2590,P,False
P,110,260627697,0,1.0,1280.0,1280.0,,4885,4885,P,False
P,110,260627697,0,2.0,1280.0,2560.0,,9687,9687,P,False
P,110,260627697,0,0.5,2560.0,1280.0,,4885,4885,P,False
P,110,260627697,0,1.0,2560.0,2560.0,,9687,9687,P,False
P,110,260627697,0,2.0,2560.0,5120.0,,19426,19426,P,False
P,110,260627697,0,0.5,5120.0,2560.0,,9687,9687,P,False
P,110,260627697,0,1.0,5120.0,5120.0,,19426,19426,P,False
P,110,260627697,0,2.0,5120.0,10240.0,,38374,38374,P,False
P,111,260627698,1,0.5,320.0,160.0,,847,847,P,False
P,111,260627698,1,1.0,320.0,320.0,,1527,1527,P,False
P,111,260627698,1,2.0,320.0,640.0,,2778,2778,P,False
P,111,260627698,1,0.5,640.0,320.0,,1527,1527,P,False
P,111,260627698,1,1.0,640.0,640.0,,2778,2778,P,False
P,111,260627698,1,2.0,640.0,1280.0,,5382,5382,P,False
P,111,260627698,1,0.5,1280.0,640.0,,2778,2778,P,False
P,111,260627698,1,1.0,1280.0,1280.0,,5382,5382,P,False
P,111,260627698,1,2.0,1280.0,2560.0,,10266,10266,P,False
P,111,260627698,1,0.5,2560.0,1280.0,,5382,5382,P,False
P,111,260627698,1,1.0,2560.0,2560.0,,10266,10266,P,False
P,111,260627698,1,2.0,2560.0,5120.0,,19921,19921,P,False
P,111,260627698,1,0.5,5120.0,2560.0,,10266,10266,P,False
P,111,260627698,1,1.0,5120.0,5120.0,,19921,19921,P,False
P,111,260627698,1,2.0,5120.0,10240.0,,39201,39201,P,False
P,112,260627699,2,0.5,320.0,160.0,,745,745,P,False
P,112,260627699,2,1.0,320.0,320.0,,1439,1439,P,False
P,112,260627699,2,2.0,320.0,640.0,,2717,2717,P,False
P,112,260627699,2,0.5,640.0,320.0,,1439,1439,P,False
P,112,260627699,2,1.0,640.0,640.0,,2717,2717,P,False
P,112,260627699,2,2.0,640.0,1280.0,,5125,5125,P,False
P,112,260627699,2,0.5,1280.0,640.0,,2717,2717,P,False
P,112,260627699,2,1.0,1280.0,1280.0,,5125,5125,P,False
P,112,260627699,2,2.0,1280.0,2560.0,,10041,10041,P,False
P,112,260627699,2,0.5,2560.0,1280.0,,5125,5125,P,False
P,112,260627699,2,1.0,2560.0,2560.0,,10041,10041,P,False
P,112,260627699,2,2.0,2560.0,5120.0,,19817,19817,P,False
P,112,260627699,2,0.5,5120.0,2560.0,,10041,10041,P,False
P,112,260627699,2,1.0,5120.0,5120.0,,19817,19817,P,False
P,112,260627699,2,2.0,5120.0,10240.0,,39432,39432,P,False
P,113,260627700,3,0.5,320.0,160.0,,815,815,P,False
P,113,260627700,3,1.0,320.0,320.0,,1396,1396,P,False
P,113,260627700,3,2.0,320.0,640.0,,2630,2630,P,False
P,113,260627700,3,0.5,640.0,320.0,,1396,1396,P,False
P,113,260627700,3,1.0,640.0,640.0,,2630,2630,P,False
P,113,260627700,3,2.0,640.0,1280.0,,5020,5020,P,False
P,113,260627700,3,0.5,1280.0,640.0,,2630,2630,P,False
P,113,260627700,3,1.0,1280.0,1280.0,,5020,5020,P,False
P,113,260627700,3,2.0,1280.0,2560.0,,9888,9888,P,False
P,113,260627700,3,0.5,2560.0,1280.0,,5020,5020,P,False
P,113,260627700,3,1.0,2560.0,2560.0,,9888,9888,P,False
P,113,260627700,3,2.0,2560.0,5120.0,,19680,19680,P,False
P,113,260627700,3,0.5,5120.0,2560.0,,9888,9888,P,False
P,113,260627700,3,1.0,5120.0,5120.0,,19680,19680,P,False
P,113,260627700,3,2.0,5120.0,10240.0,,39023,39023,P,False
P,114,260627701,4,0.5,320.0,160.0,,885,885,P,False
P,114,260627701,4,1.0,320.0,320.0,,1517,1517,P,False
P,114,260627701,4,2.0,320.0,640.0,,2775,2775,P,False
P,114,260627701,4,0.5,640.0,320.0,,1517,1517,P,False
P,114,260627701,4,1.0,640.0,640.0,,2775,2775,P,False
P,114,260627701,4,2.0,640.0,1280.0,,5054,5054,P,False
P,114,260627701,4,0.5,1280.0,640.0,,2775,2775,P,False
P,114,260627701,4,1.0,1280.0,1280.0,,5054,5054,P,False
P,114,260627701,4,2.0,1280.0,2560.0,,9996,9996,P,False
P,114,260627701,4,0.5,2560.0,1280.0,,5054,5054,P,False
P,114,260627701,4,1.0,2560.0,2560.0,,9996,9996,P,False
P,114,260627701,4,2.0,2560.0,5120.0,,19822,19822,P,False
P,114,260627701,4,0.5,5120.0,2560.0,,9996,9996,P,False
P,114,260627701,4,1.0,5120.0,5120.0,,19822,19822,P,False
P,114,260627701,4,2.0,5120.0,10240.0,,39034,39034,P,False
P,115,260627702,0,0.5,320.0,160.0,,792,792,P,False
P,115,260627702,0,1.0,320.0,320.0,,1420,1420,P,False
P,115,260627702,0,2.0,320.0,640.0,,2672,2672,P,False
P,115,260627702,0,0.5,640.0,320.0,,1420,1420,P,False
P,115,260627702,0,1.0,640.0,640.0,,2672,2672,P,False
P,115,260627702,0,2.0,640.0,1280.0,,5135,5135,P,False
P,115,260627702,0,0.5,1280.0,640.0,,2672,2672,P,False
P,115,260627702,0,1.0,1280.0,1280.0,,5135,5135,P,False
P,115,260627702,0,2.0,1280.0,2560.0,,10127,10127,P,False
P,115,260627702,0,0.5,2560.0,1280.0,,5135,5135,P,False
P,115,260627702,0,1.0,2560.0,2560.0,,10127,10127,P,False
P,115,260627702,0,2.0,2560.0,5120.0,,20021,20021,P,False
P,115,260627702,0,0.5,5120.0,2560.0,,10127,10127,P,False
P,115,260627702,0,1.0,5120.0,5120.0,,20021,20021,P,False
P,115,260627702,0,2.0,5120.0,10240.0,,39502,39502,P,False
P,116,260627703,1,0.5,320.0,160.0,,814,814,P,False
P,116,260627703,1,1.0,320.0,320.0,,1431,1431,P,False
P,116,260627703,1,2.0,320.0,640.0,,2663,2663,P,False
P,116,260627703,1,0.5,640.0,320.0,,1431,1431,P,False
P,116,260627703,1,1.0,640.0,640.0,,2663,2663,P,False
P,116,260627703,1,2.0,640.0,1280.0,,5117,5117,P,False
P,116,260627703,1,0.5,1280.0,640.0,,2663,2663,P,False
P,116,260627703,1,1.0,1280.0,1280.0,,5117,5117,P,False
P,116,260627703,1,2.0,1280.0,2560.0,,9943,9943,P,False
P,116,260627703,1,0.5,2560.0,1280.0,,5117,5117,P,False
P,116,260627703,1,1.0,2560.0,2560.0,,9943,9943,P,False
P,116,260627703,1,2.0,2560.0,5120.0,,19552,19552,P,False
P,116,260627703,1,0.5,5120.0,2560.0,,9943,9943,P,False
P,116,260627703,1,1.0,5120.0,5120.0,,19552,19552,P,False
P,116,260627703,1,2.0,5120.0,10240.0,,38879,38879,P,False
P,117,260627704,2,0.5,320.0,160.0,,707,707,P,False
P,117,260627704,2,1.0,320.0,320.0,,1441,1441,P,False
P,117,260627704,2,2.0,320.0,640.0,,2665,2665,P,False
P,117,260627704,2,0.5,640.0,320.0,,1441,1441,P,False
P,117,260627704,2,1.0,640.0,640.0,,2665,2665,P,False
P,117,260627704,2,2.0,640.0,1280.0,,5177,5177,P,False
P,117,260627704,2,0.5,1280.0,640.0,,2665,2665,P,False
P,117,260627704,2,1.0,1280.0,1280.0,,5177,5177,P,False
P,117,260627704,2,2.0,1280.0,2560.0,,10303,10303,P,False
P,117,260627704,2,0.5,2560.0,1280.0,,5177,5177,P,False
P,117,260627704,2,1.0,2560.0,2560.0,,10303,10303,P,False
P,117,260627704,2,2.0,2560.0,5120.0,,19753,19753,P,False
P,117,260627704,2,0.5,5120.0,2560.0,,10303,10303,P,False
P,117,260627704,2,1.0,5120.0,5120.0,,19753,19753,P,False
P,117,260627704,2,2.0,5120.0,10240.0,,38845,38845,P,False
P,118,260627705,3,0.5,320.0,160.0,,827,827,P,False
P,118,260627705,3,1.0,320.0,320.0,,1427,1427,P,False
P,118,260627705,3,2.0,320.0,640.0,,2584,2584,P,False
P,118,260627705,3,0.5,640.0,320.0,,1427,1427,P,False
P,118,260627705,3,1.0,640.0,640.0,,2584,2584,P,False
P,118,260627705,3,2.0,640.0,1280.0,,4935,4935,P,False
P,118,260627705,3,0.5,1280.0,640.0,,2584,2584,P,False
P,118,260627705,3,1.0,1280.0,1280.0,,4935,4935,P,False
P,118,260627705,3,2.0,1280.0,2560.0,,9776,9776,P,False
P,118,260627705,3,0.5,2560.0,1280.0,,4935,4935,P,False
P,118,260627705,3,1.0,2560.0,2560.0,,9776,9776,P,False
P,118,260627705,3,2.0,2560.0,5120.0,,19494,19494,P,False
P,118,260627705,3,0.5,5120.0,2560.0,,9776,9776,P,False
P,118,260627705,3,1.0,5120.0,5120.0,,19494,19494,P,False
P,118,260627705,3,2.0,5120.0,10240.0,,39305,39305,P,False
P,119,260627706,4,0.5,320.0,160.0,,867,867,P,False
P,119,260627706,4,1.0,320.0,320.0,,1469,1469,P,False
P,119,260627706,4,2.0,320.0,640.0,,2794,2794,P,False
P,119,260627706,4,0.5,640.0,320.0,,1469,1469,P,False
P,119,260627706,4,1.0,640.0,640.0,,2794,2794,P,False
P,119,260627706,4,2.0,640.0,1280.0,,5259,5259,P,False
P,119,260627706,4,0.5,1280.0,640.0,,2794,2794,P,False
P,119,260627706,4,1.0,1280.0,1280.0,,5259,5259,P,False
P,119,260627706,4,2.0,1280.0,2560.0,,10066,10066,P,False
P,119,260627706,4,0.5,2560.0,1280.0,,5259,5259,P,False
P,119,260627706,4,1.0,2560.0,2560.0,,10066,10066,P,False
P,119,260627706,4,2.0,2560.0,5120.0,,19888,19888,P,False
P,119,260627706,4,0.5,5120.0,2560.0,,10066,10066,P,False
P,119,260627706,4,1.0,5120.0,5120.0,,19888,19888,P,False
P,119,260627706,4,2.0,5120.0,10240.0,,39427,39427,P,False
P,120,260627707,0,0.5,320.0,160.0,,763,763,P,False
P,120,260627707,0,1.0,320.0,320.0,,1393,1393,P,False
P,120,260627707,0,2.0,320.0,640.0,,2641,2641,P,False
P,120,260627707,0,0.5,640.0,320.0,,1393,1393,P,False
P,120,260627707,0,1.0,640.0,640.0,,2641,2641,P,False
P,120,260627707,0,2.0,640.0,1280.0,,5003,5003,P,False
P,120,260627707,0,0.5,1280.0,640.0,,2641,2641,P,False
P,120,260627707,0,1.0,1280.0,1280.0,,5003,5003,P,False
P,120,260627707,0,2.0,1280.0,2560.0,,9826,9826,P,False
P,120,260627707,0,0.5,2560.0,1280.0,,5003,5003,P,False
P,120,260627707,0,1.0,2560.0,2560.0,,9826,9826,P,False
P,120,260627707,0,2.0,2560.0,5120.0,,19532,19532,P,False
P,120,260627707,0,0.5,5120.0,2560.0,,9826,9826,P,False
P,120,260627707,0,1.0,5120.0,5120.0,,19532,19532,P,False
P,120,260627707,0,2.0,5120.0,10240.0,,38880,38880,P,False
P,121,260627708,1,0.5,320.0,160.0,,773,773,P,False
P,121,260627708,1,1.0,320.0,320.0,,1438,1438,P,False
P,121,260627708,1,2.0,320.0,640.0,,2673,2673,P,False
P,121,260627708,1,0.5,640.0,320.0,,1438,1438,P,False
P,121,260627708,1,1.0,640.0,640.0,,2673,2673,P,False
P,121,260627708,1,2.0,640.0,1280.0,,5151,5151,P,False
P,121,260627708,1,0.5,1280.0,640.0,,2673,2673,P,False
P,121,260627708,1,1.0,1280.0,1280.0,,5151,5151,P,False
P,121,260627708,1,2.0,1280.0,2560.0,,10076,10076,P,False
P,121,260627708,1,0.5,2560.0,1280.0,,5151,5151,P,False
P,121,260627708,1,1.0,2560.0,2560.0,,10076,10076,P,False
P,121,260627708,1,2.0,2560.0,5120.0,,19704,19704,P,False
P,121,260627708,1,0.5,5120.0,2560.0,,10076,10076,P,False
P,121,260627708,1,1.0,5120.0,5120.0,,19704,19704,P,False
P,121,260627708,1,2.0,5120.0,10240.0,,39106,39106,P,False
P,122,260627709,2,0.5,320.0,160.0,,765,765,P,False
P,122,260627709,2,1.0,320.0,320.0,,1417,1417,P,False
P,122,260627709,2,2.0,320.0,640.0,,2707,2707,P,False
P,122,260627709,2,0.5,640.0,320.0,,1417,1417,P,False
P,122,260627709,2,1.0,640.0,640.0,,2707,2707,P,False
P,122,260627709,2,2.0,640.0,1280.0,,4939,4939,P,False
P,122,260627709,2,0.5,1280.0,640.0,,2707,2707,P,False
P,122,260627709,2,1.0,1280.0,1280.0,,4939,4939,P,False
P,122,260627709,2,2.0,1280.0,2560.0,,9745,9745,P,False
P,122,260627709,2,0.5,2560.0,1280.0,,4939,4939,P,False
P,122,260627709,2,1.0,2560.0,2560.0,,9745,9745,P,False
P,122,260627709,2,2.0,2560.0,5120.0,,19478,19478,P,False
P,122,260627709,2,0.5,5120.0,2560.0,,9745,9745,P,False
P,122,260627709,2,1.0,5120.0,5120.0,,19478,19478,P,False
P,122,260627709,2,2.0,5120.0,10240.0,,38865,38865,P,False
P,123,260627710,3,0.5,320.0,160.0,,868,868,P,False
P,123,260627710,3,1.0,320.0,320.0,,1503,1503,P,False
P,123,260627710,3,2.0,320.0,640.0,,2748,2748,P,False
P,123,260627710,3,0.5,640.0,320.0,,1503,1503,P,False
P,123,260627710,3,1.0,640.0,640.0,,2748,2748,P,False
P,123,260627710,3,2.0,640.0,1280.0,,5424,5424,P,False
P,123,260627710,3,0.5,1280.0,640.0,,2748,2748,P,False
P,123,260627710,3,1.0,1280.0,1280.0,,5424,5424,P,False
P,123,260627710,3,2.0,1280.0,2560.0,,10281,10281,P,False
P,123,260627710,3,0.5,2560.0,1280.0,,5424,5424,P,False
P,123,260627710,3,1.0,2560.0,2560.0,,10281,10281,P,False
P,123,260627710,3,2.0,2560.0,5120.0,,19896,19896,P,False
P,123,260627710,3,0.5,5120.0,2560.0,,10281,10281,P,False
P,123,260627710,3,1.0,5120.0,5120.0,,19896,19896,P,False
P,123,260627710,3,2.0,5120.0,10240.0,,38848,38848,P,False
P,124,260627711,4,0.5,320.0,160.0,,684,684,P,False
P,124,260627711,4,1.0,320.0,320.0,,1347,1347,P,False
P,124,260627711,4,2.0,320.0,640.0,,2742,2742,P,False
P,124,260627711,4,0.5,640.0,320.0,,1347,1347,P,False
P,124,260627711,4,1.0,640.0,640.0,,2742,2742,P,False
P,124,260627711,4,2.0,640.0,1280.0,,5120,5120,P,False
P,124,260627711,4,0.5,1280.0,640.0,,2742,2742,P,False
P,124,260627711,4,1.0,1280.0,1280.0,,5120,5120,P,False
P,124,260627711,4,2.0,1280.0,2560.0,,10031,10031,P,False
P,124,260627711,4,0.5,2560.0,1280.0,,5120,5120,P,False
P,124,260627711,4,1.0,2560.0,2560.0,,10031,10031,P,False
P,124,260627711,4,2.0,2560.0,5120.0,,19807,19807,P,False
P,124,260627711,4,0.5,5120.0,2560.0,,10031,10031,P,False
P,124,260627711,4,1.0,5120.0,5120.0,,19807,19807,P,False
P,124,260627711,4,2.0,5120.0,10240.0,,39028,39028,P,False
P,125,260627712,0,0.5,320.0,160.0,,617,617,P,False
P,125,260627712,0,1.0,320.0,320.0,,1297,1297,P,False
P,125,260627712,0,2.0,320.0,640.0,,2597,2597,P,False
P,125,260627712,0,0.5,640.0,320.0,,1297,1297,P,False
P,125,260627712,0,1.0,640.0,640.0,,2597,2597,P,False
P,125,260627712,0,2.0,640.0,1280.0,,5062,5062,P,False
P,125,260627712,0,0.5,1280.0,640.0,,2597,2597,P,False
P,125,260627712,0,1.0,1280.0,1280.0,,5062,5062,P,False
P,125,260627712,0,2.0,1280.0,2560.0,,9927,9927,P,False
P,125,260627712,0,0.5,2560.0,1280.0,,5062,5062,P,False
P,125,260627712,0,1.0,2560.0,2560.0,,9927,9927,P,False
P,125,260627712,0,2.0,2560.0,5120.0,,19646,19646,P,False
P,125,260627712,0,0.5,5120.0,2560.0,,9927,9927,P,False
P,125,260627712,0,1.0,5120.0,5120.0,,19646,19646,P,False
P,125,260627712,0,2.0,5120.0,10240.0,,38803,38803,P,False
P,126,260627713,1,0.5,320.0,160.0,,858,858,P,False
P,126,260627713,1,1.0,320.0,320.0,,1475,1475,P,False
P,126,260627713,1,2.0,320.0,640.0,,2687,2687,P,False
P,126,260627713,1,0.5,640.0,320.0,,1475,1475,P,False
P,126,260627713,1,1.0,640.0,640.0,,2687,2687,P,False
P,126,260627713,1,2.0,640.0,1280.0,,5130,5130,P,False
P,126,260627713,1,0.5,1280.0,640.0,,2687,2687,P,False
P,126,260627713,1,1.0,1280.0,1280.0,,5130,5130,P,False
P,126,260627713,1,2.0,1280.0,2560.0,,10133,10133,P,False
P,126,260627713,1,0.5,2560.0,1280.0,,5130,5130,P,False
P,126,260627713,1,1.0,2560.0,2560.0,,10133,10133,P,False
P,126,260627713,1,2.0,2560.0,5120.0,,19894,19894,P,False
P,126,260627713,1,0.5,5120.0,2560.0,,10133,10133,P,False
P,126,260627713,1,1.0,5120.0,5120.0,,19894,19894,P,False
P,126,260627713,1,2.0,5120.0,10240.0,,38989,38989,P,False
P,127,260627714,2,0.5,320.0,160.0,,851,851,P,False
P,127,260627714,2,1.0,320.0,320.0,,1500,1500,P,False
P,127,260627714,2,2.0,320.0,640.0,,2731,2731,P,False
P,127,260627714,2,0.5,640.0,320.0,,1500,1500,P,False
P,127,260627714,2,1.0,640.0,640.0,,2731,2731,P,False
P,127,260627714,2,2.0,640.0,1280.0,,5179,5179,P,False
P,127,260627714,2,0.5,1280.0,640.0,,2731,2731,P,False
P,127,260627714,2,1.0,1280.0,1280.0,,5179,5179,P,False
P,127,260627714,2,2.0,1280.0,2560.0,,10055,10055,P,False
P,127,260627714,2,0.5,2560.0,1280.0,,5179,5179,P,False
P,127,260627714,2,1.0,2560.0,2560.0,,10055,10055,P,False
P,127,260627714,2,2.0,2560.0,5120.0,,20074,20074,P,False
P,127,260627714,2,0.5,5120.0,2560.0,,10055,10055,P,False
P,127,260627714,2,1.0,5120.0,5120.0,,20074,20074,P,False
P,127,260627714,2,2.0,5120.0,10240.0,,39398,39398,P,False
