counts,transitions,production_L_t,cleanroom_L_t,absolute_L_t_error,production_theta,cleanroom_theta,production_beta_t,cleanroom_beta_t,production_stop,cleanroom_stop
"[[1,0,0],[0,0,0],[0,0,0]]",1,0.009112901221471775,0.00911290122147221,4.354155924701786e-16,1.0,1.0,7.504077396776275,7.504077396776275,False,False
"[[0,1,0],[0,0,0],[0,0,0]]",1,4.103023109747635,4.103023109747563,7.194245199571014e-14,0.6,0.6,7.504077396776275,7.504077396776275,False,False
"[[0,0,1],[0,0,0],[0,0,0]]",1,5.311197651902652,5.311197651902652,0.0,0.6,0.6,7.504077396776275,7.504077396776275,False,False
"[[2,0,0],[0,0,0],[0,0,0]]",2,0.01822580244294355,0.01822580244294442,8.708311849403572e-16,1.0,1.0,8.079441541679836,8.079441541679836,False,False
"[[1,1,0],[0,0,0],[0,0,0]]",2,2.738420994953797,2.738420994953727,7.016609515630989e-14,0.6,0.6,8.079441541679836,8.079441541679836,False,False
"[[1,0,1],[0,0,0],[0,0,0]]",2,3.9465955371088137,3.946595537108815,1.3322676295501878e-15,0.6,0.6,8.079441541679836,8.079441541679836,False,False
"[[0,1,0],[1,0,0],[0,0,0]]",2,5.089949648463558,5.089949648463525,3.2862601528904634e-14,0.6,0.6,8.315007612992602,8.315007612992602,False,False
"[[0,1,0],[0,1,0],[0,0,0]]",2,4.724715356073688,4.724715356073582,1.056932319443149e-13,0.6,0.6,8.315007612992602,8.315007612992602,False,False
"[[0,1,0],[0,0,1],[0,0,0]]",2,6.508254043132267,6.508254043132233,3.375077994860476e-14,0.6,0.6,8.315007612992602,8.315007612992602,False,False
"[[0,0,1],[0,0,0],[1,0,0]]",2,5.689949648463559,5.6899496484635605,1.7763568394002505e-15,0.6,0.6,8.315007612992604,8.315007612992602,False,False
"[[0,0,1],[0,0,0],[0,1,0]]",2,9.19591636698158,9.195916366981507,7.283063041541027e-14,0.6,0.6,8.315007612992604,8.315007612992602,True,True
"[[0,0,1],[0,0,0],[0,0,1]]",2,6.532889898228705,6.532889898228705,0.0,0.6,0.6,8.315007612992604,8.315007612992602,False,False
"[[3,0,0],[0,0,0],[0,0,0]]",3,0.027338703664415324,0.027338703664416632,1.3079815008865125e-15,1.0,1.0,8.525728644308256,8.525728644308256,False,False
"[[2,1,0],[0,0,0],[0,0,0]]",3,2.236865097515302,2.2368650975152335,6.838973831690964e-14,0.6,0.6,8.525728644308256,8.525728644308256,False,False
"[[2,0,1],[0,0,0],[0,0,0]]",3,3.4450396396703185,3.445039639670321,2.6645352591003757e-15,0.6,0.6,8.525728644308256,8.525728644308256,False,False
"[[1,1,0],[1,0,0],[0,0,0]]",3,3.72534753366972,3.725347533669689,3.108624468950438e-14,0.6,0.6,8.890371757896164,8.890371757896164,False,False
"[[1,1,0],[0,1,0],[0,0,0]]",3,3.3601132412798496,3.3601132412797456,1.0391687510491465e-13,0.6,0.6,8.890371757896164,8.890371757896164,False,False
"[[1,1,0],[0,0,1],[0,0,0]]",3,5.1436519283384285,5.143651928338397,3.197442310920451e-14,0.6,0.6,8.890371757896164,8.890371757896164,False,False
"[[1,0,1],[0,0,0],[1,0,0]]",3,4.325347533669721,4.325347533669723,2.6645352591003757e-15,0.6,0.6,8.890371757896165,8.890371757896164,False,False
"[[1,0,1],[0,0,0],[0,1,0]]",3,7.831314252187742,7.831314252187671,7.105427357601002e-14,0.6,0.6,8.890371757896165,8.890371757896164,False,False
"[[1,0,1],[0,0,0],[0,0,1]]",3,5.168287783434867,5.168287783434868,1.7763568394002505e-15,0.6,0.6,8.890371757896165,8.890371757896164,False,False
"[[0,2,0],[1,0,0],[0,0,0]]",3,9.192972758211193,9.19297275821109,1.0302869668521453e-13,0.6,0.6,8.890371757896164,8.890371757896164,True,True
"[[0,1,1],[1,0,0],[0,0,0]]",3,9.01485293924632,9.014852939246287,3.197442310920451e-14,0.6,0.6,8.890371757896164,8.890371757896164,True,True
"[[0,1,0],[1,1,0],[0,0,0]]",3,4.32534753366972,4.325347533669654,6.572520305780927e-14,0.6,0.6,8.890371757896164,8.890371757896164,False,False
"[[0,1,0],[0,2,0],[0,0,0]]",3,5.34640760239974,5.3464076023996014,1.3855583347321954e-13,0.6,0.6,8.890371757896164,8.890371757896164,False,False
"[[0,1,0],[0,1,1],[0,0,0]]",3,5.743651928338428,5.743651928338361,6.750155989720952e-14,0.6,0.6,8.890371757896164,8.890371757896164,False,False
"[[0,1,0],[0,0,1],[1,0,0]]",3,6.887006039693174,6.887006039693141,3.2862601528904634e-14,0.6,0.6,9.125937829208931,9.125937829208931,False,False
"[[0,1,0],[0,0,1],[0,1,0]]",3,10.392972758211194,10.392972758211089,1.0480505352461478e-13,0.6,0.6,9.125937829208931,9.125937829208931,True,True
"[[0,1,0],[0,0,1],[0,0,1]]",3,7.7299462894583195,7.729946289458286,3.375077994860476e-14,0.6,0.6,9.125937829208931,9.125937829208931,False,False
"[[0,1,1],[0,0,0],[1,0,0]]",3,8.406678397091303,8.406678397091232,7.105427357601002e-14,0.6,0.6,8.890371757896165,8.890371757896164,False,False
"[[0,0,2],[0,0,0],[1,0,0]]",3,11.00114730036621,11.001147300366211,1.7763568394002505e-15,0.6,0.6,8.890371757896165,8.890371757896164,True,True
"[[0,0,1],[1,0,0],[0,1,0]]",3,10.182842905697502,10.18284290569747,3.197442310920451e-14,0.6,0.6,9.125937829208931,9.125937829208931,True,True
"[[0,0,1],[0,1,0],[0,1,0]]",3,9.817608613307632,9.817608613307527,1.0480505352461478e-13,0.6,0.6,9.125937829208931,9.125937829208931,True,True
"[[0,0,1],[0,0,1],[0,1,0]]",3,11.601147300366211,11.601147300366177,3.375077994860476e-14,0.6,0.6,9.125937829208931,9.125937829208931,True,True
"[[0,0,1],[0,0,0],[1,0,1]]",3,5.525347533669721,5.525347533669723,1.7763568394002505e-15,0.6,0.6,8.890371757896165,8.890371757896164,False,False
"[[0,0,1],[0,0,0],[0,1,1]]",3,9.031314252187741,9.03131425218767,7.105427357601002e-14,0.6,0.6,8.890371757896165,8.890371757896164,True,True
"[[0,0,1],[0,0,0],[0,0,2]]",3,7.754582144554757,7.7545821445547585,1.7763568394002505e-15,0.6,0.6,8.890371757896165,8.890371757896164,False,False
"[[4,0,0],[0,0,0],[0,0,0]]",4,0.0364516048858871,0.03645160488588884,1.7416623698807143e-15,1.0,1.0,8.890371757896164,8.890371757896164,False,False
"[[3,1,0],[0,0,0],[0,0,0]]",4,1.9187592702505603,1.9187592702504923,6.794564910705958e-14,0.6,0.6,8.890371757896164,8.890371757896164,False,False
"[[3,0,1],[0,0,0],[0,0,0]]",4,3.1269338124055768,3.1269338124055803,3.552713678800501e-15,0.6,0.6,8.890371757896164,8.890371757896164,False,False
"[[2,1,0],[1,0,0],[0,0,0]]",4,3.223791636231225,3.2237916362311956,2.930988785010413e-14,0.6,0.6,9.336658860524585,9.336658860524585,False,False
"[[2,1,0],[0,1,0],[0,0,0]]",4,2.8585573438413543,2.8585573438412526,1.0169642905566434e-13,0.6,0.6,9.336658860524585,9.336658860524585,False,False
"[[2,1,0],[0,0,1],[0,0,0]]",4,4.642096030899934,4.642096030899903,3.108624468950438e-14,0.6,0.6,9.336658860524585,9.336658860524585,False,False
"[[2,0,1],[0,0,0],[1,0,0]]",4,3.8237916362312254,3.8237916362312294,3.9968028886505635e-15,0.6,0.6,9.336658860524585,9.336658860524585,False,False
"[[2,0,1],[0,0,0],[0,1,0]]",4,7.329758354749247,7.329758354749178,6.927791673660977e-14,0.6,0.6,9.336658860524585,9.336658860524585,False,False
"[[2,0,1],[0,0,0],[0,0,1]]",4,4.666731885996372,4.6667318859963745,2.6645352591003757e-15,0.6,0.6,9.336658860524585,9.336658860524585,False,False
"[[1,2,0],[1,0,0],[0,0,0]]",4,7.305122499652807,7.305122499652705,1.021405182655144e-13,0.6,0.6,9.336658860524585,9.336658860524585,False,False
"[[1,1,1],[1,0,0],[0,0,0]]",4,7.127002680687934,7.1270026806879025,3.108624468950438e-14,0.6,0.6,9.336658860524585,9.336658860524585,False,False
"[[1,1,0],[1,1,0],[0,0,0]]",4,2.960745418875882,2.9607454188758173,6.483702463810914e-14,0.6,0.6,9.465735902799727,9.465735902799727,False,False
"[[1,1,0],[0,2,0],[0,0,0]]",4,3.981805487605902,3.9818054876057647,1.3722356584366935e-13,0.6,0.6,9.465735902799727,9.465735902799727,False,False
"[[1,1,0],[0,1,1],[0,0,0]]",4,4.37904981354459,4.379049813544524,6.572520305780927e-14,0.6,0.6,9.465735902799727,9.465735902799727,False,False
"[[1,1,0],[0,0,1],[1,0,0]]",4,5.5224039248993355,5.522403924899304,3.108624468950438e-14,0.6,0.6,9.701301974112493,9.701301974112493,False,False
"[[1,1,0],[0,0,1],[0,1,0]]",4,9.028370643417356,9.028370643417253,1.0302869668521453e-13,0.6,0.6,9.701301974112493,9.701301974112493,False,False
"[[1,1,0],[0,0,1],[0,0,1]]",4,6.365344174664481,6.3653441746644495,3.197442310920451e-14,0.6,0.6,9.701301974112493,9.701301974112493,False,False
"[[1,1,1],[0,0,0],[1,0,0]]",4,6.518828138532918,6.518828138532849,6.838973831690964e-14,0.6,0.6,9.336658860524585,9.336658860524585,False,False
"[[1,0,2],[0,0,0],[1,0,0]]",4,9.113297041807824,9.113297041807826,1.7763568394002505e-15,0.6,0.6,9.336658860524585,9.336658860524585,False,False
"[[1,0,1],[1,0,0],[0,1,0]]",4,8.818240790903664,8.818240790903634,3.019806626980426e-14,0.6,0.6,9.701301974112493,9.701301974112493,False,False
"[[1,0,1],[0,1,0],[0,1,0]]",4,8.453006498513794,8.45300649851369,1.0480505352461478e-13,0.6,0.6,9.701301974112493,9.701301974112493,False,False
"[[1,0,1],[0,0,1],[0,1,0]]",4,10.236545185572371,10.23654518557234,3.197442310920451e-14,0.6,0.6,9.701301974112493,9.701301974112493,True,True
"[[1,0,1],[0,0,0],[1,0,1]]",4,4.160745418875884,4.160745418875886,2.6645352591003757e-15,0.6,0.6,9.465735902799727,9.465735902799727,False,False
"[[1,0,1],[0,0,0],[0,1,1]]",4,7.666712137393903,7.666712137393834,6.927791673660977e-14,0.6,0.6,9.465735902799727,9.465735902799727,False,False
"[[1,0,1],[0,0,0],[0,0,2]]",4,6.389980029760919,6.389980029760921,2.6645352591003757e-15,0.6,0.6,9.465735902799727,9.465735902799727,False,False
"[[0,2,0],[2,0,0],[0,0,0]]",4,10.179899296927116,10.17989929692705,6.572520305780927e-14,0.6,0.6,9.465735902799727,9.465735902799727,True,True
"[[0,2,0],[1,1,0],[0,0,0]]",4,8.428370643417354,8.428370643417217,1.3677947663381929e-13,0.6,0.6,9.465735902799727,9.465735902799727,False,False
"[[0,2,0],[1,0,1],[0,0,0]]",4,10.211909330475933,10.211909330475867,6.572520305780927e-14,0.6,0.6,9.465735902799727,9.465735902799727,True,True
"[[0,1,1],[1,0,0],[1,0,0]]",4,9.393604935807225,9.393604935807195,3.019806626980426e-14,0.6,0.6,9.701301974112493,9.701301974112493,False,False
"[[0,1,1],[1,0,0],[0,1,0]]",4,12.899571654325246,12.899571654325143,1.0302869668521453e-13,0.6,0.6,9.701301974112493,9.701301974112493,True,True
"[[0,1,1],[1,0,0],[0,0,1]]",4,10.236545185572371,10.23654518557234,3.197442310920451e-14,0.6,0.6,9.701301974112493,9.701301974112493,True,True
"[[0,1,1],[1,1,0],[0,0,0]]",4,8.25025082445248,8.250250824452415,6.572520305780927e-14,0.6,0.6,9.465735902799727,9.465735902799727,False,False
"[[0,1,0],[1,2,0],[0,0,0]]",4,4.4237916362312255,4.423791636231124,1.0125233984581428e-13,0.6,0.6,9.336658860524585,9.336658860524585,False,False
"[[0,1,0],[0,3,0],[0,0,0]]",4,5.968099848725793,5.96809984872562,1.7319479184152442e-13,0.6,0.6,9.336658860524585,9.336658860524585,False,False
"[[0,1,0],[0,2,1],[0,0,0]]",4,5.842096030899933,5.842096030899832,1.0125233984581428e-13,0.6,0.6,9.336658860524585,9.336658860524585,False,False
"[[0,1,0],[0,1,1],[1,0,0]]",4,6.122403924899335,6.122403924899269,6.572520305780927e-14,0.6,0.6,9.701301974112493,9.701301974112493,False,False
"[[0,1,0],[0,1,1],[0,1,0]]",4,9.628370643417355,9.628370643417217,1.3855583347321954e-13,0.6,0.6,9.701301974112493,9.701301974112493,False,False
"[[0,1,0],[0,1,1],[0,0,1]]",4,6.96534417466448,6.965344174664414,6.661338147750939e-14,0.6,0.6,9.701301974112493,9.701301974112493,False,False
"[[0,2,0],[0,0,1],[1,0,0]]",4,10.990029149440808,10.990029149440705,1.0302869668521453e-13,0.6,0.6,9.701301974112493,9.701301974112493,True,True
"[[0,1,1],[0,0,1],[1,0,0]]",4,10.811909330475935,10.811909330475903,3.197442310920451e-14,0.6,0.6,9.701301974112493,9.701301974112493,True,True
"[[0,1,0],[1,0,1],[0,1,0]]",4,9.993604935807227,9.99360493580716,6.750155989720952e-14,0.6,0.6,9.701301974112493,9.701301974112493,True,True
"[[0,1,0],[0,0,2],[0,1,0]]",4,12.798203691595825,12.798203691595758,6.750155989720952e-14,0.6,0.6,9.701301974112493,9.701301974112493,True,True
"[[0,1,0],[0,0,1],[1,0,1]]",4,6.722403924899336,6.722403924899304,3.197442310920451e-14,0.6,0.6,9.701301974112493,9.701301974112493,False,False
"[[0,1,0],[0,0,1],[0,1,1]]",4,10.228370643417355,10.22837064341725,1.0480505352461478e-13,0.6,0.6,9.701301974112493,9.701301974112493,True,True
"[[0,1,0],[0,0,1],[0,0,2]]",4,8.951638535784372,8.951638535784339,3.375077994860476e-14,0.6,0.6,9.701301974112493,9.701301974112493,False,False
"[[0,1,1],[0,1,0],[1,0,0]]",4,9.028370643417356,9.02837064341725,1.0480505352461478e-13,0.6,0.6,9.701301974112493,9.701301974112493,False,False
"[[0,0,2],[0,0,0],[2,0,0]]",4,11.379899296927118,11.379899296927121,3.552713678800501e-15,0.6,0.6,9.465735902799727,9.465735902799727,True,True
"[[0,0,2],[0,0,0],[1,1,0]]",4,13.499571654325246,13.499571654325177,6.927791673660977e-14,0.6,0.6,9.465735902799727,9.465735902799727,True,True
"[[0,0,2],[0,0,0],[1,0,1]]",4,10.836545185572371,10.836545185572374,3.552713678800501e-15,0.6,0.6,9.465735902799727,9.465735902799727,True,True
"[[0,0,2],[1,0,0],[0,1,0]]",4,15.494040557600155,15.494040557600123,3.197442310920451e-14,0.6,0.6,9.701301974112493,9.701301974112493,True,True
"[[0,0,1],[1,1,0],[0,1,0]]",4,9.418240790903663,9.418240790903598,6.572520305780927e-14,0.6,0.6,9.701301974112493,9.701301974112493,False,False
"[[0,0,1],[0,2,0],[0,1,0]]",4,10.439300859633684,10.439300859633546,1.3855583347321954e-13,0.6,0.6,9.701301974112493,9.701301974112493,True,True
"[[0,0,1],[0,1,1],[0,1,0]]",4,10.836545185572373,10.836545185572305,6.750155989720952e-14,0.6,0.6,9.701301974112493,9.701301974112493,True,True
"[[0,0,1],[0,0,1],[1,1,0]]",4,10.593604935807226,10.593604935807194,3.197442310920451e-14,0.6,0.6,9.701301974112493,9.701301974112493,True,True
"[[0,0,1],[0,0,1],[0,2,0]]",4,15.485866015445136,15.485866015445033,1.0302869668521453e-13,0.6,0.6,9.701301974112493,9.701301974112493,True,True
"[[0,0,1],[0,0,1],[0,1,1]]",4,11.436545185572372,11.436545185572339,3.375077994860476e-14,0.6,0.6,9.701301974112493,9.701301974112493,True,True
"[[0,1,1],[0,0,0],[1,0,1]]",4,8.242076282297464,8.242076282297395,6.927791673660977e-14,0.6,0.6,9.465735902799727,9.465735902799727,False,False
"[[0,0,1],[1,0,0],[0,1,1]]",4,10.018240790903665,10.018240790903633,3.197442310920451e-14,0.6,0.6,9.701301974112493,9.701301974112493,True,True
"[[0,0,1],[0,1,0],[0,1,1]]",4,9.653006498513793,9.653006498513689,1.0480505352461478e-13,0.6,0.6,9.701301974112493,9.701301974112493,False,False
"[[0,0,1],[0,0,0],[1,0,2]]",4,6.223791636231226,6.223791636231228,1.7763568394002505e-15,0.6,0.6,9.336658860524585,9.336658860524585,False,False
"[[0,0,1],[0,0,0],[0,1,2]]",4,9.729758354749245,9.729758354749176,6.927791673660977e-14,0.6,0.6,9.336658860524585,9.336658860524585,True,True
"[[0,0,1],[0,0,0],[0,0,3]]",4,8.97627439088081,8.97627439088081,0.0,0.6,0.6,9.336658860524585,9.336658860524585,False,False
"[[5,0,0],[0,0,0],[0,0,0]]",5,0.045564506107358876,0.04556450610736105,2.1718737919229625e-15,1.0,1.0,9.198673117550682,9.198673117550682,False,False
"[[4,1,0],[0,0,0],[0,0,0]]",5,1.6877799773609068,1.6877799773608406,6.616929226765933e-14,0.6,0.6,9.198673117550682,9.198673117550682,False,False
"[[4,0,1],[0,0,0],[0,0,0]]",5,2.8959545195159233,2.895954519515929,5.773159728050814e-15,0.6,0.6,9.198673117550682,9.198673117550682,False,False
"[[3,1,0],[1,0,0],[0,0,0]]",5,2.905685808966483,2.9056858089664543,2.886579864025407e-14,0.6,0.6,9.701301974112493,9.701301974112493,False,False
"[[3,1,0],[0,1,0],[0,0,0]]",5,2.5404515165766126,2.5404515165765114,1.0125233984581428e-13,0.6,0.6,9.701301974112493,9.701301974112493,False,False
"[[3,1,0],[0,0,1],[0,0,0]]",5,4.323990203635192,4.323990203635161,3.019806626980426e-14,0.6,0.6,9.701301974112493,9.701301974112493,False,False
"[[3,0,1],[0,0,0],[1,0,0]]",5,3.5056858089664837,3.5056858089664886,4.884981308350689e-15,0.6,0.6,9.701301974112493,9.701301974112493,False,False
"[[3,0,1],[0,0,0],[0,1,0]]",5,7.011652527484505,7.011652527484436,6.838973831690964e-14,0.6,0.6,9.701301974112493,9.701301974112493,False,False
"[[3,0,1],[0,0,0],[0,0,1]]",5,4.34862605873163,4.348626058731633,3.552713678800501e-15,0.6,0.6,9.701301974112493,9.701301974112493,False,False
"[[2,2,0],[1,0,0],[0,0,0]]",5,6.4637685286235165,6.463768528623416,1.0036416142611415e-13,0.6,0.6,9.701301974112493,9.701301974112493,False,False
"[[2,1,1],[1,0,0],[0,0,0]]",5,6.285648709658644,6.285648709658614,3.019806626980426e-14,0.6,0.6,9.701301974112493,9.701301974112493,False,False
"[[2,1,0],[1,1,0],[0,0,0]]",5,2.459189521437387,2.459189521437324,6.306066779870889e-14,0.6,0.6,9.912023005428145,9.912023005428145,False,False
"[[2,1,0],[0,2,0],[0,0,0]]",5,3.4802495901674066,3.480249590167271,1.354472090042691e-13,0.6,0.6,9.912023005428145,9.912023005428145,False,False
"[[2,1,0],[0,1,1],[0,0,0]]",5,3.8774939161060953,3.877493916106031,6.439293542825908e-14,0.6,0.6,9.912023005428145,9.912023005428145,False,False
"[[2,1,0],[0,0,1],[1,0,0]]",5,5.02084802746084,5.020848027460811,2.842170943040401e-14,0.6,0.6,10.147589076740912,10.147589076740912,False,False
"[[2,1,0],[0,0,1],[0,1,0]]",5,8.52681474597886,8.526814745978758,1.0302869668521453e-13,0.6,0.6,10.147589076740912,10.147589076740912,False,False
"[[2,1,0],[0,0,1],[0,0,1]]",5,5.863788277225986,5.8637882772259555,3.019806626980426e-14,0.6,0.6,10.147589076740912,10.147589076740912,False,False
"[[2,1,1],[0,0,0],[1,0,0]]",5,5.677474167503628,5.6774741675035605,6.750155989720952e-14,0.6,0.6,9.701301974112493,9.701301974112493,False,False
"[[2,0,2],[0,0,0],[1,0,0]]",5,8.271943070778534,8.271943070778539,5.329070518200751e-15,0.6,0.6,9.701301974112493,9.701301974112493,False,False
"[[2,0,1],[1,0,0],[0,1,0]]",5,8.316684893465169,8.316684893465139,3.019806626980426e-14,0.6,0.6,10.147589076740912,10.147589076740912,False,False
"[[2,0,1],[0,1,0],[0,1,0]]",5,7.951450601075299,7.951450601075196,1.0302869668521453e-13,0.6,0.6,10.147589076740912,10.147589076740912,False,False
"[[2,0,1],[0,0,1],[0,1,0]]",5,9.734989288133878,9.734989288133846,3.197442310920451e-14,0.6,0.6,10.147589076740912,10.147589076740912,False,False
"[[2,0,1],[0,0,0],[1,0,1]]",5,3.659189521437388,3.659189521437392,3.9968028886505635e-15,0.6,0.6,9.912023005428146,9.912023005428145,False,False
"[[2,0,1],[0,0,0],[0,1,1]]",5,7.165156239955408,7.16515623995534,6.838973831690964e-14,0.6,0.6,9.912023005428146,9.912023005428145,False,False
"[[2,0,1],[0,0,0],[0,0,2]]",5,5.888424132322424,5.888424132322427,3.552713678800501e-15,0.6,0.6,9.912023005428146,9.912023005428145,False,False
"[[1,2,0],[2,0,0],[0,0,0]]",5,8.29204903836873,8.292049038368667,6.394884621840902e-14,0.6,0.6,9.912023005428145,9.912023005428145,False,False
"[[1,2,0],[1,1,0],[0,0,0]]",5,6.540520384858969,6.540520384858834,1.3500311979441904e-13,0.6,0.6,9.912023005428145,9.912023005428145,False,False
"[[1,2,0],[1,0,1],[0,0,0]]",5,8.324059071917548,8.324059071917484,6.394884621840902e-14,0.6,0.6,9.912023005428145,9.912023005428145,False,False
"[[1,1,1],[1,0,0],[1,0,0]]",5,7.5057546772488415,7.505754677248811,3.019806626980426e-14,0.6,0.6,10.147589076740912,10.147589076740912,False,False
"[[1,1,1],[1,0,0],[0,1,0]]",5,11.011721395766859,11.01172139576676,9.947598300641403e-14,0.6,0.6,10.147589076740912,10.147589076740912,True,True
"[[1,1,1],[1,0,0],[0,0,1]]",5,8.348694927013987,8.348694927013955,3.197442310920451e-14,0.6,0.6,10.147589076740912,10.147589076740912,False,False
"[[1,1,1],[1,1,0],[0,0,0]]",5,6.362400565894095,6.362400565894031,6.394884621840902e-14,0.6,0.6,9.912023005428145,9.912023005428145,False,False
"[[1,1,0],[1,2,0],[0,0,0]]",5,3.0591895214373874,3.0591895214372884,9.903189379656396e-14,0.6,0.6,9.912023005428145,9.912023005428145,False,False
"[[1,1,0],[0,3,0],[0,0,0]]",5,4.603497733931955,4.603497733931784,1.7141843500212417e-13,0.6,0.6,9.912023005428145,9.912023005428145,False,False
"[[1,1,0],[0,2,1],[0,0,0]]",5,4.477493916106095,4.4774939161059955,9.947598300641403e-14,0.6,0.6,9.912023005428145,9.912023005428145,False,False
"[[1,1,0],[0,1,1],[1,0,0]]",5,4.757801810105498,4.757801810105433,6.483702463810914e-14,0.6,0.6,10.276666119016054,10.276666119016054,False,False
"[[1,1,0],[0,1,1],[0,1,0]]",5,8.263768528623517,8.26376852862338,1.3677947663381929e-13,0.6,0.6,10.276666119016054,10.276666119016054,False,False
"[[1,1,0],[0,1,1],[0,0,1]]",5,5.600742059870644,5.600742059870577,6.661338147750939e-14,0.6,0.6,10.276666119016054,10.276666119016054,False,False
"[[1,2,0],[0,0,1],[1,0,0]]",5,9.102178890882422,9.102178890882321,1.0125233984581428e-13,0.6,0.6,10.147589076740912,10.147589076740912,False,False
"[[1,1,1],[0,0,1],[1,0,0]]",5,8.924059071917549,8.924059071917519,3.019806626980426e-14,0.6,0.6,10.147589076740912,10.147589076740912,False,False
"[[1,1,0],[1,0,1],[0,1,0]]",5,8.629002821013389,8.629002821013323,6.572520305780927e-14,0.6,0.6,10.276666119016054,10.276666119016054,False,False
"[[1,1,0],[0,0,2],[0,1,0]]",5,11.433601576801987,11.433601576801921,6.572520305780927e-14,0.6,0.6,10.276666119016054,10.276666119016054,True,True
"[[1,1,0],[0,0,1],[1,0,1]]",5,5.357801810105498,5.357801810105467,3.019806626980426e-14,0.6,0.6,10.276666119016054,10.276666119016054,False,False
"[[1,1,0],[0,0,1],[0,1,1]]",5,8.863768528623517,8.863768528623414,1.0302869668521453e-13,0.6,0.6,10.276666119016054,10.276666119016054,False,False
"[[1,1,0],[0,0,1],[0,0,2]]",5,7.587036420990534,7.587036420990502,3.197442310920451e-14,0.6,0.6,10.276666119016054,10.276666119016054,False,False
"[[1,1,1],[0,1,0],[1,0,0]]",5,7.14052038485897,7.140520384858868,1.021405182655144e-13,0.6,0.6,10.147589076740912,10.147589076740912,False,False
"[[1,0,2],[0,0,0],[2,0,0]]",5,9.492049038368732,9.492049038368735,3.552713678800501e-15,0.6,0.6,9.912023005428146,9.912023005428145,False,False
"[[1,0,2],[0,0,0],[1,1,0]]",5,11.61172139576686,11.611721395766793,6.750155989720952e-14,0.6,0.6,9.912023005428146,9.912023005428145,True,True
"[[1,0,2],[0,0,0],[1,0,1]]",5,8.948694927013985,8.948694927013989,3.552713678800501e-15,0.6,0.6,9.912023005428146,9.912023005428145,False,False
"[[1,0,2],[1,0,0],[0,1,0]]",5,13.606190299041767,13.606190299041737,3.019806626980426e-14,0.6,0.6,10.147589076740912,10.147589076740912,True,True
"[[1,0,1],[1,1,0],[0,1,0]]",5,8.053638676109825,8.053638676109761,6.394884621840902e-14,0.6,0.6,10.276666119016054,10.276666119016054,False,False
"[[1,0,1],[0,2,0],[0,1,0]]",5,9.074698744839846,9.074698744839708,1.3855583347321954e-13,0.6,0.6,10.276666119016054,10.276666119016054,False,False
"[[1,0,1],[0,1,1],[0,1,0]]",5,9.471943070778533,9.471943070778469,6.394884621840902e-14,0.6,0.6,10.276666119016054,10.276666119016054,False,False
"[[1,0,1],[0,0,1],[1,1,0]]",5,9.229002821013388,9.229002821013358,3.019806626980426e-14,0.6,0.6,10.276666119016054,10.276666119016054,False,False
"[[1,0,1],[0,0,1],[0,2,0]]",5,14.1212639006513,14.121263900651197,1.0302869668521453e-13,0.6,0.6,10.276666119016054,10.276666119016054,True,True
"[[1,0,1],[0,0,1],[0,1,1]]",5,10.071943070778534,10.071943070778502,3.197442310920451e-14,0.6,0.6,10.276666119016054,10.276666119016054,False,False
"[[1,1,1],[0,0,0],[1,0,1]]",5,6.354226023739081,6.354226023739011,6.927791673660977e-14,0.6,0.6,9.912023005428146,9.912023005428145,False,False
"[[1,0,1],[1,0,0],[0,1,1]]",5,8.653638676109825,8.653638676109797,2.842170943040401e-14,0.6,0.6,10.276666119016054,10.276666119016054,False,False
"[[1,0,1],[0,1,0],[0,1,1]]",5,8.288404383719955,8.288404383719852,1.0302869668521453e-13,0.6,0.6,10.276666119016054,10.276666119016054,False,False
"[[1,0,1],[0,0,0],[1,0,2]]",5,4.859189521437388,4.859189521437391,2.6645352591003757e-15,0.6,0.6,9.912023005428146,9.912023005428145,False,False
"[[1,0,1],[0,0,0],[0,1,2]]",5,8.365156239955407,8.365156239955338,6.927791673660977e-14,0.6,0.6,9.912023005428146,9.912023005428145,False,False
"[[1,0,1],[0,0,0],[0,0,3]]",5,7.611672276086971,7.611672276086974,3.552713678800501e-15,0.6,0.6,9.912023005428146,9.912023005428145,False,False
"[[0,3,0],[2,0,0],[0,0,0]]",5,14.282922406674752,14.282922406674613,1.3855583347321954e-13,0.6,0.6,9.912023005428145,9.912023005428145,True,True
"[[0,2,1],[2,0,0],[0,0,0]]",5,13.581554443945329,13.581554443945263,6.572520305780927e-14,0.6,0.6,9.912023005428145,9.912023005428145,True,True
"[[0,2,0],[2,1,0],[0,0,0]]",5,8.89204903836873,8.892049038368631,9.947598300641403e-14,0.6,0.6,9.912023005428145,9.912023005428145,False,False
"[[0,2,0],[1,2,0],[0,0,0]]",5,8.526814745978859,8.526814745978688,1.7053025658242404e-13,0.6,0.6,9.912023005428145,9.912023005428145,False,False
"[[0,2,0],[1,1,1],[0,0,0]]",5,8.924059071917547,8.924059071917448,9.947598300641403e-14,0.6,0.6,9.912023005428145,9.912023005428145,False,False
"[[0,2,0],[1,0,1],[1,0,0]]",5,10.59066132703684,10.590661327036775,6.394884621840902e-14,0.6,0.6,10.276666119016054,10.276666119016054,True,True
"[[0,2,0],[1,0,1],[0,1,0]]",5,14.096628045554862,14.096628045554723,1.3855583347321954e-13,0.6,0.6,10.276666119016054,10.276666119016054,True,True
"[[0,2,0],[1,0,1],[0,0,1]]",5,11.433601576801985,11.43360157680192,6.572520305780927e-14,0.6,0.6,10.276666119016054,10.276666119016054,True,True
"[[0,2,1],[1,0,0],[1,0,0]]",5,12.973379901790313,12.97337990179021,1.0302869668521453e-13,0.6,0.6,10.147589076740912,10.147589076740912,True,True
"[[0,1,2],[1,0,0],[1,0,0]]",5,14.18155444394533,14.181554443945299,3.197442310920451e-14,0.6,0.6,10.147589076740912,10.147589076740912,True,True
"[[0,1,1],[2,0,0],[0,1,0]]",5,13.88649819304117,13.886498193041104,6.572520305780927e-14,0.6,0.6,10.276666119016054,10.276666119016054,True,True
"[[0,1,1],[1,1,0],[0,1,0]]",5,12.134969539531408,12.134969539531271,1.3677947663381929e-13,0.6,0.6,10.276666119016054,10.276666119016054,True,True
"[[0,1,1],[1,0,1],[0,1,0]]",5,13.918508226589989,13.918508226589921,6.750155989720952e-14,0.6,0.6,10.276666119016054,10.276666119016054,True,True
"[[0,1,1],[1,0,0],[1,0,1]]",5,9.229002821013388,9.229002821013358,3.019806626980426e-14,0.6,0.6,10.276666119016054,10.276666119016054,False,False
"[[0,1,1],[1,0,0],[0,1,1]]",5,12.734969539531408,12.734969539531305,1.0302869668521453e-13,0.6,0.6,10.276666119016054,10.276666119016054,True,True
"[[0,1,1],[1,0,0],[0,0,2]]",5,11.458237431898425,11.458237431898393,3.197442310920451e-14,0.6,0.6,10.276666119016054,10.276666119016054,True,True
"[[0,1,1],[1,1,0],[1,0,0]]",5,8.629002821013387,8.629002821013323,6.394884621840902e-14,0.6,0.6,10.276666119016054,10.276666119016054,False,False
"[[0,1,1],[1,1,0],[0,0,1]]",5,9.471943070778533,9.471943070778467,6.572520305780927e-14,0.6,0.6,10.276666119016054,10.276666119016054,False,False
"[[0,1,1],[1,2,0],[0,0,0]]",5,8.348694927013987,8.348694927013886,1.0125233984581428e-13,0.6,0.6,9.912023005428145,9.912023005428145,False,False
"[[0,1,0],[1,3,0],[0,0,0]]",5,4.705685808966483,4.705685808966349,1.341149413747189e-13,0.6,0.6,9.701301974112493,9.701301974112493,False,False
"[[0,1,0],[0,4,0],[0,0,0]]",5,6.589792095051846,6.589792095051639,2.0694557179012918e-13,0.6,0.6,9.701301974112493,9.701301974112493,False,False
"[[0,1,0],[0,3,1],[0,0,0]]",5,6.1239902036351905,6.1239902036350555,1.3500311979441904e-13,0.6,0.6,9.701301974112493,9.701301974112493,False,False
"[[0,1,0],[0,2,1],[1,0,0]]",5,6.220848027460841,6.22084802746074,1.0125233984581428e-13,0.6,0.6,10.147589076740912,10.147589076740912,False,False
"[[0,1,0],[0,2,1],[0,1,0]]",5,9.72681474597886,9.726814745978688,1.723066134218243e-13,0.6,0.6,10.147589076740912,10.147589076740912,False,False
"[[0,1,0],[0,2,1],[0,0,1]]",5,7.063788277225985,7.063788277225885,1.0036416142611415e-13,0.6,0.6,10.147589076740912,10.147589076740912,False,False
"[[0,2,0],[0,1,1],[1,0,0]]",5,10.22542703464697,10.225427034646833,1.3677947663381929e-13,0.6,0.6,10.276666119016054,10.276666119016054,False,False
"[[0,1,1],[0,1,1],[1,0,0]]",5,10.047307215682096,10.04730721568203,6.572520305780927e-14,0.6,0.6,10.276666119016054,10.276666119016054,False,False
"[[0,1,0],[1,1,1],[0,1,0]]",5,8.70575467724884,8.70575467724874,1.0125233984581428e-13,0.6,0.6,10.147589076740912,10.147589076740912,False,False
"[[0,1,0],[0,1,2],[0,1,0]]",5,11.510353433037439,11.510353433037338,1.0125233984581428e-13,0.6,0.6,10.147589076740912,10.147589076740912,True,True
"[[0,1,0],[0,1,1],[1,0,1]]",5,5.957801810105497,5.9578018101054315,6.572520305780927e-14,0.6,0.6,10.276666119016054,10.276666119016054,False,False
"[[0,1,0],[0,1,1],[0,1,1]]",5,9.463768528623518,9.46376852862338,1.3855583347321954e-13,0.6,0.6,10.276666119016054,10.276666119016054,False,False
"[[0,1,0],[0,1,1],[0,0,2]]",5,8.187036420990534,8.187036420990466,6.750155989720952e-14,0.6,0.6,10.276666119016054,10.276666119016054,False,False
"[[0,2,0],[0,0,2],[1,0,0]]",5,13.39526008282544,13.395260082825374,6.572520305780927e-14,0.6,0.6,10.276666119016054,10.276666119016054,True,True
"[[0,1,1],[0,0,1],[2,0,0]]",5,11.19066132703684,11.19066132703681,3.019806626980426e-14,0.6,0.6,10.276666119016054,10.276666119016054,True,True
"[[0,1,1],[0,0,1],[1,1,0]]",5,13.310333684434973,13.310333684434868,1.0480505352461478e-13,0.6,0.6,10.276666119016054,10.276666119016054,True,True
"[[0,1,1],[0,0,1],[1,0,1]]",5,10.647307215682098,10.647307215682064,3.375077994860476e-14,0.6,0.6,10.276666119016054,10.276666119016054,True,True
"[[0,1,0],[0,0,2],[1,1,0]]",5,11.79066132703684,11.790661327036776,6.394884621840902e-14,0.6,0.6,10.276666119016054,10.276666119016054,True,True
"[[0,1,0],[0,0,2],[0,2,0]]",5,16.682922406674752,16.682922406674614,1.3855583347321954e-13,0.6,0.6,10.276666119016054,10.276666119016054,True,True
"[[0,1,0],[0,0,2],[0,1,1]]",5,12.633601576801986,12.63360157680192,6.572520305780927e-14,0.6,0.6,10.276666119016054,10.276666119016054,True,True
"[[0,2,0],[0,0,1],[1,0,1]]",5,10.825427034646971,10.825427034646866,1.0480505352461478e-13,0.6,0.6,10.276666119016054,10.276666119016054,True,True
"[[0,1,0],[1,0,1],[0,1,1]]",5,9.829002821013388,9.829002821013322,6.572520305780927e-14,0.6,0.6,10.276666119016054,10.276666119016054,False,False
"[[0,1,0],[0,0,1],[1,0,2]]",5,7.42084802746084,7.420848027460808,3.197442310920451e-14,0.6,0.6,10.147589076740912,10.147589076740912,False,False
"[[0,1,0],[0,0,1],[0,1,2]]",5,10.926814745978861,10.926814745978756,1.0480505352461478e-13,0.6,0.6,10.147589076740912,10.147589076740912,True,True
"[[0,1,0],[0,0,1],[0,0,3]]",5,10.173330782110424,10.173330782110392,3.197442310920451e-14,0.6,0.6,10.147589076740912,10.147589076740912,True,True
"[[0,1,1],[0,2,0],[1,0,0]]",5,9.650062889743408,9.650062889743271,1.3677947663381929e-13,0.6,0.6,10.276666119016054,10.276666119016054,False,False
"[[0,1,2],[0,0,0],[2,0,0]]",5,13.573379901790315,13.573379901790245,6.927791673660977e-14,0.6,0.6,9.912023005428146,9.912023005428145,True,True
"[[0,0,3],[0,0,0],[2,0,0]]",5,16.691096948829767,16.69109694882977,3.552713678800501e-15,0.6,0.6,9.912023005428146,9.912023005428145,True,True
"[[0,0,2],[1,0,0],[1,1,0]]",5,14.486498193041168,14.48649819304114,2.842170943040401e-14,0.6,0.6,10.276666119016054,10.276666119016054,True,True
"[[0,0,2],[0,1,0],[1,1,0]]",5,14.121263900651298,14.121263900651197,1.0125233984581428e-13,0.6,0.6,10.276666119016054,10.276666119016054,True,True
"[[0,0,2],[0,0,1],[1,1,0]]",5,15.904802587709877,15.904802587709847,3.019806626980426e-14,0.6,0.6,10.276666119016054,10.276666119016054,True,True
"[[0,0,2],[0,0,0],[2,0,1]]",5,10.692049038368731,10.692049038368735,3.552713678800501e-15,0.6,0.6,9.912023005428146,9.912023005428145,True,True
"[[0,0,2],[0,0,0],[1,1,1]]",5,12.81172139576686,12.811721395766792,6.750155989720952e-14,0.6,0.6,9.912023005428146,9.912023005428145,True,True
"[[0,0,2],[0,0,0],[1,0,2]]",5,11.534989288133877,11.534989288133879,1.7763568394002505e-15,0.6,0.6,9.912023005428146,9.912023005428145,True,True
"[[0,0,2],[1,0,0],[0,2,0]]",5,19.378759272679083,19.378759272678977,1.0658141036401503e-13,0.6,0.6,10.276666119016054,10.276666119016054,True,True
"[[0,0,2],[1,0,0],[0,1,1]]",5,15.329438442806314,15.329438442806284,3.019806626980426e-14,0.6,0.6,10.276666119016054,10.276666119016054,True,True
"[[0,0,2],[1,1,0],[0,1,0]]",5,14.729438442806316,14.72943844280625,6.572520305780927e-14,0.6,0.6,10.276666119016054,10.276666119016054,True,True
"[[0,0,1],[1,2,0],[0,1,0]]",5,9.516684893465168,9.516684893465069,9.947598300641403e-14,0.6,0.6,10.147589076740912,10.147589076740912,False,False
"[[0,0,1],[0,3,0],[0,1,0]]",5,11.060993105959737,11.060993105959565,1.723066134218243e-13,0.6,0.6,10.147589076740912,10.147589076740912,True,True
"[[0,0,1],[0,2,1],[0,1,0]]",5,10.934989288133877,10.934989288133776,1.0125233984581428e-13,0.6,0.6,10.147589076740912,10.147589076740912,True,True
"[[0,0,1],[0,1,1],[1,1,0]]",5,9.829002821013388,9.829002821013322,6.572520305780927e-14,0.6,0.6,10.276666119016054,10.276666119016054,False,False
"[[0,0,1],[0,1,1],[0,2,0]]",5,14.721263900651298,14.721263900651161,1.3677947663381929e-13,0.6,0.6,10.276666119016054,10.276666119016054,True,True
"[[0,0,1],[0,1,1],[0,1,1]]",5,10.671943070778534,10.671943070778468,6.572520305780927e-14,0.6,0.6,10.276666119016054,10.276666119016054,True,True
"[[0,0,1],[1,0,1],[0,2,0]]",5,15.08649819304117,15.086498193041104,6.572520305780927e-14,0.6,0.6,10.276666119016054,10.276666119016054,True,True
"[[0,0,1],[0,0,2],[0,2,0]]",5,17.89109694882977,17.891096948829702,6.750155989720952e-14,0.6,0.6,10.276666119016054,10.276666119016054,True,True
"[[0,0,1],[0,0,1],[1,1,1]]",5,9.90575467724884,9.90575467724881,3.019806626980426e-14,0.6,0.6,10.147589076740912,10.147589076740912,False,False
"[[0,0,1],[0,0,1],[0,2,1]]",5,14.798015756886752,14.798015756886647,1.0480505352461478e-13,0.6,0.6,10.147589076740912,10.147589076740912,True,True
"[[0,0,1],[0,0,1],[0,1,2]]",5,12.134989288133877,12.134989288133845,3.197442310920451e-14,0.6,0.6,10.147589076740912,10.147589076740912,True,True
"[[0,1,1],[0,1,0],[1,0,1]]",5,8.863768528623517,8.863768528623414,1.0302869668521453e-13,0.6,0.6,10.276666119016054,10.276666119016054,False,False
"[[0,0,1],[1,1,0],[0,1,1]]",5,9.253638676109826,9.25363867610976,6.572520305780927e-14,0.6,0.6,10.276666119016054,10.276666119016054,False,False
"[[0,0,1],[0,2,0],[0,1,1]]",5,10.274698744839847,10.274698744839707,1.4033219031261979e-13,0.6,0.6,10.276666119016054,10.276666119016054,False,False
"[[0,1,1],[0,0,0],[1,0,2]]",5,8.94052038485897,8.9405203848589,7.105427357601002e-14,0.6,0.6,9.912023005428146,9.912023005428145,False,False
"[[0,0,1],[1,0,0],[0,1,2]]",5,10.716684893465168,10.716684893465137,3.019806626980426e-14,0.6,0.6,10.147589076740912,10.147589076740912,True,True
"[[0,0,1],[0,1,0],[0,1,2]]",5,10.351450601075298,10.351450601075195,1.0302869668521453e-13,0.6,0.6,10.147589076740912,10.147589076740912,True,True
"[[0,0,1],[0,0,0],[1,0,3]]",5,7.105685808966483,7.105685808966486,2.6645352591003757e-15,0.6,0.6,9.701301974112495,9.701301974112493,False,False
"[[0,0,1],[0,0,0],[0,1,3]]",5,10.611652527484505,10.611652527484434,7.105427357601002e-14,0.6,0.6,9.701301974112495,9.701301974112493,True,True
"[[0,0,1],[0,0,0],[0,0,4]]",5,10.197966637206862,10.197966637206864,1.7763568394002505e-15,0.6,0.6,9.701301974112495,9.701301974112493,True,True
"[[6,0,0],[0,0,0],[0,0,0]]",6,0.05467740732883065,0.054677407328833263,2.615963001773025e-15,1.0,1.0,9.465735902799727,9.465735902799727,False,False
"[[5,1,0],[0,0,0],[0,0,0]]",6,1.5081170881800707,1.5081170881800061,6.461498003318411e-14,0.6,0.6,9.465735902799727,9.465735902799727,False,False
"[[5,0,1],[0,0,0],[0,0,0]]",6,2.7162916303350872,2.7162916303350944,7.105427357601002e-15,0.6,0.6,9.465735902799727,9.465735902799727,False,False
"[[4,1,0],[1,0,0],[0,0,0]]",6,2.6747065160768297,2.6747065160768027,2.708944180085382e-14,0.6,0.6,10.00960333376701,10.00960333376701,False,False
"[[4,1,0],[0,1,0],[0,0,0]]",6,2.309472223686959,2.3094722236868597,9.947598300641403e-14,0.6,0.6,10.00960333376701,10.00960333376701,False,False
"[[4,1,0],[0,0,1],[0,0,0]]",6,4.093010910745538,4.09301091074551,2.842170943040401e-14,0.6,0.6,10.00960333376701,10.00960333376701,False,False
"[[4,0,1],[0,0,0],[1,0,0]]",6,3.2747065160768303,3.2747065160768374,7.105427357601002e-15,0.6,0.6,10.00960333376701,10.00960333376701,False,False
"[[4,0,1],[0,0,0],[0,1,0]]",6,6.780673234594851,6.780673234594785,6.661338147750939e-14,0.6,0.6,10.00960333376701,10.00960333376701,False,False
"[[4,0,1],[0,0,0],[0,0,1]]",6,4.117646765841976,4.117646765841982,6.217248937900877e-15,0.6,0.6,10.00960333376701,10.00960333376701,False,False
"[[3,2,0],[1,0,0],[0,0,0]]",6,5.892991162143069,5.8929911621429705,9.85878045867139e-14,0.6,0.6,10.00960333376701,10.00960333376701,False,False
"[[3,1,1],[1,0,0],[0,0,0]]",6,5.714871343178196,5.714871343178168,2.7533531010703882e-14,0.6,0.6,10.00960333376701,10.00960333376701,False,False
"[[3,1,0],[1,1,0],[0,0,0]]",6,2.1410836941726448,2.1410836941725826,6.217248937900877e-14,0.6,0.6,10.276666119016054,10.276666119016054,False,False
"[[3,1,0],[0,2,0],[0,0,0]]",6,3.162143762902665,3.16214376290253,1.3500311979441904e-13,0.6,0.6,10.276666119016054,10.276666119016054,False,False
"[[3,1,0],[0,1,1],[0,0,0]]",6,3.559388088841353,3.5593880888412897,6.350475700855895e-14,0.6,0.6,10.276666119016054,10.276666119016054,False,False
"[[3,1,0],[0,0,1],[1,0,0]]",6,4.702742200196099,4.70274220019607,2.842170943040401e-14,0.6,0.6,10.512232190328822,10.512232190328822,False,False
"[[3,1,0],[0,0,1],[0,1,0]]",6,8.20870891871412,8.208708918714017,1.0302869668521453e-13,0.6,0.6,10.512232190328822,10.512232190328822,False,False
"[[3,1,0],[0,0,1],[0,0,1]]",6,5.5456824499612445,5.545682449961214,3.019806626980426e-14,0.6,0.6,10.512232190328822,10.512232190328822,False,False
"[[3,1,1],[0,0,0],[1,0,0]]",6,5.10669680102318,5.106696801023115,6.483702463810914e-14,0.6,0.6,10.00960333376701,10.00960333376701,False,False
"[[3,0,2],[0,0,0],[1,0,0]]",6,7.701165704298086,7.701165704298093,7.105427357601002e-15,0.6,0.6,10.00960333376701,10.00960333376701,False,False
"[[3,0,1],[1,0,0],[0,1,0]]",6,7.998579066200427,7.998579066200398,2.842170943040401e-14,0.6,0.6,10.512232190328822,10.512232190328822,False,False
"[[3,0,1],[0,1,0],[0,1,0]]",6,7.633344773810557,7.633344773810455,1.021405182655144e-13,0.6,0.6,10.512232190328822,10.512232190328822,False,False
"[[3,0,1],[0,0,1],[0,1,0]]",6,9.416883460869133,9.416883460869105,2.842170943040401e-14,0.6,0.6,10.512232190328822,10.512232190328822,False,False
"[[3,0,1],[0,0,0],[1,0,1]]",6,3.341083694172646,3.341083694172651,5.329070518200751e-15,0.6,0.6,10.276666119016054,10.276666119016054,False,False
"[[3,0,1],[0,0,0],[0,1,1]]",6,6.847050412690666,6.847050412690599,6.661338147750939e-14,0.6,0.6,10.276666119016054,10.276666119016054,False,False
"[[3,0,1],[0,0,0],[0,0,2]]",6,5.570318305057682,5.570318305057686,4.440892098500626e-15,0.6,0.6,10.276666119016054,10.276666119016054,False,False
"[[2,2,0],[2,0,0],[0,0,0]]",6,7.45069506733944,7.450695067339378,6.217248937900877e-14,0.6,0.6,10.276666119016054,10.276666119016054,False,False
"[[2,2,0],[1,1,0],[0,0,0]]",6,5.699166413829679,5.699166413829545,1.341149413747189e-13,0.6,0.6,10.276666119016054,10.276666119016054,False,False
"[[2,2,0],[1,0,1],[0,0,0]]",6,7.482705100888258,7.482705100888195,6.306066779870889e-14,0.6,0.6,10.276666119016054,10.276666119016054,False,False
"[[2,1,1],[1,0,0],[1,0,0]]",6,6.66440070621955,6.6644007062195225,2.7533531010703882e-14,0.6,0.6,10.512232190328822,10.512232190328822,False,False
"[[2,1,1],[1,0,0],[0,1,0]]",6,10.17036742473757,10.17036742473747,9.947598300641403e-14,0.6,0.6,10.512232190328822,10.512232190328822,False,False
"[[2,1,1],[1,0,0],[0,0,1]]",6,7.507340955984696,7.507340955984667,2.930988785010413e-14,0.6,0.6,10.512232190328822,10.512232190328822,False,False
"[[2,1,1],[1,1,0],[0,0,0]]",6,5.5210465948648055,5.5210465948647425,6.306066779870889e-14,0.6,0.6,10.276666119016054,10.276666119016054,False,False
"[[2,1,0],[1,2,0],[0,0,0]]",6,2.5576336239988917,2.557633623998795,9.681144774731365e-14,0.6,0.6,10.358310108056566,10.358310108056566,False,False
"[[2,1,0],[0,3,0],[0,0,0]]",6,4.1019418364934594,4.10194183649329,1.6964207816272392e-13,0.6,0.6,10.358310108056566,10.358310108056566,False,False
"[[2,1,0],[0,2,1],[0,0,0]]",6,3.975938018667599,3.9759380186675015,9.769962616701378e-14,0.6,0.6,10.358310108056566,10.358310108056566,False,False
"[[2,1,0],[0,1,1],[1,0,0]]",6,4.256245912667002,4.256245912666939,6.306066779870889e-14,0.6,0.6,10.722953221644474,10.722953221644474,False,False
"[[2,1,0],[0,1,1],[0,1,0]]",6,7.762212631185022,7.762212631184887,1.3500311979441904e-13,0.6,0.6,10.722953221644474,10.722953221644474,False,False
"[[2,1,0],[0,1,1],[0,0,1]]",6,5.099186162432147,5.099186162432084,6.306066779870889e-14,0.6,0.6,10.722953221644474,10.722953221644474,False,False
"[[2,2,0],[0,0,1],[1,0,0]]",6,8.260824919853132,8.260824919853032,9.947598300641403e-14,0.6,0.6,10.512232190328822,10.512232190328822,False,False
"[[2,1,1],[0,0,1],[1,0,0]]",6,8.082705100888258,8.08270510088823,2.842170943040401e-14,0.6,0.6,10.512232190328822,10.512232190328822,False,False
"[[2,1,0],[1,0,1],[0,1,0]]",6,8.127446923574894,8.12744692357483,6.394884621840902e-14,0.6,0.6,10.722953221644474,10.722953221644474,False,False
"[[2,1,0],[0,0,2],[0,1,0]]",6,10.932045679363492,10.932045679363428,6.394884621840902e-14,0.6,0.6,10.722953221644474,10.722953221644474,True,True
"[[2,1,0],[0,0,1],[1,0,1]]",6,4.856245912667003,4.8562459126669735,2.930988785010413e-14,0.6,0.6,10.722953221644474,10.722953221644474,False,False
"[[2,1,0],[0,0,1],[0,1,1]]",6,8.362212631185022,8.36221263118492,1.0125233984581428e-13,0.6,0.6,10.722953221644474,10.722953221644474,False,False
"[[2,1,0],[0,0,1],[0,0,2]]",6,7.0854805235520395,7.085480523552009,3.019806626980426e-14,0.6,0.6,10.722953221644474,10.722953221644474,False,False
"[[2,1,1],[0,1,0],[1,0,0]]",6,6.29916641382968,6.299166413829579,1.0125233984581428e-13,0.6,0.6,10.512232190328822,10.512232190328822,False,False
"[[2,0,2],[0,0,0],[2,0,0]]",6,8.650695067339441,8.650695067339447,5.329070518200751e-15,0.6,0.6,10.276666119016054,10.276666119016054,False,False
"[[2,0,2],[0,0,0],[1,1,0]]",6,10.770367424737572,10.770367424737504,6.750155989720952e-14,0.6,0.6,10.276666119016054,10.276666119016054,True,True
"[[2,0,2],[0,0,0],[1,0,1]]",6,8.107340955984697,8.107340955984702,5.329070518200751e-15,0.6,0.6,10.276666119016054,10.276666119016054,False,False
"[[2,0,2],[1,0,0],[0,1,0]]",6,12.764836328012478,12.764836328012448,3.019806626980426e-14,0.6,0.6,10.512232190328822,10.512232190328822,True,True
"[[2,0,1],[1,1,0],[0,1,0]]",6,7.5520827786713305,7.552082778671267,6.306066779870889e-14,0.6,0.6,10.722953221644474,10.722953221644474,False,False
"[[2,0,1],[0,2,0],[0,1,0]]",6,8.573142847401352,8.573142847401215,1.3677947663381929e-13,0.6,0.6,10.722953221644474,10.722953221644474,False,False
"[[2,0,1],[0,1,1],[0,1,0]]",6,8.97038717334004,8.970387173339974,6.572520305780927e-14,0.6,0.6,10.722953221644474,10.722953221644474,False,False
"[[2,0,1],[0,0,1],[1,1,0]]",6,8.727446923574893,8.727446923574863,3.019806626980426e-14,0.6,0.6,10.722953221644474,10.722953221644474,False,False
"[[2,0,1],[0,0,1],[0,2,0]]",6,13.619708003212804,13.619708003212702,1.0125233984581428e-13,0.6,0.6,10.722953221644474,10.722953221644474,True,True
"[[2,0,1],[0,0,1],[0,1,1]]",6,9.57038717334004,9.57038717334001,3.019806626980426e-14,0.6,0.6,10.722953221644474,10.722953221644474,False,False
"[[2,1,1],[0,0,0],[1,0,1]]",6,5.512872052709789,5.512872052709723,6.661338147750939e-14,0.6,0.6,10.276666119016054,10.276666119016054,False,False
"[[2,0,1],[1,0,0],[0,1,1]]",6,8.152082778671332,8.152082778671302,3.019806626980426e-14,0.6,0.6,10.722953221644474,10.722953221644474,False,False
"[[2,0,1],[0,1,0],[0,1,1]]",6,7.78684848628146,7.786848486281358,1.021405182655144e-13,0.6,0.6,10.722953221644474,10.722953221644474,False,False
"[[2,0,1],[0,0,0],[1,0,2]]",6,4.357633623998892,4.357633623998897,4.440892098500626e-15,0.6,0.6,10.358310108056566,10.358310108056566,False,False
"[[2,0,1],[0,0,0],[0,1,2]]",6,7.863600342516912,7.863600342516845,6.661338147750939e-14,0.6,0.6,10.358310108056566,10.358310108056566,False,False
"[[2,0,1],[0,0,0],[0,0,3]]",6,7.110116378648478,7.110116378648481,3.552713678800501e-15,0.6,0.6,10.358310108056566,10.358310108056566,False,False
"[[1,3,0],[2,0,0],[0,0,0]]",6,12.05527407452557,12.055274074525435,1.3500311979441904e-13,0.6,0.6,10.276666119016054,10.276666119016054,True,True
"[[1,2,1],[2,0,0],[0,0,0]]",6,11.35390611179615,11.353906111796086,6.394884621840902e-14,0.6,0.6,10.276666119016054,10.276666119016054,True,True
"[[1,2,0],[2,1,0],[0,0,0]]",6,7.004198779810344,7.004198779810247,9.681144774731365e-14,0.6,0.6,10.358310108056566,10.358310108056566,False,False
"[[1,2,0],[1,2,0],[0,0,0]]",6,6.6389644874204725,6.638964487420304,1.687538997430238e-13,0.6,0.6,10.358310108056566,10.358310108056566,False,False
"[[1,2,0],[1,1,1],[0,0,0]]",6,7.036208813359162,7.036208813359064,9.769962616701378e-14,0.6,0.6,10.358310108056566,10.358310108056566,False,False
"[[1,2,0],[1,0,1],[1,0,0]]",6,8.702811068478454,8.702811068478391,6.217248937900877e-14,0.6,0.6,10.722953221644474,10.722953221644474,False,False
"[[1,2,0],[1,0,1],[0,1,0]]",6,12.208777786996476,12.20877778699634,1.3677947663381929e-13,0.6,0.6,10.722953221644474,10.722953221644474,True,True
"[[1,2,0],[1,0,1],[0,0,1]]",6,9.5457513182436,9.545751318243536,6.394884621840902e-14,0.6,0.6,10.722953221644474,10.722953221644474,False,False
"[[1,2,1],[1,0,0],[1,0,0]]",6,10.745731569641134,10.745731569641032,1.0125233984581428e-13,0.6,0.6,10.512232190328822,10.512232190328822,True,True
"[[1,1,2],[1,0,0],[1,0,0]]",6,11.953906111796147,11.95390611179612,2.6645352591003757e-14,0.6,0.6,10.512232190328822,10.512232190328822,True,True
"[[1,1,1],[2,0,0],[0,1,0]]",6,11.998647934482783,11.99864793448272,6.217248937900877e-14,0.6,0.6,10.722953221644474,10.722953221644474,True,True
"[[1,1,1],[1,1,0],[0,1,0]]",6,10.24711928097302,10.247119280972887,1.3322676295501878e-13,0.6,0.6,10.722953221644474,10.722953221644474,False,False
"[[1,1,1],[1,0,1],[0,1,0]]",6,12.030657968031601,12.030657968031537,6.394884621840902e-14,0.6,0.6,10.722953221644474,10.722953221644474,True,True
"[[1,1,1],[1,0,0],[1,0,1]]",6,7.341152562455003,7.341152562454973,2.930988785010413e-14,0.6,0.6,10.722953221644474,10.722953221644474,False,False
"[[1,1,1],[1,0,0],[0,1,1]]",6,10.847119280973022,10.84711928097292,1.0125233984581428e-13,0.6,0.6,10.722953221644474,10.722953221644474,True,True
"[[1,1,1],[1,0,0],[0,0,2]]",6,9.570387173340038,9.57038717334001,2.842170943040401e-14,0.6,0.6,10.722953221644474,10.722953221644474,False,False
"[[1,1,1],[1,1,0],[1,0,0]]",6,6.741152562455003,6.741152562454939,6.394884621840902e-14,0.6,0.6,10.722953221644474,10.722953221644474,False,False
"[[1,1,1],[1,1,0],[0,0,1]]",6,7.584092812220149,7.584092812220084,6.483702463810914e-14,0.6,0.6,10.722953221644474,10.722953221644474,False,False
"[[1,1,1],[1,2,0],[0,0,0]]",6,6.4608446684556,6.460844668455501,9.85878045867139e-14,0.6,0.6,10.358310108056566,10.358310108056566,False,False
"[[1,1,0],[1,3,0],[0,0,0]]",6,3.341083694172645,3.3410836941725126,1.3233858453531866e-13,0.6,0.6,10.276666119016054,10.276666119016054,False,False
"[[1,1,0],[0,4,0],[0,0,0]]",6,5.2251899802580075,5.225189980257802,2.0516921495072893e-13,0.6,0.6,10.276666119016054,10.276666119016054,False,False
"[[1,1,0],[0,3,1],[0,0,0]]",6,4.7593880888413524,4.759388088841219,1.3322676295501878e-13,0.6,0.6,10.276666119016054,10.276666119016054,False,False
"[[1,1,0],[0,2,1],[1,0,0]]",6,4.856245912667003,4.856245912666903,9.947598300641403e-14,0.6,0.6,10.722953221644474,10.722953221644474,False,False
"[[1,1,0],[0,2,1],[0,1,0]]",6,8.362212631185022,8.362212631184851,1.7053025658242404e-13,0.6,0.6,10.722953221644474,10.722953221644474,False,False
"[[1,1,0],[0,2,1],[0,0,1]]",6,5.699186162432149,5.699186162432048,1.0036416142611415e-13,0.6,0.6,10.722953221644474,10.722953221644474,False,False
"[[1,2,0],[0,1,1],[1,0,0]]",6,8.337576776088586,8.337576776088449,1.3677947663381929e-13,0.6,0.6,10.722953221644474,10.722953221644474,False,False
"[[1,1,1],[0,1,1],[1,0,0]]",6,8.15945695712371,8.159456957123647,6.394884621840902e-14,0.6,0.6,10.722953221644474,10.722953221644474,False,False
"[[1,1,0],[1,1,1],[0,1,0]]",6,7.341152562455003,7.341152562454904,9.85878045867139e-14,0.6,0.6,10.722953221644474,10.722953221644474,False,False
"[[1,1,0],[0,1,2],[0,1,0]]",6,10.145751318243601,10.145751318243502,9.947598300641403e-14,0.6,0.6,10.722953221644474,10.722953221644474,False,False
"[[1,1,0],[0,1,1],[1,0,1]]",6,4.59319969531166,4.593199695311595,6.483702463810914e-14,0.6,0.6,10.852030263919616,10.852030263919616,False,False
"[[1,1,0],[0,1,1],[0,1,1]]",6,8.099166413829678,8.099166413829543,1.3500311979441904e-13,0.6,0.6,10.852030263919616,10.852030263919616,False,False
"[[1,1,0],[0,1,1],[0,0,2]]",6,6.822434306196696,6.82243430619663,6.572520305780927e-14,0.6,0.6,10.852030263919616,10.852030263919616,False,False
"[[1,2,0],[0,0,2],[1,0,0]]",6,11.507409824267054,11.50740982426699,6.394884621840902e-14,0.6,0.6,10.722953221644474,10.722953221644474,True,True
"[[1,1,1],[0,0,1],[2,0,0]]",6,9.302811068478455,9.302811068478427,2.842170943040401e-14,0.6,0.6,10.722953221644474,10.722953221644474,False,False
"[[1,1,1],[0,0,1],[1,1,0]]",6,11.422483425876585,11.422483425876484,1.0125233984581428e-13,0.6,0.6,10.722953221644474,10.722953221644474,True,True
"[[1,1,1],[0,0,1],[1,0,1]]",6,8.75945695712371,8.75945695712368,3.019806626980426e-14,0.6,0.6,10.722953221644474,10.722953221644474,False,False
"[[1,1,0],[0,0,2],[1,1,0]]",6,10.426059212243002,10.42605921224294,6.217248937900877e-14,0.6,0.6,10.852030263919616,10.852030263919616,False,False
"[[1,1,0],[0,0,2],[0,2,0]]",6,15.318320291880916,15.318320291880777,1.3855583347321954e-13,0.6,0.6,10.852030263919616,10.852030263919616,True,True
"[[1,1,0],[0,0,2],[0,1,1]]",6,11.268999462008148,11.268999462008084,6.394884621840902e-14,0.6,0.6,10.852030263919616,10.852030263919616,True,True
"[[1,2,0],[0,0,1],[1,0,1]]",6,8.937576776088585,8.937576776088482,1.0302869668521453e-13,0.6,0.6,10.722953221644474,10.722953221644474,False,False
"[[1,1,0],[1,0,1],[0,1,1]]",6,8.46440070621955,8.464400706219486,6.394884621840902e-14,0.6,0.6,10.852030263919616,10.852030263919616,False,False
"[[1,1,0],[0,0,1],[1,0,2]]",6,6.056245912667002,6.056245912666972,3.019806626980426e-14,0.6,0.6,10.722953221644474,10.722953221644474,False,False
"[[1,1,0],[0,0,1],[0,1,2]]",6,9.562212631185023,9.56221263118492,1.0302869668521453e-13,0.6,0.6,10.722953221644474,10.722953221644474,False,False
"[[1,1,0],[0,0,1],[0,0,3]]",6,8.808728667316586,8.808728667316556,3.019806626980426e-14,0.6,0.6,10.722953221644474,10.722953221644474,False,False
"[[1,1,1],[0,2,0],[1,0,0]]",6,7.762212631185022,7.7622126311848865,1.3589129821411916e-13,0.6,0.6,10.722953221644474,10.722953221644474,False,False
"[[1,1,2],[0,0,0],[2,0,0]]",6,11.345731569641135,11.345731569641067,6.750155989720952e-14,0.6,0.6,10.276666119016054,10.276666119016054,True,True
"[[1,0,3],[0,0,0],[2,0,0]]",6,14.463448616680587,14.463448616680594,7.105427357601002e-15,0.6,0.6,10.276666119016054,10.276666119016054,True,True
"[[1,0,2],[1,0,0],[1,1,0]]",6,12.598647934482784,12.598647934482754,3.019806626980426e-14,0.6,0.6,10.722953221644474,10.722953221644474,True,True
"[[1,0,2],[0,1,0],[1,1,0]]",6,12.233413642092913,12.233413642092811,1.0125233984581428e-13,0.6,0.6,10.722953221644474,10.722953221644474,True,True
"[[1,0,2],[0,0,1],[1,1,0]]",6,14.016952329151493,14.016952329151461,3.197442310920451e-14,0.6,0.6,10.722953221644474,10.722953221644474,True,True
"[[1,0,2],[0,0,0],[2,0,1]]",6,8.804198779810346,8.80419877981035,3.552713678800501e-15,0.6,0.6,10.358310108056566,10.358310108056566,False,False
"[[1,0,2],[0,0,0],[1,1,1]]",6,10.923871137208476,10.923871137208407,6.927791673660977e-14,0.6,0.6,10.358310108056566,10.358310108056566,True,True
"[[1,0,2],[0,0,0],[1,0,2]]",6,9.647139029575492,9.647139029575493,1.7763568394002505e-15,0.6,0.6,10.358310108056566,10.358310108056566,False,False
"[[1,0,2],[1,0,0],[0,2,0]]",6,17.490909014120696,17.490909014120593,1.0302869668521453e-13,0.6,0.6,10.722953221644474,10.722953221644474,True,True
"[[1,0,2],[1,0,0],[0,1,1]]",6,13.44158818424793,13.441588184247898,3.197442310920451e-14,0.6,0.6,10.722953221644474,10.722953221644474,True,True
"[[1,0,2],[1,1,0],[0,1,0]]",6,12.841588184247929,12.841588184247865,6.394884621840902e-14,0.6,0.6,10.722953221644474,10.722953221644474,True,True
"[[1,0,1],[1,2,0],[0,1,0]]",6,8.152082778671332,8.152082778671232,9.947598300641403e-14,0.6,0.6,10.722953221644474,10.722953221644474,False,False
"[[1,0,1],[0,3,0],[0,1,0]]",6,9.696390991165899,9.696390991165728,1.7053025658242404e-13,0.6,0.6,10.722953221644474,10.722953221644474,False,False
"[[1,0,1],[0,2,1],[0,1,0]]",6,9.57038717334004,9.57038717333994,9.947598300641403e-14,0.6,0.6,10.722953221644474,10.722953221644474,False,False
"[[1,0,1],[0,1,1],[1,1,0]]",6,8.46440070621955,8.464400706219486,6.394884621840902e-14,0.6,0.6,10.852030263919616,10.852030263919616,False,False
"[[1,0,1],[0,1,1],[0,2,0]]",6,13.356661785857462,13.356661785857325,1.3677947663381929e-13,0.6,0.6,10.852030263919616,10.852030263919616,True,True
"[[1,0,1],[0,1,1],[0,1,1]]",6,9.307340955984696,9.307340955984632,6.394884621840902e-14,0.6,0.6,10.852030263919616,10.852030263919616,False,False
"[[1,0,1],[1,0,1],[0,2,0]]",6,13.72189607824733,13.721896078247267,6.217248937900877e-14,0.6,0.6,10.852030263919616,10.852030263919616,True,True
"[[1,0,1],[0,0,2],[0,2,0]]",6,16.52649483403593,16.526494834035866,6.394884621840902e-14,0.6,0.6,10.852030263919616,10.852030263919616,True,True
"[[1,0,1],[0,0,1],[1,1,1]]",6,8.541152562455004,8.541152562454972,3.197442310920451e-14,0.6,0.6,10.722953221644474,10.722953221644474,False,False
"[[1,0,1],[0,0,1],[0,2,1]]",6,13.433413642092916,13.433413642092809,1.0658141036401503e-13,0.6,0.6,10.722953221644474,10.722953221644474,True,True
"[[1,0,1],[0,0,1],[0,1,2]]",6,10.770387173340039,10.770387173340009,3.019806626980426e-14,0.6,0.6,10.722953221644474,10.722953221644474,True,True
"[[1,1,1],[0,1,0],[1,0,1]]",6,6.975918270065133,6.97591827006503,1.0302869668521453e-13,0.6,0.6,10.722953221644474,10.722953221644474,False,False
"[[1,0,1],[1,1,0],[0,1,1]]",6,7.889036561315987,7.889036561315924,6.306066779870889e-14,0.6,0.6,10.852030263919616,10.852030263919616,False,False
"[[1,0,1],[0,2,0],[0,1,1]]",6,8.91009663004601,8.91009663004587,1.3855583347321954e-13,0.6,0.6,10.852030263919616,10.852030263919616,False,False
"[[1,1,1],[0,0,0],[1,0,2]]",6,7.052670126300585,7.052670126300517,6.838973831690964e-14,0.6,0.6,10.358310108056566,10.358310108056566,False,False
"[[1,0,1],[1,0,0],[0,1,2]]",6,9.352082778671331,9.352082778671301,3.019806626980426e-14,0.6,0.6,10.722953221644474,10.722953221644474,False,False
"[[1,0,1],[0,1,0],[0,1,2]]",6,8.98684848628146,8.986848486281357,1.0302869668521453e-13,0.6,0.6,10.722953221644474,10.722953221644474,False,False
"[[1,0,1],[0,0,0],[1,0,3]]",6,5.741083694172645,5.74108369417265,4.440892098500626e-15,0.6,0.6,10.276666119016054,10.276666119016054,False,False
"[[1,0,1],[0,0,0],[0,1,3]]",6,9.247050412690665,9.247050412690596,6.927791673660977e-14,0.6,0.6,10.276666119016054,10.276666119016054,False,False
"[[1,0,1],[0,0,0],[0,0,4]]",6,8.833364522413024,8.833364522413028,3.552713678800501e-15,0.6,0.6,10.276666119016054,10.276666119016054,False,False
"[[0,3,0],[3,0,0],[0,0,0]]",6,15.269848945390674,15.269848945390576,9.769962616701378e-14,0.6,0.6,10.358310108056566,10.358310108056566,True,True
"[[0,3,0],[2,1,0],[0,0,0]]",6,12.995072148116366,12.995072148116193,1.723066134218243e-13,0.6,0.6,10.358310108056566,10.358310108056566,True,True
"[[0,3,0],[2,0,1],[0,0,0]]",6,14.778610835174945,14.778610835174844,1.0125233984581428e-13,0.6,0.6,10.358310108056566,10.358310108056566,True,True
"[[0,2,1],[2,0,0],[1,0,0]]",6,13.960306440506237,13.960306440506171,6.572520305780927e-14,0.6,0.6,10.722953221644474,10.722953221644474,True,True
"[[0,2,1],[2,0,0],[0,1,0]]",6,17.466273159024258,17.46627315902412,1.3855583347321954e-13,0.6,0.6,10.722953221644474,10.722953221644474,True,True
"[[0,2,1],[2,0,0],[0,0,1]]",6,14.803246690271383,14.803246690271317,6.572520305780927e-14,0.6,0.6,10.722953221644474,10.722953221644474,True,True
"[[0,2,1],[2,1,0],[0,0,0]]",6,12.293704185386943,12.293704185386844,9.947598300641403e-14,0.6,0.6,10.358310108056566,10.358310108056566,True,True
"[[0,2,0],[2,2,0],[0,0,0]]",6,8.65069506733944,8.650695067339308,1.3145040611561853e-13,0.6,0.6,10.276666119016054,10.276666119016054,False,False
"[[0,2,0],[1,3,0],[0,0,0]]",6,8.808708918714117,8.808708918713911,2.0605739337042905e-13,0.6,0.6,10.276666119016054,10.276666119016054,False,False
"[[0,2,0],[1,2,1],[0,0,0]]",6,8.682705100888256,8.682705100888123,1.3322676295501878e-13,0.6,0.6,10.276666119016054,10.276666119016054,False,False
"[[0,2,0],[1,1,1],[1,0,0]]",6,9.302811068478455,9.302811068478356,9.947598300641403e-14,0.6,0.6,10.722953221644474,10.722953221644474,False,False
"[[0,2,0],[1,1,1],[0,1,0]]",6,12.808777786996476,12.808777786996304,1.723066134218243e-13,0.6,0.6,10.722953221644474,10.722953221644474,True,True
"[[0,2,0],[1,1,1],[0,0,1]]",6,10.145751318243601,10.145751318243502,9.947598300641403e-14,0.6,0.6,10.722953221644474,10.722953221644474,False,False
"[[0,3,0],[1,0,1],[1,0,0]]",6,14.693684436784476,14.693684436784338,1.3855583347321954e-13,0.6,0.6,10.722953221644474,10.722953221644474,True,True
"[[0,2,1],[1,0,1],[1,0,0]]",6,13.992316474055052,13.992316474054988,6.394884621840902e-14,0.6,0.6,10.722953221644474,10.722953221644474,True,True
"[[0,2,0],[2,0,1],[0,1,0]]",6,14.560306440506235,14.560306440506137,9.769962616701378e-14,0.6,0.6,10.722953221644474,10.722953221644474,True,True
"[[0,2,0],[1,0,2],[0,1,0]]",6,15.978610835174944,15.978610835174845,9.947598300641403e-14,0.6,0.6,10.722953221644474,10.722953221644474,True,True
"[[0,2,0],[1,0,1],[1,0,1]]",6,10.426059212243002,10.426059212242938,6.394884621840902e-14,0.6,0.6,10.852030263919616,10.852030263919616,False,False
"[[0,2,0],[1,0,1],[0,1,1]]",6,13.932025930761025,13.932025930760886,1.3855583347321954e-13,0.6,0.6,10.852030263919616,10.852030263919616,True,True
"[[0,2,0],[1,0,1],[0,0,2]]",6,12.655293823128039,12.655293823127973,6.572520305780927e-14,0.6,0.6,10.852030263919616,10.852030263919616,True,True
"[[0,2,1],[1,1,0],[1,0,0]]",6,12.208777786996475,12.208777786996338,1.3677947663381929e-13,0.6,0.6,10.722953221644474,10.722953221644474,True,True
"[[0,1,2],[1,0,0],[2,0,0]]",6,14.560306440506238,14.560306440506206,3.197442310920451e-14,0.6,0.6,10.722953221644474,10.722953221644474,True,True
"[[0,1,2],[1,0,0],[1,1,0]]",6,16.679978797904365,16.679978797904266,9.947598300641403e-14,0.6,0.6,10.722953221644474,10.722953221644474,True,True
"[[0,1,2],[1,0,0],[1,0,1]]",6,14.01695232915149,14.016952329151461,2.842170943040401e-14,0.6,0.6,10.722953221644474,10.722953221644474,True,True
"[[0,1,2],[2,0,0],[0,1,0]]",6,18.67444770117927,18.674447701179208,6.394884621840902e-14,0.6,0.6,10.722953221644474,10.722953221644474,True,True
"[[0,1,1],[2,1,0],[0,1,0]]",6,12.598647934482784,12.598647934482685,9.947598300641403e-14,0.6,0.6,10.722953221644474,10.722953221644474,True,True
"[[0,1,1],[1,2,0],[0,1,0]]",6,12.233413642092913,12.233413642092742,1.7053025658242404e-13,0.6,0.6,10.722953221644474,10.722953221644474,True,True
"[[0,1,1],[1,1,1],[0,1,0]]",6,12.630657968031603,12.630657968031501,1.0125233984581428e-13,0.6,0.6,10.722953221644474,10.722953221644474,True,True
"[[0,1,1],[1,0,1],[1,1,0]]",6,12.910965862031002,12.910965862030938,6.394884621840902e-14,0.6,0.6,10.852030263919616,10.852030263919616,True,True
"[[0,1,1],[1,0,1],[0,2,0]]",6,17.803226941668914,17.803226941668775,1.3855583347321954e-13,0.6,0.6,10.852030263919616,10.852030263919616,True,True
"[[0,1,1],[1,0,1],[0,1,1]]",6,13.753906111796152,13.753906111796084,6.750155989720952e-14,0.6,0.6,10.852030263919616,10.852030263919616,True,True
"[[0,2,1],[1,0,0],[1,0,1]]",6,12.808777786996476,12.808777786996373,1.0302869668521453e-13,0.6,0.6,10.722953221644474,10.722953221644474,True,True
"[[0,1,1],[2,0,0],[0,1,1]]",6,13.721896078247333,13.721896078247267,6.572520305780927e-14,0.6,0.6,10.852030263919616,10.852030263919616,True,True
"[[0,1,1],[1,1,0],[0,1,1]]",6,11.97036742473757,11.970367424737434,1.3677947663381929e-13,0.6,0.6,10.852030263919616,10.852030263919616,True,True
"[[0,1,1],[1,0,0],[1,0,2]]",6,9.927446923574895,9.927446923574863,3.197442310920451e-14,0.6,0.6,10.722953221644474,10.722953221644474,False,False
"[[0,1,1],[1,0,0],[0,1,2]]",6,13.433413642092912,13.43341364209281,1.0125233984581428e-13,0.6,0.6,10.722953221644474,10.722953221644474,True,True
"[[0,1,1],[1,0,0],[0,0,3]]",6,12.679929678224479,12.679929678224447,3.197442310920451e-14,0.6,0.6,10.722953221644474,10.722953221644474,True,True
"[[0,1,2],[1,1,0],[1,0,0]]",6,13.416952329151492,13.416952329151426,6.572520305780927e-14,0.6,0.6,10.722953221644474,10.722953221644474,True,True
"[[0,1,1],[1,1,0],[1,0,1]]",6,8.46440070621955,8.464400706219486,6.394884621840902e-14,0.6,0.6,10.852030263919616,10.852030263919616,False,False
"[[0,1,1],[1,1,0],[0,0,2]]",6,10.693635317104587,10.69363531710452,6.572520305780927e-14,0.6,0.6,10.852030263919616,10.852030263919616,False,False
"[[0,1,1],[1,2,0],[1,0,0]]",6,8.727446923574892,8.727446923574794,9.769962616701378e-14,0.6,0.6,10.722953221644474,10.722953221644474,False,False
"[[0,1,1],[1,2,0],[0,0,1]]",6,9.57038717334004,9.570387173339938,1.0125233984581428e-13,0.6,0.6,10.722953221644474,10.722953221644474,False,False
"[[0,1,1],[1,3,0],[0,0,0]]",6,8.630589099749244,8.630589099749109,1.3500311979441904e-13,0.6,0.6,10.276666119016054,10.276666119016054,False,False
"[[0,1,0],[1,4,0],[0,0,0]]",6,5.074706516076829,5.074706516076662,1.6697754290362354e-13,0.6,0.6,10.00960333376701,10.00960333376701,False,False
"[[0,1,0],[0,5,0],[0,0,0]]",6,7.211484341377898,7.211484341377657,2.4069635173873394e-13,0.6,0.6,10.00960333376701,10.00960333376701,False,False
"[[0,1,0],[0,4,1],[0,0,0]]",6,6.4930109107455385,6.493010910745369,1.6964207816272392e-13,0.6,0.6,10.00960333376701,10.00960333376701,False,False
"[[0,1,0],[0,3,1],[1,0,0]]",6,6.502742200196098,6.502742200195964,1.341149413747189e-13,0.6,0.6,10.512232190328822,10.512232190328822,False,False
"[[0,1,0],[0,3,1],[0,1,0]]",6,10.008708918714117,10.00870891871391,2.0605739337042905e-13,0.6,0.6,10.512232190328822,10.512232190328822,False,False
"[[0,1,0],[0,3,1],[0,0,1]]",6,7.345682449961244,7.345682449961108,1.3589129821411916e-13,0.6,0.6,10.512232190328822,10.512232190328822,False,False
"[[0,2,0],[0,2,1],[1,0,0]]",6,10.323871137208476,10.323871137208304,1.723066134218243e-13,0.6,0.6,10.722953221644474,10.722953221644474,False,False
"[[0,1,1],[0,2,1],[1,0,0]]",6,10.145751318243601,10.145751318243502,9.947598300641403e-14,0.6,0.6,10.722953221644474,10.722953221644474,False,False
"[[0,1,0],[1,2,1],[0,1,0]]",6,8.46440070621955,8.464400706219417,1.3322676295501878e-13,0.6,0.6,10.512232190328822,10.512232190328822,False,False
"[[0,1,0],[0,2,2],[0,1,0]]",6,11.268999462008148,11.268999462008015,1.3322676295501878e-13,0.6,0.6,10.512232190328822,10.512232190328822,True,True
"[[0,1,0],[0,2,1],[1,0,1]]",6,6.056245912667002,6.056245912666903,9.947598300641403e-14,0.6,0.6,10.722953221644474,10.722953221644474,False,False
"[[0,1,0],[0,2,1],[0,1,1]]",6,9.562212631185023,9.56221263118485,1.723066134218243e-13,0.6,0.6,10.722953221644474,10.722953221644474,False,False
"[[0,1,0],[0,2,1],[0,0,2]]",6,8.285480523552039,8.285480523551938,1.0125233984581428e-13,0.6,0.6,10.722953221644474,10.722953221644474,False,False
"[[0,2,0],[0,1,2],[1,0,0]]",6,12.107409824267055,12.107409824266954,1.0125233984581428e-13,0.6,0.6,10.722953221644474,10.722953221644474,True,True
"[[0,1,1],[0,1,1],[2,0,0]]",6,10.426059212243002,10.426059212242938,6.394884621840902e-14,0.6,0.6,10.852030263919616,10.852030263919616,False,False
"[[0,1,1],[0,1,1],[1,1,0]]",6,12.54573156964113,12.545731569640996,1.3500311979441904e-13,0.6,0.6,10.852030263919616,10.852030263919616,True,True
"[[0,1,1],[0,1,1],[1,0,1]]",6,9.88270510088826,9.882705100888193,6.572520305780927e-14,0.6,0.6,10.852030263919616,10.852030263919616,False,False
"[[0,1,0],[0,1,2],[1,1,0]]",6,10.502811068478454,10.502811068478355,9.947598300641403e-14,0.6,0.6,10.722953221644474,10.722953221644474,False,False
"[[0,1,0],[0,1,2],[0,2,0]]",6,15.395072148116366,15.395072148116194,1.723066134218243e-13,0.6,0.6,10.722953221644474,10.722953221644474,True,True
"[[0,1,0],[0,1,2],[0,1,1]]",6,11.3457513182436,11.3457513182435,9.947598300641403e-14,0.6,0.6,10.722953221644474,10.722953221644474,True,True
"[[0,2,0],[0,1,1],[1,0,1]]",6,10.060824919853133,10.060824919852996,1.3677947663381929e-13,0.6,0.6,10.852030263919616,10.852030263919616,False,False
"[[0,1,0],[1,1,1],[0,1,1]]",6,8.541152562455004,8.541152562454903,1.0125233984581428e-13,0.6,0.6,10.722953221644474,10.722953221644474,False,False
"[[0,1,0],[0,1,1],[1,0,2]]",6,6.656245912667002,6.656245912666937,6.483702463810914e-14,0.6,0.6,10.722953221644474,10.722953221644474,False,False
"[[0,1,0],[0,1,1],[0,1,2]]",6,10.162212631185023,10.162212631184884,1.3855583347321954e-13,0.6,0.6,10.722953221644474,10.722953221644474,False,False
"[[0,1,0],[0,1,1],[0,0,3]]",6,9.408728667316586,9.40872866731652,6.572520305780927e-14,0.6,0.6,10.722953221644474,10.722953221644474,False,False
"[[0,2,0],[0,0,2],[2,0,0]]",6,13.774012079386347,13.774012079386281,6.572520305780927e-14,0.6,0.6,10.852030263919616,10.852030263919616,True,True
"[[0,2,0],[0,0,2],[1,1,0]]",6,15.89368443678448,15.893684436784339,1.4033219031261979e-13,0.6,0.6,10.852030263919616,10.852030263919616,True,True
"[[0,2,0],[0,0,2],[1,0,1]]",6,13.230657968031602,13.230657968031537,6.572520305780927e-14,0.6,0.6,10.852030263919616,10.852030263919616,True,True
"[[0,2,1],[0,0,1],[2,0,0]]",6,14.77043629301993,14.770436293019825,1.0480505352461478e-13,0.6,0.6,10.722953221644474,10.722953221644474,True,True
"[[0,1,2],[0,0,1],[2,0,0]]",6,15.978610835174944,15.978610835174914,3.019806626980426e-14,0.6,0.6,10.722953221644474,10.722953221644474,True,True
"[[0,1,1],[0,0,2],[1,1,0]]",6,15.715564617819602,15.715564617819537,6.572520305780927e-14,0.6,0.6,10.852030263919616,10.852030263919616,True,True
"[[0,1,1],[0,0,1],[2,0,1]]",6,10.502811068478454,10.502811068478424,3.019806626980426e-14,0.6,0.6,10.722953221644474,10.722953221644474,False,False
"[[0,1,1],[0,0,1],[1,1,1]]",6,12.622483425876585,12.622483425876482,1.0302869668521453e-13,0.6,0.6,10.722953221644474,10.722953221644474,True,True
"[[0,1,1],[0,0,1],[1,0,2]]",6,11.345751318243602,11.34575131824357,3.197442310920451e-14,0.6,0.6,10.722953221644474,10.722953221644474,True,True
"[[0,1,0],[1,0,2],[0,2,0]]",6,15.760306440506238,15.760306440506138,9.947598300641403e-14,0.6,0.6,10.722953221644474,10.722953221644474,True,True
"[[0,1,0],[0,0,3],[0,2,0]]",6,19.08815334005938,19.088153340059282,9.947598300641403e-14,0.6,0.6,10.722953221644474,10.722953221644474,True,True
"[[0,1,0],[0,0,2],[1,1,1]]",6,11.102811068478456,11.10281106847839,6.572520305780927e-14,0.6,0.6,10.722953221644474,10.722953221644474,True,True
"[[0,1,0],[0,0,2],[0,2,1]]",6,15.995072148116368,15.995072148116227,1.4033219031261979e-13,0.6,0.6,10.722953221644474,10.722953221644474,True,True
"[[0,1,0],[0,0,2],[0,1,2]]",6,13.332045679363492,13.332045679363425,6.750155989720952e-14,0.6,0.6,10.722953221644474,10.722953221644474,True,True
"[[0,2,0],[0,0,1],[1,0,2]]",6,11.523871137208475,11.523871137208372,1.0302869668521453e-13,0.6,0.6,10.722953221644474,10.722953221644474,True,True
"[[0,1,0],[1,0,1],[0,1,2]]",6,10.527446923574894,10.527446923574827,6.750155989720952e-14,0.6,0.6,10.722953221644474,10.722953221644474,False,False
"[[0,1,0],[0,0,1],[1,0,3]]",6,8.302742200196096,8.302742200196068,2.842170943040401e-14,0.6,0.6,10.512232190328822,10.512232190328822,False,False
"[[0,1,0],[0,0,1],[0,1,3]]",6,11.808708918714117,11.808708918714014,1.0302869668521453e-13,0.6,0.6,10.512232190328822,10.512232190328822,True,True
"[[0,1,0],[0,0,1],[0,0,4]]",6,11.395023028436476,11.395023028436444,3.197442310920451e-14,0.6,0.6,10.512232190328822,10.512232190328822,True,True
"[[0,1,1],[0,3,0],[1,0,0]]",6,10.27175513606946,10.27175513606929,1.7053025658242404e-13,0.6,0.6,10.722953221644474,10.722953221644474,False,False
"[[0,1,2],[0,1,0],[2,0,0]]",6,14.195072148116367,14.195072148116264,1.0302869668521453e-13,0.6,0.6,10.722953221644474,10.722953221644474,True,True
"[[0,0,3],[0,0,0],[3,0,0]]",6,17.069848945390675,17.06984894539068,7.105427357601002e-15,0.6,0.6,10.358310108056566,10.358310108056566,True,True
"[[0,0,3],[0,0,0],[2,1,0]]",6,18.666273159024257,18.66627315902419,6.750155989720952e-14,0.6,0.6,10.358310108056566,10.358310108056566,True,True
"[[0,0,3],[0,0,0],[2,0,1]]",6,16.003246690271382,16.003246690271386,3.552713678800501e-15,0.6,0.6,10.358310108056566,10.358310108056566,True,True
"[[0,0,3],[1,0,0],[1,1,0]]",6,19.79769584494382,19.797695844943792,2.842170943040401e-14,0.6,0.6,10.722953221644474,10.722953221644474,True,True
"[[0,0,2],[1,1,0],[1,1,0]]",6,13.72189607824733,13.721896078247267,6.217248937900877e-14,0.6,0.6,10.852030263919616,10.852030263919616,True,True
"[[0,0,2],[0,2,0],[1,1,0]]",6,14.742956146977352,14.742956146977216,1.3677947663381929e-13,0.6,0.6,10.852030263919616,10.852030263919616,True,True
"[[0,0,2],[0,1,1],[1,1,0]]",6,15.140200472916039,15.140200472915975,6.394884621840902e-14,0.6,0.6,10.852030263919616,10.852030263919616,True,True
"[[0,0,2],[0,0,1],[2,1,0]]",6,15.760306440506238,15.760306440506207,3.019806626980426e-14,0.6,0.6,10.722953221644474,10.722953221644474,True,True
"[[0,0,2],[0,0,1],[1,2,0]]",6,19.266273159024255,19.266273159024156,9.947598300641403e-14,0.6,0.6,10.722953221644474,10.722953221644474,True,True
"[[0,0,2],[0,0,1],[1,1,1]]",6,15.21695232915149,15.21695232915146,2.842170943040401e-14,0.6,0.6,10.722953221644474,10.722953221644474,True,True
"[[0,1,2],[0,0,0],[2,0,1]]",6,12.885529643231926,12.885529643231859,6.750155989720952e-14,0.6,0.6,10.358310108056566,10.358310108056566,True,True
"[[0,0,2],[1,0,0],[1,1,1]]",6,13.798647934482783,13.798647934482755,2.842170943040401e-14,0.6,0.6,10.722953221644474,10.722953221644474,True,True
"[[0,0,2],[0,1,0],[1,1,1]]",6,13.433413642092912,13.43341364209281,1.0125233984581428e-13,0.6,0.6,10.722953221644474,10.722953221644474,True,True
"[[0,0,2],[0,0,0],[2,0,2]]",6,11.050695067339442,11.050695067339445,3.552713678800501e-15,0.6,0.6,10.276666119016054,10.276666119016054,True,True
"[[0,0,2],[0,0,0],[1,1,2]]",6,13.17036742473757,13.170367424737503,6.750155989720952e-14,0.6,0.6,10.276666119016054,10.276666119016054,True,True
"[[0,0,2],[0,0,0],[1,0,3]]",6,12.416883460869133,12.416883460869139,5.329070518200751e-15,0.6,0.6,10.276666119016054,10.276666119016054,True,True
"[[0,0,2],[2,0,0],[0,2,0]]",6,20.365685811395004,20.36568581139494,6.394884621840902e-14,0.6,0.6,10.852030263919616,10.852030263919616,True,True
"[[0,0,2],[1,1,0],[0,2,0]]",6,18.61415715788524,18.614157157885106,1.3500311979441904e-13,0.6,0.6,10.852030263919616,10.852030263919616,True,True
"[[0,0,2],[1,0,1],[0,2,0]]",6,20.397695844943822,20.397695844943755,6.750155989720952e-14,0.6,0.6,10.852030263919616,10.852030263919616,True,True
"[[0,0,2],[1,0,0],[0,2,1]]",6,18.690909014120695,18.690909014120592,1.0302869668521453e-13,0.6,0.6,10.722953221644474,10.722953221644474,True,True
"[[0,0,2],[1,0,0],[0,1,2]]",6,16.02788254536782,16.02788254536779,3.197442310920451e-14,0.6,0.6,10.722953221644474,10.722953221644474,True,True
"[[0,0,2],[1,1,0],[0,1,1]]",6,14.564836328012476,14.564836328012413,6.217248937900877e-14,0.6,0.6,10.852030263919616,10.852030263919616,True,True
"[[0,0,2],[1,2,0],[0,1,0]]",6,14.827882545367821,14.827882545367721,9.947598300641403e-14,0.6,0.6,10.722953221644474,10.722953221644474,True,True
"[[0,0,1],[1,3,0],[0,1,0]]",6,9.798579066200425,9.798579066200293,1.3145040611561853e-13,0.6,0.6,10.512232190328822,10.512232190328822,False,False
"[[0,0,1],[0,4,0],[0,1,0]]",6,11.68268535228579,11.682685352285583,2.0605739337042905e-13,0.6,0.6,10.512232190328822,10.512232190328822,True,True
"[[0,0,1],[0,3,1],[0,1,0]]",6,11.216883460869134,11.216883460869,1.3500311979441904e-13,0.6,0.6,10.512232190328822,10.512232190328822,True,True
"[[0,0,1],[0,2,1],[1,1,0]]",6,9.927446923574893,9.927446923574793,9.947598300641403e-14,0.6,0.6,10.722953221644474,10.722953221644474,False,False
"[[0,0,1],[0,2,1],[0,2,0]]",6,14.819708003212806,14.819708003212632,1.7408297026122455e-13,0.6,0.6,10.722953221644474,10.722953221644474,True,True
"[[0,0,1],[0,2,1],[0,1,1]]",6,10.77038717334004,10.77038717333994,1.0125233984581428e-13,0.6,0.6,10.722953221644474,10.722953221644474,True,True
"[[0,0,1],[1,1,1],[0,2,0]]",6,13.798647934482783,13.798647934482684,9.947598300641403e-14,0.6,0.6,10.722953221644474,10.722953221644474,True,True
"[[0,0,1],[0,1,2],[0,2,0]]",6,16.603246690271384,16.603246690271284,9.947598300641403e-14,0.6,0.6,10.722953221644474,10.722953221644474,True,True
"[[0,0,1],[0,1,1],[1,1,1]]",6,9.141152562455002,9.141152562454938,6.394884621840902e-14,0.6,0.6,10.722953221644474,10.722953221644474,False,False
"[[0,0,1],[0,1,1],[0,2,1]]",6,14.033413642092913,14.033413642092775,1.3855583347321954e-13,0.6,0.6,10.722953221644474,10.722953221644474,True,True
"[[0,0,1],[0,1,1],[0,1,2]]",6,11.370387173340038,11.370387173339973,6.572520305780927e-14,0.6,0.6,10.722953221644474,10.722953221644474,True,True
"[[0,0,1],[0,0,2],[1,2,0]]",6,16.36030644050624,16.36030644050617,6.750155989720952e-14,0.6,0.6,10.722953221644474,10.722953221644474,True,True
"[[0,0,1],[0,0,2],[0,3,0]]",6,21.7758156639087,21.77581566390856,1.3855583347321954e-13,0.6,0.6,10.722953221644474,10.722953221644474,True,True
"[[0,0,1],[0,0,2],[0,2,1]]",6,17.20324669027138,17.203246690271314,6.750155989720952e-14,0.6,0.6,10.722953221644474,10.722953221644474,True,True
"[[0,0,1],[1,0,1],[0,2,1]]",6,14.398647934482781,14.398647934482717,6.394884621840902e-14,0.6,0.6,10.722953221644474,10.722953221644474,True,True
"[[0,0,1],[0,0,1],[1,1,2]]",6,10.26440070621955,10.26440070621952,3.019806626980426e-14,0.6,0.6,10.512232190328822,10.512232190328822,False,False
"[[0,0,1],[0,0,1],[0,2,2]]",6,15.156661785857459,15.156661785857358,1.0125233984581428e-13,0.6,0.6,10.512232190328822,10.512232190328822,True,True
"[[0,0,1],[0,0,1],[0,1,3]]",6,13.016883460869135,13.016883460869103,3.197442310920451e-14,0.6,0.6,10.512232190328822,10.512232190328822,True,True
"[[0,1,1],[0,2,0],[1,0,1]]",6,9.48546077494957,9.485460774949432,1.3677947663381929e-13,0.6,0.6,10.852030263919616,10.852030263919616,False,False
"[[0,0,1],[1,2,0],[0,1,1]]",6,9.352082778671331,9.352082778671232,9.947598300641403e-14,0.6,0.6,10.722953221644474,10.722953221644474,False,False
"[[0,0,1],[0,3,0],[0,1,1]]",6,10.896390991165898,10.896390991165728,1.7053025658242404e-13,0.6,0.6,10.722953221644474,10.722953221644474,True,True
"[[0,1,1],[0,1,0],[1,0,2]]",6,9.562212631185023,9.56221263118492,1.0302869668521453e-13,0.6,0.6,10.722953221644474,10.722953221644474,False,False
"[[0,0,1],[1,1,0],[0,1,2]]",6,9.952082778671329,9.952082778671265,6.394884621840902e-14,0.6,0.6,10.722953221644474,10.722953221644474,False,False
"[[0,0,1],[0,2,0],[0,1,2]]",6,10.973142847401352,10.973142847401213,1.3855583347321954e-13,0.6,0.6,10.722953221644474,10.722953221644474,True,True
"[[0,1,1],[0,0,0],[1,0,3]]",6,9.822414557594229,9.82241455759416,6.927791673660977e-14,0.6,0.6,10.276666119016054,10.276666119016054,False,False
"[[0,0,1],[1,0,0],[0,1,3]]",6,11.598579066200426,11.598579066200395,3.019806626980426e-14,0.6,0.6,10.512232190328822,10.512232190328822,True,True
"[[0,0,1],[0,1,0],[0,1,3]]",6,11.233344773810558,11.233344773810453,1.0480505352461478e-13,0.6,0.6,10.512232190328822,10.512232190328822,True,True
"[[0,0,1],[0,0,0],[1,0,4]]",6,8.07470651607683,8.074706516076834,3.552713678800501e-15,0.6,0.6,10.00960333376701,10.00960333376701,False,False
"[[0,0,1],[0,0,0],[0,1,4]]",6,11.580673234594851,11.580673234594782,6.927791673660977e-14,0.6,0.6,10.00960333376701,10.00960333376701,True,True
"[[0,0,1],[0,0,0],[0,0,5]]",6,11.419658883532914,11.419658883532918,3.552713678800501e-15,0.6,0.6,10.00960333376701,10.00960333376701,True,True
"[[7,0,0],[0,0,0],[0,0,0]]",7,0.06379030855030242,0.06379030855030547,3.0531133177191805e-15,1.0,1.0,9.701301974112495,9.701301974112495,False,False
"[[6,1,0],[0,0,0],[0,0,0]]",7,1.362362359685088,1.3623623596850245,6.350475700855895e-14,0.6,0.6,9.701301974112495,9.701301974112495,False,False
"[[6,0,1],[0,0,0],[0,0,0]]",7,2.5705369018401045,2.570536901840112,7.549516567451064e-15,0.6,0.6,9.701301974112495,9.701301974112495,False,False
"[[5,1,0],[1,0,0],[0,0,0]]",7,2.4950436268959937,2.4950436268959684,2.531308496145357e-14,0.6,0.6,10.276666119016054,10.276666119016054,False,False
"[[5,1,0],[0,1,0],[0,0,0]]",7,2.129809334506123,2.129809334506025,9.814371537686384e-14,0.6,0.6,10.276666119016054,10.276666119016054,False,False
"[[5,1,0],[0,0,1],[0,0,0]]",7,3.913348021564702,3.9133480215646754,2.6645352591003757e-14,0.6,0.6,10.276666119016054,10.276666119016054,False,False
"[[5,0,1],[0,0,0],[1,0,0]]",7,3.095043626895994,3.0950436268960027,8.43769498715119e-15,0.6,0.6,10.276666119016054,10.276666119016054,False,False
"[[5,0,1],[0,0,0],[0,1,0]]",7,6.601010345414015,6.60101034541395,6.483702463810914e-14,0.6,0.6,10.276666119016054,10.276666119016054,False,False
"[[5,0,1],[0,0,0],[0,0,1]]",7,3.93798387666114,3.9379838766611472,7.105427357601002e-15,0.6,0.6,10.276666119016054,10.276666119016054,False,False
"[[4,2,0],[1,0,0],[0,0,0]]",7,5.460656733746526,5.460656733746429,9.681144774731365e-14,0.6,0.6,10.276666119016054,10.276666119016054,False,False
"[[4,1,1],[1,0,0],[0,0,0]]",7,5.282536914781653,5.282536914781627,2.6645352591003757e-14,0.6,0.6,10.276666119016054,10.276666119016054,False,False
"[[4,1,0],[1,1,0],[0,0,0]]",7,1.9101044012829913,1.910104401282931,6.039613253960852e-14,0.6,0.6,10.584967478670572,10.584967478670572,False,False
"[[4,1,0],[0,2,0],[0,0,0]]",7,2.9311644700130115,2.9311644700128783,1.3322676295501878e-13,0.6,0.6,10.584967478670572,10.584967478670572,False,False
"[[4,1,0],[0,1,1],[0,0,0]]",7,3.3284087959516997,3.328408795951638,6.17284001691587e-14,0.6,0.6,10.584967478670572,10.584967478670572,False,False
"[[4,1,0],[0,0,1],[1,0,0]]",7,4.471762907306445,4.4717629073064185,2.6645352591003757e-14,0.6,0.6,10.82053354998334,10.82053354998334,False,False
"[[4,1,0],[0,0,1],[0,1,0]]",7,7.977729625824465,7.977729625824366,9.947598300641403e-14,0.6,0.6,10.82053354998334,10.82053354998334,False,False
"[[4,1,0],[0,0,1],[0,0,1]]",7,5.314703157071591,5.314703157071563,2.842170943040401e-14,0.6,0.6,10.82053354998334,10.82053354998334,False,False
"[[4,1,1],[0,0,0],[1,0,0]]",7,4.6743623726266375,4.6743623726265735,6.394884621840902e-14,0.6,0.6,10.276666119016054,10.276666119016054,False,False
"[[4,0,2],[0,0,0],[1,0,0]]",7,7.268831275901543,7.268831275901551,7.993605777301127e-15,0.6,0.6,10.276666119016054,10.276666119016054,False,False
"[[4,0,1],[1,0,0],[0,1,0]]",7,7.767599773310773,7.767599773310748,2.5757174171303632e-14,0.6,0.6,10.82053354998334,10.82053354998334,False,False
"[[4,0,1],[0,1,0],[0,1,0]]",7,7.402365480920904,7.402365480920804,9.947598300641403e-14,0.6,0.6,10.82053354998334,10.82053354998334,False,False
"[[4,0,1],[0,0,1],[0,1,0]]",7,9.185904167979484,9.185904167979455,2.842170943040401e-14,0.6,0.6,10.82053354998334,10.82053354998334,False,False
"[[4,0,1],[0,0,0],[1,0,1]]",7,3.1101044012829924,3.110104401283,7.549516567451064e-15,0.6,0.6,10.584967478670572,10.584967478670572,False,False
"[[4,0,1],[0,0,0],[0,1,1]]",7,6.6160711198010125,6.616071119800948,6.483702463810914e-14,0.6,0.6,10.584967478670572,10.584967478670572,False,False
"[[4,0,1],[0,0,0],[0,0,2]]",7,5.339339012168028,5.339339012168035,7.105427357601002e-15,0.6,0.6,10.584967478670572,10.584967478670572,False,False
"[[3,2,0],[2,0,0],[0,0,0]]",7,6.879917700858993,6.8799177008589325,6.039613253960852e-14,0.6,0.6,10.584967478670572,10.584967478670572,False,False
"[[3,2,0],[1,1,0],[0,0,0]]",7,5.128389047349231,5.128389047349099,1.3145040611561853e-13,0.6,0.6,10.584967478670572,10.584967478670572,False,False
"[[3,2,0],[1,0,1],[0,0,0]]",7,6.91192773440781,6.911927734407749,6.039613253960852e-14,0.6,0.6,10.584967478670572,10.584967478670572,False,False
"[[3,1,1],[1,0,0],[1,0,0]]",7,6.0936233397391035,6.093623339739077,2.6645352591003757e-14,0.6,0.6,10.82053354998334,10.82053354998334,False,False
"[[3,1,1],[1,0,0],[0,1,0]]",7,9.599590058257121,9.599590058257025,9.592326932761353e-14,0.6,0.6,10.82053354998334,10.82053354998334,False,False
"[[3,1,1],[1,0,0],[0,0,1]]",7,6.9365635895042494,6.936563589504221,2.842170943040401e-14,0.6,0.6,10.82053354998334,10.82053354998334,False,False
"[[3,1,1],[1,1,0],[0,0,0]]",7,4.950269228384357,4.950269228384297,6.039613253960852e-14,0.6,0.6,10.584967478670572,10.584967478670572,False,False
"[[3,1,0],[1,2,0],[0,0,0]]",7,2.2395277967341496,2.2395277967340537,9.592326932761353e-14,0.6,0.6,10.722953221644474,10.722953221644474,False,False
"[[3,1,0],[0,3,0],[0,0,0]]",7,3.783836009228718,3.7838360092285486,1.6964207816272392e-13,0.6,0.6,10.722953221644474,10.722953221644474,False,False
"[[3,1,0],[0,2,1],[0,0,0]]",7,3.657832191402857,3.6578321914027603,9.681144774731365e-14,0.6,0.6,10.722953221644474,10.722953221644474,False,False
"[[3,1,0],[0,1,1],[1,0,0]]",7,3.93814008540226,3.938140085402198,6.217248937900877e-14,0.6,0.6,11.087596335232384,11.087596335232384,False,False
"[[3,1,0],[0,1,1],[0,1,0]]",7,7.44410680392028,7.444106803920146,1.341149413747189e-13,0.6,0.6,11.087596335232384,11.087596335232384,False,False
"[[3,1,0],[0,1,1],[0,0,1]]",7,4.781080335167407,4.781080335167343,6.394884621840902e-14,0.6,0.6,11.087596335232384,11.087596335232384,False,False
"[[3,2,0],[0,0,1],[1,0,0]]",7,7.690047553372684,7.690047553372586,9.85878045867139e-14,0.6,0.6,10.82053354998334,10.82053354998334,False,False
"[[3,1,1],[0,0,1],[1,0,0]]",7,7.511927734407811,7.5119277344077835,2.7533531010703882e-14,0.6,0.6,10.82053354998334,10.82053354998334,False,False
"[[3,1,0],[1,0,1],[0,1,0]]",7,7.809341096310152,7.809341096310089,6.306066779870889e-14,0.6,0.6,11.087596335232384,11.087596335232384,False,False
"[[3,1,0],[0,0,2],[0,1,0]]",7,10.61393985209875,10.613939852098687,6.217248937900877e-14,0.6,0.6,11.087596335232384,11.087596335232384,False,False
"[[3,1,0],[0,0,1],[1,0,1]]",7,4.538140085402261,4.538140085402232,2.842170943040401e-14,0.6,0.6,11.087596335232384,11.087596335232384,False,False
"[[3,1,0],[0,0,1],[0,1,1]]",7,8.044106803920279,8.04410680392018,9.947598300641403e-14,0.6,0.6,11.087596335232384,11.087596335232384,False,False
"[[3,1,0],[0,0,1],[0,0,2]]",7,6.767374696287297,6.767374696287268,2.930988785010413e-14,0.6,0.6,11.087596335232384,11.087596335232384,False,False
"[[3,1,1],[0,1,0],[1,0,0]]",7,5.728389047349232,5.7283890473491335,9.85878045867139e-14,0.6,0.6,10.82053354998334,10.82053354998334,False,False
"[[3,0,2],[0,0,0],[2,0,0]]",7,8.079917700858994,8.079917700859001,7.105427357601002e-15,0.6,0.6,10.584967478670572,10.584967478670572,False,False
"[[3,0,2],[0,0,0],[1,1,0]]",7,10.199590058257122,10.199590058257058,6.394884621840902e-14,0.6,0.6,10.584967478670572,10.584967478670572,False,False
"[[3,0,2],[0,0,0],[1,0,1]]",7,7.536563589504247,7.536563589504255,7.993605777301127e-15,0.6,0.6,10.584967478670572,10.584967478670572,False,False
"[[3,0,2],[1,0,0],[0,1,0]]",7,12.19405896153203,12.194058961532003,2.6645352591003757e-14,0.6,0.6,10.82053354998334,10.82053354998334,True,True
"[[3,0,1],[1,1,0],[0,1,0]]",7,7.233976951406588,7.233976951406527,6.128431095930864e-14,0.6,0.6,11.087596335232384,11.087596335232384,False,False
"[[3,0,1],[0,2,0],[0,1,0]]",7,8.255037020136609,8.255037020136474,1.3500311979441904e-13,0.6,0.6,11.087596335232384,11.087596335232384,False,False
"[[3,0,1],[0,1,1],[0,1,0]]",7,8.652281346075295,8.652281346075235,6.039613253960852e-14,0.6,0.6,11.087596335232384,11.087596335232384,False,False
"[[3,0,1],[0,0,1],[1,1,0]]",7,8.40934109631015,8.409341096310124,2.6645352591003757e-14,0.6,0.6,11.087596335232384,11.087596335232384,False,False
"[[3,0,1],[0,0,1],[0,2,0]]",7,13.301602175948062,13.301602175947961,1.0125233984581428e-13,0.6,0.6,11.087596335232384,11.087596335232384,True,True
"[[3,0,1],[0,0,1],[0,1,1]]",7,9.252281346075296,9.252281346075268,2.842170943040401e-14,0.6,0.6,11.087596335232384,11.087596335232384,False,False
"[[3,1,1],[0,0,0],[1,0,1]]",7,4.942094686229343,4.942094686229277,6.572520305780927e-14,0.6,0.6,10.584967478670572,10.584967478670572,False,False
"[[3,0,1],[1,0,0],[0,1,1]]",7,7.833976951406588,7.833976951406561,2.6645352591003757e-14,0.6,0.6,11.087596335232384,11.087596335232384,False,False
"[[3,0,1],[0,1,0],[0,1,1]]",7,7.468742659016718,7.468742659016618,1.0036416142611415e-13,0.6,0.6,11.087596335232384,11.087596335232384,False,False
"[[3,0,1],[0,0,0],[1,0,2]]",7,4.03952779673415,4.0395277967341565,6.217248937900877e-15,0.6,0.6,10.722953221644474,10.722953221644474,False,False
"[[3,0,1],[0,0,0],[0,1,2]]",7,7.5454945152521695,7.545494515252104,6.572520305780927e-14,0.6,0.6,10.722953221644474,10.722953221644474,False,False
"[[3,0,1],[0,0,0],[0,0,3]]",7,6.792010551383734,6.79201055138374,6.217248937900877e-15,0.6,0.6,10.722953221644474,10.722953221644474,False,False
"[[2,3,0],[2,0,0],[0,0,0]]",7,10.961248564280575,10.96124856428044,1.3500311979441904e-13,0.6,0.6,10.584967478670572,10.584967478670572,True,True
"[[2,2,1],[2,0,0],[0,0,0]]",7,10.259880601551153,10.259880601551092,6.039613253960852e-14,0.6,0.6,10.584967478670572,10.584967478670572,False,False
"[[2,2,0],[2,1,0],[0,0,0]]",7,6.162844808781054,6.162844808780958,9.592326932761353e-14,0.6,0.6,10.722953221644474,10.722953221644474,False,False
"[[2,2,0],[1,2,0],[0,0,0]]",7,5.797610516391183,5.797610516391015,1.6786572132332367e-13,0.6,0.6,10.722953221644474,10.722953221644474,False,False
"[[2,2,0],[1,1,1],[0,0,0]]",7,6.194854842329871,6.194854842329775,9.592326932761353e-14,0.6,0.6,10.722953221644474,10.722953221644474,False,False
"[[2,2,0],[1,0,1],[1,0,0]]",7,7.861457097449164,7.861457097449103,6.128431095930864e-14,0.6,0.6,11.087596335232384,11.087596335232384,False,False
"[[2,2,0],[1,0,1],[0,1,0]]",7,11.367423815967186,11.36742381596705,1.3500311979441904e-13,0.6,0.6,11.087596335232384,11.087596335232384,True,True
"[[2,2,0],[1,0,1],[0,0,1]]",7,8.70439734721431,8.704397347214247,6.394884621840902e-14,0.6,0.6,11.087596335232384,11.087596335232384,False,False
"[[2,2,1],[1,0,0],[1,0,0]]",7,9.651706059396137,9.651706059396039,9.769962616701378e-14,0.6,0.6,10.82053354998334,10.82053354998334,False,False
"[[2,1,2],[1,0,0],[1,0,0]]",7,10.859880601551154,10.859880601551126,2.842170943040401e-14,0.6,0.6,10.82053354998334,10.82053354998334,True,True
"[[2,1,1],[2,0,0],[0,1,0]]",7,11.157293963453494,11.157293963453432,6.217248937900877e-14,0.6,0.6,11.087596335232384,11.087596335232384,True,True
"[[2,1,1],[1,1,0],[0,1,0]]",7,9.405765309943732,9.405765309943598,1.3322676295501878e-13,0.6,0.6,11.087596335232384,11.087596335232384,False,False
"[[2,1,1],[1,0,1],[0,1,0]]",7,11.189303997002312,11.189303997002249,6.394884621840902e-14,0.6,0.6,11.087596335232384,11.087596335232384,True,True
"[[2,1,1],[1,0,0],[1,0,1]]",7,6.499798591425713,6.499798591425685,2.842170943040401e-14,0.6,0.6,11.087596335232384,11.087596335232384,False,False
"[[2,1,1],[1,0,0],[0,1,1]]",7,10.005765309943733,10.005765309943632,1.0125233984581428e-13,0.6,0.6,11.087596335232384,11.087596335232384,False,False
"[[2,1,1],[1,0,0],[0,0,2]]",7,8.729033202310749,8.72903320231072,2.842170943040401e-14,0.6,0.6,11.087596335232384,11.087596335232384,False,False
"[[2,1,1],[1,1,0],[1,0,0]]",7,5.899798591425712,5.89979859142565,6.128431095930864e-14,0.6,0.6,11.087596335232384,11.087596335232384,False,False
"[[2,1,1],[1,1,0],[0,0,1]]",7,6.7427388411908575,6.742738841190795,6.217248937900877e-14,0.6,0.6,11.087596335232384,11.087596335232384,False,False
"[[2,1,1],[1,2,0],[0,0,0]]",7,5.619490697426311,5.619490697426213,9.85878045867139e-14,0.6,0.6,10.722953221644474,10.722953221644474,False,False
"[[2,1,0],[1,3,0],[0,0,0]]",7,2.8395277967341492,2.8395277967340187,1.305622276959184e-13,0.6,0.6,10.722953221644474,10.722953221644474,False,False
"[[2,1,0],[0,4,0],[0,0,0]]",7,4.723634082819512,4.723634082819309,2.0250467969162855e-13,0.6,0.6,10.722953221644474,10.722953221644474,False,False
"[[2,1,0],[0,3,1],[0,0,0]]",7,4.257832191402857,4.257832191402725,1.3145040611561853e-13,0.6,0.6,10.722953221644474,10.722953221644474,False,False
"[[2,1,0],[0,2,1],[1,0,0]]",7,4.354690015228507,4.35469001522841,9.681144774731365e-14,0.6,0.6,11.169240324272893,11.169240324272893,False,False
"[[2,1,0],[0,2,1],[0,1,0]]",7,7.860656733746526,7.8606567337463575,1.687538997430238e-13,0.6,0.6,11.169240324272893,11.169240324272893,False,False
"[[2,1,0],[0,2,1],[0,0,1]]",7,5.197630264993651,5.197630264993554,9.681144774731365e-14,0.6,0.6,11.169240324272893,11.169240324272893,False,False
"[[2,2,0],[0,1,1],[1,0,0]]",7,7.496222805059294,7.49622280505916,1.341149413747189e-13,0.6,0.6,11.087596335232384,11.087596335232384,False,False
"[[2,1,1],[0,1,1],[1,0,0]]",7,7.318102986094421,7.318102986094358,6.306066779870889e-14,0.6,0.6,11.087596335232384,11.087596335232384,False,False
"[[2,1,0],[1,1,1],[0,1,0]]",7,6.839596665016508,6.83959666501641,9.769962616701378e-14,0.6,0.6,11.169240324272893,11.169240324272893,False,False
"[[2,1,0],[0,1,2],[0,1,0]]",7,9.644195420805104,9.644195420805008,9.592326932761353e-14,0.6,0.6,11.169240324272893,11.169240324272893,False,False
"[[2,1,0],[0,1,1],[1,0,1]]",7,4.091643797873164,4.091643797873102,6.217248937900877e-14,0.6,0.6,11.298317366548035,11.298317366548035,False,False
"[[2,1,0],[0,1,1],[0,1,1]]",7,7.597610516391185,7.5976105163910495,1.3589129821411916e-13,0.6,0.6,11.298317366548035,11.298317366548035,False,False
"[[2,1,0],[0,1,1],[0,0,2]]",7,6.320878408758201,6.320878408758137,6.394884621840902e-14,0.6,0.6,11.298317366548035,11.298317366548035,False,False
"[[2,2,0],[0,0,2],[1,0,0]]",7,10.666055853237763,10.666055853237701,6.217248937900877e-14,0.6,0.6,11.087596335232384,11.087596335232384,False,False
"[[2,1,1],[0,0,1],[2,0,0]]",7,8.461457097449166,8.461457097449138,2.842170943040401e-14,0.6,0.6,11.087596335232384,11.087596335232384,False,False
"[[2,1,1],[0,0,1],[1,1,0]]",7,10.581129454847293,10.581129454847195,9.769962616701378e-14,0.6,0.6,11.087596335232384,11.087596335232384,False,False
"[[2,1,1],[0,0,1],[1,0,1]]",7,7.918102986094422,7.918102986094392,3.019806626980426e-14,0.6,0.6,11.087596335232384,11.087596335232384,False,False
"[[2,1,0],[0,0,2],[1,1,0]]",7,9.924503314804507,9.924503314804445,6.217248937900877e-14,0.6,0.6,11.298317366548035,11.298317366548035,False,False
"[[2,1,0],[0,0,2],[0,2,0]]",7,14.81676439444242,14.816764394442284,1.3500311979441904e-13,0.6,0.6,11.298317366548035,11.298317366548035,True,True
"[[2,1,0],[0,0,2],[0,1,1]]",7,10.767443564569653,10.76744356456959,6.394884621840902e-14,0.6,0.6,11.298317366548035,11.298317366548035,False,False
"[[2,2,0],[0,0,1],[1,0,1]]",7,8.096222805059295,8.096222805059194,1.0125233984581428e-13,0.6,0.6,11.087596335232384,11.087596335232384,False,False
"[[2,1,0],[1,0,1],[0,1,1]]",7,7.962844808781055,7.962844808780993,6.217248937900877e-14,0.6,0.6,11.298317366548035,11.298317366548035,False,False
"[[2,1,0],[0,0,1],[1,0,2]]",7,5.554690015228506,5.554690015228479,2.7533531010703882e-14,0.6,0.6,11.169240324272893,11.169240324272893,False,False
"[[2,1,0],[0,0,1],[0,1,2]]",7,9.060656733746526,9.060656733746427,9.947598300641403e-14,0.6,0.6,11.169240324272893,11.169240324272893,False,False
"[[2,1,0],[0,0,1],[0,0,3]]",7,8.307172769878092,8.307172769878061,3.019806626980426e-14,0.6,0.6,11.169240324272893,11.169240324272893,False,False
"[[2,1,1],[0,2,0],[1,0,0]]",7,6.920858660155733,6.920858660155598,1.3500311979441904e-13,0.6,0.6,11.087596335232384,11.087596335232384,False,False
"[[2,1,2],[0,0,0],[2,0,0]]",7,10.251706059396138,10.251706059396072,6.572520305780927e-14,0.6,0.6,10.584967478670572,10.584967478670572,False,False
"[[2,0,3],[0,0,0],[2,0,0]]",7,13.36942310643559,13.3694231064356,8.881784197001252e-15,0.6,0.6,10.584967478670572,10.584967478670572,True,True
"[[2,0,2],[1,0,0],[1,1,0]]",7,11.757293963453492,11.757293963453467,2.4868995751603507e-14,0.6,0.6,11.087596335232384,11.087596335232384,True,True
"[[2,0,2],[0,1,0],[1,1,0]]",7,11.392059671063624,11.392059671063523,1.0125233984581428e-13,0.6,0.6,11.087596335232384,11.087596335232384,True,True
"[[2,0,2],[0,0,1],[1,1,0]]",7,13.175598358122201,13.175598358122173,2.842170943040401e-14,0.6,0.6,11.087596335232384,11.087596335232384,True,True
"[[2,0,2],[0,0,0],[2,0,1]]",7,7.962844808781055,7.962844808781061,6.217248937900877e-15,0.6,0.6,10.722953221644474,10.722953221644474,False,False
"[[2,0,2],[0,0,0],[1,1,1]]",7,10.082517166179183,10.08251716617912,6.394884621840902e-14,0.6,0.6,10.722953221644474,10.722953221644474,False,False
"[[2,0,2],[0,0,0],[1,0,2]]",7,8.805785058546201,8.805785058546206,5.329070518200751e-15,0.6,0.6,10.722953221644474,10.722953221644474,False,False
"[[2,0,2],[1,0,0],[0,2,0]]",7,16.649555043091404,16.649555043091304,9.947598300641403e-14,0.6,0.6,11.087596335232384,11.087596335232384,True,True
"[[2,0,2],[1,0,0],[0,1,1]]",7,12.600234213218638,12.600234213218611,2.6645352591003757e-14,0.6,0.6,11.087596335232384,11.087596335232384,True,True
"[[2,0,2],[1,1,0],[0,1,0]]",7,12.00023421321864,12.000234213218576,6.394884621840902e-14,0.6,0.6,11.087596335232384,11.087596335232384,True,True
"[[2,0,1],[1,2,0],[0,1,0]]",7,7.650526881232834,7.6505268812327385,9.592326932761353e-14,0.6,0.6,11.169240324272893,11.169240324272893,False,False
"[[2,0,1],[0,3,0],[0,1,0]]",7,9.194835093727404,9.194835093727233,1.7053025658242404e-13,0.6,0.6,11.169240324272893,11.169240324272893,False,False
"[[2,0,1],[0,2,1],[0,1,0]]",7,9.068831275901545,9.068831275901445,9.947598300641403e-14,0.6,0.6,11.169240324272893,11.169240324272893,False,False
"[[2,0,1],[0,1,1],[1,1,0]]",7,7.962844808781055,7.962844808780993,6.217248937900877e-14,0.6,0.6,11.298317366548035,11.298317366548035,False,False
"[[2,0,1],[0,1,1],[0,2,0]]",7,12.855105888418965,12.85510588841883,1.3500311979441904e-13,0.6,0.6,11.298317366548035,11.298317366548035,True,True
"[[2,0,1],[0,1,1],[0,1,1]]",7,8.805785058546201,8.805785058546137,6.394884621840902e-14,0.6,0.6,11.298317366548035,11.298317366548035,False,False
"[[2,0,1],[1,0,1],[0,2,0]]",7,13.220340180808837,13.220340180808773,6.394884621840902e-14,0.6,0.6,11.298317366548035,11.298317366548035,True,True
"[[2,0,1],[0,0,2],[0,2,0]]",7,16.024938936597437,16.024938936597373,6.394884621840902e-14,0.6,0.6,11.298317366548035,11.298317366548035,True,True
"[[2,0,1],[0,0,1],[1,1,1]]",7,8.039596665016507,8.039596665016479,2.842170943040401e-14,0.6,0.6,11.169240324272893,11.169240324272893,False,False
"[[2,0,1],[0,0,1],[0,2,1]]",7,12.931857744654419,12.931857744654316,1.0302869668521453e-13,0.6,0.6,11.169240324272893,11.169240324272893,True,True
"[[2,0,1],[0,0,1],[0,1,2]]",7,10.268831275901544,10.268831275901514,3.019806626980426e-14,0.6,0.6,11.169240324272893,11.169240324272893,False,False
"[[2,1,1],[0,1,0],[1,0,1]]",7,6.1345642990358416,6.134564299035741,1.0036416142611415e-13,0.6,0.6,11.087596335232384,11.087596335232384,False,False
"[[2,0,1],[1,1,0],[0,1,1]]",7,7.3874806638774935,7.38748066387743,6.306066779870889e-14,0.6,0.6,11.298317366548035,11.298317366548035,False,False
"[[2,0,1],[0,2,0],[0,1,1]]",7,8.408540732607515,8.408540732607378,1.3677947663381929e-13,0.6,0.6,11.298317366548035,11.298317366548035,False,False
"[[2,1,1],[0,0,0],[1,0,2]]",7,6.2113161552712945,6.211316155271228,6.661338147750939e-14,0.6,0.6,10.722953221644474,10.722953221644474,False,False
"[[2,0,1],[1,0,0],[0,1,2]]",7,8.850526881232835,8.850526881232806,2.842170943040401e-14,0.6,0.6,11.169240324272893,11.169240324272893,False,False
"[[2,0,1],[0,1,0],[0,1,2]]",7,8.485292588842963,8.485292588842864,9.947598300641403e-14,0.6,0.6,11.169240324272893,11.169240324272893,False,False
"[[2,0,1],[0,0,0],[1,0,3]]",7,5.23952779673415,5.239527796734156,6.217248937900877e-15,0.6,0.6,10.722953221644476,10.722953221644474,False,False
"[[2,0,1],[0,0,0],[0,1,3]]",7,8.74549451525217,8.745494515252103,6.750155989720952e-14,0.6,0.6,10.722953221644476,10.722953221644474,False,False
"[[2,0,1],[0,0,0],[0,0,4]]",7,8.33180862497453,8.331808624974533,3.552713678800501e-15,0.6,0.6,10.722953221644476,10.722953221644474,False,False
"[[1,3,0],[3,0,0],[0,0,0]]",7,13.042200613241494,13.042200613241398,9.592326932761353e-14,0.6,0.6,10.722953221644474,10.722953221644474,True,True
"[[1,3,0],[2,1,0],[0,0,0]]",7,10.767423815967184,10.767423815967016,1.687538997430238e-13,0.6,0.6,10.722953221644474,10.722953221644474,True,True
"[[1,3,0],[2,0,1],[0,0,0]]",7,12.550962503025765,12.550962503025666,9.947598300641403e-14,0.6,0.6,10.722953221644474,10.722953221644474,True,True
"[[1,2,1],[2,0,0],[1,0,0]]",7,11.732658108357057,11.732658108356993,6.394884621840902e-14,0.6,0.6,11.087596335232384,11.087596335232384,True,True
"[[1,2,1],[2,0,0],[0,1,0]]",7,15.238624826875075,15.238624826874942,1.3322676295501878e-13,0.6,0.6,11.087596335232384,11.087596335232384,True,True
"[[1,2,1],[2,0,0],[0,0,1]]",7,12.575598358122203,12.57559835812214,6.394884621840902e-14,0.6,0.6,11.087596335232384,11.087596335232384,True,True
"[[1,2,1],[2,1,0],[0,0,0]]",7,10.066055853237764,10.066055853237666,9.769962616701378e-14,0.6,0.6,10.722953221644474,10.722953221644474,False,False
"[[1,2,0],[2,2,0],[0,0,0]]",7,6.762844808781054,6.762844808780923,1.305622276959184e-13,0.6,0.6,10.722953221644474,10.722953221644474,False,False
"[[1,2,0],[1,3,0],[0,0,0]]",7,6.92085866015573,6.920858660155528,2.0161650127192843e-13,0.6,0.6,10.722953221644474,10.722953221644474,False,False
"[[1,2,0],[1,2,1],[0,0,0]]",7,6.794854842329871,6.794854842329739,1.3145040611561853e-13,0.6,0.6,10.722953221644474,10.722953221644474,False,False
"[[1,2,0],[1,1,1],[1,0,0]]",7,7.414960809920068,7.414960809919972,9.592326932761353e-14,0.6,0.6,11.169240324272893,11.169240324272893,False,False
"[[1,2,0],[1,1,1],[0,1,0]]",7,10.920927528438092,10.92092752843792,1.723066134218243e-13,0.6,0.6,11.169240324272893,11.169240324272893,False,False
"[[1,2,0],[1,1,1],[0,0,1]]",7,8.257901059685214,8.257901059685118,9.592326932761353e-14,0.6,0.6,11.169240324272893,11.169240324272893,False,False
"[[1,3,0],[1,0,1],[1,0,0]]",7,12.466036104635293,12.46603610463516,1.3322676295501878e-13,0.6,0.6,11.087596335232384,11.087596335232384,True,True
"[[1,2,1],[1,0,1],[1,0,0]]",7,11.764668141905872,11.76466814190581,6.217248937900877e-14,0.6,0.6,11.087596335232384,11.087596335232384,True,True
"[[1,2,0],[2,0,1],[0,1,0]]",7,12.672456181947851,12.672456181947753,9.769962616701378e-14,0.6,0.6,11.169240324272893,11.169240324272893,True,True
"[[1,2,0],[1,0,2],[0,1,0]]",7,14.09076057661656,14.09076057661646,9.947598300641403e-14,0.6,0.6,11.169240324272893,11.169240324272893,True,True
"[[1,2,0],[1,0,1],[1,0,1]]",7,8.538208953684617,8.538208953684554,6.217248937900877e-14,0.6,0.6,11.298317366548035,11.298317366548035,False,False
"[[1,2,0],[1,0,1],[0,1,1]]",7,12.044175672202638,12.044175672202503,1.3500311979441904e-13,0.6,0.6,11.298317366548035,11.298317366548035,True,True
"[[1,2,0],[1,0,1],[0,0,2]]",7,10.767443564569653,10.76744356456959,6.394884621840902e-14,0.6,0.6,11.298317366548035,11.298317366548035,False,False
"[[1,2,1],[1,1,0],[1,0,0]]",7,9.981129454847295,9.98112945484716,1.3500311979441904e-13,0.6,0.6,11.087596335232384,11.087596335232384,False,False
"[[1,1,2],[1,0,0],[2,0,0]]",7,12.332658108357055,12.332658108357029,2.6645352591003757e-14,0.6,0.6,11.087596335232384,11.087596335232384,True,True
"[[1,1,2],[1,0,0],[1,1,0]]",7,14.452330465755182,14.452330465755086,9.592326932761353e-14,0.6,0.6,11.087596335232384,11.087596335232384,True,True
"[[1,1,2],[1,0,0],[1,0,1]]",7,11.78930399700231,11.789303997002284,2.6645352591003757e-14,0.6,0.6,11.087596335232384,11.087596335232384,True,True
"[[1,1,2],[2,0,0],[0,1,0]]",7,16.446799369030092,16.446799369030032,6.039613253960852e-14,0.6,0.6,11.087596335232384,11.087596335232384,True,True
"[[1,1,1],[2,1,0],[0,1,0]]",7,10.710797675924397,10.7107976759243,9.592326932761353e-14,0.6,0.6,11.169240324272893,11.169240324272893,False,False
"[[1,1,1],[1,2,0],[0,1,0]]",7,10.345563383534527,10.345563383534358,1.687538997430238e-13,0.6,0.6,11.169240324272893,11.169240324272893,False,False
"[[1,1,1],[1,1,1],[0,1,0]]",7,10.742807709473215,10.742807709473118,9.769962616701378e-14,0.6,0.6,11.169240324272893,11.169240324272893,False,False
"[[1,1,1],[1,0,1],[1,1,0]]",7,11.023115603472618,11.023115603472554,6.394884621840902e-14,0.6,0.6,11.298317366548035,11.298317366548035,False,False
"[[1,1,1],[1,0,1],[0,2,0]]",7,15.915376683110527,15.915376683110393,1.3322676295501878e-13,0.6,0.6,11.298317366548035,11.298317366548035,True,True
"[[1,1,1],[1,0,1],[0,1,1]]",7,11.866055853237764,11.8660558532377,6.394884621840902e-14,0.6,0.6,11.298317366548035,11.298317366548035,True,True
"[[1,2,1],[1,0,0],[1,0,1]]",7,10.581129454847293,10.581129454847195,9.769962616701378e-14,0.6,0.6,11.087596335232384,11.087596335232384,False,False
"[[1,1,1],[2,0,0],[0,1,1]]",7,11.834045819688946,11.834045819688884,6.217248937900877e-14,0.6,0.6,11.298317366548035,11.298317366548035,True,True
"[[1,1,1],[1,1,0],[0,1,1]]",7,10.082517166179183,10.08251716617905,1.3322676295501878e-13,0.6,0.6,11.298317366548035,11.298317366548035,False,False
"[[1,1,1],[1,0,0],[1,0,2]]",7,8.039596665016507,8.039596665016479,2.842170943040401e-14,0.6,0.6,11.169240324272893,11.169240324272893,False,False
"[[1,1,1],[1,0,0],[0,1,2]]",7,11.545563383534525,11.545563383534427,9.769962616701378e-14,0.6,0.6,11.169240324272893,11.169240324272893,True,True
"[[1,1,1],[1,0,0],[0,0,3]]",7,10.792079419666091,10.792079419666063,2.842170943040401e-14,0.6,0.6,11.169240324272893,11.169240324272893,False,False
"[[1,1,2],[1,1,0],[1,0,0]]",7,11.189303997002309,11.189303997002249,6.039613253960852e-14,0.6,0.6,11.087596335232384,11.087596335232384,True,True
"[[1,1,1],[1,1,0],[1,0,1]]",7,6.576550447661164,6.576550447661102,6.217248937900877e-14,0.6,0.6,11.298317366548035,11.298317366548035,False,False
"[[1,1,1],[1,1,0],[0,0,2]]",7,8.8057850585462,8.805785058546137,6.217248937900877e-14,0.6,0.6,11.298317366548035,11.298317366548035,False,False
"[[1,1,1],[1,2,0],[1,0,0]]",7,6.839596665016508,6.83959666501641,9.769962616701378e-14,0.6,0.6,11.169240324272893,11.169240324272893,False,False
"[[1,1,1],[1,2,0],[0,0,1]]",7,7.682536914781654,7.682536914781555,9.85878045867139e-14,0.6,0.6,11.169240324272893,11.169240324272893,False,False
"[[1,1,1],[1,3,0],[0,0,0]]",7,6.7427388411908575,6.742738841190726,1.3145040611561853e-13,0.6,0.6,10.722953221644474,10.722953221644474,False,False
"[[1,1,0],[1,4,0],[0,0,0]]",7,3.710104401282991,3.710104401282826,1.652011860642233e-13,0.6,0.6,10.584967478670572,10.584967478670572,False,False
"[[1,1,0],[0,5,0],[0,0,0]]",7,5.84688222658406,5.846882226583821,2.389199948993337e-13,0.6,0.6,10.584967478670572,10.584967478670572,False,False
"[[1,1,0],[0,4,1],[0,0,0]]",7,5.128408795951699,5.1284087959515325,1.6608936448392342e-13,0.6,0.6,10.584967478670572,10.584967478670572,False,False
"[[1,1,0],[0,3,1],[1,0,0]]",7,5.13814008540226,5.138140085402128,1.3233858453531866e-13,0.6,0.6,11.087596335232384,11.087596335232384,False,False
"[[1,1,0],[0,3,1],[0,1,0]]",7,8.64410680392028,8.644106803920074,2.0605739337042905e-13,0.6,0.6,11.087596335232384,11.087596335232384,False,False
"[[1,1,0],[0,3,1],[0,0,1]]",7,5.981080335167406,5.981080335167272,1.341149413747189e-13,0.6,0.6,11.087596335232384,11.087596335232384,False,False
"[[1,2,0],[0,2,1],[1,0,0]]",7,8.43602087865009,8.43602087864992,1.7053025658242404e-13,0.6,0.6,11.169240324272893,11.169240324272893,False,False
"[[1,1,1],[0,2,1],[1,0,0]]",7,8.257901059685215,8.257901059685118,9.769962616701378e-14,0.6,0.6,11.169240324272893,11.169240324272893,False,False
"[[1,1,0],[1,2,1],[0,1,0]]",7,7.099798591425713,7.09979859142558,1.3233858453531866e-13,0.6,0.6,11.087596335232384,11.087596335232384,False,False
"[[1,1,0],[0,2,2],[0,1,0]]",7,9.90439734721431,9.904397347214179,1.3145040611561853e-13,0.6,0.6,11.087596335232384,11.087596335232384,False,False
"[[1,1,0],[0,2,1],[1,0,1]]",7,4.691643797873164,4.691643797873066,9.769962616701378e-14,0.6,0.6,11.298317366548035,11.298317366548035,False,False
"[[1,1,0],[0,2,1],[0,1,1]]",7,8.197610516391183,8.197610516391014,1.687538997430238e-13,0.6,0.6,11.298317366548035,11.298317366548035,False,False
"[[1,1,0],[0,2,1],[0,0,2]]",7,6.920878408758201,6.920878408758101,9.947598300641403e-14,0.6,0.6,11.298317366548035,11.298317366548035,False,False
"[[1,2,0],[0,1,2],[1,0,0]]",7,10.219559565708668,10.21955956570857,9.769962616701378e-14,0.6,0.6,11.169240324272893,11.169240324272893,False,False
"[[1,1,1],[0,1,1],[2,0,0]]",7,8.538208953684617,8.538208953684554,6.217248937900877e-14,0.6,0.6,11.298317366548035,11.298317366548035,False,False
"[[1,1,1],[0,1,1],[1,1,0]]",7,10.657881311082747,10.657881311082612,1.3500311979441904e-13,0.6,0.6,11.298317366548035,11.298317366548035,False,False
"[[1,1,1],[0,1,1],[1,0,1]]",7,7.994854842329872,7.994854842329809,6.306066779870889e-14,0.6,0.6,11.298317366548035,11.298317366548035,False,False
"[[1,1,0],[0,1,2],[1,1,0]]",7,9.138208953684618,9.138208953684519,9.947598300641403e-14,0.6,0.6,11.298317366548035,11.298317366548035,False,False
"[[1,1,0],[0,1,2],[0,2,0]]",7,14.03047003332253,14.030470033322358,1.723066134218243e-13,0.6,0.6,11.298317366548035,11.298317366548035,True,True
"[[1,1,0],[0,1,2],[0,1,1]]",7,9.981149203449764,9.981149203449664,9.947598300641403e-14,0.6,0.6,11.298317366548035,11.298317366548035,False,False
"[[1,2,0],[0,1,1],[1,0,1]]",7,8.172974661294747,8.172974661294612,1.3500311979441904e-13,0.6,0.6,11.298317366548035,11.298317366548035,False,False
"[[1,1,0],[1,1,1],[0,1,1]]",7,7.176550447661164,7.176550447661066,9.769962616701378e-14,0.6,0.6,11.298317366548035,11.298317366548035,False,False
"[[1,1,0],[0,1,1],[1,0,2]]",7,5.291643797873164,5.291643797873101,6.306066779870889e-14,0.6,0.6,11.298317366548035,11.298317366548035,False,False
"[[1,1,0],[0,1,1],[0,1,2]]",7,8.797610516391185,8.797610516391048,1.3677947663381929e-13,0.6,0.6,11.298317366548035,11.298317366548035,False,False
"[[1,1,0],[0,1,1],[0,0,3]]",7,8.044126552522748,8.044126552522684,6.394884621840902e-14,0.6,0.6,11.298317366548035,11.298317366548035,False,False
"[[1,2,0],[0,0,2],[2,0,0]]",7,11.886161820827962,11.886161820827898,6.394884621840902e-14,0.6,0.6,11.298317366548035,11.298317366548035,True,True
"[[1,2,0],[0,0,2],[1,1,0]]",7,14.005834178226092,14.005834178225955,1.3677947663381929e-13,0.6,0.6,11.298317366548035,11.298317366548035,True,True
"[[1,2,0],[0,0,2],[1,0,1]]",7,11.342807709473217,11.342807709473153,6.394884621840902e-14,0.6,0.6,11.298317366548035,11.298317366548035,True,True
"[[1,2,1],[0,0,1],[2,0,0]]",7,12.542787960870747,12.542787960870648,9.947598300641403e-14,0.6,0.6,11.087596335232384,11.087596335232384,True,True
"[[1,1,2],[0,0,1],[2,0,0]]",7,13.750962503025765,13.750962503025736,2.842170943040401e-14,0.6,0.6,11.087596335232384,11.087596335232384,True,True
"[[1,1,1],[0,0,2],[1,1,0]]",7,13.827714359261218,13.827714359261153,6.572520305780927e-14,0.6,0.6,11.298317366548035,11.298317366548035,True,True
"[[1,1,1],[0,0,1],[2,0,1]]",7,8.61496080992007,8.61496080992004,3.019806626980426e-14,0.6,0.6,11.169240324272893,11.169240324272893,False,False
"[[1,1,1],[0,0,1],[1,1,1]]",7,10.7346331673182,10.734633167318098,1.0302869668521453e-13,0.6,0.6,11.169240324272893,11.169240324272893,False,False
"[[1,1,1],[0,0,1],[1,0,2]]",7,9.457901059685216,9.457901059685186,3.019806626980426e-14,0.6,0.6,11.169240324272893,11.169240324272893,False,False
"[[1,1,0],[1,0,2],[0,2,0]]",7,14.395704325712401,14.395704325712302,9.947598300641403e-14,0.6,0.6,11.298317366548035,11.298317366548035,True,True
"[[1,1,0],[0,0,3],[0,2,0]]",7,17.723551225265545,17.723551225265446,9.947598300641403e-14,0.6,0.6,11.298317366548035,11.298317366548035,True,True
"[[1,1,0],[0,0,2],[1,1,1]]",7,9.738208953684618,9.738208953684554,6.394884621840902e-14,0.6,0.6,11.298317366548035,11.298317366548035,False,False
"[[1,1,0],[0,0,2],[0,2,1]]",7,14.630470033322528,14.630470033322391,1.3677947663381929e-13,0.6,0.6,11.298317366548035,11.298317366548035,True,True
"[[1,1,0],[0,0,2],[0,1,2]]",7,11.967443564569654,11.967443564569589,6.572520305780927e-14,0.6,0.6,11.298317366548035,11.298317366548035,True,True
"[[1,2,0],[0,0,1],[1,0,2]]",7,9.63602087865009,9.636020878649989,1.0125233984581428e-13,0.6,0.6,11.169240324272893,11.169240324272893,False,False
"[[1,1,0],[1,0,1],[0,1,2]]",7,9.162844808781056,9.16284480878099,6.572520305780927e-14,0.6,0.6,11.298317366548035,11.298317366548035,False,False
"[[1,1,0],[0,0,1],[1,0,3]]",7,6.938140085402261,6.938140085402231,3.019806626980426e-14,0.6,0.6,11.087596335232384,11.087596335232384,False,False
"[[1,1,0],[0,0,1],[0,1,3]]",7,10.444106803920281,10.444106803920178,1.0302869668521453e-13,0.6,0.6,11.087596335232384,11.087596335232384,False,False
"[[1,1,0],[0,0,1],[0,0,4]]",7,10.03042091364264,10.030420913642608,3.197442310920451e-14,0.6,0.6,11.087596335232384,11.087596335232384,False,False
"[[1,1,1],[0,3,0],[1,0,0]]",7,8.383904877511075,8.383904877510906,1.687538997430238e-13,0.6,0.6,11.169240324272893,11.169240324272893,False,False
"[[1,1,2],[0,1,0],[2,0,0]]",7,11.967423815967184,11.967423815967086,9.769962616701378e-14,0.6,0.6,11.087596335232384,11.087596335232384,True,True
"[[1,0,3],[0,0,0],[3,0,0]]",7,14.842200613241495,14.842200613241502,7.105427357601002e-15,0.6,0.6,10.722953221644474,10.722953221644474,True,True
"[[1,0,3],[0,0,0],[2,1,0]]",7,16.438624826875078,16.43862482687501,6.750155989720952e-14,0.6,0.6,10.722953221644474,10.722953221644474,True,True
"[[1,0,3],[0,0,0],[2,0,1]]",7,13.775598358122203,13.775598358122208,5.329070518200751e-15,0.6,0.6,10.722953221644474,10.722953221644474,True,True
"[[1,0,3],[1,0,0],[1,1,0]]",7,17.57004751279464,17.570047512794613,2.842170943040401e-14,0.6,0.6,11.087596335232384,11.087596335232384,True,True
"[[1,0,2],[1,1,0],[1,1,0]]",7,11.834045819688946,11.834045819688882,6.394884621840902e-14,0.6,0.6,11.298317366548035,11.298317366548035,True,True
"[[1,0,2],[0,2,0],[1,1,0]]",7,12.855105888418969,12.85510588841883,1.3855583347321954e-13,0.6,0.6,11.298317366548035,11.298317366548035,True,True
"[[1,0,2],[0,1,1],[1,1,0]]",7,13.252350214357651,13.25235021435759,6.217248937900877e-14,0.6,0.6,11.298317366548035,11.298317366548035,True,True
"[[1,0,2],[0,0,1],[2,1,0]]",7,13.872456181947854,13.872456181947822,3.197442310920451e-14,0.6,0.6,11.169240324272893,11.169240324272893,True,True
"[[1,0,2],[0,0,1],[1,2,0]]",7,17.37842290046587,17.378422900465768,1.0302869668521453e-13,0.6,0.6,11.169240324272893,11.169240324272893,True,True
"[[1,0,2],[0,0,1],[1,1,1]]",7,13.329102070593105,13.329102070593075,3.019806626980426e-14,0.6,0.6,11.169240324272893,11.169240324272893,True,True
"[[1,1,2],[0,0,0],[2,0,1]]",7,10.657881311082747,10.657881311082681,6.572520305780927e-14,0.6,0.6,10.722953221644474,10.722953221644474,False,False
"[[1,0,2],[1,0,0],[1,1,1]]",7,11.910797675924396,11.91079767592437,2.6645352591003757e-14,0.6,0.6,11.169240324272893,11.169240324272893,True,True
"[[1,0,2],[0,1,0],[1,1,1]]",7,11.545563383534528,11.545563383534425,1.0302869668521453e-13,0.6,0.6,11.169240324272893,11.169240324272893,True,True
"[[1,0,2],[0,0,0],[2,0,2]]",7,9.162844808781056,9.16284480878106,3.552713678800501e-15,0.6,0.6,10.722953221644476,10.722953221644474,False,False
"[[1,0,2],[0,0,0],[1,1,2]]",7,11.282517166179186,11.282517166179117,6.927791673660977e-14,0.6,0.6,10.722953221644476,10.722953221644474,True,True
"[[1,0,2],[0,0,0],[1,0,3]]",7,10.529033202310748,10.529033202310753,5.329070518200751e-15,0.6,0.6,10.722953221644476,10.722953221644474,False,False
"[[1,0,2],[2,0,0],[0,2,0]]",7,18.47783555283662,18.477835552836556,6.394884621840902e-14,0.6,0.6,11.298317366548035,11.298317366548035,True,True
"[[1,0,2],[1,1,0],[0,2,0]]",7,16.726306899326858,16.72630689932672,1.3855583347321954e-13,0.6,0.6,11.298317366548035,11.298317366548035,True,True
"[[1,0,2],[1,0,1],[0,2,0]]",7,18.509845586385435,18.50984558638537,6.394884621840902e-14,0.6,0.6,11.298317366548035,11.298317366548035,True,True
"[[1,0,2],[1,0,0],[0,2,1]]",7,16.80305875556231,16.803058755562205,1.0658141036401503e-13,0.6,0.6,11.169240324272893,11.169240324272893,True,True
"[[1,0,2],[1,0,0],[0,1,2]]",7,14.140032286809436,14.140032286809404,3.197442310920451e-14,0.6,0.6,11.169240324272893,11.169240324272893,True,True
"[[1,0,2],[1,1,0],[0,1,1]]",7,12.676986069454092,12.676986069454028,6.394884621840902e-14,0.6,0.6,11.298317366548035,11.298317366548035,True,True
"[[1,0,2],[1,2,0],[0,1,0]]",7,12.940032286809434,12.940032286809336,9.769962616701378e-14,0.6,0.6,11.169240324272893,11.169240324272893,True,True
"[[1,0,1],[1,3,0],[0,1,0]]",7,8.433976951406589,8.433976951406457,1.3145040611561853e-13,0.6,0.6,11.087596335232384,11.087596335232384,False,False
"[[1,0,1],[0,4,0],[0,1,0]]",7,10.318083237491951,10.318083237491747,2.042810365310288e-13,0.6,0.6,11.087596335232384,11.087596335232384,False,False
"[[1,0,1],[0,3,1],[0,1,0]]",7,9.852281346075298,9.852281346075163,1.3500311979441904e-13,0.6,0.6,11.087596335232384,11.087596335232384,False,False
"[[1,0,1],[0,2,1],[1,1,0]]",7,8.562844808781055,8.562844808780957,9.769962616701378e-14,0.6,0.6,11.298317366548035,11.298317366548035,False,False
"[[1,0,1],[0,2,1],[0,2,0]]",7,13.455105888418966,13.455105888418796,1.7053025658242404e-13,0.6,0.6,11.298317366548035,11.298317366548035,True,True
"[[1,0,1],[0,2,1],[0,1,1]]",7,9.4057850585462,9.405785058546101,9.947598300641403e-14,0.6,0.6,11.298317366548035,11.298317366548035,False,False
"[[1,0,1],[1,1,1],[0,2,0]]",7,12.434045819688944,12.434045819688848,9.592326932761353e-14,0.6,0.6,11.298317366548035,11.298317366548035,True,True
"[[1,0,1],[0,1,2],[0,2,0]]",7,15.238644575477544,15.238644575477446,9.769962616701378e-14,0.6,0.6,11.298317366548035,11.298317366548035,True,True
"[[1,0,1],[0,1,1],[1,1,1]]",7,7.776550447661165,7.776550447661101,6.394884621840902e-14,0.6,0.6,11.298317366548035,11.298317366548035,False,False
"[[1,0,1],[0,1,1],[0,2,1]]",7,12.668811527299074,12.668811527298939,1.3500311979441904e-13,0.6,0.6,11.298317366548035,11.298317366548035,True,True
"[[1,0,1],[0,1,1],[0,1,2]]",7,10.0057850585462,10.005785058546136,6.394884621840902e-14,0.6,0.6,11.298317366548035,11.298317366548035,False,False
"[[1,0,1],[0,0,2],[1,2,0]]",7,14.9957043257124,14.995704325712335,6.394884621840902e-14,0.6,0.6,11.298317366548035,11.298317366548035,True,True
"[[1,0,1],[0,0,2],[0,3,0]]",7,20.41121354911486,20.41121354911472,1.3855583347321954e-13,0.6,0.6,11.298317366548035,11.298317366548035,True,True
"[[1,0,1],[0,0,2],[0,2,1]]",7,15.838644575477545,15.83864457547748,6.572520305780927e-14,0.6,0.6,11.298317366548035,11.298317366548035,True,True
"[[1,0,1],[1,0,1],[0,2,1]]",7,13.034045819688945,13.034045819688881,6.394884621840902e-14,0.6,0.6,11.298317366548035,11.298317366548035,True,True
"[[1,0,1],[0,0,1],[1,1,2]]",7,8.899798591425714,8.899798591425682,3.197442310920451e-14,0.6,0.6,11.087596335232384,11.087596335232384,False,False
"[[1,0,1],[0,0,1],[0,2,2]]",7,13.792059671063623,13.792059671063521,1.0125233984581428e-13,0.6,0.6,11.087596335232384,11.087596335232384,True,True
"[[1,0,1],[0,0,1],[0,1,3]]",7,11.652281346075295,11.652281346075267,2.842170943040401e-14,0.6,0.6,11.087596335232384,11.087596335232384,True,True
"[[1,1,1],[0,2,0],[1,0,1]]",7,7.597610516391184,7.5976105163910495,1.341149413747189e-13,0.6,0.6,11.298317366548035,11.298317366548035,False,False
"[[1,0,1],[1,2,0],[0,1,1]]",7,7.987480663877493,7.9874806638773945,9.85878045867139e-14,0.6,0.6,11.298317366548035,11.298317366548035,False,False
"[[1,0,1],[0,3,0],[0,1,1]]",7,9.53178887637206,9.53178887637189,1.7053025658242404e-13,0.6,0.6,11.298317366548035,11.298317366548035,False,False
"[[1,1,1],[0,1,0],[1,0,2]]",7,7.6743623726266375,7.674362372626535,1.021405182655144e-13,0.6,0.6,11.169240324272893,11.169240324272893,False,False
"[[1,0,1],[1,1,0],[0,1,2]]",7,8.587480663877493,8.587480663877429,6.394884621840902e-14,0.6,0.6,11.298317366548035,11.298317366548035,False,False
"[[1,0,1],[0,2,0],[0,1,2]]",7,9.608540732607514,9.608540732607377,1.3677947663381929e-13,0.6,0.6,11.298317366548035,11.298317366548035,False,False
"[[1,1,1],[0,0,0],[1,0,3]]",7,7.934564299035842,7.934564299035776,6.661338147750939e-14,0.6,0.6,10.722953221644476,10.722953221644474,False,False
"[[1,0,1],[1,0,0],[0,1,3]]",7,10.233976951406586,10.233976951406559,2.6645352591003757e-14,0.6,0.6,11.087596335232384,11.087596335232384,False,False
"[[1,0,1],[0,1,0],[0,1,3]]",7,9.868742659016718,9.868742659016615,1.0302869668521453e-13,0.6,0.6,11.087596335232384,11.087596335232384,False,False
"[[1,0,1],[0,0,0],[1,0,4]]",7,6.710104401282993,6.710104401282997,4.440892098500626e-15,0.6,0.6,10.584967478670572,10.584967478670572,False,False
"[[1,0,1],[0,0,0],[0,1,4]]",7,10.216071119801011,10.216071119800946,6.572520305780927e-14,0.6,0.6,10.584967478670572,10.584967478670572,False,False
"[[1,0,1],[0,0,0],[0,0,5]]",7,10.055056768739078,10.05505676873908,1.7763568394002505e-15,0.6,0.6,10.584967478670572,10.584967478670572,False,False
"[[0,4,0],[3,0,0],[0,0,0]]",7,19.37287205513831,19.37287205513814,1.7053025658242404e-13,0.6,0.6,10.722953221644474,10.722953221644474,True,True
"[[0,3,1],[3,0,0],[0,0,0]]",7,18.331706018818092,18.331706018817993,9.947598300641403e-14,0.6,0.6,10.722953221644474,10.722953221644474,True,True
"[[0,3,0],[3,1,0],[0,0,0]]",7,13.642200613241492,13.64220061324136,1.3145040611561853e-13,0.6,0.6,10.722953221644474,10.722953221644474,True,True
"[[0,3,0],[2,2,0],[0,0,0]]",7,12.753718177087075,12.75371817708687,2.042810365310288e-13,0.6,0.6,10.722953221644474,10.722953221644474,True,True
"[[0,3,0],[2,1,1],[0,0,0]]",7,13.150962503025763,13.15096250302563,1.3322676295501878e-13,0.6,0.6,10.722953221644474,10.722953221644474,True,True
"[[0,3,0],[2,0,1],[1,0,0]]",7,15.157362831735853,15.157362831735751,1.0125233984581428e-13,0.6,0.6,11.169240324272893,11.169240324272893,True,True
"[[0,3,0],[2,0,1],[0,1,0]]",7,18.663329550253874,18.6633295502537,1.7408297026122455e-13,0.6,0.6,11.169240324272893,11.169240324272893,True,True
"[[0,3,0],[2,0,1],[0,0,1]]",7,16.000303081501,16.000303081500896,1.0302869668521453e-13,0.6,0.6,11.169240324272893,11.169240324272893,True,True
"[[0,3,1],[2,0,0],[1,0,0]]",7,17.723531476663076,17.72353147666294,1.3500311979441904e-13,0.6,0.6,11.087596335232384,11.087596335232384,True,True
"[[0,2,2],[2,0,0],[1,0,0]]",7,18.408457875053543,18.408457875053482,6.039613253960852e-14,0.6,0.6,11.087596335232384,11.087596335232384,True,True
"[[0,2,1],[3,0,0],[0,1,0]]",7,18.45319969774018,18.453199697740082,9.947598300641403e-14,0.6,0.6,11.169240324272893,11.169240324272893,True,True
"[[0,2,1],[2,1,0],[0,1,0]]",7,16.178422900465872,16.178422900465698,1.7408297026122455e-13,0.6,0.6,11.169240324272893,11.169240324272893,True,True
"[[0,2,1],[2,0,1],[0,1,0]]",7,17.96196158752445,17.96196158752435,9.947598300641403e-14,0.6,0.6,11.169240324272893,11.169240324272893,True,True
"[[0,2,1],[2,0,0],[1,0,1]]",7,13.7957043257124,13.795704325712334,6.572520305780927e-14,0.6,0.6,11.298317366548035,11.298317366548035,True,True
"[[0,2,1],[2,0,0],[0,1,1]]",7,17.301671044230417,17.301671044230282,1.3500311979441904e-13,0.6,0.6,11.298317366548035,11.298317366548035,True,True
"[[0,2,1],[2,0,0],[0,0,2]]",7,16.024938936597433,16.02493893659737,6.394884621840902e-14,0.6,0.6,11.298317366548035,11.298317366548035,True,True
"[[0,2,1],[2,1,0],[1,0,0]]",7,12.672456181947851,12.672456181947751,9.947598300641403e-14,0.6,0.6,11.169240324272893,11.169240324272893,True,True
"[[0,2,1],[2,1,0],[0,0,1]]",7,13.515396431712997,13.515396431712897,9.947598300641403e-14,0.6,0.6,11.169240324272893,11.169240324272893,True,True
"[[0,2,1],[2,2,0],[0,0,0]]",7,12.052350214357656,12.05235021435752,1.3500311979441904e-13,0.6,0.6,10.722953221644474,10.722953221644474,True,True
"[[0,2,0],[2,3,0],[0,0,0]]",7,8.679917700858992,8.679917700858825,1.6697754290362354e-13,0.6,0.6,10.584967478670572,10.584967478670572,False,False
"[[0,2,0],[1,4,0],[0,0,0]]",7,9.177729625824465,9.177729625824226,2.398081733190338e-13,0.6,0.6,10.584967478670572,10.584967478670572,False,False
"[[0,2,0],[1,3,1],[0,0,0]]",7,8.711927734407809,8.711927734407642,1.6697754290362354e-13,0.6,0.6,10.584967478670572,10.584967478670572,False,False
"[[0,2,0],[1,2,1],[1,0,0]]",7,9.061457097449164,9.061457097449033,1.3145040611561853e-13,0.6,0.6,11.087596335232384,11.087596335232384,False,False
"[[0,2,0],[1,2,1],[0,1,0]]",7,12.567423815967185,12.567423815966979,2.0605739337042905e-13,0.6,0.6,11.087596335232384,11.087596335232384,True,True
"[[0,2,0],[1,2,1],[0,0,1]]",7,9.90439734721431,9.904397347214177,1.3322676295501878e-13,0.6,0.6,11.087596335232384,11.087596335232384,False,False
"[[0,3,0],[1,1,1],[1,0,0]]",7,13.40583417822609,13.405834178225918,1.723066134218243e-13,0.6,0.6,11.169240324272893,11.169240324272893,True,True
"[[0,2,1],[1,1,1],[1,0,0]]",7,12.70446621549667,12.704466215496568,1.0125233984581428e-13,0.6,0.6,11.169240324272893,11.169240324272893,True,True
"[[0,2,0],[2,1,1],[0,1,0]]",7,12.932658108357053,12.932658108356923,1.2967404927621828e-13,0.6,0.6,11.087596335232384,11.087596335232384,True,True
"[[0,2,0],[1,1,2],[0,1,0]]",7,14.350962503025762,14.350962503025631,1.3145040611561853e-13,0.6,0.6,11.087596335232384,11.087596335232384,True,True
"[[0,2,0],[1,1,1],[1,0,1]]",7,9.138208953684616,9.138208953684519,9.769962616701378e-14,0.6,0.6,11.298317366548035,11.298317366548035,False,False
"[[0,2,0],[1,1,1],[0,1,1]]",7,12.644175672202639,12.644175672202467,1.723066134218243e-13,0.6,0.6,11.298317366548035,11.298317366548035,True,True
"[[0,2,0],[1,1,1],[0,0,2]]",7,11.367443564569653,11.367443564569554,9.947598300641403e-14,0.6,0.6,11.298317366548035,11.298317366548035,True,True
"[[0,3,0],[1,0,2],[1,0,0]]",7,16.57566722640456,16.57566722640446,9.947598300641403e-14,0.6,0.6,11.169240324272893,11.169240324272893,True,True
"[[0,2,1],[1,0,1],[2,0,0]]",7,14.37106847061596,14.371068470615896,6.394884621840902e-14,0.6,0.6,11.298317366548035,11.298317366548035,True,True
"[[0,2,1],[1,0,1],[1,1,0]]",7,16.490740828014093,16.490740828013955,1.3855583347321954e-13,0.6,0.6,11.298317366548035,11.298317366548035,True,True
"[[0,2,1],[1,0,1],[1,0,1]]",7,13.827714359261215,13.827714359261151,6.394884621840902e-14,0.6,0.6,11.298317366548035,11.298317366548035,True,True
"[[0,2,0],[1,0,2],[1,1,0]]",7,14.971068470615961,14.971068470615862,9.947598300641403e-14,0.6,0.6,11.298317366548035,11.298317366548035,True,True
"[[0,2,0],[1,0,2],[0,2,0]]",7,19.86332955025387,19.863329550253702,1.6697754290362354e-13,0.6,0.6,11.298317366548035,11.298317366548035,True,True
"[[0,2,0],[1,0,2],[0,1,1]]",7,15.814008720381107,15.814008720381008,9.947598300641403e-14,0.6,0.6,11.298317366548035,11.298317366548035,True,True
"[[0,3,0],[1,0,1],[1,0,1]]",7,14.529082321990636,14.5290823219905,1.3500311979441904e-13,0.6,0.6,11.298317366548035,11.298317366548035,True,True
"[[0,2,0],[2,0,1],[0,1,1]]",7,14.395704325712398,14.3957043257123,9.769962616701378e-14,0.6,0.6,11.298317366548035,11.298317366548035,True,True
"[[0,2,0],[1,0,1],[1,0,2]]",7,11.124503314804507,11.124503314804443,6.394884621840902e-14,0.6,0.6,11.298317366548035,11.298317366548035,False,False
"[[0,2,0],[1,0,1],[0,1,2]]",7,14.630470033322528,14.630470033322391,1.3677947663381929e-13,0.6,0.6,11.298317366548035,11.298317366548035,True,True
"[[0,2,0],[1,0,1],[0,0,3]]",7,13.876986069454091,13.876986069454027,6.394884621840902e-14,0.6,0.6,11.298317366548035,11.298317366548035,True,True
"[[0,2,1],[1,2,0],[1,0,0]]",7,12.30722188955798,12.307221889557809,1.7053025658242404e-13,0.6,0.6,11.169240324272893,11.169240324272893,True,True
"[[0,2,2],[1,0,0],[2,0,0]]",7,17.80028333289853,17.800283332898427,1.0302869668521453e-13,0.6,0.6,11.087596335232384,11.087596335232384,True,True
"[[0,1,3],[1,0,0],[2,0,0]]",7,19.53170601881809,19.531706018818063,2.842170943040401e-14,0.6,0.6,11.087596335232384,11.087596335232384,True,True
"[[0,1,2],[2,0,0],[1,1,0]]",7,17.66690533662029,17.666905336620225,6.394884621840902e-14,0.6,0.6,11.298317366548035,11.298317366548035,True,True
"[[0,1,2],[1,1,0],[1,1,0]]",7,15.915376683110527,15.915376683110392,1.3500311979441904e-13,0.6,0.6,11.298317366548035,11.298317366548035,True,True
"[[0,1,2],[1,0,1],[1,1,0]]",7,17.698915370169107,17.698915370169043,6.394884621840902e-14,0.6,0.6,11.298317366548035,11.298317366548035,True,True
"[[0,1,2],[1,0,0],[2,0,1]]",7,13.87245618194785,13.872456181947822,2.842170943040401e-14,0.6,0.6,11.169240324272893,11.169240324272893,True,True
"[[0,1,2],[1,0,0],[1,1,1]]",7,15.99212853934598,15.99212853934588,1.0125233984581428e-13,0.6,0.6,11.169240324272893,11.169240324272893,True,True
"[[0,1,2],[1,0,0],[1,0,2]]",7,14.715396431712996,14.715396431712966,3.019806626980426e-14,0.6,0.6,11.169240324272893,11.169240324272893,True,True
"[[0,1,2],[2,0,0],[0,2,0]]",7,22.5591664162582,22.559166416258066,1.3500311979441904e-13,0.6,0.6,11.298317366548035,11.298317366548035,True,True
"[[0,1,2],[2,0,0],[0,1,1]]",7,18.509845586385435,18.50984558638537,6.394884621840902e-14,0.6,0.6,11.298317366548035,11.298317366548035,True,True
"[[0,1,2],[2,1,0],[0,1,0]]",7,17.38659744262089,17.38659744262079,9.947598300641403e-14,0.6,0.6,11.169240324272893,11.169240324272893,True,True
"[[0,1,1],[2,2,0],[0,1,0]]",7,12.357293963453493,12.357293963453362,1.3145040611561853e-13,0.6,0.6,11.087596335232384,11.087596335232384,True,True
"[[0,1,1],[1,3,0],[0,1,0]]",7,12.51530781482817,12.515307814827965,2.042810365310288e-13,0.6,0.6,11.087596335232384,11.087596335232384,True,True
"[[0,1,1],[1,2,1],[0,1,0]]",7,12.389303997002312,12.389303997002177,1.3500311979441904e-13,0.6,0.6,11.087596335232384,11.087596335232384,True,True
"[[0,1,1],[1,1,1],[1,1,0]]",7,11.62311560347262,11.623115603472518,1.0125233984581428e-13,0.6,0.6,11.298317366548035,11.298317366548035,True,True
"[[0,1,1],[1,1,1],[0,2,0]]",7,16.515376683110528,16.515376683110357,1.7053025658242404e-13,0.6,0.6,11.298317366548035,11.298317366548035,True,True
"[[0,1,1],[1,1,1],[0,1,1]]",7,12.466055853237762,12.466055853237664,9.769962616701378e-14,0.6,0.6,11.298317366548035,11.298317366548035,True,True
"[[0,1,1],[2,0,1],[0,2,0]]",7,18.26690533662029,18.26690533662019,9.947598300641403e-14,0.6,0.6,11.298317366548035,11.298317366548035,True,True
"[[0,1,1],[1,0,2],[0,2,0]]",7,19.685209731289,19.6852097312889,9.947598300641403e-14,0.6,0.6,11.298317366548035,11.298317366548035,True,True
"[[0,1,1],[1,0,1],[1,1,1]]",7,12.223115603472618,12.223115603472554,6.394884621840902e-14,0.6,0.6,11.298317366548035,11.298317366548035,True,True
"[[0,1,1],[1,0,1],[0,2,1]]",7,17.11537668311053,17.11537668311039,1.3855583347321954e-13,0.6,0.6,11.298317366548035,11.298317366548035,True,True
"[[0,1,1],[1,0,1],[0,1,2]]",7,14.452350214357654,14.452350214357589,6.572520305780927e-14,0.6,0.6,11.298317366548035,11.298317366548035,True,True
"[[0,2,1],[1,1,0],[1,0,1]]",7,12.044175672202638,12.0441756722025,1.3677947663381929e-13,0.6,0.6,11.298317366548035,11.298317366548035,True,True
"[[0,1,1],[2,1,0],[0,1,1]]",7,12.434045819688944,12.434045819688848,9.592326932761353e-14,0.6,0.6,11.298317366548035,11.298317366548035,True,True
"[[0,1,1],[1,2,0],[0,1,1]]",7,12.068811527299076,12.068811527298903,1.723066134218243e-13,0.6,0.6,11.298317366548035,11.298317366548035,True,True
"[[0,2,1],[1,0,0],[1,0,2]]",7,13.507221889557982,13.507221889557878,1.0480505352461478e-13,0.6,0.6,11.169240324272893,11.169240324272893,True,True
"[[0,1,1],[2,0,0],[0,1,2]]",7,14.420340180808836,14.420340180808772,6.394884621840902e-14,0.6,0.6,11.298317366548035,11.298317366548035,True,True
"[[0,1,1],[1,1,0],[0,1,2]]",7,12.668811527299074,12.668811527298939,1.3500311979441904e-13,0.6,0.6,11.298317366548035,11.298317366548035,True,True
"[[0,1,1],[1,0,0],[1,0,3]]",7,10.809341096310149,10.80934109631012,2.842170943040401e-14,0.6,0.6,11.087596335232384,11.087596335232384,False,False
"[[0,1,1],[1,0,0],[0,1,3]]",7,14.31530781482817,14.315307814828069,1.0125233984581428e-13,0.6,0.6,11.087596335232384,11.087596335232384,True,True
"[[0,1,1],[1,0,0],[0,0,4]]",7,13.901621924550529,13.901621924550499,3.019806626980426e-14,0.6,0.6,11.087596335232384,11.087596335232384,True,True
"[[0,1,2],[1,1,0],[2,0,0]]",7,13.7957043257124,13.795704325712334,6.572520305780927e-14,0.6,0.6,11.298317366548035,11.298317366548035,True,True
"[[0,1,2],[1,1,0],[1,0,1]]",7,13.252350214357651,13.25235021435759,6.217248937900877e-14,0.6,0.6,11.298317366548035,11.298317366548035,True,True
"[[0,1,1],[1,1,0],[1,0,2]]",7,9.162844808781056,9.16284480878099,6.572520305780927e-14,0.6,0.6,11.298317366548035,11.298317366548035,False,False
"[[0,1,1],[1,1,0],[0,0,3]]",7,11.91532756343064,11.915327563430575,6.572520305780927e-14,0.6,0.6,11.298317366548035,11.298317366548035,True,True
"[[0,1,2],[1,2,0],[1,0,0]]",7,13.515396431712997,13.515396431712897,9.947598300641403e-14,0.6,0.6,11.169240324272893,11.169240324272893,True,True
"[[0,1,1],[1,2,0],[1,0,1]]",7,8.562844808781055,8.562844808780957,9.769962616701378e-14,0.6,0.6,11.298317366548035,11.298317366548035,False,False
"[[0,1,1],[1,2,0],[0,0,2]]",7,10.792079419666091,10.792079419665992,9.947598300641403e-14,0.6,0.6,11.298317366548035,11.298317366548035,False,False
"[[0,1,1],[1,3,0],[1,0,0]]",7,9.009341096310148,9.009341096310019,1.2967404927621828e-13,0.6,0.6,11.087596335232384,11.087596335232384,False,False
"[[0,1,1],[1,3,0],[0,0,1]]",7,9.852281346075294,9.852281346075163,1.3145040611561853e-13,0.6,0.6,11.087596335232384,11.087596335232384,False,False
"[[0,1,1],[1,4,0],[0,0,0]]",7,8.999609806859592,8.999609806859423,1.687538997430238e-13,0.6,0.6,10.584967478670572,10.584967478670572,False,False
"[[0,1,0],[1,5,0],[0,0,0]]",7,5.495043626895993,5.495043626895792,2.007283228522283e-13,0.6,0.6,10.276666119016054,10.276666119016054,False,False
"[[0,1,0],[0,6,0],[0,0,0]]",7,7.833176587703951,7.833176587703676,2.753353101070388e-13,0.6,0.6,10.276666119016054,10.276666119016054,False,False
"[[0,1,0],[0,5,1],[0,0,0]]",7,6.913348021564702,6.913348021564499,2.0339285811132868e-13,0.6,0.6,10.276666119016054,10.276666119016054,False,False
"[[0,1,0],[0,4,1],[1,0,0]]",7,6.871762907306445,6.871762907306278,1.6697754290362354e-13,0.6,0.6,10.82053354998334,10.82053354998334,False,False
"[[0,1,0],[0,4,1],[0,1,0]]",7,10.377729625824465,10.377729625824225,2.398081733190338e-13,0.6,0.6,10.82053354998334,10.82053354998334,False,False
"[[0,1,0],[0,4,1],[0,0,1]]",7,7.7147031570715905,7.714703157071422,1.687538997430238e-13,0.6,0.6,10.82053354998334,10.82053354998334,False,False
"[[0,2,0],[0,3,1],[1,0,0]]",7,10.605765309943735,10.605765309943527,2.078337502098293e-13,0.6,0.6,11.087596335232384,11.087596335232384,False,False
"[[0,1,1],[0,3,1],[1,0,0]]",7,10.427645490978858,10.427645490978724,1.3322676295501878e-13,0.6,0.6,11.087596335232384,11.087596335232384,False,False
"[[0,1,0],[1,3,1],[0,1,0]]",7,8.493623339739102,8.493623339738935,1.6697754290362354e-13,0.6,0.6,10.82053354998334,10.82053354998334,False,False
"[[0,1,0],[0,3,2],[0,1,0]]",7,11.2982220955277,11.298222095527532,1.687538997430238e-13,0.6,0.6,10.82053354998334,10.82053354998334,True,True
"[[0,1,0],[0,3,1],[1,0,1]]",7,6.33814008540226,6.338140085402126,1.3322676295501878e-13,0.6,0.6,11.087596335232384,11.087596335232384,False,False
"[[0,1,0],[0,3,1],[0,1,1]]",7,9.84410680392028,9.844106803920074,2.0605739337042905e-13,0.6,0.6,11.087596335232384,11.087596335232384,False,False
"[[0,1,0],[0,3,1],[0,0,2]]",7,8.567374696287295,8.567374696287162,1.3322676295501878e-13,0.6,0.6,11.087596335232384,11.087596335232384,False,False
"[[0,2,0],[0,2,2],[1,0,0]]",7,11.866055853237764,11.86605585323763,1.3500311979441904e-13,0.6,0.6,11.087596335232384,11.087596335232384,True,True
"[[0,1,1],[0,2,1],[2,0,0]]",7,10.524503314804509,10.52450331480441,9.947598300641403e-14,0.6,0.6,11.298317366548035,11.298317366548035,False,False
"[[0,1,1],[0,2,1],[1,1,0]]",7,12.644175672202639,12.644175672202467,1.723066134218243e-13,0.6,0.6,11.298317366548035,11.298317366548035,True,True
"[[0,1,1],[0,2,1],[1,0,1]]",7,9.981149203449762,9.981149203449663,9.947598300641403e-14,0.6,0.6,11.298317366548035,11.298317366548035,False,False
"[[0,1,0],[0,2,2],[1,1,0]]",7,10.261457097449167,10.261457097449032,1.3500311979441904e-13,0.6,0.6,11.087596335232384,11.087596335232384,False,False
"[[0,1,0],[0,2,2],[0,2,0]]",7,15.153718177087075,15.15371817708687,2.0605739337042905e-13,0.6,0.6,11.087596335232384,11.087596335232384,True,True
"[[0,1,0],[0,2,2],[0,1,1]]",7,11.10439734721431,11.104397347214176,1.3322676295501878e-13,0.6,0.6,11.087596335232384,11.087596335232384,True,True
"[[0,2,0],[0,2,1],[1,0,1]]",7,10.159269022414637,10.159269022414465,1.723066134218243e-13,0.6,0.6,11.298317366548035,11.298317366548035,False,False
"[[0,1,0],[1,2,1],[0,1,1]]",7,8.299798591425713,8.299798591425578,1.3500311979441904e-13,0.6,0.6,11.087596335232384,11.087596335232384,False,False
"[[0,1,0],[0,2,1],[1,0,2]]",7,6.754690015228507,6.754690015228407,1.0036416142611415e-13,0.6,0.6,11.169240324272893,11.169240324272893,False,False
"[[0,1,0],[0,2,1],[0,1,2]]",7,10.260656733746526,10.260656733746355,1.7053025658242404e-13,0.6,0.6,11.169240324272893,11.169240324272893,False,False
"[[0,1,0],[0,2,1],[0,0,3]]",7,9.50717276987809,9.507172769877991,9.947598300641403e-14,0.6,0.6,11.169240324272893,11.169240324272893,False,False
"[[0,2,0],[0,1,2],[2,0,0]]",7,12.486161820827961,12.486161820827862,9.947598300641403e-14,0.6,0.6,11.298317366548035,11.298317366548035,True,True
"[[0,2,0],[0,1,2],[1,1,0]]",7,14.605834178226093,14.60583417822592,1.7408297026122455e-13,0.6,0.6,11.298317366548035,11.298317366548035,True,True
"[[0,2,0],[0,1,2],[1,0,1]]",7,11.942807709473216,11.942807709473117,9.947598300641403e-14,0.6,0.6,11.298317366548035,11.298317366548035,True,True
"[[0,2,1],[0,1,1],[2,0,0]]",7,14.005834178226088,14.005834178225953,1.3500311979441904e-13,0.6,0.6,11.298317366548035,11.298317366548035,True,True
"[[0,1,2],[0,1,1],[2,0,0]]",7,15.21400872038111,15.214008720381042,6.750155989720952e-14,0.6,0.6,11.298317366548035,11.298317366548035,True,True
"[[0,1,1],[0,1,2],[1,1,0]]",7,14.427714359261216,14.427714359261117,9.947598300641403e-14,0.6,0.6,11.298317366548035,11.298317366548035,True,True
"[[0,1,1],[0,1,1],[2,0,1]]",7,9.738208953684616,9.738208953684554,6.217248937900877e-14,0.6,0.6,11.298317366548035,11.298317366548035,False,False
"[[0,1,1],[0,1,1],[1,1,1]]",7,11.857881311082746,11.857881311082611,1.3500311979441904e-13,0.6,0.6,11.298317366548035,11.298317366548035,True,True
"[[0,1,1],[0,1,1],[1,0,2]]",7,10.581149203449764,10.581149203449698,6.572520305780927e-14,0.6,0.6,11.298317366548035,11.298317366548035,False,False
"[[0,1,0],[1,1,2],[0,2,0]]",7,14.132658108357056,14.132658108356923,1.3322676295501878e-13,0.6,0.6,11.087596335232384,11.087596335232384,True,True
"[[0,1,0],[0,1,3],[0,2,0]]",7,17.4605050079102,17.46050500791007,1.3145040611561853e-13,0.6,0.6,11.087596335232384,11.087596335232384,True,True
"[[0,1,0],[0,1,2],[1,1,1]]",7,9.81496080992007,9.81496080991997,9.947598300641403e-14,0.6,0.6,11.169240324272893,11.169240324272893,False,False
"[[0,1,0],[0,1,2],[0,2,1]]",7,14.707221889557982,14.707221889557808,1.7408297026122455e-13,0.6,0.6,11.169240324272893,11.169240324272893,True,True
"[[0,1,0],[0,1,2],[0,1,2]]",7,12.044195420805107,12.044195420805005,1.0125233984581428e-13,0.6,0.6,11.169240324272893,11.169240324272893,True,True
"[[0,2,0],[0,1,1],[1,0,2]]",7,10.759269022414637,10.7592690224145,1.3677947663381929e-13,0.6,0.6,11.298317366548035,11.298317366548035,False,False
"[[0,1,0],[1,1,1],[0,1,2]]",7,9.239596665016508,9.239596665016407,1.0125233984581428e-13,0.6,0.6,11.169240324272893,11.169240324272893,False,False
"[[0,1,0],[0,1,1],[1,0,3]]",7,7.538140085402259,7.538140085402196,6.306066779870889e-14,0.6,0.6,11.087596335232384,11.087596335232384,False,False
"[[0,1,0],[0,1,1],[0,1,3]]",7,11.044106803920279,11.044106803920142,1.3677947663381929e-13,0.6,0.6,11.087596335232384,11.087596335232384,False,False
"[[0,1,0],[0,1,1],[0,0,4]]",7,10.630420913642638,10.630420913642574,6.394884621840902e-14,0.6,0.6,11.087596335232384,11.087596335232384,False,False
"[[0,3,0],[0,0,2],[2,0,0]]",7,17.87703518913398,17.877035189133846,1.3500311979441904e-13,0.6,0.6,11.298317366548035,11.298317366548035,True,True
"[[0,2,1],[0,0,2],[2,0,0]]",7,17.17566722640456,17.175667226404496,6.394884621840902e-14,0.6,0.6,11.298317366548035,11.298317366548035,True,True
"[[0,2,0],[0,0,3],[1,1,0]]",7,18.29891537016911,18.29891537016901,9.947598300641403e-14,0.6,0.6,11.298317366548035,11.298317366548035,True,True
"[[0,2,0],[0,0,2],[2,0,1]]",7,13.08616182082796,13.086161820827897,6.394884621840902e-14,0.6,0.6,11.298317366548035,11.298317366548035,True,True
"[[0,2,0],[0,0,2],[1,1,1]]",7,15.205834178226091,15.205834178225953,1.3855583347321954e-13,0.6,0.6,11.298317366548035,11.298317366548035,True,True
"[[0,2,0],[0,0,2],[1,0,2]]",7,13.929102070593107,13.929102070593041,6.572520305780927e-14,0.6,0.6,11.298317366548035,11.298317366548035,True,True
"[[0,1,2],[0,0,1],[3,0,0]]",7,16.357362831735852,16.357362831735824,2.842170943040401e-14,0.6,0.6,11.169240324272893,11.169240324272893,True,True
"[[0,1,2],[0,0,1],[2,1,0]]",7,17.953787045369435,17.95378704536933,1.0302869668521453e-13,0.6,0.6,11.169240324272893,11.169240324272893,True,True
"[[0,1,2],[0,0,1],[2,0,1]]",7,15.29076057661656,15.290760576616528,3.197442310920451e-14,0.6,0.6,11.169240324272893,11.169240324272893,True,True
"[[0,1,1],[0,0,2],[2,1,0]]",7,15.571068470615963,15.571068470615897,6.572520305780927e-14,0.6,0.6,11.298317366548035,11.298317366548035,True,True
"[[0,1,1],[0,0,2],[1,2,0]]",7,19.07703518913398,19.077035189133845,1.3500311979441904e-13,0.6,0.6,11.298317366548035,11.298317366548035,True,True
"[[0,1,1],[0,0,2],[1,1,1]]",7,15.027714359261218,15.02771435926115,6.750155989720952e-14,0.6,0.6,11.298317366548035,11.298317366548035,True,True
"[[0,2,1],[0,0,1],[2,0,1]]",7,14.082586034461542,14.082586034461439,1.0302869668521453e-13,0.6,0.6,11.169240324272893,11.169240324272893,True,True
"[[0,1,1],[0,0,1],[2,0,2]]",7,10.861457097449165,10.861457097449135,3.019806626980426e-14,0.6,0.6,11.087596335232384,11.087596335232384,False,False
"[[0,1,1],[0,0,1],[1,1,2]]",7,12.981129454847295,12.981129454847192,1.0302869668521453e-13,0.6,0.6,11.087596335232384,11.087596335232384,True,True
"[[0,1,1],[0,0,1],[1,0,3]]",7,12.227645490978858,12.227645490978828,3.019806626980426e-14,0.6,0.6,11.087596335232384,11.087596335232384,True,True
"[[0,1,0],[0,0,3],[1,2,0]]",7,17.55736283173585,17.55736283173575,9.947598300641403e-14,0.6,0.6,11.169240324272893,11.169240324272893,True,True
"[[0,1,0],[0,0,3],[0,3,0]]",7,22.97287205513831,22.97287205513814,1.7053025658242404e-13,0.6,0.6,11.169240324272893,11.169240324272893,True,True
"[[0,1,0],[0,0,3],[0,2,1]]",7,18.400303081500997,18.400303081500898,9.947598300641403e-14,0.6,0.6,11.169240324272893,11.169240324272893,True,True
"[[0,1,0],[1,0,2],[0,2,1]]",7,15.072456181947853,15.07245618194775,1.0302869668521453e-13,0.6,0.6,11.169240324272893,11.169240324272893,True,True
"[[0,1,0],[0,0,2],[1,1,2]]",7,11.461457097449166,11.4614570974491,6.572520305780927e-14,0.6,0.6,11.087596335232384,11.087596335232384,True,True
"[[0,1,0],[0,0,2],[0,2,2]]",7,16.353718177087075,16.35371817708694,1.3500311979441904e-13,0.6,0.6,11.087596335232384,11.087596335232384,True,True
"[[0,1,0],[0,0,2],[0,1,3]]",7,14.213939852098747,14.213939852098683,6.394884621840902e-14,0.6,0.6,11.087596335232384,11.087596335232384,True,True
"[[0,2,0],[0,0,1],[1,0,3]]",7,12.405765309943732,12.40576530994363,1.0125233984581428e-13,0.6,0.6,11.087596335232384,11.087596335232384,True,True
"[[0,1,0],[1,0,1],[0,1,3]]",7,11.40934109631015,11.409341096310085,6.572520305780927e-14,0.6,0.6,11.087596335232384,11.087596335232384,True,True
"[[0,1,0],[0,0,1],[1,0,4]]",7,9.271762907306446,9.271762907306414,3.197442310920451e-14,0.6,0.6,10.82053354998334,10.82053354998334,False,False
"[[0,1,0],[0,0,1],[0,1,4]]",7,12.777729625824467,12.777729625824362,1.0480505352461478e-13,0.6,0.6,10.82053354998334,10.82053354998334,True,True
"[[0,1,0],[0,0,1],[0,0,5]]",7,12.61671527476253,12.616715274762498,3.197442310920451e-14,0.6,0.6,10.82053354998334,10.82053354998334,True,True
"[[0,1,1],[0,4,0],[1,0,0]]",7,10.893447382395513,10.893447382395308,2.042810365310288e-13,0.6,0.6,11.087596335232384,11.087596335232384,False,False
"[[0,1,2],[0,2,0],[2,0,0]]",7,14.81676439444242,14.816764394442282,1.3677947663381929e-13,0.6,0.6,11.298317366548035,11.298317366548035,True,True
"[[0,1,3],[0,0,0],[3,0,0]]",7,18.923531476663076,18.92353147666301,6.750155989720952e-14,0.6,0.6,10.722953221644474,10.722953221644474,True,True
"[[0,0,4],[0,0,0],[3,0,0]]",7,22.381046597293327,22.381046597293334,7.105427357601002e-15,0.6,0.6,10.722953221644474,10.722953221644474,True,True
"[[0,0,3],[1,0,0],[2,1,0]]",7,19.653199697740177,19.653199697740153,2.4868995751603507e-14,0.6,0.6,11.169240324272893,11.169240324272893,True,True
"[[0,0,3],[0,1,0],[2,1,0]]",7,19.28796540535031,19.287965405350207,1.0302869668521453e-13,0.6,0.6,11.169240324272893,11.169240324272893,True,True
"[[0,0,3],[0,0,1],[2,1,0]]",7,21.071504092408887,21.07150409240886,2.842170943040401e-14,0.6,0.6,11.169240324272893,11.169240324272893,True,True
"[[0,0,3],[0,0,0],[3,0,1]]",7,16.042200613241494,16.042200613241498,3.552713678800501e-15,0.6,0.6,10.722953221644476,10.722953221644474,True,True
"[[0,0,3],[0,0,0],[2,1,1]]",7,17.638624826875077,17.63862482687501,6.750155989720952e-14,0.6,0.6,10.722953221644476,10.722953221644474,True,True
"[[0,0,3],[0,0,0],[2,0,2]]",7,16.36189271924209,16.361892719242096,7.105427357601002e-15,0.6,0.6,10.722953221644476,10.722953221644474,True,True
"[[0,0,3],[1,0,0],[1,2,0]]",7,23.159166416258202,23.1591664162581,1.0302869668521453e-13,0.6,0.6,11.169240324272893,11.169240324272893,True,True
"[[0,0,3],[1,0,0],[1,1,1]]",7,19.109845586385436,19.109845586385404,3.197442310920451e-14,0.6,0.6,11.169240324272893,11.169240324272893,True,True
"[[0,0,3],[1,1,0],[1,1,0]]",7,19.033093730149982,19.03309373014992,6.394884621840902e-14,0.6,0.6,11.298317366548035,11.298317366548035,True,True
"[[0,0,2],[1,2,0],[1,1,0]]",7,13.820340180808838,13.820340180808738,9.947598300641403e-14,0.6,0.6,11.298317366548035,11.298317366548035,True,True
"[[0,0,2],[0,3,0],[1,1,0]]",7,15.364648393303405,15.364648393303234,1.7053025658242404e-13,0.6,0.6,11.298317366548035,11.298317366548035,True,True
"[[0,0,2],[0,2,1],[1,1,0]]",7,15.238644575477544,15.238644575477446,9.769962616701378e-14,0.6,0.6,11.298317366548035,11.298317366548035,True,True
"[[0,0,2],[0,1,1],[2,1,0]]",7,14.9957043257124,14.995704325712335,6.394884621840902e-14,0.6,0.6,11.298317366548035,11.298317366548035,True,True
"[[0,0,2],[0,1,1],[1,2,0]]",7,18.50167104423042,18.50167104423028,1.3855583347321954e-13,0.6,0.6,11.298317366548035,11.298317366548035,True,True
"[[0,0,2],[0,1,1],[1,1,1]]",7,14.452350214357654,14.45235021435759,6.394884621840902e-14,0.6,0.6,11.298317366548035,11.298317366548035,True,True
"[[0,0,2],[1,0,1],[1,2,0]]",7,18.866905336620288,18.866905336620224,6.394884621840902e-14,0.6,0.6,11.298317366548035,11.298317366548035,True,True
"[[0,0,2],[0,0,2],[1,2,0]]",7,21.671504092408888,21.671504092408824,6.394884621840902e-14,0.6,0.6,11.298317366548035,11.298317366548035,True,True
"[[0,0,2],[0,0,1],[2,1,1]]",7,14.732658108357054,14.732658108357027,2.6645352591003757e-14,0.6,0.6,11.087596335232384,11.087596335232384,True,True
"[[0,0,2],[0,0,1],[1,2,1]]",7,18.238624826875075,18.238624826874975,9.947598300641403e-14,0.6,0.6,11.087596335232384,11.087596335232384,True,True
"[[0,0,2],[0,0,1],[1,1,2]]",7,15.575598358122203,15.575598358122171,3.197442310920451e-14,0.6,0.6,11.087596335232384,11.087596335232384,True,True
"[[0,1,2],[0,1,0],[2,0,1]]",7,13.507221889557982,13.507221889557878,1.0480505352461478e-13,0.6,0.6,11.169240324272893,11.169240324272893,True,True
"[[0,0,2],[1,1,0],[1,1,1]]",7,13.034045819688945,13.034045819688883,6.217248937900877e-14,0.6,0.6,11.298317366548035,11.298317366548035,True,True
"[[0,0,2],[0,2,0],[1,1,1]]",7,14.055105888418968,14.05510588841883,1.3855583347321954e-13,0.6,0.6,11.298317366548035,11.298317366548035,True,True
"[[0,1,2],[0,0,0],[2,0,2]]",7,13.24417567220264,13.24417567220257,7.105427357601002e-14,0.6,0.6,10.722953221644476,10.722953221644474,True,True
"[[0,0,2],[1,0,0],[1,1,2]]",7,14.157293963453494,14.157293963453466,2.842170943040401e-14,0.6,0.6,11.087596335232384,11.087596335232384,True,True
"[[0,0,2],[0,1,0],[1,1,2]]",7,13.792059671063623,13.792059671063521,1.0125233984581428e-13,0.6,0.6,11.087596335232384,11.087596335232384,True,True
"[[0,0,2],[0,0,0],[2,0,3]]",7,11.679917700858994,11.679917700858997,3.552713678800501e-15,0.6,0.6,10.584967478670572,10.584967478670572,True,True
"[[0,0,2],[0,0,0],[1,1,3]]",7,13.799590058257124,13.799590058257055,6.927791673660977e-14,0.6,0.6,10.584967478670572,10.584967478670572,True,True
"[[0,0,2],[0,0,0],[1,0,4]]",7,13.385904167979483,13.385904167979486,3.552713678800501e-15,0.6,0.6,10.584967478670572,10.584967478670572,True,True
"[[0,0,3],[2,0,0],[0,2,0]]",7,25.676883463297656,25.676883463297592,6.394884621840902e-14,0.6,0.6,11.298317366548035,11.298317366548035,True,True
"[[0,0,2],[2,1,0],[0,2,0]]",7,19.077835552836618,19.077835552836518,9.947598300641403e-14,0.6,0.6,11.298317366548035,11.298317366548035,True,True
"[[0,0,2],[1,2,0],[0,2,0]]",7,18.71260126044675,18.712601260446576,1.7408297026122455e-13,0.6,0.6,11.298317366548035,11.298317366548035,True,True
"[[0,0,2],[1,1,1],[0,2,0]]",7,19.109845586385433,19.109845586385337,9.592326932761353e-14,0.6,0.6,11.298317366548035,11.298317366548035,True,True
"[[0,0,2],[1,0,1],[0,3,0]]",7,24.282414560022747,24.282414560022612,1.3500311979441904e-13,0.6,0.6,11.298317366548035,11.298317366548035,True,True
"[[0,0,2],[1,0,1],[0,2,1]]",7,19.709845586385434,19.70984558638537,6.394884621840902e-14,0.6,0.6,11.298317366548035,11.298317366548035,True,True
"[[0,0,2],[2,0,0],[0,2,1]]",7,19.677835552836616,19.677835552836555,6.039613253960852e-14,0.6,0.6,11.298317366548035,11.298317366548035,True,True
"[[0,0,2],[1,1,0],[0,2,1]]",7,17.926306899326857,17.92630689932672,1.3855583347321954e-13,0.6,0.6,11.298317366548035,11.298317366548035,True,True
"[[0,0,2],[1,0,0],[0,2,2]]",7,19.049555043091406,19.049555043091303,1.0302869668521453e-13,0.6,0.6,11.087596335232384,11.087596335232384,True,True
"[[0,0,2],[1,0,0],[0,1,3]]",7,16.90977671810308,16.909776718103046,3.197442310920451e-14,0.6,0.6,11.087596335232384,11.087596335232384,True,True
"[[0,0,2],[1,1,0],[0,1,2]]",7,15.263280430573982,15.263280430573918,6.394884621840902e-14,0.6,0.6,11.298317366548035,11.298317366548035,True,True
"[[0,0,2],[1,2,0],[0,1,1]]",7,14.66328043057398,14.663280430573883,9.769962616701378e-14,0.6,0.6,11.298317366548035,11.298317366548035,True,True
"[[0,0,2],[1,3,0],[0,1,0]]",7,15.109776718103078,15.109776718102944,1.3322676295501878e-13,0.6,0.6,11.087596335232384,11.087596335232384,True,True
"[[0,0,1],[1,4,0],[0,1,0]]",7,10.167599773310773,10.167599773310606,1.6697754290362354e-13,0.6,0.6,10.82053354998334,10.82053354998334,False,False
"[[0,0,1],[0,5,0],[0,1,0]]",7,12.304377598611842,12.304377598611602,2.398081733190338e-13,0.6,0.6,10.82053354998334,10.82053354998334,True,True
"[[0,0,1],[0,4,1],[0,1,0]]",7,11.585904167979482,11.585904167979313,1.687538997430238e-13,0.6,0.6,10.82053354998334,10.82053354998334,True,True
"[[0,0,1],[0,3,1],[1,1,0]]",7,10.209341096310151,10.209341096310018,1.3322676295501878e-13,0.6,0.6,11.087596335232384,11.087596335232384,False,False
"[[0,0,1],[0,3,1],[0,2,0]]",7,15.10160217594806,15.101602175947857,2.0250467969162855e-13,0.6,0.6,11.087596335232384,11.087596335232384,True,True
"[[0,0,1],[0,3,1],[0,1,1]]",7,11.052281346075297,11.052281346075162,1.3500311979441904e-13,0.6,0.6,11.087596335232384,11.087596335232384,False,False
"[[0,0,1],[1,2,1],[0,2,0]]",7,13.557293963453493,13.557293963453361,1.3145040611561853e-13,0.6,0.6,11.087596335232384,11.087596335232384,True,True
"[[0,0,1],[0,2,2],[0,2,0]]",7,16.361892719242093,16.361892719241958,1.3500311979441904e-13,0.6,0.6,11.087596335232384,11.087596335232384,True,True
"[[0,0,1],[0,2,1],[1,1,1]]",7,9.239596665016506,9.239596665016409,9.769962616701378e-14,0.6,0.6,11.169240324272893,11.169240324272893,False,False
"[[0,0,1],[0,2,1],[0,2,1]]",7,14.131857744654418,14.131857744654246,1.723066134218243e-13,0.6,0.6,11.169240324272893,11.169240324272893,True,True
"[[0,0,1],[0,2,1],[0,1,2]]",7,11.468831275901543,11.468831275901444,9.947598300641403e-14,0.6,0.6,11.169240324272893,11.169240324272893,True,True
"[[0,0,1],[0,1,2],[1,2,0]]",7,15.07245618194785,15.072456181947752,9.769962616701378e-14,0.6,0.6,11.169240324272893,11.169240324272893,True,True
"[[0,0,1],[0,1,2],[0,3,0]]",7,20.487965405350312,20.48796540535014,1.7408297026122455e-13,0.6,0.6,11.169240324272893,11.169240324272893,True,True
"[[0,0,1],[0,1,2],[0,2,1]]",7,15.915396431712999,15.915396431712896,1.0302869668521453e-13,0.6,0.6,11.169240324272893,11.169240324272893,True,True
"[[0,0,1],[1,1,1],[0,2,1]]",7,13.110797675924399,13.110797675924298,1.0125233984581428e-13,0.6,0.6,11.169240324272893,11.169240324272893,True,True
"[[0,0,1],[0,1,1],[1,1,2]]",7,9.499798591425712,9.499798591425648,6.394884621840902e-14,0.6,0.6,11.087596335232384,11.087596335232384,False,False
"[[0,0,1],[0,1,1],[0,2,2]]",7,14.392059671063624,14.392059671063485,1.3855583347321954e-13,0.6,0.6,11.087596335232384,11.087596335232384,True,True
"[[0,0,1],[0,1,1],[0,1,3]]",7,12.252281346075296,12.25228134607523,6.572520305780927e-14,0.6,0.6,11.087596335232384,11.087596335232384,True,True
"[[0,0,1],[1,0,2],[0,3,0]]",7,20.853199697740184,20.85319969774008,1.0302869668521453e-13,0.6,0.6,11.169240324272893,11.169240324272893,True,True
"[[0,0,1],[0,0,3],[0,3,0]]",7,24.181046597293328,24.18104659729323,9.947598300641403e-14,0.6,0.6,11.169240324272893,11.169240324272893,True,True
"[[0,0,1],[0,0,2],[1,2,1]]",7,15.332658108357055,15.332658108356991,6.394884621840902e-14,0.6,0.6,11.087596335232384,11.087596335232384,True,True
"[[0,0,1],[0,0,2],[0,3,1]]",7,20.748167331759518,20.74816733175938,1.3855583347321954e-13,0.6,0.6,11.087596335232384,11.087596335232384,True,True
"[[0,0,1],[0,0,2],[0,2,2]]",7,17.561892719242092,17.561892719242028,6.394884621840902e-14,0.6,0.6,11.087596335232384,11.087596335232384,True,True
"[[0,0,1],[1,0,1],[0,2,2]]",7,14.757293963453492,14.75729396345343,6.217248937900877e-14,0.6,0.6,11.087596335232384,11.087596335232384,True,True
"[[0,0,1],[0,0,1],[1,1,3]]",7,10.893623339739102,10.893623339739072,3.019806626980426e-14,0.6,0.6,10.82053354998334,10.82053354998334,True,True
"[[0,0,1],[0,0,1],[0,2,3]]",7,15.785884419377016,15.785884419376911,1.0480505352461478e-13,0.6,0.6,10.82053354998334,10.82053354998334,True,True
"[[0,0,1],[0,0,1],[0,1,4]]",7,13.985904167979484,13.98590416797945,3.375077994860476e-14,0.6,0.6,10.82053354998334,10.82053354998334,True,True
"[[0,1,1],[0,3,0],[1,0,1]]",7,10.107153021275622,10.107153021275451,1.7053025658242404e-13,0.6,0.6,11.298317366548035,11.298317366548035,False,False
"[[0,0,1],[1,3,0],[0,1,1]]",7,9.633976951406588,9.633976951406456,1.3145040611561853e-13,0.6,0.6,11.087596335232384,11.087596335232384,False,False
"[[0,0,1],[0,4,0],[0,1,1]]",7,11.51808323749195,11.518083237491746,2.042810365310288e-13,0.6,0.6,11.087596335232384,11.087596335232384,True,True
"[[0,1,1],[0,2,0],[1,0,2]]",7,10.183904877511075,10.183904877510939,1.3677947663381929e-13,0.6,0.6,11.298317366548035,11.298317366548035,False,False
"[[0,0,1],[1,2,0],[0,1,2]]",7,10.050526881232837,10.050526881232736,1.0125233984581428e-13,0.6,0.6,11.169240324272893,11.169240324272893,False,False
"[[0,0,1],[0,3,0],[0,1,2]]",7,11.594835093727404,11.594835093727232,1.723066134218243e-13,0.6,0.6,11.169240324272893,11.169240324272893,True,True
"[[0,1,1],[0,1,0],[1,0,3]]",7,10.444106803920281,10.444106803920178,1.0302869668521453e-13,0.6,0.6,11.087596335232384,11.087596335232384,False,False
"[[0,0,1],[1,1,0],[0,1,3]]",7,10.833976951406587,10.833976951406523,6.394884621840902e-14,0.6,0.6,11.087596335232384,11.087596335232384,False,False
"[[0,0,1],[0,2,0],[0,1,3]]",7,11.85503702013661,11.855037020136471,1.3855583347321954e-13,0.6,0.6,11.087596335232384,11.087596335232384,True,True
"[[0,1,1],[0,0,0],[1,0,4]]",7,10.791435264704575,10.791435264704507,6.750155989720952e-14,0.6,0.6,10.584967478670572,10.584967478670572,True,True
"[[0,0,1],[1,0,0],[0,1,4]]",7,12.567599773310775,12.567599773310745,3.019806626980426e-14,0.6,0.6,10.82053354998334,10.82053354998334,True,True
"[[0,0,1],[0,1,0],[0,1,4]]",7,12.202365480920903,12.2023654809208,1.0302869668521453e-13,0.6,0.6,10.82053354998334,10.82053354998334,True,True
"[[0,0,1],[0,0,0],[1,0,5]]",7,9.095043626895993,9.095043626895999,5.329070518200751e-15,0.6,0.6,10.276666119016054,10.276666119016054,False,False
"[[0,0,1],[0,0,0],[0,1,5]]",7,12.601010345414014,12.601010345413947,6.750155989720952e-14,0.6,0.6,10.276666119016054,10.276666119016054,True,True
"[[0,0,1],[0,0,0],[0,0,6]]",7,12.641351129858968,12.641351129858972,3.552713678800501e-15,0.6,0.6,10.276666119016054,10.276666119016054,True,True
"[[0,0,0],[1,0,0],[0,0,0]]",1,0.5379822703342388,0.5379822703342547,1.587618925213974e-14,1.0,1.0,7.504077396776275,7.504077396776275,False,False
"[[0,0,0],[0,1,0],[0,0,0]]",1,0.6216922463260526,0.6216922463260188,3.375077994860476e-14,0.6,0.6,7.504077396776275,7.504077396776275,False,False
"[[0,0,0],[0,0,1],[0,0,0]]",1,2.405230933384631,2.405230933384669,3.8191672047105385e-14,0.6,0.6,7.504077396776275,7.504077396776275,False,False
"[[1,0,0],[1,0,0],[0,0,0]]",2,0.5470951715557106,0.547095171555727,1.63202784619898e-14,1.0,1.0,8.315007612992602,8.315007612992602,False,False
"[[0,0,1],[1,0,0],[0,0,0]]",2,6.298124190618575,6.298124190618614,3.907985046680551e-14,0.6,0.6,8.315007612992602,8.315007612992602,False,False
"[[0,0,0],[1,1,0],[0,0,0]]",2,0.14312069394899285,0.14312069394898685,5.995204332975845e-15,0.8556769441606293,0.8556769507655201,8.079441541679836,8.079441541679836,False,False
"[[0,0,0],[0,2,0],[0,0,0]]",2,1.2433844926521052,1.2433844926520377,6.750155989720952e-14,0.6,0.6,8.079441541679836,8.079441541679836,False,False
"[[0,0,0],[0,1,1],[0,0,0]]",2,1.6406288185907931,1.6406288185907973,4.218847493575595e-15,0.6,0.6,8.079441541679836,8.079441541679836,False,False
"[[0,0,0],[0,0,1],[1,0,0]]",2,2.7839829299455374,2.7839829299455774,3.9968028886505635e-14,0.6,0.6,8.315007612992604,8.315007612992602,False,False
"[[0,0,0],[0,0,1],[0,1,0]]",2,6.289949648463558,6.289949648463525,3.375077994860476e-14,0.6,0.6,8.315007612992604,8.315007612992602,False,False
"[[0,0,0],[0,0,1],[0,0,1]]",2,3.6269231797106833,3.6269231797107224,3.907985046680551e-14,0.6,0.6,8.315007612992604,8.315007612992602,False,False
"[[2,0,0],[1,0,0],[0,0,0]]",3,0.5562080727771824,0.5562080727771992,1.6764367671839864e-14,1.0,1.0,8.890371757896164,8.890371757896164,False,False
"[[1,0,1],[1,0,0],[0,0,0]]",3,4.933522075824737,4.9335220758247775,4.085620730620576e-14,0.6,0.6,8.890371757896164,8.890371757896164,False,False
"[[0,1,0],[2,0,0],[0,0,0]]",3,5.9878776411889,5.9878776411888905,9.769962616701378e-15,0.8683450131585179,0.8683450142543975,8.890371757896164,8.890371757896164,False,False
"[[0,1,0],[1,0,1],[0,0,0]]",3,6.108886220728298,6.108886220728303,5.329070518200751e-15,0.6,0.6,8.890371757896164,8.890371757896164,False,False
"[[0,0,1],[1,0,0],[1,0,0]]",3,6.676876187179482,6.676876187179523,4.085620730620576e-14,0.6,0.6,9.125937829208931,9.125937829208931,False,False
"[[0,0,1],[1,0,0],[0,0,1]]",3,7.519816436944628,7.519816436944667,3.907985046680551e-14,0.6,0.6,9.125937829208931,9.125937829208931,False,False
"[[1,0,0],[1,1,0],[0,0,0]]",3,0.15501812425755745,0.15501812425754724,1.021405182655144e-14,0.8683450002740688,0.868345027113587,8.890371757896164,8.890371757896164,False,False
"[[0,0,1],[1,1,0],[0,0,0]]",3,5.533522075824736,5.5335220758247425,6.217248937900877e-15,0.6,0.6,8.890371757896164,8.890371757896164,False,False
"[[0,0,0],[1,2,0],[0,0,0]]",3,0.32076852648358933,0.3207685264835612,2.8144153674247718e-14,0.6,0.6,8.525728644308256,8.525728644308256,False,False
"[[0,0,0],[0,3,0],[0,0,0]]",3,1.8650767389781577,1.8650767389780565,1.0125233984581428e-13,0.6,0.6,8.525728644308256,8.525728644308256,False,False
"[[0,0,0],[0,2,1],[0,0,0]]",3,1.7390729211522973,1.7390729211522682,2.90878432451791e-14,0.6,0.6,8.525728644308256,8.525728644308256,False,False
"[[0,0,0],[0,1,1],[1,0,0]]",3,2.0193808151517,2.0193808151517056,5.773159728050814e-15,0.6,0.6,8.890371757896165,8.890371757896164,False,False
"[[0,0,0],[0,1,1],[0,1,0]]",3,5.52534753366972,5.525347533669653,6.661338147750939e-14,0.6,0.6,8.890371757896165,8.890371757896164,False,False
"[[0,0,0],[0,1,1],[0,0,1]]",3,2.862321064916845,2.8623210649168502,5.329070518200751e-15,0.6,0.6,8.890371757896165,8.890371757896164,False,False
"[[1,0,0],[0,0,1],[1,0,0]]",3,2.80567517627159,2.8056751762716314,4.1300296516055823e-14,0.6,0.6,9.125937829208931,9.125937829208931,False,False
"[[0,0,1],[0,0,1],[1,0,0]]",3,8.09518058184819,8.09518058184823,3.907985046680551e-14,0.6,0.6,9.125937829208931,9.125937829208931,False,False
"[[0,0,0],[1,0,1],[0,1,0]]",3,5.890581826059591,5.890581826059597,6.217248937900877e-15,0.6,0.6,8.890371757896165,8.890371757896164,False,False
"[[0,0,0],[0,0,2],[0,1,0]]",3,8.69518058184819,8.695180581848195,5.329070518200751e-15,0.6,0.6,8.890371757896165,8.890371757896164,False,False
"[[0,0,0],[0,0,1],[1,0,1]]",3,2.6193808151516995,2.61938081515174,4.04121180963557e-14,0.6,0.6,8.890371757896165,8.890371757896164,False,False
"[[0,0,0],[0,0,1],[0,1,1]]",3,6.1253475336697205,6.125347533669688,3.2862601528904634e-14,0.6,0.6,8.890371757896165,8.890371757896164,False,False
"[[0,0,0],[0,0,1],[0,0,2]]",3,4.848615426036736,4.848615426036775,3.907985046680551e-14,0.6,0.6,8.890371757896165,8.890371757896164,False,False
"[[3,0,0],[1,0,0],[0,0,0]]",4,0.5653209739986542,0.5653209739986713,1.709743457922741e-14,1.0,1.0,9.336658860524585,9.336658860524585,False,False
"[[2,0,1],[1,0,0],[0,0,0]]",4,4.431966178386242,4.431966178386284,4.1744385725905886e-14,0.6,0.6,9.336658860524585,9.336658860524585,False,False
"[[1,1,0],[2,0,0],[0,0,0]]",4,4.613185371228432,4.613185371228425,6.217248937900877e-15,0.8805423878870638,0.8805423613141745,9.465735902799727,9.465735902799727,False,False
"[[1,1,0],[1,0,1],[0,0,0]]",4,4.74428410593446,4.744284105934467,7.105427357601002e-15,0.6,0.6,9.465735902799727,9.465735902799727,False,False
"[[1,0,1],[1,0,0],[1,0,0]]",4,5.312274072385644,5.312274072385685,4.1744385725905886e-14,0.6,0.6,9.701301974112493,9.701301974112493,False,False
"[[1,0,1],[1,0,0],[0,0,1]]",4,6.15521432215079,6.15521432215083,4.085620730620576e-14,0.6,0.6,9.701301974112493,9.701301974112493,False,False
"[[0,1,1],[2,0,0],[0,0,0]]",4,10.001779477962241,10.001779477962248,7.105427357601002e-15,0.6,0.6,9.465735902799727,9.465735902799727,True,True
"[[0,1,0],[2,1,0],[0,0,0]]",4,4.789025928621095,4.789025928621068,2.7533531010703882e-14,0.6,0.6,9.336658860524585,9.336658860524585,False,False
"[[0,1,0],[1,1,1],[0,0,0]]",4,4.821035962169912,4.821035962169884,2.7533531010703882e-14,0.6,0.6,9.336658860524585,9.336658860524585,False,False
"[[0,1,0],[1,0,1],[1,0,0]]",4,6.487638217289205,6.487638217289212,7.105427357601002e-15,0.6,0.6,9.701301974112493,9.701301974112493,False,False
"[[0,1,0],[1,0,1],[0,0,1]]",4,7.33057846705435,7.330578467054357,7.105427357601002e-15,0.6,0.6,9.701301974112493,9.701301974112493,False,False
"[[0,0,2],[1,0,0],[1,0,0]]",4,11.988073839082132,11.988073839082174,4.263256414560601e-14,0.6,0.6,9.701301974112493,9.701301974112493,True,True
"[[0,0,1],[2,0,0],[0,1,0]]",4,11.169769444413426,11.169769444413433,7.105427357601002e-15,0.6,0.6,9.701301974112493,9.701301974112493,True,True
"[[0,0,1],[1,0,1],[0,1,0]]",4,11.201779477962242,11.201779477962248,5.329070518200751e-15,0.6,0.6,9.701301974112493,9.701301974112493,True,True
"[[0,0,1],[1,0,0],[1,0,1]]",4,6.512274072385644,6.512274072385685,4.085620730620576e-14,0.6,0.6,9.701301974112493,9.701301974112493,False,False
"[[0,0,1],[1,0,0],[0,0,2]]",4,8.741508683270679,8.74150868327072,4.085620730620576e-14,0.6,0.6,9.701301974112493,9.701301974112493,False,False
"[[2,0,0],[1,1,0],[0,0,0]]",4,0.16662021541697913,0.1666202154169721,7.022160630754115e-15,0.8805423748239398,0.880542374538555,9.465735902799727,9.465735902799727,False,False
"[[1,0,1],[1,1,0],[0,0,0]]",4,4.168919961030898,4.168919961030905,7.105427357601002e-15,0.6,0.6,9.465735902799727,9.465735902799727,False,False
"[[0,0,1],[1,1,0],[1,0,0]]",4,5.912274072385643,5.91227407238565,7.105427357601002e-15,0.6,0.6,9.701301974112493,9.701301974112493,False,False
"[[0,0,1],[1,1,0],[0,0,1]]",4,6.755214322150788,6.755214322150795,7.105427357601002e-15,0.6,0.6,9.701301974112493,9.701301974112493,False,False
"[[1,0,0],[1,2,0],[0,0,0]]",4,0.34246077280964204,0.3424607728096152,2.6867397195928788e-14,0.6,0.6,9.336658860524585,9.336658860524585,False,False
"[[0,0,1],[1,2,0],[0,0,0]]",4,5.631966178386241,5.631966178386213,2.842170943040401e-14,0.6,0.6,9.336658860524585,9.336658860524585,False,False
"[[0,0,0],[1,3,0],[0,0,0]]",4,0.6026626992188473,0.6026626992187853,6.195044477408373e-14,0.6,0.6,8.890371757896164,8.890371757896164,False,False
"[[0,0,0],[0,4,0],[0,0,0]]",4,2.4867689853042103,2.4867689853040753,1.3500311979441904e-13,0.6,0.6,8.890371757896164,8.890371757896164,False,False
"[[0,0,0],[0,3,1],[0,0,0]]",4,2.0209670938875552,2.020967093887492,6.306066779870889e-14,0.6,0.6,8.890371757896164,8.890371757896164,False,False
"[[0,0,0],[0,2,1],[1,0,0]]",4,2.1178249177132042,2.1178249177131767,2.7533531010703882e-14,0.6,0.6,9.336658860524585,9.336658860524585,False,False
"[[0,0,0],[0,2,1],[0,1,0]]",4,5.623791636231225,5.623791636231124,1.0036416142611415e-13,0.6,0.6,9.336658860524585,9.336658860524585,False,False
"[[0,0,0],[0,2,1],[0,0,1]]",4,2.9607651674783493,2.9607651674783213,2.7977620220553945e-14,0.6,0.6,9.336658860524585,9.336658860524585,False,False
"[[1,0,0],[0,1,1],[1,0,0]]",4,2.0410730614777526,2.0410730614777597,7.105427357601002e-15,0.6,0.6,9.701301974112493,9.701301974112493,False,False
"[[0,0,1],[0,1,1],[1,0,0]]",4,7.330578467054352,7.330578467054358,6.217248937900877e-15,0.6,0.6,9.701301974112493,9.701301974112493,False,False
"[[0,0,0],[1,1,1],[0,1,0]]",4,4.602731567501205,4.602731567501177,2.7533531010703882e-14,0.6,0.6,9.336658860524585,9.336658860524585,False,False
"[[0,0,0],[0,1,2],[0,1,0]]",4,7.407330323289804,7.4073303232897745,2.930988785010413e-14,0.6,0.6,9.336658860524585,9.336658860524585,False,False
"[[0,0,0],[0,1,1],[1,0,1]]",4,1.8547787003578624,1.8547787003578684,5.995204332975845e-15,0.6,0.6,9.465735902799727,9.465735902799727,False,False
"[[0,0,0],[0,1,1],[0,1,1]]",4,5.360745418875883,5.3607454188758155,6.750155989720952e-14,0.6,0.6,9.465735902799727,9.465735902799727,False,False
"[[0,0,0],[0,1,1],[0,0,2]]",4,4.084013311242899,4.084013311242904,5.329070518200751e-15,0.6,0.6,9.465735902799727,9.465735902799727,False,False
"[[2,0,0],[0,0,1],[1,0,0]]",4,2.827367422597643,2.8273674225976855,4.263256414560601e-14,0.6,0.6,9.701301974112493,9.701301974112493,False,False
"[[1,0,1],[0,0,1],[1,0,0]]",4,6.730578467054352,6.730578467054393,4.085620730620576e-14,0.6,0.6,9.701301974112493,9.701301974112493,False,False
"[[0,1,0],[0,0,2],[1,0,0]]",4,9.292236973077804,9.29223697307781,5.329070518200751e-15,0.6,0.6,9.701301974112493,9.701301974112493,False,False
"[[0,0,1],[0,0,1],[2,0,0]]",4,8.473932578409096,8.473932578409137,4.085620730620576e-14,0.6,0.6,9.701301974112493,9.701301974112493,False,False
"[[0,0,1],[0,0,1],[1,0,1]]",4,7.930578467054351,7.930578467054392,4.085620730620576e-14,0.6,0.6,9.701301974112493,9.701301974112493,False,False
"[[1,0,0],[1,0,1],[0,1,0]]",4,5.912274072385643,5.91227407238565,7.105427357601002e-15,0.6,0.6,9.701301974112493,9.701301974112493,False,False
"[[0,0,0],[0,0,2],[1,1,0]]",4,7.687638217289205,7.687638217289212,7.105427357601002e-15,0.6,0.6,9.465735902799727,9.465735902799727,False,False
"[[0,0,0],[0,0,2],[0,2,0]]",4,12.579899296927117,12.57989929692705,6.750155989720952e-14,0.6,0.6,9.465735902799727,9.465735902799727,True,True
"[[0,0,0],[0,0,2],[0,1,1]]",4,8.530578467054351,8.530578467054356,5.329070518200751e-15,0.6,0.6,9.465735902799727,9.465735902799727,False,False
"[[1,0,0],[0,0,1],[1,0,1]]",4,2.6410730614777522,2.641073061477794,4.1744385725905886e-14,0.6,0.6,9.701301974112493,9.701301974112493,False,False
"[[0,0,0],[1,0,1],[0,1,1]]",4,5.725979711265753,5.725979711265759,6.217248937900877e-15,0.6,0.6,9.465735902799727,9.465735902799727,False,False
"[[0,0,0],[0,0,1],[1,0,2]]",4,3.3178249177132044,3.317824917713245,4.04121180963557e-14,0.6,0.6,9.336658860524585,9.336658860524585,False,False
"[[0,0,0],[0,0,1],[0,1,2]]",4,6.823791636231226,6.823791636231192,3.375077994860476e-14,0.6,0.6,9.336658860524585,9.336658860524585,False,False
"[[0,0,0],[0,0,1],[0,0,3]]",4,6.070307672362789,6.070307672362828,3.907985046680551e-14,0.6,0.6,9.336658860524585,9.336658860524585,False,False
"[[4,0,0],[1,0,0],[0,0,0]]",5,0.5744338752201259,0.5744338752201436,1.765254609153999e-14,1.0,1.0,9.701301974112493,9.701301974112493,False,False
"[[3,0,1],[1,0,0],[0,0,0]]",5,4.1138603511215,4.113860351121542,4.263256414560601e-14,0.6,0.6,9.701301974112493,9.701301974112493,False,False
"[[2,1,0],[2,0,0],[0,0,0]]",5,4.101264126157519,4.101264126157508,1.0658141036401503e-14,0.8923140595817651,0.8923140683518284,9.912023005428145,9.912023005428145,False,False
"[[2,1,0],[1,0,1],[0,0,0]]",5,4.242728208495965,4.242728208495974,8.881784197001252e-15,0.6,0.6,9.912023005428145,9.912023005428145,False,False
"[[2,0,1],[1,0,0],[1,0,0]]",5,4.810718174947148,4.8107181749471915,4.3520742565306136e-14,0.6,0.6,10.147589076740912,10.147589076740912,False,False
"[[2,0,1],[1,0,0],[0,0,1]]",5,5.653658424712294,5.6536584247123365,4.263256414560601e-14,0.6,0.6,10.147589076740912,10.147589076740912,False,False
"[[1,1,1],[2,0,0],[0,0,0]]",5,8.113929219403857,8.113929219403865,7.105427357601002e-15,0.6,0.6,9.912023005428145,9.912023005428145,False,False
"[[1,1,0],[2,1,0],[0,0,0]]",5,3.424423813827257,3.4244238138272314,2.5757174171303632e-14,0.6,0.6,9.912023005428145,9.912023005428145,False,False
"[[1,1,0],[1,1,1],[0,0,0]]",5,3.456433847376074,3.456433847376048,2.5757174171303632e-14,0.6,0.6,9.912023005428145,9.912023005428145,False,False
"[[1,1,0],[1,0,1],[1,0,0]]",5,5.123036102495368,5.123036102495376,7.993605777301127e-15,0.6,0.6,10.276666119016054,10.276666119016054,False,False
"[[1,1,0],[1,0,1],[0,0,1]]",5,5.965976352260512,5.965976352260521,8.881784197001252e-15,0.6,0.6,10.276666119016054,10.276666119016054,False,False
"[[1,0,2],[1,0,0],[1,0,0]]",5,10.100223580523746,10.100223580523789,4.263256414560601e-14,0.6,0.6,10.147589076740912,10.147589076740912,False,False
"[[1,0,1],[2,0,0],[0,1,0]]",5,9.805167329619586,9.805167329619595,8.881784197001252e-15,0.6,0.6,10.276666119016054,10.276666119016054,False,False
"[[1,0,1],[1,0,1],[0,1,0]]",5,9.837177363168404,9.837177363168411,7.105427357601002e-15,0.6,0.6,10.276666119016054,10.276666119016054,False,False
"[[1,0,1],[1,0,0],[1,0,1]]",5,5.147671957591806,5.147671957591848,4.263256414560601e-14,0.6,0.6,10.276666119016054,10.276666119016054,False,False
"[[1,0,1],[1,0,0],[0,0,2]]",5,7.376906568476841,7.376906568476883,4.263256414560601e-14,0.6,0.6,10.276666119016054,10.276666119016054,False,False
"[[0,2,0],[3,0,0],[0,0,0]]",5,11.166825835643039,11.166825835643014,2.4868995751603507e-14,0.6,0.6,9.912023005428145,9.912023005428145,True,True
"[[0,2,0],[2,0,1],[0,0,0]]",5,10.67558772542731,10.675587725427281,2.842170943040401e-14,0.6,0.6,9.912023005428145,9.912023005428145,True,True
"[[0,1,1],[2,0,0],[1,0,0]]",5,10.38053147452315,10.380531474523156,7.105427357601002e-15,0.6,0.6,10.276666119016054,10.276666119016054,True,True
"[[0,1,1],[2,0,0],[0,0,1]]",5,11.223471724288295,11.223471724288302,7.105427357601002e-15,0.6,0.6,10.276666119016054,10.276666119016054,True,True
"[[0,1,1],[2,1,0],[0,0,0]]",5,8.713929219403855,8.713929219403829,2.6645352591003757e-14,0.6,0.6,9.912023005428145,9.912023005428145,False,False
"[[0,1,0],[2,2,0],[0,0,0]]",5,4.547671957591804,4.547671957591744,6.039613253960852e-14,0.6,0.6,9.701301974112493,9.701301974112493,False,False
"[[0,1,0],[1,2,1],[0,0,0]]",5,4.579681991140622,4.579681991140561,6.128431095930864e-14,0.6,0.6,9.701301974112493,9.701301974112493,False,False
"[[0,1,0],[1,1,1],[1,0,0]]",5,5.19978795873082,5.199787958730792,2.7533531010703882e-14,0.6,0.6,10.147589076740912,10.147589076740912,False,False
"[[0,1,0],[1,1,1],[0,0,1]]",5,6.042728208495966,6.042728208495937,2.842170943040401e-14,0.6,0.6,10.147589076740912,10.147589076740912,False,False
"[[0,1,1],[1,0,1],[1,0,0]]",5,10.412541508071966,10.412541508071973,7.105427357601002e-15,0.6,0.6,10.276666119016054,10.276666119016054,True,True
"[[0,1,0],[2,0,1],[0,1,0]]",5,10.457283330758601,10.457283330758575,2.6645352591003757e-14,0.6,0.6,10.147589076740912,10.147589076740912,True,True
"[[0,1,0],[1,0,2],[0,1,0]]",5,11.875587725427309,11.87558772542728,2.842170943040401e-14,0.6,0.6,10.147589076740912,10.147589076740912,True,True
"[[0,1,0],[1,0,1],[1,0,1]]",5,6.323036102495367,6.323036102495375,7.993605777301127e-15,0.6,0.6,10.276666119016054,10.276666119016054,False,False
"[[0,1,0],[1,0,1],[0,0,2]]",5,8.552270713380404,8.552270713380409,5.329070518200751e-15,0.6,0.6,10.276666119016054,10.276666119016054,False,False
"[[0,0,2],[1,0,0],[2,0,0]]",5,12.36682583564304,12.366825835643082,4.263256414560601e-14,0.6,0.6,10.276666119016054,10.276666119016054,True,True
"[[0,0,2],[1,0,0],[1,0,1]]",5,11.823471724288293,11.823471724288337,4.440892098500626e-14,0.6,0.6,10.276666119016054,10.276666119016054,True,True
"[[0,0,2],[2,0,0],[0,1,0]]",5,16.48096709631608,16.480967096316085,7.105427357601002e-15,0.6,0.6,10.276666119016054,10.276666119016054,True,True
"[[0,0,1],[2,1,0],[0,1,0]]",5,9.88191918585504,9.881919185855011,2.842170943040401e-14,0.6,0.6,10.147589076740912,10.147589076740912,False,False
"[[0,0,1],[1,1,1],[0,1,0]]",5,9.913929219403856,9.913929219403828,2.842170943040401e-14,0.6,0.6,10.147589076740912,10.147589076740912,False,False
"[[0,0,1],[1,0,1],[1,1,0]]",5,10.194237113403258,10.194237113403267,8.881784197001252e-15,0.6,0.6,10.276666119016054,10.276666119016054,False,False
"[[0,0,1],[1,0,1],[0,1,1]]",5,11.037177363168404,11.03717736316841,7.105427357601002e-15,0.6,0.6,10.276666119016054,10.276666119016054,True,True
"[[0,0,1],[2,0,0],[0,1,1]]",5,11.005167329619587,11.005167329619594,7.105427357601002e-15,0.6,0.6,10.276666119016054,10.276666119016054,True,True
"[[0,0,1],[1,0,0],[1,0,2]]",5,7.210718174947148,7.21071817494719,4.1744385725905886e-14,0.6,0.6,10.147589076740912,10.147589076740912,False,False
"[[0,0,1],[1,0,0],[0,0,3]]",5,9.963200929596733,9.963200929596773,4.085620730620576e-14,0.6,0.6,10.147589076740912,10.147589076740912,False,False
"[[3,0,0],[1,1,0],[0,0,0]]",5,0.1779471141106146,0.17794711411060304,1.1546319456101628e-14,0.8923140331024711,0.892314036591984,9.912023005428145,9.912023005428145,False,False
"[[2,0,1],[1,1,0],[0,0,0]]",5,3.6673640635924034,3.6673640635924114,7.993605777301127e-15,0.6,0.6,9.912023005428145,9.912023005428145,False,False
"[[1,0,1],[1,1,0],[1,0,0]]",5,4.547671957591806,4.547671957591814,7.993605777301127e-15,0.6,0.6,10.276666119016054,10.276666119016054,False,False
"[[1,0,1],[1,1,0],[0,0,1]]",5,5.39061220735695,5.390612207356958,7.993605777301127e-15,0.6,0.6,10.276666119016054,10.276666119016054,False,False
"[[0,0,2],[1,1,0],[1,0,0]]",5,11.223471724288293,11.223471724288302,8.881784197001252e-15,0.6,0.6,10.276666119016054,10.276666119016054,True,True
"[[0,0,1],[1,1,0],[1,0,1]]",5,5.747671957591805,5.747671957591813,7.993605777301127e-15,0.6,0.6,10.276666119016054,10.276666119016054,False,False
"[[0,0,1],[1,1,0],[0,0,2]]",5,7.97690656847684,7.976906568476848,7.993605777301127e-15,0.6,0.6,10.276666119016054,10.276666119016054,False,False
"[[2,0,0],[1,2,0],[0,0,0]]",5,0.36415301913569476,0.36415301913566916,2.5590640717609858e-14,0.6,0.6,9.912023005428145,9.912023005428145,False,False
"[[1,0,1],[1,2,0],[0,0,0]]",5,4.267364063592404,4.267364063592376,2.7533531010703882e-14,0.6,0.6,9.912023005428145,9.912023005428145,False,False
"[[0,0,1],[1,2,0],[1,0,0]]",5,6.010718174947147,6.0107181749471215,2.5757174171303632e-14,0.6,0.6,10.147589076740912,10.147589076740912,False,False
"[[0,0,1],[1,2,0],[0,0,1]]",5,6.853658424712295,6.8536584247122665,2.842170943040401e-14,0.6,0.6,10.147589076740912,10.147589076740912,False,False
"[[1,0,0],[1,3,0],[0,0,0]]",5,0.6243549455449,0.6243549455448394,6.061817714453355e-14,0.6,0.6,9.701301974112493,9.701301974112493,False,False
"[[0,0,1],[1,3,0],[0,0,0]]",5,5.913860351121499,5.913860351121437,6.128431095930864e-14,0.6,0.6,9.701301974112493,9.701301974112493,False,False
"[[0,0,0],[1,4,0],[0,0,0]]",5,0.9716834063291939,0.9716834063290987,9.525713551283843e-14,0.6,0.6,9.198673117550682,9.198673117550682,False,False
"[[0,0,0],[0,5,0],[0,0,0]]",5,3.1084612316302627,3.108461231630094,1.687538997430238e-13,0.6,0.6,9.198673117550682,9.198673117550682,False,False
"[[0,0,0],[0,4,1],[0,0,0]]",5,2.3899878009979014,2.3899878009978055,9.592326932761353e-14,0.6,0.6,9.198673117550682,9.198673117550682,False,False
"[[0,0,0],[0,3,1],[1,0,0]]",5,2.399719090448462,2.3997190904484005,6.17284001691587e-14,0.6,0.6,9.701301974112493,9.701301974112493,False,False
"[[0,0,0],[0,3,1],[0,1,0]]",5,5.905685808966482,5.905685808966348,1.341149413747189e-13,0.6,0.6,9.701301974112493,9.701301974112493,False,False
"[[0,0,0],[0,3,1],[0,0,1]]",5,3.242659340213608,3.242659340213545,6.306066779870889e-14,0.6,0.6,9.701301974112493,9.701301974112493,False,False
"[[1,0,0],[0,2,1],[1,0,0]]",5,2.139517164039257,2.1395171640392308,2.6201263381153694e-14,0.6,0.6,10.147589076740912,10.147589076740912,False,False
"[[0,0,1],[0,2,1],[1,0,0]]",5,7.4290225696158565,7.429022569615828,2.842170943040401e-14,0.6,0.6,10.147589076740912,10.147589076740912,False,False
"[[0,0,0],[1,2,1],[0,1,0]]",5,4.3613775964719155,4.361377596471852,6.306066779870889e-14,0.6,0.6,9.701301974112493,9.701301974112493,False,False
"[[0,0,0],[0,2,2],[0,1,0]]",5,7.165976352260513,7.165976352260451,6.217248937900877e-14,0.6,0.6,9.701301974112493,9.701301974112493,False,False
"[[0,0,0],[0,2,1],[1,0,1]]",5,1.9532228029193668,1.9532228029193393,2.7533531010703882e-14,0.6,0.6,9.912023005428146,9.912023005428145,False,False
"[[0,0,0],[0,2,1],[0,1,1]]",5,5.459189521437388,5.4591895214372865,1.0125233984581428e-13,0.6,0.6,9.912023005428146,9.912023005428145,False,False
"[[0,0,0],[0,2,1],[0,0,2]]",5,4.1824574138044035,4.182457413804374,2.930988785010413e-14,0.6,0.6,9.912023005428146,9.912023005428145,False,False
"[[2,0,0],[0,1,1],[1,0,0]]",5,2.0627653078038053,2.0627653078038137,8.43769498715119e-15,0.6,0.6,10.276666119016054,10.276666119016054,False,False
"[[1,0,1],[0,1,1],[1,0,0]]",5,5.965976352260514,5.965976352260521,7.105427357601002e-15,0.6,0.6,10.276666119016054,10.276666119016054,False,False
"[[0,1,0],[0,1,2],[1,0,0]]",5,8.00438671451942,8.00438671451939,3.019806626980426e-14,0.6,0.6,10.147589076740912,10.147589076740912,False,False
"[[0,0,1],[0,1,1],[2,0,0]]",5,7.709330463615258,7.709330463615266,7.993605777301127e-15,0.6,0.6,10.276666119016054,10.276666119016054,False,False
"[[0,0,1],[0,1,1],[1,0,1]]",5,7.165976352260513,7.16597635226052,7.105427357601002e-15,0.6,0.6,10.276666119016054,10.276666119016054,False,False
"[[1,0,0],[1,1,1],[0,1,0]]",5,4.624423813827257,4.624423813827231,2.6645352591003757e-14,0.6,0.6,10.147589076740912,10.147589076740912,False,False
"[[0,0,0],[0,1,2],[1,1,0]]",5,6.399787958730819,6.399787958730792,2.6645352591003757e-14,0.6,0.6,9.912023005428146,9.912023005428145,False,False
"[[0,0,0],[0,1,2],[0,2,0]]",5,11.29204903836873,11.292049038368631,9.947598300641403e-14,0.6,0.6,9.912023005428146,9.912023005428145,True,True
"[[0,0,0],[0,1,2],[0,1,1]]",5,7.242728208495965,7.242728208495937,2.842170943040401e-14,0.6,0.6,9.912023005428146,9.912023005428145,False,False
"[[1,0,0],[0,1,1],[1,0,1]]",5,1.8764709466839151,1.8764709466839224,7.327471962526033e-15,0.6,0.6,10.276666119016054,10.276666119016054,False,False
"[[0,0,0],[1,1,1],[0,1,1]]",5,4.438129452707367,4.438129452707339,2.7533531010703882e-14,0.6,0.6,9.912023005428146,9.912023005428145,False,False
"[[0,0,0],[0,1,1],[1,0,2]]",5,2.5532228029193664,2.5532228029193735,7.105427357601002e-15,0.6,0.6,9.912023005428146,9.912023005428145,False,False
"[[0,0,0],[0,1,1],[0,1,2]]",5,6.059189521437387,6.059189521437321,6.661338147750939e-14,0.6,0.6,9.912023005428146,9.912023005428145,False,False
"[[0,0,0],[0,1,1],[0,0,3]]",5,5.305705557568951,5.305705557568957,6.217248937900877e-15,0.6,0.6,9.912023005428146,9.912023005428145,False,False
"[[3,0,0],[0,0,1],[1,0,0]]",5,2.8490596689236956,2.8490596689237395,4.39648317751562e-14,0.6,0.6,10.147589076740912,10.147589076740912,False,False
"[[2,0,1],[0,0,1],[1,0,0]]",5,6.229022569615857,6.229022569615899,4.1744385725905886e-14,0.6,0.6,10.147589076740912,10.147589076740912,False,False
"[[1,1,0],[0,0,2],[1,0,0]]",5,7.927634858283966,7.927634858283974,7.993605777301127e-15,0.6,0.6,10.276666119016054,10.276666119016054,False,False
"[[1,0,1],[0,0,1],[2,0,0]]",5,7.109330463615258,7.109330463615301,4.263256414560601e-14,0.6,0.6,10.276666119016054,10.276666119016054,False,False
"[[1,0,1],[0,0,1],[1,0,1]]",5,6.565976352260513,6.565976352260555,4.1744385725905886e-14,0.6,0.6,10.276666119016054,10.276666119016054,False,False
"[[0,1,0],[0,0,2],[2,0,0]]",5,9.670988969638712,9.670988969638719,7.105427357601002e-15,0.6,0.6,10.276666119016054,10.276666119016054,False,False
"[[0,1,0],[0,0,2],[1,0,1]]",5,9.127634858283967,9.127634858283972,5.329070518200751e-15,0.6,0.6,10.276666119016054,10.276666119016054,False,False
"[[0,0,2],[0,0,1],[2,0,0]]",5,13.785130230311749,13.78513023031179,4.085620730620576e-14,0.6,0.6,10.276666119016054,10.276666119016054,True,True
"[[0,0,1],[0,0,2],[1,1,0]]",5,12.998835869191858,12.998835869191865,7.105427357601002e-15,0.6,0.6,10.276666119016054,10.276666119016054,True,True
"[[0,0,1],[0,0,1],[2,0,1]]",5,7.78608231985071,7.7860823198507525,4.263256414560601e-14,0.6,0.6,10.147589076740912,10.147589076740912,False,False
"[[0,0,1],[0,0,1],[1,0,2]]",5,8.629022569615858,8.629022569615897,3.907985046680551e-14,0.6,0.6,10.147589076740912,10.147589076740912,False,False
"[[2,0,0],[1,0,1],[0,1,0]]",5,5.933966318711696,5.933966318711704,7.993605777301127e-15,0.6,0.6,10.276666119016054,10.276666119016054,False,False
"[[1,0,0],[0,0,2],[1,1,0]]",5,7.709330463615258,7.709330463615266,7.993605777301127e-15,0.6,0.6,10.276666119016054,10.276666119016054,False,False
"[[0,0,0],[1,0,2],[0,2,0]]",5,11.6572833307586,11.657283330758574,2.6645352591003757e-14,0.6,0.6,9.912023005428146,9.912023005428145,True,True
"[[0,0,0],[0,0,3],[0,2,0]]",5,14.985130230311746,14.98513023031172,2.6645352591003757e-14,0.6,0.6,9.912023005428146,9.912023005428145,True,True
"[[0,0,0],[0,0,2],[1,1,1]]",5,6.9997879587308205,6.999787958730827,6.217248937900877e-15,0.6,0.6,9.912023005428146,9.912023005428145,False,False
"[[0,0,0],[0,0,2],[0,2,1]]",5,11.89204903836873,11.892049038368665,6.572520305780927e-14,0.6,0.6,9.912023005428146,9.912023005428145,True,True
"[[0,0,0],[0,0,2],[0,1,2]]",5,9.229022569615857,9.22902256961586,3.552713678800501e-15,0.6,0.6,9.912023005428146,9.912023005428145,False,False
"[[2,0,0],[0,0,1],[1,0,1]]",5,2.662765307803805,2.662765307803848,4.3076653355456074e-14,0.6,0.6,10.276666119016054,10.276666119016054,False,False
"[[1,0,0],[1,0,1],[0,1,1]]",5,5.747671957591805,5.7476719575918125,7.105427357601002e-15,0.6,0.6,10.276666119016054,10.276666119016054,False,False
"[[1,0,0],[0,0,1],[1,0,2]]",5,3.339517164039257,3.339517164039299,4.1744385725905886e-14,0.6,0.6,10.147589076740912,10.147589076740912,False,False
"[[0,0,0],[1,0,1],[0,1,2]]",5,6.424423813827257,6.424423813827264,7.105427357601002e-15,0.6,0.6,9.912023005428146,9.912023005428145,False,False
"[[0,0,0],[0,0,1],[1,0,3]]",5,4.199719090448462,4.199719090448504,4.1744385725905886e-14,0.6,0.6,9.701301974112495,9.701301974112493,False,False
"[[0,0,0],[0,0,1],[0,1,3]]",5,7.705685808966483,7.70568580896645,3.2862601528904634e-14,0.6,0.6,9.701301974112495,9.701301974112493,False,False
"[[0,0,0],[0,0,1],[0,0,4]]",5,7.291999918688841,7.291999918688882,4.085620730620576e-14,0.6,0.6,9.701301974112495,9.701301974112493,False,False
"[[5,0,0],[1,0,0],[0,0,0]]",6,0.5835467764415977,0.5835467764416158,1.8096635301390052e-14,1.0,1.0,10.00960333376701,10.00960333376701,False,False
"[[4,0,1],[1,0,0],[0,0,0]]",6,3.8828810582318463,3.882881058231891,4.4853010194856324e-14,0.6,0.6,10.00960333376701,10.00960333376701,False,False
"[[3,1,0],[2,0,0],[0,0,0]]",6,3.772535565017126,3.772535565017118,7.993605777301127e-15,0.9036983043402841,0.9036983042413506,10.276666119016054,10.276666119016054,False,False
"[[3,1,0],[1,0,1],[0,0,0]]",6,3.924622381231223,3.9246223812312326,9.769962616701378e-15,0.6,0.6,10.276666119016054,10.276666119016054,False,False
"[[3,0,1],[1,0,0],[1,0,0]]",6,4.492612347682407,4.492612347682451,4.440892098500626e-14,0.6,0.6,10.512232190328822,10.512232190328822,False,False
"[[3,0,1],[1,0,0],[0,0,1]]",6,5.335552597447553,5.335552597447595,4.263256414560601e-14,0.6,0.6,10.512232190328822,10.512232190328822,False,False
"[[2,1,1],[2,0,0],[0,0,0]]",6,7.272575248374566,7.272575248374576,9.769962616701378e-15,0.6,0.6,10.276666119016054,10.276666119016054,False,False
"[[2,1,0],[2,1,0],[0,0,0]]",6,2.9228679163887614,2.922867916388738,2.353672812205332e-14,0.6,0.6,10.358310108056566,10.358310108056566,False,False
"[[2,1,0],[1,1,1],[0,0,0]]",6,2.954877949937579,2.954877949937554,2.4868995751603507e-14,0.6,0.6,10.358310108056566,10.358310108056566,False,False
"[[2,1,0],[1,0,1],[1,0,0]]",6,4.621480205056872,4.621480205056883,1.0658141036401503e-14,0.6,0.6,10.722953221644474,10.722953221644474,False,False
"[[2,1,0],[1,0,1],[0,0,1]]",6,5.464420454822017,5.464420454822027,9.769962616701378e-15,0.6,0.6,10.722953221644474,10.722953221644474,False,False
"[[2,0,2],[1,0,0],[1,0,0]]",6,9.258869609494456,9.2588696094945,4.440892098500626e-14,0.6,0.6,10.512232190328822,10.512232190328822,False,False
"[[2,0,1],[2,0,0],[0,1,0]]",6,9.303611432181093,9.303611432181102,8.881784197001252e-15,0.6,0.6,10.722953221644474,10.722953221644474,False,False
"[[2,0,1],[1,0,1],[0,1,0]]",6,9.33562146572991,9.335621465729918,8.881784197001252e-15,0.6,0.6,10.722953221644474,10.722953221644474,False,False
"[[2,0,1],[1,0,0],[1,0,1]]",6,4.646116060153311,4.646116060153354,4.3520742565306136e-14,0.6,0.6,10.722953221644474,10.722953221644474,False,False
"[[2,0,1],[1,0,0],[0,0,2]]",6,6.875350671038346,6.875350671038389,4.3520742565306136e-14,0.6,0.6,10.722953221644474,10.722953221644474,False,False
"[[1,2,0],[3,0,0],[0,0,0]]",6,9.278975577084653,9.27897557708463,2.3092638912203256e-14,0.6,0.6,10.358310108056566,10.358310108056566,False,False
"[[1,2,0],[2,0,1],[0,0,0]]",6,8.787737466868922,8.787737466868897,2.4868995751603507e-14,0.6,0.6,10.358310108056566,10.358310108056566,False,False
"[[1,1,1],[2,0,0],[1,0,0]]",6,8.492681215964764,8.492681215964772,8.881784197001252e-15,0.6,0.6,10.722953221644474,10.722953221644474,False,False
"[[1,1,1],[2,0,0],[0,0,1]]",6,9.33562146572991,9.335621465729918,8.881784197001252e-15,0.6,0.6,10.722953221644474,10.722953221644474,False,False
"[[1,1,1],[2,1,0],[0,0,0]]",6,6.8260789608454715,6.826078960845445,2.6645352591003757e-14,0.6,0.6,10.358310108056566,10.358310108056566,False,False
"[[1,1,0],[2,2,0],[0,0,0]]",6,3.183069842797967,3.1830698427979076,5.950795411990839e-14,0.6,0.6,10.276666119016054,10.276666119016054,False,False
"[[1,1,0],[1,2,1],[0,0,0]]",6,3.215079876346784,3.215079876346724,5.995204332975845e-14,0.6,0.6,10.276666119016054,10.276666119016054,False,False
"[[1,1,0],[1,1,1],[1,0,0]]",6,3.83518584393698,3.8351858439369564,2.353672812205332e-14,0.6,0.6,10.722953221644474,10.722953221644474,False,False
"[[1,1,0],[1,1,1],[0,0,1]]",6,4.678126093702126,4.678126093702101,2.4868995751603507e-14,0.6,0.6,10.722953221644474,10.722953221644474,False,False
"[[1,1,1],[1,0,1],[1,0,0]]",6,8.52469124951358,8.52469124951359,8.881784197001252e-15,0.6,0.6,10.722953221644474,10.722953221644474,False,False
"[[1,1,0],[2,0,1],[0,1,0]]",6,9.092681215964763,9.092681215964738,2.4868995751603507e-14,0.6,0.6,10.722953221644474,10.722953221644474,False,False
"[[1,1,0],[1,0,2],[0,1,0]]",6,10.51098561063347,10.510985610633444,2.6645352591003757e-14,0.6,0.6,10.722953221644474,10.722953221644474,False,False
"[[1,1,0],[1,0,1],[1,0,1]]",6,4.95843398770153,4.958433987701539,8.881784197001252e-15,0.6,0.6,10.852030263919616,10.852030263919616,False,False
"[[1,1,0],[1,0,1],[0,0,2]]",6,7.187668598586566,7.187668598586574,7.993605777301127e-15,0.6,0.6,10.852030263919616,10.852030263919616,False,False
"[[1,0,2],[1,0,0],[2,0,0]]",6,10.478975577084654,10.478975577084697,4.263256414560601e-14,0.6,0.6,10.722953221644474,10.722953221644474,False,False
"[[1,0,2],[1,0,0],[1,0,1]]",6,9.935621465729907,9.935621465729952,4.440892098500626e-14,0.6,0.6,10.722953221644474,10.722953221644474,False,False
"[[1,0,2],[2,0,0],[0,1,0]]",6,14.593116837757691,14.593116837757698,7.105427357601002e-15,0.6,0.6,10.722953221644474,10.722953221644474,True,True
"[[1,0,1],[2,1,0],[0,1,0]]",6,8.5173170710612,8.517317071061175,2.4868995751603507e-14,0.6,0.6,10.722953221644474,10.722953221644474,False,False
"[[1,0,1],[1,1,1],[0,1,0]]",6,8.549327104610018,8.549327104609992,2.6645352591003757e-14,0.6,0.6,10.722953221644474,10.722953221644474,False,False
"[[1,0,1],[1,0,1],[1,1,0]]",6,8.829634998609421,8.829634998609428,7.105427357601002e-15,0.6,0.6,10.852030263919616,10.852030263919616,False,False
"[[1,0,1],[1,0,1],[0,1,1]]",6,9.672575248374567,9.672575248374574,7.105427357601002e-15,0.6,0.6,10.852030263919616,10.852030263919616,False,False
"[[1,0,1],[2,0,0],[0,1,1]]",6,9.640565214825749,9.640565214825758,8.881784197001252e-15,0.6,0.6,10.852030263919616,10.852030263919616,False,False
"[[1,0,1],[1,0,0],[1,0,2]]",6,5.84611606015331,5.846116060153353,4.263256414560601e-14,0.6,0.6,10.722953221644474,10.722953221644474,False,False
"[[1,0,1],[1,0,0],[0,0,3]]",6,8.598598814802893,8.598598814802937,4.440892098500626e-14,0.6,0.6,10.722953221644474,10.722953221644474,False,False
"[[0,2,1],[3,0,0],[0,0,0]]",6,14.568480982661253,14.568480982661226,2.6645352591003757e-14,0.6,0.6,10.358310108056566,10.358310108056566,True,True
"[[0,2,0],[3,1,0],[0,0,0]]",6,9.539177503493857,9.539177503493798,5.861977570020827e-14,0.6,0.6,10.276666119016054,10.276666119016054,False,False
"[[0,2,0],[2,1,1],[0,0,0]]",6,9.047939393278128,9.047939393278067,6.039613253960852e-14,0.6,0.6,10.276666119016054,10.276666119016054,False,False
"[[0,2,0],[2,0,1],[1,0,0]]",6,11.054339721988216,11.054339721988189,2.6645352591003757e-14,0.6,0.6,10.722953221644474,10.722953221644474,True,True
"[[0,2,0],[2,0,1],[0,0,1]]",6,11.897279971753361,11.897279971753335,2.6645352591003757e-14,0.6,0.6,10.722953221644474,10.722953221644474,True,True
"[[0,1,2],[2,0,0],[1,0,0]]",6,15.168480982661254,15.16848098266126,5.329070518200751e-15,0.6,0.6,10.722953221644474,10.722953221644474,True,True
"[[0,1,1],[3,0,0],[0,1,0]]",6,14.873424731757094,14.873424731757067,2.6645352591003757e-14,0.6,0.6,10.722953221644474,10.722953221644474,True,True
"[[0,1,1],[2,0,1],[0,1,0]]",6,14.382186621541361,14.382186621541335,2.6645352591003757e-14,0.6,0.6,10.722953221644474,10.722953221644474,True,True
"[[0,1,1],[2,0,0],[1,0,1]]",6,10.215929359729312,10.21592935972932,7.105427357601002e-15,0.6,0.6,10.852030263919616,10.852030263919616,False,False
"[[0,1,1],[2,0,0],[0,0,2]]",6,12.445163970614347,12.445163970614354,7.105427357601002e-15,0.6,0.6,10.852030263919616,10.852030263919616,True,True
"[[0,1,1],[2,1,0],[1,0,0]]",6,9.092681215964763,9.092681215964737,2.6645352591003757e-14,0.6,0.6,10.722953221644474,10.722953221644474,False,False
"[[0,1,1],[2,1,0],[0,0,1]]",6,9.93562146572991,9.935621465729882,2.6645352591003757e-14,0.6,0.6,10.722953221644474,10.722953221644474,False,False
"[[0,1,1],[2,2,0],[0,0,0]]",6,8.472575248374568,8.472575248374506,6.217248937900877e-14,0.6,0.6,10.276666119016054,10.276666119016054,False,False
"[[0,1,0],[2,3,0],[0,0,0]]",6,4.5768945911113565,4.576894591111262,9.414691248821327e-14,0.6,0.6,10.00960333376701,10.00960333376701,False,False
"[[0,1,0],[1,3,1],[0,0,0]]",6,4.608904624660173,4.608904624660078,9.50350909079134e-14,0.6,0.6,10.00960333376701,10.00960333376701,False,False
"[[0,1,0],[1,2,1],[1,0,0]]",6,4.95843398770153,4.9584339877014685,6.128431095930864e-14,0.6,0.6,10.512232190328822,10.512232190328822,False,False
"[[0,1,0],[1,2,1],[0,0,1]]",6,5.801374237466676,5.8013742374666135,6.217248937900877e-14,0.6,0.6,10.512232190328822,10.512232190328822,False,False
"[[0,1,1],[1,1,1],[1,0,0]]",6,9.12469124951358,9.124691249513553,2.6645352591003757e-14,0.6,0.6,10.722953221644474,10.722953221644474,False,False
"[[0,1,0],[2,1,1],[0,1,0]]",6,8.829634998609421,8.82963499860936,6.217248937900877e-14,0.6,0.6,10.512232190328822,10.512232190328822,False,False
"[[0,1,0],[1,1,2],[0,1,0]]",6,10.247939393278127,10.247939393278067,6.039613253960852e-14,0.6,0.6,10.512232190328822,10.512232190328822,False,False
"[[0,1,0],[1,1,1],[1,0,1]]",6,5.035185843936981,5.035185843936955,2.5757174171303632e-14,0.6,0.6,10.722953221644474,10.722953221644474,False,False
"[[0,1,0],[1,1,1],[0,0,2]]",6,7.264420454822018,7.26442045482199,2.7533531010703882e-14,0.6,0.6,10.722953221644474,10.722953221644474,False,False
"[[0,2,0],[1,0,2],[1,0,0]]",6,12.472644116656923,12.472644116656896,2.6645352591003757e-14,0.6,0.6,10.722953221644474,10.722953221644474,True,True
"[[0,1,1],[1,0,1],[2,0,0]]",6,10.791293504632872,10.79129350463288,8.881784197001252e-15,0.6,0.6,10.852030263919616,10.852030263919616,False,False
"[[0,1,1],[1,0,1],[1,0,1]]",6,10.247939393278127,10.247939393278136,8.881784197001252e-15,0.6,0.6,10.852030263919616,10.852030263919616,False,False
"[[0,1,0],[1,0,2],[1,1,0]]",6,10.868045360868324,10.8680453608683,2.4868995751603507e-14,0.6,0.6,10.722953221644474,10.722953221644474,True,True
"[[0,1,0],[1,0,2],[0,1,1]]",6,11.71098561063347,11.710985610633443,2.6645352591003757e-14,0.6,0.6,10.722953221644474,10.722953221644474,True,True
"[[0,1,0],[2,0,1],[0,1,1]]",6,10.292681215964762,10.292681215964736,2.6645352591003757e-14,0.6,0.6,10.722953221644474,10.722953221644474,False,False
"[[0,1,0],[1,0,1],[1,0,2]]",6,7.021480205056871,7.021480205056879,7.993605777301127e-15,0.6,0.6,10.722953221644474,10.722953221644474,False,False
"[[0,1,0],[1,0,1],[0,0,3]]",6,9.773962959706456,9.773962959706463,7.105427357601002e-15,0.6,0.6,10.722953221644474,10.722953221644474,False,False
"[[0,0,3],[1,0,0],[2,0,0]]",6,17.67802348754569,17.678023487545733,4.263256414560601e-14,0.6,0.6,10.722953221644474,10.722953221644474,True,True
"[[0,0,2],[2,0,0],[1,1,0]]",6,15.473424731757092,15.473424731757103,1.0658141036401503e-14,0.6,0.6,10.852030263919616,10.852030263919616,True,True
"[[0,0,2],[1,0,1],[1,1,0]]",6,15.50543476530591,15.505434765305917,7.105427357601002e-15,0.6,0.6,10.852030263919616,10.852030263919616,True,True
"[[0,0,2],[1,0,0],[2,0,1]]",6,11.678975577084653,11.678975577084698,4.440892098500626e-14,0.6,0.6,10.722953221644474,10.722953221644474,True,True
"[[0,0,2],[1,0,0],[1,0,2]]",6,12.5219158268498,12.521915826849842,4.263256414560601e-14,0.6,0.6,10.722953221644474,10.722953221644474,True,True
"[[0,0,2],[2,0,0],[0,1,1]]",6,16.316364981522238,16.316364981522245,7.105427357601002e-15,0.6,0.6,10.852030263919616,10.852030263919616,True,True
"[[0,0,2],[2,1,0],[0,1,0]]",6,15.193116837757689,15.193116837757664,2.4868995751603507e-14,0.6,0.6,10.722953221644474,10.722953221644474,True,True
"[[0,0,1],[2,2,0],[0,1,0]]",6,9.640565214825749,9.640565214825688,6.039613253960852e-14,0.6,0.6,10.512232190328822,10.512232190328822,False,False
"[[0,0,1],[1,2,1],[0,1,0]]",6,9.672575248374567,9.672575248374505,6.217248937900877e-14,0.6,0.6,10.512232190328822,10.512232190328822,False,False
"[[0,0,1],[1,1,1],[1,1,0]]",6,8.906386854844872,8.906386854844847,2.4868995751603507e-14,0.6,0.6,10.722953221644474,10.722953221644474,False,False
"[[0,0,1],[1,1,1],[0,1,1]]",6,9.749327104610018,9.749327104609991,2.6645352591003757e-14,0.6,0.6,10.722953221644474,10.722953221644474,False,False
"[[0,0,1],[2,0,1],[0,2,0]]",6,15.550176587992546,15.550176587992517,2.842170943040401e-14,0.6,0.6,10.722953221644474,10.722953221644474,True,True
"[[0,0,1],[1,0,2],[0,2,0]]",6,16.96848098266125,16.968480982661227,2.4868995751603507e-14,0.6,0.6,10.722953221644474,10.722953221644474,True,True
"[[0,0,1],[1,0,1],[1,1,1]]",6,9.506386854844873,9.50638685484488,7.105427357601002e-15,0.6,0.6,10.722953221644474,10.722953221644474,False,False
"[[0,0,1],[1,0,1],[0,1,2]]",6,11.73562146572991,11.735621465729915,5.329070518200751e-15,0.6,0.6,10.722953221644474,10.722953221644474,True,True
"[[0,0,1],[2,1,0],[0,1,1]]",6,9.717317071061201,9.717317071061174,2.6645352591003757e-14,0.6,0.6,10.722953221644474,10.722953221644474,False,False
"[[0,0,1],[2,0,0],[0,1,2]]",6,11.703611432181091,11.7036114321811,8.881784197001252e-15,0.6,0.6,10.722953221644474,10.722953221644474,True,True
"[[0,0,1],[1,0,0],[1,0,3]]",6,8.092612347682405,8.092612347682449,4.440892098500626e-14,0.6,0.6,10.512232190328822,10.512232190328822,False,False
"[[0,0,1],[1,0,0],[0,0,4]]",6,11.184893175922785,11.184893175922827,4.263256414560601e-14,0.6,0.6,10.512232190328822,10.512232190328822,True,True
"[[4,0,0],[1,1,0],[0,0,0]]",6,0.18901662656101648,0.18901662656100848,7.993605777301127e-15,0.9036983043402467,0.9036982908912493,10.276666119016054,10.276666119016054,False,False
"[[3,0,1],[1,1,0],[0,0,0]]",6,3.3492582363276613,3.3492582363276706,9.325873406851315e-15,0.6,0.6,10.276666119016054,10.276666119016054,False,False
"[[2,0,1],[1,1,0],[1,0,0]]",6,4.04611606015331,4.04611606015332,9.769962616701378e-15,0.6,0.6,10.722953221644474,10.722953221644474,False,False
"[[2,0,1],[1,1,0],[0,0,1]]",6,4.889056309918455,4.889056309918464,8.881784197001252e-15,0.6,0.6,10.722953221644474,10.722953221644474,False,False
"[[1,0,2],[1,1,0],[1,0,0]]",6,9.335621465729908,9.335621465729917,8.881784197001252e-15,0.6,0.6,10.722953221644474,10.722953221644474,False,False
"[[1,0,1],[1,1,0],[1,0,1]]",6,4.383069842797968,4.383069842797976,7.993605777301127e-15,0.6,0.6,10.852030263919616,10.852030263919616,False,False
"[[1,0,1],[1,1,0],[0,0,2]]",6,6.612304453683002,6.612304453683012,9.769962616701378e-15,0.6,0.6,10.852030263919616,10.852030263919616,False,False
"[[0,0,2],[1,1,0],[2,0,0]]",6,11.602223720849201,11.60222372084921,8.881784197001252e-15,0.6,0.6,10.852030263919616,10.852030263919616,True,True
"[[0,0,2],[1,1,0],[1,0,1]]",6,11.058869609494455,11.058869609494465,1.0658141036401503e-14,0.6,0.6,10.852030263919616,10.852030263919616,True,True
"[[0,0,1],[1,1,0],[1,0,2]]",6,6.44611606015331,6.446116060153318,7.993605777301127e-15,0.6,0.6,10.722953221644474,10.722953221644474,False,False
"[[0,0,1],[1,1,0],[0,0,3]]",6,9.198598814802894,9.198598814802901,7.105427357601002e-15,0.6,0.6,10.722953221644474,10.722953221644474,False,False
"[[3,0,0],[1,2,0],[0,0,0]]",6,0.38584526546174747,0.38584526546172315,2.4313884239290928e-14,0.6,0.6,10.358310108056566,10.358310108056566,False,False
"[[2,0,1],[1,2,0],[0,0,0]]",6,3.7658081661539082,3.7658081661538825,2.5757174171303632e-14,0.6,0.6,10.358310108056566,10.358310108056566,False,False
"[[1,0,1],[1,2,0],[1,0,0]]",6,4.64611606015331,4.646116060153284,2.5757174171303632e-14,0.6,0.6,10.722953221644474,10.722953221644474,False,False
"[[1,0,1],[1,2,0],[0,0,1]]",6,5.489056309918457,5.489056309918429,2.7533531010703882e-14,0.6,0.6,10.722953221644474,10.722953221644474,False,False
"[[0,0,2],[1,2,0],[1,0,0]]",6,11.3219158268498,11.321915826849773,2.6645352591003757e-14,0.6,0.6,10.722953221644474,10.722953221644474,True,True
"[[0,0,1],[1,2,0],[1,0,1]]",6,5.846116060153308,5.8461160601532836,2.4868995751603507e-14,0.6,0.6,10.722953221644474,10.722953221644474,False,False
"[[0,0,1],[1,2,0],[0,0,2]]",6,8.075350671038347,8.075350671038318,2.842170943040401e-14,0.6,0.6,10.722953221644474,10.722953221644474,False,False
"[[2,0,0],[1,3,0],[0,0,0]]",6,0.6460471918709527,0.6460471918708933,5.939693181744587e-14,0.6,0.6,10.276666119016054,10.276666119016054,False,False
"[[1,0,1],[1,3,0],[0,0,0]]",6,4.549258236327661,4.5492582363276,6.039613253960852e-14,0.6,0.6,10.276666119016054,10.276666119016054,False,False
"[[0,0,1],[1,3,0],[1,0,0]]",6,6.292612347682405,6.292612347682345,5.950795411990839e-14,0.6,0.6,10.512232190328822,10.512232190328822,False,False
"[[0,0,1],[1,3,0],[0,0,1]]",6,7.135552597447551,7.13555259744749,6.039613253960852e-14,0.6,0.6,10.512232190328822,10.512232190328822,False,False
"[[1,0,0],[1,4,0],[0,0,0]]",6,0.9933756526552466,0.9933756526551527,9.392486788328824e-14,0.6,0.6,10.00960333376701,10.00960333376701,False,False
"[[0,0,1],[1,4,0],[0,0,0]]",6,6.282881058231845,6.282881058231751,9.414691248821327e-14,0.6,0.6,10.00960333376701,10.00960333376701,False,False
"[[0,0,0],[1,5,0],[0,0,0]]",6,1.3920205171483575,1.3920205171482287,1.2878587085651816e-13,0.6,0.6,9.465735902799727,9.465735902799727,False,False
"[[0,0,0],[0,6,0],[0,0,0]]",6,3.7301534779563155,3.730153477956113,2.0250467969162855e-13,0.6,0.6,9.465735902799727,9.465735902799727,False,False
"[[0,0,0],[0,5,1],[0,0,0]]",6,2.810324911817065,2.8103249118169353,1.2967404927621828e-13,0.6,0.6,9.465735902799727,9.465735902799727,False,False
"[[0,0,0],[0,4,1],[1,0,0]]",6,2.7687397975588084,2.768739797558714,9.459100169806334e-14,0.6,0.6,10.00960333376701,10.00960333376701,False,False
"[[0,0,0],[0,4,1],[0,1,0]]",6,6.2747065160768285,6.2747065160766615,1.6697754290362354e-13,0.6,0.6,10.00960333376701,10.00960333376701,False,False
"[[0,0,0],[0,4,1],[0,0,1]]",6,3.611680047323955,3.6116800473238584,9.681144774731365e-14,0.6,0.6,10.00960333376701,10.00960333376701,False,False
"[[1,0,0],[0,3,1],[1,0,0]]",6,2.421411336774515,2.4214113367744545,6.039613253960852e-14,0.6,0.6,10.512232190328822,10.512232190328822,False,False
"[[0,0,1],[0,3,1],[1,0,0]]",6,7.710916742351114,7.710916742351053,6.128431095930864e-14,0.6,0.6,10.512232190328822,10.512232190328822,False,False
"[[0,0,0],[1,3,1],[0,1,0]]",6,4.390600229991467,4.390600229991371,9.592326932761353e-14,0.6,0.6,10.00960333376701,10.00960333376701,False,False
"[[0,0,0],[0,3,2],[0,1,0]]",6,7.195198985780065,7.195198985779969,9.592326932761353e-14,0.6,0.6,10.00960333376701,10.00960333376701,False,False
"[[0,0,0],[0,3,1],[1,0,1]]",6,2.2351169756546243,2.235116975654563,6.128431095930864e-14,0.6,0.6,10.276666119016054,10.276666119016054,False,False
"[[0,0,0],[0,3,1],[0,1,1]]",6,5.741083694172645,5.741083694172511,1.341149413747189e-13,0.6,0.6,10.276666119016054,10.276666119016054,False,False
"[[0,0,0],[0,3,1],[0,0,2]]",6,4.464351586539661,4.464351586539598,6.306066779870889e-14,0.6,0.6,10.276666119016054,10.276666119016054,False,False
"[[2,0,0],[0,2,1],[1,0,0]]",6,2.1612094103653097,2.161209410365285,2.4868995751603507e-14,0.6,0.6,10.722953221644474,10.722953221644474,False,False
"[[1,0,1],[0,2,1],[1,0,0]]",6,6.064420454822018,6.064420454821992,2.6645352591003757e-14,0.6,0.6,10.722953221644474,10.722953221644474,False,False
"[[0,1,0],[0,2,2],[1,0,0]]",6,7.763032743490129,7.763032743490067,6.217248937900877e-14,0.6,0.6,10.512232190328822,10.512232190328822,False,False
"[[0,0,1],[0,2,1],[2,0,0]]",6,7.807774566176763,7.807774566176737,2.5757174171303632e-14,0.6,0.6,10.722953221644474,10.722953221644474,False,False
"[[0,0,1],[0,2,1],[1,0,1]]",6,7.264420454822018,7.264420454821991,2.6645352591003757e-14,0.6,0.6,10.722953221644474,10.722953221644474,False,False
"[[1,0,0],[1,2,1],[0,1,0]]",6,4.383069842797968,4.383069842797907,6.128431095930864e-14,0.6,0.6,10.512232190328822,10.512232190328822,False,False
"[[0,0,0],[0,2,2],[1,1,0]]",6,6.158433987701531,6.158433987701469,6.217248937900877e-14,0.6,0.6,10.276666119016054,10.276666119016054,False,False
"[[0,0,0],[0,2,2],[0,2,0]]",6,11.05069506733944,11.050695067339307,1.3322676295501878e-13,0.6,0.6,10.276666119016054,10.276666119016054,True,True
"[[0,0,0],[0,2,2],[0,1,1]]",6,7.001374237466675,7.001374237466614,6.128431095930864e-14,0.6,0.6,10.276666119016054,10.276666119016054,False,False
"[[1,0,0],[0,2,1],[1,0,1]]",6,1.9749150492454195,1.9749150492453933,2.6201263381153694e-14,0.6,0.6,10.722953221644474,10.722953221644474,False,False
"[[0,0,0],[1,2,1],[0,1,1]]",6,4.196775481678077,4.196775481678015,6.128431095930864e-14,0.6,0.6,10.276666119016054,10.276666119016054,False,False
"[[0,0,0],[0,2,1],[1,0,2]]",6,2.6516669054808704,2.651666905480844,2.6201263381153694e-14,0.6,0.6,10.358310108056566,10.358310108056566,False,False
"[[0,0,0],[0,2,1],[0,1,2]]",6,6.157633623998891,6.157633623998792,9.947598300641403e-14,0.6,0.6,10.358310108056566,10.358310108056566,False,False
"[[0,0,0],[0,2,1],[0,0,3]]",6,5.4041496601304555,5.404149660130428,2.7533531010703882e-14,0.6,0.6,10.358310108056566,10.358310108056566,False,False
"[[3,0,0],[0,1,1],[1,0,0]]",6,2.084457554129858,2.0844575541298678,9.769962616701378e-15,0.6,0.6,10.722953221644474,10.722953221644474,False,False
"[[2,0,1],[0,1,1],[1,0,0]]",6,5.464420454822019,5.464420454822027,7.993605777301127e-15,0.6,0.6,10.722953221644474,10.722953221644474,False,False
"[[1,1,0],[0,1,2],[1,0,0]]",6,6.63978459972558,6.639784599725554,2.5757174171303632e-14,0.6,0.6,10.722953221644474,10.722953221644474,False,False
"[[1,0,1],[0,1,1],[2,0,0]]",6,6.34472834882142,6.344728348821429,9.769962616701378e-15,0.6,0.6,10.852030263919616,10.852030263919616,False,False
"[[1,0,1],[0,1,1],[1,0,1]]",6,5.801374237466676,5.801374237466684,7.993605777301127e-15,0.6,0.6,10.852030263919616,10.852030263919616,False,False
"[[0,1,0],[0,1,2],[2,0,0]]",6,8.383138711080326,8.3831387110803,2.6645352591003757e-14,0.6,0.6,10.722953221644474,10.722953221644474,False,False
"[[0,1,0],[0,1,2],[1,0,1]]",6,7.839784599725581,7.839784599725553,2.842170943040401e-14,0.6,0.6,10.722953221644474,10.722953221644474,False,False
"[[0,0,2],[0,1,1],[2,0,0]]",6,13.02052811551791,13.020528115517918,7.105427357601002e-15,0.6,0.6,10.852030263919616,10.852030263919616,True,True
"[[0,0,1],[0,1,2],[1,1,0]]",6,11.710985610633472,11.710985610633443,2.842170943040401e-14,0.6,0.6,10.722953221644474,10.722953221644474,True,True
"[[0,0,1],[0,1,1],[2,0,1]]",6,7.021480205056871,7.02148020505688,8.881784197001252e-15,0.6,0.6,10.722953221644474,10.722953221644474,False,False
"[[0,0,1],[0,1,1],[1,0,2]]",6,7.864420454822019,7.864420454822025,6.217248937900877e-15,0.6,0.6,10.722953221644474,10.722953221644474,False,False
"[[2,0,0],[1,1,1],[0,1,0]]",6,4.64611606015331,4.646116060153285,2.4868995751603507e-14,0.6,0.6,10.722953221644474,10.722953221644474,False,False
"[[1,0,0],[0,1,2],[1,1,0]]",6,6.421480205056874,6.421480205056846,2.7533531010703882e-14,0.6,0.6,10.722953221644474,10.722953221644474,False,False
"[[0,0,0],[1,1,2],[0,2,0]]",6,10.02963499860942,10.02963499860936,6.039613253960852e-14,0.6,0.6,10.276666119016054,10.276666119016054,False,False
"[[0,0,0],[0,1,3],[0,2,0]]",6,13.357481898162565,13.357481898162504,6.039613253960852e-14,0.6,0.6,10.276666119016054,10.276666119016054,True,True
"[[0,0,0],[0,1,2],[1,1,1]]",6,5.7119377001724345,5.711937700172407,2.7533531010703882e-14,0.6,0.6,10.358310108056566,10.358310108056566,False,False
"[[0,0,0],[0,1,2],[0,2,1]]",6,10.604198779810346,10.604198779810243,1.0302869668521453e-13,0.6,0.6,10.358310108056566,10.358310108056566,True,True
"[[0,0,0],[0,1,2],[0,1,2]]",6,7.94117231105747,7.941172311057442,2.842170943040401e-14,0.6,0.6,10.358310108056566,10.358310108056566,False,False
"[[2,0,0],[0,1,1],[1,0,1]]",6,1.8981631930099678,1.8981631930099763,8.43769498715119e-15,0.6,0.6,10.852030263919616,10.852030263919616,False,False
"[[1,0,0],[1,1,1],[0,1,1]]",6,4.459821699033419,4.459821699033394,2.5757174171303632e-14,0.6,0.6,10.722953221644474,10.722953221644474,False,False
"[[1,0,0],[0,1,1],[1,0,2]]",6,2.574915049245419,2.574915049245427,7.993605777301127e-15,0.6,0.6,10.722953221644474,10.722953221644474,False,False
"[[0,0,0],[1,1,1],[0,1,2]]",6,5.136573555268871,5.1365735552688445,2.6645352591003757e-14,0.6,0.6,10.358310108056566,10.358310108056566,False,False
"[[0,0,0],[0,1,1],[1,0,3]]",6,3.4351169756546236,3.435116975654632,8.43769498715119e-15,0.6,0.6,10.276666119016054,10.276666119016054,False,False
"[[0,0,0],[0,1,1],[0,1,3]]",6,6.941083694172645,6.941083694172579,6.572520305780927e-14,0.6,0.6,10.276666119016054,10.276666119016054,False,False
"[[0,0,0],[0,1,1],[0,0,4]]",6,6.527397803895003,6.52739780389501,7.105427357601002e-15,0.6,0.6,10.276666119016054,10.276666119016054,False,False
"[[4,0,0],[0,0,1],[1,0,0]]",6,2.8707519152497483,2.8707519152497936,4.529709940470639e-14,0.6,0.6,10.512232190328822,10.512232190328822,False,False
"[[3,0,1],[0,0,1],[1,0,0]]",6,5.910916742351115,5.910916742351158,4.263256414560601e-14,0.6,0.6,10.512232190328822,10.512232190328822,False,False
"[[2,1,0],[0,0,2],[1,0,0]]",6,7.426078960845471,7.42607896084548,8.881784197001252e-15,0.6,0.6,10.722953221644474,10.722953221644474,False,False
"[[2,0,1],[0,0,1],[2,0,0]]",6,6.607774566176763,6.607774566176807,4.3520742565306136e-14,0.6,0.6,10.722953221644474,10.722953221644474,False,False
"[[2,0,1],[0,0,1],[1,0,1]]",6,6.064420454822018,6.064420454822061,4.263256414560601e-14,0.6,0.6,10.722953221644474,10.722953221644474,False,False
"[[1,1,0],[0,0,2],[2,0,0]]",6,8.306386854844874,8.306386854844883,8.881784197001252e-15,0.6,0.6,10.852030263919616,10.852030263919616,False,False
"[[1,1,0],[0,0,2],[1,0,1]]",6,7.763032743490129,7.763032743490136,7.105427357601002e-15,0.6,0.6,10.852030263919616,10.852030263919616,False,False
"[[1,0,2],[0,0,1],[2,0,0]]",6,11.897279971753363,11.897279971753404,4.085620730620576e-14,0.6,0.6,10.722953221644474,10.722953221644474,True,True
"[[1,0,1],[0,0,2],[1,1,0]]",6,11.63423375439802,11.634233754398027,7.105427357601002e-15,0.6,0.6,10.852030263919616,10.852030263919616,True,True
"[[1,0,1],[0,0,1],[2,0,1]]",6,6.421480205056872,6.421480205056915,4.3520742565306136e-14,0.6,0.6,10.722953221644474,10.722953221644474,False,False
"[[1,0,1],[0,0,1],[1,0,2]]",6,7.2644204548220195,7.26442045482206,4.085620730620576e-14,0.6,0.6,10.722953221644474,10.722953221644474,False,False
"[[0,1,1],[0,0,2],[2,0,0]]",6,13.595892260421472,13.59589226042148,7.105427357601002e-15,0.6,0.6,10.852030263919616,10.852030263919616,True,True
"[[0,1,0],[0,0,3],[1,1,0]]",6,14.19589226042147,14.195892260421445,2.4868995751603507e-14,0.6,0.6,10.722953221644474,10.722953221644474,True,True
"[[0,1,0],[0,0,2],[2,0,1]]",6,8.983138711080326,8.983138711080333,7.105427357601002e-15,0.6,0.6,10.722953221644474,10.722953221644474,False,False
"[[0,1,0],[0,0,2],[1,0,2]]",6,9.826078960845471,9.826078960845477,5.329070518200751e-15,0.6,0.6,10.722953221644474,10.722953221644474,False,False
"[[0,0,2],[0,0,1],[3,0,0]]",6,14.163882226872655,14.163882226872698,4.263256414560601e-14,0.6,0.6,10.722953221644474,10.722953221644474,True,True
"[[0,0,2],[0,0,1],[2,0,1]]",6,13.097279971753363,13.097279971753403,4.085620730620576e-14,0.6,0.6,10.722953221644474,10.722953221644474,True,True
"[[0,0,1],[0,0,2],[2,1,0]]",6,12.854339721988216,12.854339721988225,8.881784197001252e-15,0.6,0.6,10.722953221644474,10.722953221644474,True,True
"[[0,0,1],[0,0,2],[1,1,1]]",6,12.310985610633473,12.310985610633479,5.329070518200751e-15,0.6,0.6,10.722953221644474,10.722953221644474,True,True
"[[0,0,1],[0,0,1],[2,0,2]]",6,8.14472834882142,8.144728348821463,4.263256414560601e-14,0.6,0.6,10.512232190328822,10.512232190328822,False,False
"[[0,0,1],[0,0,1],[1,0,3]]",6,9.510916742351114,9.510916742351156,4.263256414560601e-14,0.6,0.6,10.512232190328822,10.512232190328822,False,False
"[[3,0,0],[1,0,1],[0,1,0]]",6,5.955658565037749,5.9556585650377585,9.769962616701378e-15,0.6,0.6,10.722953221644474,10.722953221644474,False,False
"[[2,0,0],[0,0,2],[1,1,0]]",6,7.7310227099413105,7.73102270994132,9.769962616701378e-15,0.6,0.6,10.852030263919616,10.852030263919616,False,False
"[[1,0,0],[1,0,2],[0,2,0]]",6,11.678975577084653,11.678975577084628,2.4868995751603507e-14,0.6,0.6,10.722953221644474,10.722953221644474,True,True
"[[0,0,0],[0,0,3],[1,2,0]]",6,13.454339721988214,13.45433972198819,2.4868995751603507e-14,0.6,0.6,10.358310108056566,10.358310108056566,True,True
"[[0,0,0],[0,0,3],[0,3,0]]",6,18.869848945390675,18.869848945390576,9.947598300641403e-14,0.6,0.6,10.358310108056566,10.358310108056566,True,True
"[[0,0,0],[0,0,3],[0,2,1]]",6,14.297279971753362,14.297279971753333,2.842170943040401e-14,0.6,0.6,10.358310108056566,10.358310108056566,True,True
"[[1,0,0],[0,0,2],[1,1,1]]",6,7.021480205056873,7.02148020505688,7.105427357601002e-15,0.6,0.6,10.722953221644474,10.722953221644474,False,False
"[[0,0,0],[1,0,2],[0,2,1]]",6,10.969433072200214,10.969433072200188,2.6645352591003757e-14,0.6,0.6,10.358310108056566,10.358310108056566,True,True
"[[0,0,0],[0,0,2],[1,1,2]]",6,7.35843398770153,7.358433987701537,7.105427357601002e-15,0.6,0.6,10.276666119016054,10.276666119016054,False,False
"[[0,0,0],[0,0,2],[0,2,2]]",6,12.250695067339441,12.250695067339375,6.572520305780927e-14,0.6,0.6,10.276666119016054,10.276666119016054,True,True
"[[0,0,0],[0,0,2],[0,1,3]]",6,10.110916742351115,10.110916742351119,3.552713678800501e-15,0.6,0.6,10.276666119016054,10.276666119016054,False,False
"[[3,0,0],[0,0,1],[1,0,1]]",6,2.6844575541298576,2.684457554129902,4.440892098500626e-14,0.6,0.6,10.722953221644474,10.722953221644474,False,False
"[[2,0,0],[1,0,1],[0,1,1]]",6,5.769364203917858,5.769364203917867,8.881784197001252e-15,0.6,0.6,10.852030263919616,10.852030263919616,False,False
"[[2,0,0],[0,0,1],[1,0,2]]",6,3.36120941036531,3.361209410365353,4.3076653355456074e-14,0.6,0.6,10.722953221644474,10.722953221644474,False,False
"[[1,0,0],[1,0,1],[0,1,2]]",6,6.44611606015331,6.446116060153318,7.993605777301127e-15,0.6,0.6,10.722953221644474,10.722953221644474,False,False
"[[1,0,0],[0,0,1],[1,0,3]]",6,4.221411336774515,4.221411336774557,4.263256414560601e-14,0.6,0.6,10.512232190328822,10.512232190328822,False,False
"[[0,0,0],[1,0,1],[0,1,3]]",6,7.306317986562516,7.306317986562522,6.217248937900877e-15,0.6,0.6,10.276666119016054,10.276666119016054,False,False
"[[0,0,0],[0,0,1],[1,0,4]]",6,5.16873979755881,5.168739797558851,4.1744385725905886e-14,0.6,0.6,10.00960333376701,10.00960333376701,False,False
"[[0,0,0],[0,0,1],[0,1,4]]",6,8.674706516076832,8.6747065160768,3.197442310920451e-14,0.6,0.6,10.00960333376701,10.00960333376701,False,False
"[[0,0,0],[0,0,1],[0,0,5]]",6,8.513692165014895,8.513692165014934,3.907985046680551e-14,0.6,0.6,10.00960333376701,10.00960333376701,False,False
"[[6,0,0],[1,0,0],[0,0,0]]",7,0.5926596776630695,0.592659677663088,1.8540724511240114e-14,1.0,1.0,10.276666119016054,10.276666119016054,False,False
"[[5,0,1],[1,0,0],[0,0,0]]",7,3.70321816905101,3.7032181690510564,4.618527782440651e-14,0.6,0.6,10.276666119016054,10.276666119016054,False,False
"[[4,1,0],[2,0,0],[0,0,0]]",7,3.5306919978744427,3.530691997874438,4.440892098500626e-15,0.9147279702734677,0.9147279745223833,10.584967478670572,10.584967478670572,False,False
"[[4,1,0],[1,0,1],[0,0,0]]",7,3.6936430883415694,3.693643088341581,1.1546319456101628e-14,0.6,0.6,10.584967478670572,10.584967478670572,False,False
"[[4,0,1],[1,0,0],[1,0,0]]",7,4.261633054792753,4.261633054792799,4.618527782440651e-14,0.6,0.6,10.82053354998334,10.82053354998334,False,False
"[[4,0,1],[1,0,0],[0,0,1]]",7,5.104573304557899,5.1045733045579444,4.529709940470639e-14,0.6,0.6,10.82053354998334,10.82053354998334,False,False
"[[3,1,1],[2,0,0],[0,0,0]]",7,6.7017978818941195,6.70179788189413,1.0658141036401503e-14,0.6,0.6,10.584967478670572,10.584967478670572,False,False
"[[3,1,0],[2,1,0],[0,0,0]]",7,2.6047620891240193,2.6047620891239966,2.2648549702353193e-14,0.6,0.6,10.722953221644474,10.722953221644474,False,False
"[[3,1,0],[1,1,1],[0,0,0]]",7,2.636772122672837,2.636772122672813,2.398081733190338e-14,0.6,0.6,10.722953221644474,10.722953221644474,False,False
"[[3,1,0],[1,0,1],[1,0,0]]",7,4.30337437779213,4.303374377792141,1.1546319456101628e-14,0.6,0.6,11.087596335232384,11.087596335232384,False,False
"[[3,1,0],[1,0,1],[0,0,1]]",7,5.146314627557275,5.1463146275572855,1.0658141036401503e-14,0.6,0.6,11.087596335232384,11.087596335232384,False,False
"[[3,0,2],[1,0,0],[1,0,0]]",7,8.688092243014008,8.688092243014054,4.618527782440651e-14,0.6,0.6,10.82053354998334,10.82053354998334,False,False
"[[3,0,1],[2,0,0],[0,1,0]]",7,8.985505604916348,8.98550560491636,1.2434497875801753e-14,0.6,0.6,11.087596335232384,11.087596335232384,False,False
"[[3,0,1],[1,0,1],[0,1,0]]",7,9.017515638465166,9.017515638465177,1.0658141036401503e-14,0.6,0.6,11.087596335232384,11.087596335232384,False,False
"[[3,0,1],[1,0,0],[1,0,1]]",7,4.328010232888569,4.328010232888613,4.440892098500626e-14,0.6,0.6,11.087596335232384,11.087596335232384,False,False
"[[3,0,1],[1,0,0],[0,0,2]]",7,6.557244843773604,6.557244843773649,4.529709940470639e-14,0.6,0.6,11.087596335232384,11.087596335232384,False,False
"[[2,2,0],[3,0,0],[0,0,0]]",7,8.437621606055362,8.437621606055341,2.1316282072803006e-14,0.6,0.6,10.722953221644474,10.722953221644474,False,False
"[[2,2,0],[2,0,1],[0,0,0]]",7,7.946383495839633,7.9463834958396085,2.4868995751603507e-14,0.6,0.6,10.722953221644474,10.722953221644474,False,False
"[[2,1,1],[2,0,0],[1,0,0]]",7,7.651327244935474,7.6513272449354846,1.0658141036401503e-14,0.6,0.6,11.087596335232384,11.087596335232384,False,False
"[[2,1,1],[2,0,0],[0,0,1]]",7,8.494267494700619,8.49426749470063,1.0658141036401503e-14,0.6,0.6,11.087596335232384,11.087596335232384,False,False
"[[2,1,1],[2,1,0],[0,0,0]]",7,5.984724989816179,5.984724989816156,2.3092638912203256e-14,0.6,0.6,10.722953221644474,10.722953221644474,False,False
"[[2,1,0],[2,2,0],[0,0,0]]",7,2.6815139453594714,2.681513945359414,5.728750807065808e-14,0.6,0.6,10.722953221644474,10.722953221644474,False,False
"[[2,1,0],[1,2,1],[0,0,0]]",7,2.713523978908288,2.7135239789082304,5.773159728050814e-14,0.6,0.6,10.722953221644474,10.722953221644474,False,False
"[[2,1,0],[1,1,1],[1,0,0]]",7,3.333629946498487,3.333629946498463,2.398081733190338e-14,0.6,0.6,11.169240324272893,11.169240324272893,False,False
"[[2,1,0],[1,1,1],[0,0,1]]",7,4.176570196263633,4.176570196263608,2.4868995751603507e-14,0.6,0.6,11.169240324272893,11.169240324272893,False,False
"[[2,1,1],[1,0,1],[1,0,0]]",7,7.683337278484291,7.6833372784843,9.769962616701378e-15,0.6,0.6,11.087596335232384,11.087596335232384,False,False
"[[2,1,0],[2,0,1],[0,1,0]]",7,8.591125318526267,8.591125318526244,2.3092638912203256e-14,0.6,0.6,11.169240324272893,11.169240324272893,False,False
"[[2,1,0],[1,0,2],[0,1,0]]",7,10.009429713194976,10.009429713194951,2.4868995751603507e-14,0.6,0.6,11.169240324272893,11.169240324272893,False,False
"[[2,1,0],[1,0,1],[1,0,1]]",7,4.456878090263034,4.456878090263045,1.0658141036401503e-14,0.6,0.6,11.298317366548035,11.298317366548035,False,False
"[[2,1,0],[1,0,1],[0,0,2]]",7,6.686112701148071,6.68611270114808,8.881784197001252e-15,0.6,0.6,11.298317366548035,11.298317366548035,False,False
"[[2,0,2],[1,0,0],[2,0,0]]",7,9.637621606055363,9.63762160605541,4.618527782440651e-14,0.6,0.6,11.087596335232384,11.087596335232384,False,False
"[[2,0,2],[1,0,0],[1,0,1]]",7,9.094267494700617,9.094267494700663,4.618527782440651e-14,0.6,0.6,11.087596335232384,11.087596335232384,False,False
"[[2,0,2],[2,0,0],[0,1,0]]",7,13.751762866728399,13.751762866728411,1.2434497875801753e-14,0.6,0.6,11.087596335232384,11.087596335232384,True,True
"[[2,0,1],[2,1,0],[0,1,0]]",7,8.015761173622707,8.015761173622682,2.4868995751603507e-14,0.6,0.6,11.169240324272893,11.169240324272893,False,False
"[[2,0,1],[1,1,1],[0,1,0]]",7,8.047771207171523,8.047771207171499,2.4868995751603507e-14,0.6,0.6,11.169240324272893,11.169240324272893,False,False
"[[2,0,1],[1,0,1],[1,1,0]]",7,8.328079101170925,8.328079101170935,1.0658141036401503e-14,0.6,0.6,11.298317366548035,11.298317366548035,False,False
"[[2,0,1],[1,0,1],[0,1,1]]",7,9.17101935093607,9.17101935093608,8.881784197001252e-15,0.6,0.6,11.298317366548035,11.298317366548035,False,False
"[[2,0,1],[2,0,0],[0,1,1]]",7,9.139009317387254,9.139009317387265,1.0658141036401503e-14,0.6,0.6,11.298317366548035,11.298317366548035,False,False
"[[2,0,1],[1,0,0],[1,0,2]]",7,5.3445601627148145,5.344560162714859,4.440892098500626e-14,0.6,0.6,11.169240324272893,11.169240324272893,False,False
"[[2,0,1],[1,0,0],[0,0,3]]",7,8.0970429173644,8.097042917364442,4.263256414560601e-14,0.6,0.6,11.169240324272893,11.169240324272893,False,False
"[[1,2,1],[3,0,0],[0,0,0]]",7,12.34083265051207,12.340832650512048,2.1316282072803006e-14,0.6,0.6,10.722953221644474,10.722953221644474,True,True
"[[1,2,0],[3,1,0],[0,0,0]]",7,7.651327244935471,7.651327244935414,5.684341886080802e-14,0.6,0.6,10.722953221644474,10.722953221644474,False,False
"[[1,2,0],[2,1,1],[0,0,0]]",7,7.160089134719742,7.160089134719683,5.950795411990839e-14,0.6,0.6,10.722953221644474,10.722953221644474,False,False
"[[1,2,0],[2,0,1],[1,0,0]]",7,9.16648946342983,9.166489463429805,2.4868995751603507e-14,0.6,0.6,11.169240324272893,11.169240324272893,False,False
"[[1,2,0],[2,0,1],[0,0,1]]",7,10.009429713194976,10.009429713194951,2.4868995751603507e-14,0.6,0.6,11.169240324272893,11.169240324272893,False,False
"[[1,1,2],[2,0,0],[1,0,0]]",7,12.940832650512071,12.940832650512082,1.0658141036401503e-14,0.6,0.6,11.087596335232384,11.087596335232384,True,True
"[[1,1,1],[3,0,0],[0,1,0]]",7,12.985574473198707,12.985574473198684,2.3092638912203256e-14,0.6,0.6,11.169240324272893,11.169240324272893,True,True
"[[1,1,1],[2,0,1],[0,1,0]]",7,12.494336362982978,12.494336362982951,2.6645352591003757e-14,0.6,0.6,11.169240324272893,11.169240324272893,True,True
"[[1,1,1],[2,0,0],[1,0,1]]",7,8.328079101170925,8.328079101170935,1.0658141036401503e-14,0.6,0.6,11.298317366548035,11.298317366548035,False,False
"[[1,1,1],[2,0,0],[0,0,2]]",7,10.557313712055961,10.55731371205597,8.881784197001252e-15,0.6,0.6,11.298317366548035,11.298317366548035,False,False
"[[1,1,1],[2,1,0],[1,0,0]]",7,7.204830957406378,7.204830957406354,2.398081733190338e-14,0.6,0.6,11.169240324272893,11.169240324272893,False,False
"[[1,1,1],[2,1,0],[0,0,1]]",7,8.047771207171523,8.047771207171499,2.4868995751603507e-14,0.6,0.6,11.169240324272893,11.169240324272893,False,False
"[[1,1,1],[2,2,0],[0,0,0]]",7,6.584724989816181,6.584724989816121,5.950795411990839e-14,0.6,0.6,10.722953221644474,10.722953221644474,False,False
"[[1,1,0],[2,3,0],[0,0,0]]",7,3.2122924763175194,3.2122924763174256,9.370282327836321e-14,0.6,0.6,10.584967478670572,10.584967478670572,False,False
"[[1,1,0],[1,3,1],[0,0,0]]",7,3.244302509866335,3.244302509866242,9.325873406851315e-14,0.6,0.6,10.584967478670572,10.584967478670572,False,False
"[[1,1,0],[1,2,1],[1,0,0]]",7,3.5938318729076917,3.593831872907632,5.950795411990839e-14,0.6,0.6,11.087596335232384,11.087596335232384,False,False
"[[1,1,0],[1,2,1],[0,0,1]]",7,4.436772122672836,4.436772122672777,5.861977570020827e-14,0.6,0.6,11.087596335232384,11.087596335232384,False,False
"[[1,1,1],[1,1,1],[1,0,0]]",7,7.236840990955194,7.236840990955169,2.4868995751603507e-14,0.6,0.6,11.169240324272893,11.169240324272893,False,False
"[[1,1,0],[2,1,1],[0,1,0]]",7,7.465032883815582,7.465032883815523,5.950795411990839e-14,0.6,0.6,11.087596335232384,11.087596335232384,False,False
"[[1,1,0],[1,1,2],[0,1,0]]",7,8.88333727848429,8.88333727848423,6.039613253960852e-14,0.6,0.6,11.087596335232384,11.087596335232384,False,False
"[[1,1,0],[1,1,1],[1,0,1]]",7,3.670583729143143,3.670583729143119,2.398081733190338e-14,0.6,0.6,11.298317366548035,11.298317366548035,False,False
"[[1,1,0],[1,1,1],[0,0,2]]",7,5.89981834002818,5.899818340028154,2.5757174171303632e-14,0.6,0.6,11.298317366548035,11.298317366548035,False,False
"[[1,2,0],[1,0,2],[1,0,0]]",7,10.584793858098536,10.584793858098513,2.3092638912203256e-14,0.6,0.6,11.169240324272893,11.169240324272893,False,False
"[[1,1,1],[1,0,1],[2,0,0]]",7,8.903443246074486,8.903443246074497,1.0658141036401503e-14,0.6,0.6,11.298317366548035,11.298317366548035,False,False
"[[1,1,1],[1,0,1],[1,0,1]]",7,8.360089134719743,8.360089134719752,8.881784197001252e-15,0.6,0.6,11.298317366548035,11.298317366548035,False,False
"[[1,1,0],[1,0,2],[1,1,0]]",7,9.503443246074486,9.503443246074463,2.3092638912203256e-14,0.6,0.6,11.298317366548035,11.298317366548035,False,False
"[[1,1,0],[1,0,2],[0,1,1]]",7,10.346383495839632,10.346383495839607,2.4868995751603507e-14,0.6,0.6,11.298317366548035,11.298317366548035,False,False
"[[1,1,0],[2,0,1],[0,1,1]]",7,8.928079101170924,8.9280791011709,2.4868995751603507e-14,0.6,0.6,11.298317366548035,11.298317366548035,False,False
"[[1,1,0],[1,0,1],[1,0,2]]",7,5.656878090263033,5.656878090263043,9.769962616701378e-15,0.6,0.6,11.298317366548035,11.298317366548035,False,False
"[[1,1,0],[1,0,1],[0,0,3]]",7,8.409360844912618,8.409360844912626,8.881784197001252e-15,0.6,0.6,11.298317366548035,11.298317366548035,False,False
"[[1,0,3],[1,0,0],[2,0,0]]",7,15.450375155396511,15.450375155396555,4.440892098500626e-14,0.6,0.6,11.087596335232384,11.087596335232384,True,True
"[[1,0,2],[2,0,0],[1,1,0]]",7,13.585574473198704,13.585574473198717,1.2434497875801753e-14,0.6,0.6,11.298317366548035,11.298317366548035,True,True
"[[1,0,2],[1,0,1],[1,1,0]]",7,13.617584506747523,13.617584506747532,8.881784197001252e-15,0.6,0.6,11.298317366548035,11.298317366548035,True,True
"[[1,0,2],[1,0,0],[2,0,1]]",7,9.791125318526266,9.791125318526312,4.618527782440651e-14,0.6,0.6,11.169240324272893,11.169240324272893,False,False
"[[1,0,2],[1,0,0],[1,0,2]]",7,10.634065568291412,10.634065568291456,4.440892098500626e-14,0.6,0.6,11.169240324272893,11.169240324272893,False,False
"[[1,0,2],[2,0,0],[0,1,1]]",7,14.428514722963854,14.428514722963861,7.105427357601002e-15,0.6,0.6,11.298317366548035,11.298317366548035,True,True
"[[1,0,2],[2,1,0],[0,1,0]]",7,13.305266579199305,13.305266579199278,2.6645352591003757e-14,0.6,0.6,11.169240324272893,11.169240324272893,True,True
"[[1,0,1],[2,2,0],[0,1,0]]",7,8.275963100031912,8.275963100031852,6.039613253960852e-14,0.6,0.6,11.087596335232384,11.087596335232384,False,False
"[[1,0,1],[1,2,1],[0,1,0]]",7,8.307973133580727,8.307973133580667,6.039613253960852e-14,0.6,0.6,11.087596335232384,11.087596335232384,False,False
"[[1,0,1],[1,1,1],[1,1,0]]",7,7.541784740051035,7.54178474005101,2.5757174171303632e-14,0.6,0.6,11.298317366548035,11.298317366548035,False,False
"[[1,0,1],[1,1,1],[0,1,1]]",7,8.384724989816181,8.384724989816155,2.6645352591003757e-14,0.6,0.6,11.298317366548035,11.298317366548035,False,False
"[[1,0,1],[2,0,1],[0,2,0]]",7,14.185574473198706,14.185574473198681,2.4868995751603507e-14,0.6,0.6,11.298317366548035,11.298317366548035,True,True
"[[1,0,1],[1,0,2],[0,2,0]]",7,15.603878867867415,15.603878867867389,2.6645352591003757e-14,0.6,0.6,11.298317366548035,11.298317366548035,True,True
"[[1,0,1],[1,0,1],[1,1,1]]",7,8.141784740051035,8.141784740051044,8.881784197001252e-15,0.6,0.6,11.298317366548035,11.298317366548035,False,False
"[[1,0,1],[1,0,1],[0,1,2]]",7,10.37101935093607,10.371019350936079,8.881784197001252e-15,0.6,0.6,11.298317366548035,11.298317366548035,False,False
"[[1,0,1],[2,1,0],[0,1,1]]",7,8.352714956267363,8.352714956267338,2.4868995751603507e-14,0.6,0.6,11.298317366548035,11.298317366548035,False,False
"[[1,0,1],[2,0,0],[0,1,2]]",7,10.339009317387253,10.339009317387262,8.881784197001252e-15,0.6,0.6,11.298317366548035,11.298317366548035,False,False
"[[1,0,1],[1,0,0],[1,0,3]]",7,6.728010232888567,6.728010232888612,4.440892098500626e-14,0.6,0.6,11.087596335232384,11.087596335232384,False,False
"[[1,0,1],[1,0,0],[0,0,4]]",7,9.820291061128946,9.820291061128989,4.263256414560601e-14,0.6,0.6,11.087596335232384,11.087596335232384,False,False
"[[0,3,0],[4,0,0],[0,0,0]]",7,16.256775484106598,16.256775484106537,6.039613253960852e-14,0.6,0.6,10.722953221644474,10.722953221644474,True,True
"[[0,3,0],[3,0,1],[0,0,0]]",7,15.425739300300073,15.42573930030001,6.217248937900877e-14,0.6,0.6,10.722953221644474,10.722953221644474,True,True
"[[0,2,1],[3,0,0],[1,0,0]]",7,14.94723297922216,14.947232979222134,2.6645352591003757e-14,0.6,0.6,11.169240324272893,11.169240324272893,True,True
"[[0,2,1],[3,0,0],[0,0,1]]",7,15.790173228987303,15.790173228987278,2.4868995751603507e-14,0.6,0.6,11.169240324272893,11.169240324272893,True,True
"[[0,2,1],[3,1,0],[0,0,0]]",7,12.940832650512071,12.94083265051201,6.039613253960852e-14,0.6,0.6,10.722953221644474,10.722953221644474,True,True
"[[0,2,0],[3,2,0],[0,0,0]]",7,9.045151993248862,9.04515199324877,9.237055564881302e-14,0.6,0.6,10.584967478670572,10.584967478670572,False,False
"[[0,2,0],[2,2,1],[0,0,0]]",7,8.553913883033132,8.553913883033037,9.592326932761353e-14,0.6,0.6,10.584967478670572,10.584967478670572,False,False
"[[0,2,0],[2,1,1],[1,0,0]]",7,9.426691389839036,9.426691389838975,6.039613253960852e-14,0.6,0.6,11.087596335232384,11.087596335232384,False,False
"[[0,2,0],[2,1,1],[0,0,1]]",7,10.269631639604182,10.26963163960412,6.217248937900877e-14,0.6,0.6,11.087596335232384,11.087596335232384,False,False
"[[0,2,1],[2,0,1],[1,0,0]]",7,14.455994869006432,14.455994869006402,3.019806626980426e-14,0.6,0.6,11.169240324272893,11.169240324272893,True,True
"[[0,2,0],[3,0,1],[0,1,0]]",7,15.207434905631363,15.207434905631304,5.861977570020827e-14,0.6,0.6,11.087596335232384,11.087596335232384,True,True
"[[0,2,0],[2,0,2],[0,1,0]]",7,16.102491156535525,16.102491156535464,6.039613253960852e-14,0.6,0.6,11.087596335232384,11.087596335232384,True,True
"[[0,2,0],[2,0,1],[1,0,1]]",7,10.889737607194379,10.889737607194352,2.6645352591003757e-14,0.6,0.6,11.298317366548035,11.298317366548035,False,False
"[[0,2,0],[2,0,1],[0,0,2]]",7,13.118972218079415,13.118972218079387,2.842170943040401e-14,0.6,0.6,11.298317366548035,11.298317366548035,True,True
"[[0,1,2],[2,0,0],[2,0,0]]",7,15.547232979222162,15.54723297922217,7.105427357601002e-15,0.6,0.6,11.298317366548035,11.298317366548035,True,True
"[[0,1,2],[2,0,0],[1,0,1]]",7,15.003878867867414,15.003878867867423,8.881784197001252e-15,0.6,0.6,11.298317366548035,11.298317366548035,True,True
"[[0,1,2],[3,0,0],[0,1,0]]",7,19.6613742398952,19.66137423989517,2.842170943040401e-14,0.6,0.6,11.169240324272893,11.169240324272893,True,True
"[[0,1,1],[3,1,0],[0,1,0]]",7,13.245776399607912,13.245776399607852,6.039613253960852e-14,0.6,0.6,11.087596335232384,11.087596335232384,True,True
"[[0,1,1],[2,1,1],[0,1,0]]",7,12.75453828939218,12.754538289392121,5.861977570020827e-14,0.6,0.6,11.087596335232384,11.087596335232384,True,True
"[[0,1,1],[2,0,1],[1,1,0]]",7,13.374644256982378,13.374644256982354,2.4868995751603507e-14,0.6,0.6,11.298317366548035,11.298317366548035,True,True
"[[0,1,1],[2,0,1],[0,1,1]]",7,14.217584506747524,14.217584506747498,2.6645352591003757e-14,0.6,0.6,11.298317366548035,11.298317366548035,True,True
"[[0,1,1],[3,0,0],[0,1,1]]",7,14.708822616963253,14.708822616963229,2.4868995751603507e-14,0.6,0.6,11.298317366548035,11.298317366548035,True,True
"[[0,1,1],[2,0,0],[1,0,2]]",7,10.914373462290817,10.914373462290826,8.881784197001252e-15,0.6,0.6,11.298317366548035,11.298317366548035,False,False
"[[0,1,1],[2,0,0],[0,0,3]]",7,13.6668562169404,13.666856216940408,7.105427357601002e-15,0.6,0.6,11.298317366548035,11.298317366548035,True,True
"[[0,1,2],[2,1,0],[1,0,0]]",7,13.880630724102865,13.88063072410284,2.4868995751603507e-14,0.6,0.6,11.169240324272893,11.169240324272893,True,True
"[[0,1,1],[2,1,0],[1,0,1]]",7,8.928079101170926,8.9280791011709,2.6645352591003757e-14,0.6,0.6,11.298317366548035,11.298317366548035,False,False
"[[0,1,1],[2,1,0],[0,0,2]]",7,11.157313712055961,11.157313712055934,2.6645352591003757e-14,0.6,0.6,11.298317366548035,11.298317366548035,False,False
"[[0,1,1],[2,2,0],[1,0,0]]",7,8.851327244935472,8.851327244935414,5.861977570020827e-14,0.6,0.6,11.087596335232384,11.087596335232384,False,False
"[[0,1,1],[2,2,0],[0,0,1]]",7,9.694267494700618,9.694267494700558,6.039613253960852e-14,0.6,0.6,11.087596335232384,11.087596335232384,False,False
"[[0,1,1],[2,3,0],[0,0,0]]",7,8.501797881894118,8.501797881894023,9.592326932761353e-14,0.6,0.6,10.584967478670572,10.584967478670572,False,False
"[[0,1,0],[2,4,0],[0,0,0]]",7,4.744560162714815,4.744560162714686,1.2878587085651816e-13,0.6,0.6,10.276666119016054,10.276666119016054,False,False
"[[0,1,0],[1,4,1],[0,0,0]]",7,4.776570196263631,4.776570196263502,1.2878587085651816e-13,0.6,0.6,10.276666119016054,10.276666119016054,False,False
"[[0,1,0],[1,3,1],[1,0,0]]",7,4.987656621221081,4.987656621220987,9.414691248821327e-14,0.6,0.6,10.82053354998334,10.82053354998334,False,False
"[[0,1,0],[1,3,1],[0,0,1]]",7,5.830596870986227,5.830596870986131,9.592326932761353e-14,0.6,0.6,10.82053354998334,10.82053354998334,False,False
"[[0,1,1],[1,2,1],[1,0,0]]",7,8.88333727848429,8.88333727848423,6.039613253960852e-14,0.6,0.6,11.087596335232384,11.087596335232384,False,False
"[[0,1,0],[2,2,1],[0,1,0]]",7,8.335609488364424,8.33560948836433,9.414691248821327e-14,0.6,0.6,10.82053354998334,10.82053354998334,False,False
"[[0,1,0],[1,2,2],[0,1,0]]",7,9.753913883033132,9.753913883033038,9.414691248821327e-14,0.6,0.6,10.82053354998334,10.82053354998334,False,False
"[[0,1,0],[1,2,1],[1,0,1]]",7,4.793831872907691,4.7938318729076315,5.950795411990839e-14,0.6,0.6,11.087596335232384,11.087596335232384,False,False
"[[0,1,0],[1,2,1],[0,0,2]]",7,7.023066483792728,7.023066483792666,6.128431095930864e-14,0.6,0.6,11.087596335232384,11.087596335232384,False,False
"[[0,2,0],[1,1,2],[1,0,0]]",7,10.844995784507741,10.844995784507683,5.861977570020827e-14,0.6,0.6,11.087596335232384,11.087596335232384,False,False
"[[0,1,1],[1,1,1],[2,0,0]]",7,9.503443246074486,9.503443246074463,2.3092638912203256e-14,0.6,0.6,11.298317366548035,11.298317366548035,False,False
"[[0,1,1],[1,1,1],[1,0,1]]",7,8.960089134719741,8.960089134719716,2.4868995751603507e-14,0.6,0.6,11.298317366548035,11.298317366548035,False,False
"[[0,1,0],[1,1,2],[1,1,0]]",7,9.240397028719144,9.240397028719084,6.039613253960852e-14,0.6,0.6,11.087596335232384,11.087596335232384,False,False
"[[0,1,0],[1,1,2],[0,1,1]]",7,10.08333727848429,10.08333727848423,6.039613253960852e-14,0.6,0.6,11.087596335232384,11.087596335232384,False,False
"[[0,1,0],[2,1,1],[0,1,1]]",7,8.66503288381558,8.665032883815522,5.861977570020827e-14,0.6,0.6,11.087596335232384,11.087596335232384,False,False
"[[0,1,0],[1,1,1],[1,0,2]]",7,5.7336299464984855,5.733629946498461,2.4868995751603507e-14,0.6,0.6,11.169240324272893,11.169240324272893,False,False
"[[0,1,0],[1,1,1],[0,0,3]]",7,8.48611270114807,8.486112701148043,2.6645352591003757e-14,0.6,0.6,11.169240324272893,11.169240324272893,False,False
"[[0,2,0],[1,0,2],[2,0,0]]",7,12.851396113217831,12.851396113217806,2.4868995751603507e-14,0.6,0.6,11.298317366548035,11.298317366548035,True,True
"[[0,2,0],[1,0,2],[1,0,1]]",7,12.308042001863086,12.30804200186306,2.6645352591003757e-14,0.6,0.6,11.298317366548035,11.298317366548035,True,True
"[[0,1,2],[1,0,1],[2,0,0]]",7,15.579243012770977,15.579243012770984,7.105427357601002e-15,0.6,0.6,11.298317366548035,11.298317366548035,True,True
"[[0,1,1],[1,0,2],[1,1,0]]",7,14.792948651651084,14.79294865165106,2.4868995751603507e-14,0.6,0.6,11.298317366548035,11.298317366548035,True,True
"[[0,1,1],[1,0,1],[2,0,1]]",7,10.103443246074487,10.103443246074496,8.881784197001252e-15,0.6,0.6,11.298317366548035,11.298317366548035,False,False
"[[0,1,1],[1,0,1],[1,0,2]]",7,10.946383495839633,10.94638349583964,7.105427357601002e-15,0.6,0.6,11.298317366548035,11.298317366548035,False,False
"[[0,1,0],[2,0,2],[0,2,0]]",7,15.884186761866815,15.884186761866756,5.861977570020827e-14,0.6,0.6,11.087596335232384,11.087596335232384,True,True
"[[0,1,0],[1,0,3],[0,2,0]]",7,17.82573930030007,17.82573930030001,6.039613253960852e-14,0.6,0.6,11.087596335232384,11.087596335232384,True,True
"[[0,1,0],[1,0,2],[1,1,1]]",7,10.18019510230994,10.180195102309913,2.6645352591003757e-14,0.6,0.6,11.169240324272893,11.169240324272893,False,False
"[[0,1,0],[1,0,2],[0,1,2]]",7,12.409429713194974,12.40942971319495,2.4868995751603507e-14,0.6,0.6,11.169240324272893,11.169240324272893,True,True
"[[0,1,0],[2,0,1],[0,1,2]]",7,10.991125318526269,10.99112531852624,2.842170943040401e-14,0.6,0.6,11.169240324272893,11.169240324272893,False,False
"[[0,1,0],[1,0,1],[1,0,3]]",7,7.90337437779213,7.903374377792138,7.993605777301127e-15,0.6,0.6,11.087596335232384,11.087596335232384,False,False
"[[0,1,0],[1,0,1],[0,0,4]]",7,10.99565520603251,10.995655206032517,7.105427357601002e-15,0.6,0.6,11.087596335232384,11.087596335232384,False,False
"[[0,0,3],[1,0,0],[3,0,0]]",7,18.0567754841066,18.05677548410664,4.263256414560601e-14,0.6,0.6,11.169240324272893,11.169240324272893,True,True
"[[0,0,3],[1,0,0],[2,0,1]]",7,16.990173228987306,16.99017322898735,4.263256414560601e-14,0.6,0.6,11.169240324272893,11.169240324272893,True,True
"[[0,0,3],[2,0,0],[1,1,0]]",7,20.784622383659745,20.78462238365975,7.105427357601002e-15,0.6,0.6,11.298317366548035,11.298317366548035,True,True
"[[0,0,2],[2,1,0],[1,1,0]]",7,14.185574473198706,14.185574473198681,2.4868995751603507e-14,0.6,0.6,11.298317366548035,11.298317366548035,True,True
"[[0,0,2],[1,1,1],[1,1,0]]",7,14.217584506747524,14.217584506747498,2.6645352591003757e-14,0.6,0.6,11.298317366548035,11.298317366548035,True,True
"[[0,0,2],[1,0,1],[2,1,0]]",7,15.36093861810227,15.360938618102278,7.105427357601002e-15,0.6,0.6,11.298317366548035,11.298317366548035,True,True
"[[0,0,2],[1,0,1],[1,1,1]]",7,14.817584506747522,14.817584506747533,1.0658141036401503e-14,0.6,0.6,11.298317366548035,11.298317366548035,True,True
"[[0,0,2],[2,0,0],[1,1,1]]",7,14.785574473198707,14.785574473198716,8.881784197001252e-15,0.6,0.6,11.298317366548035,11.298317366548035,True,True
"[[0,0,2],[1,0,0],[2,0,2]]",7,12.037621606055364,12.037621606055408,4.440892098500626e-14,0.6,0.6,11.087596335232384,11.087596335232384,True,True
"[[0,0,2],[1,0,0],[1,0,3]]",7,13.403809999585057,13.4038099995851,4.263256414560601e-14,0.6,0.6,11.087596335232384,11.087596335232384,True,True
"[[0,0,2],[3,0,0],[0,2,0]]",7,21.352612350110928,21.352612350110903,2.4868995751603507e-14,0.6,0.6,11.298317366548035,11.298317366548035,True,True
"[[0,0,2],[2,0,1],[0,2,0]]",7,20.861374239895195,20.86137423989517,2.4868995751603507e-14,0.6,0.6,11.298317366548035,11.298317366548035,True,True
"[[0,0,2],[2,0,0],[0,1,2]]",7,17.014809084083744,17.01480908408375,7.105427357601002e-15,0.6,0.6,11.298317366548035,11.298317366548035,True,True
"[[0,0,2],[2,1,0],[0,1,1]]",7,15.028514722963852,15.028514722963827,2.4868995751603507e-14,0.6,0.6,11.298317366548035,11.298317366548035,True,True
"[[0,0,2],[2,2,0],[0,1,0]]",7,14.951762866728401,14.951762866728341,6.039613253960852e-14,0.6,0.6,11.087596335232384,11.087596335232384,True,True
"[[0,0,1],[2,3,0],[0,1,0]]",7,9.669787848345301,9.669787848345207,9.414691248821327e-14,0.6,0.6,10.82053354998334,10.82053354998334,False,False
"[[0,0,1],[1,3,1],[0,1,0]]",7,9.70179788189412,9.701797881894024,9.592326932761353e-14,0.6,0.6,10.82053354998334,10.82053354998334,False,False
"[[0,0,1],[1,2,1],[1,1,0]]",7,8.66503288381558,8.665032883815522,5.861977570020827e-14,0.6,0.6,11.087596335232384,11.087596335232384,False,False
"[[0,0,1],[1,2,1],[0,1,1]]",7,9.50797313358073,9.507973133580666,6.394884621840902e-14,0.6,0.6,11.087596335232384,11.087596335232384,False,False
"[[0,0,1],[2,1,1],[0,2,0]]",7,13.922528255843364,13.922528255843304,6.039613253960852e-14,0.6,0.6,11.087596335232384,11.087596335232384,True,True
"[[0,0,1],[1,1,2],[0,2,0]]",7,15.34083265051207,15.340832650512011,5.861977570020827e-14,0.6,0.6,11.087596335232384,11.087596335232384,True,True
"[[0,0,1],[1,1,1],[1,1,1]]",7,8.218536596286487,8.21853659628646,2.6645352591003757e-14,0.6,0.6,11.169240324272893,11.169240324272893,False,False
"[[0,0,1],[1,1,1],[0,1,2]]",7,10.447771207171524,10.447771207171495,2.842170943040401e-14,0.6,0.6,11.169240324272893,11.169240324272893,False,False
"[[0,0,1],[1,0,2],[1,2,0]]",7,15.437690474337721,15.437690474337696,2.4868995751603507e-14,0.6,0.6,11.169240324272893,11.169240324272893,True,True
"[[0,0,1],[1,0,2],[0,2,1]]",7,16.280630724102867,16.28063072410284,2.842170943040401e-14,0.6,0.6,11.169240324272893,11.169240324272893,True,True
"[[0,0,1],[2,0,1],[0,2,1]]",7,14.862326329434161,14.862326329434133,2.842170943040401e-14,0.6,0.6,11.169240324272893,11.169240324272893,True,True
"[[0,0,1],[1,0,1],[1,1,2]]",7,9.865032883815584,9.86503288381559,7.105427357601002e-15,0.6,0.6,11.087596335232384,11.087596335232384,False,False
"[[0,0,1],[1,0,1],[0,1,3]]",7,12.617515638465168,12.617515638465173,5.329070518200751e-15,0.6,0.6,11.087596335232384,11.087596335232384,True,True
"[[0,0,1],[2,2,0],[0,1,1]]",7,9.475963100031912,9.475963100031851,6.039613253960852e-14,0.6,0.6,11.087596335232384,11.087596335232384,False,False
"[[0,0,1],[2,1,0],[0,1,2]]",7,10.415761173622705,10.41576117362268,2.4868995751603507e-14,0.6,0.6,11.169240324272893,11.169240324272893,False,False
"[[0,0,1],[2,0,0],[0,1,3]]",7,12.58550560491635,12.585505604916358,8.881784197001252e-15,0.6,0.6,11.087596335232384,11.087596335232384,True,True
"[[0,0,1],[1,0,0],[1,0,4]]",7,9.06163305479275,9.061633054792797,4.618527782440651e-14,0.6,0.6,10.82053354998334,10.82053354998334,False,False
"[[0,0,1],[1,0,0],[0,0,5]]",7,12.406585422248837,12.40658542224888,4.263256414560601e-14,0.6,0.6,10.82053354998334,10.82053354998334,True,True
"[[5,0,0],[1,1,0],[0,0,0]]",7,0.19984459863403892,0.1998445986340331,5.828670879282072e-15,0.9147279702782766,0.9147279609346658,10.584967478670572,10.584967478670572,False,False
"[[4,0,1],[1,1,0],[0,0,0]]",7,3.118278943438008,3.1182789434380194,1.1546319456101628e-14,0.6,0.6,10.584967478670572,10.584967478670572,False,False
"[[3,0,1],[1,1,0],[1,0,0]]",7,3.7280102328885683,3.728010232888579,1.0658141036401503e-14,0.6,0.6,11.087596335232384,11.087596335232384,False,False
"[[3,0,1],[1,1,0],[0,0,1]]",7,4.570950482653713,4.570950482653724,1.0658141036401503e-14,0.6,0.6,11.087596335232384,11.087596335232384,False,False
"[[2,0,2],[1,1,0],[1,0,0]]",7,8.494267494700619,8.49426749470063,1.0658141036401503e-14,0.6,0.6,11.087596335232384,11.087596335232384,False,False
"[[2,0,1],[1,1,0],[1,0,1]]",7,3.8815139453594725,3.8815139453594822,9.769962616701378e-15,0.6,0.6,11.298317366548035,11.298317366548035,False,False
"[[2,0,1],[1,1,0],[0,0,2]]",7,6.110748556244507,6.110748556244518,1.0658141036401503e-14,0.6,0.6,11.298317366548035,11.298317366548035,False,False
"[[1,0,2],[1,1,0],[2,0,0]]",7,9.714373462290816,9.714373462290824,8.881784197001252e-15,0.6,0.6,11.298317366548035,11.298317366548035,False,False
"[[1,0,2],[1,1,0],[1,0,1]]",7,9.171019350936069,9.17101935093608,1.0658141036401503e-14,0.6,0.6,11.298317366548035,11.298317366548035,False,False
"[[1,0,1],[1,1,0],[1,0,2]]",7,5.081513945359472,5.0815139453594815,9.769962616701378e-15,0.6,0.6,11.298317366548035,11.298317366548035,False,False
"[[1,0,1],[1,1,0],[0,0,3]]",7,7.833996700009054,7.833996700009065,1.0658141036401503e-14,0.6,0.6,11.298317366548035,11.298317366548035,False,False
"[[0,0,3],[1,1,0],[2,0,0]]",7,16.913421372751852,16.913421372751863,1.0658141036401503e-14,0.6,0.6,11.298317366548035,11.298317366548035,True,True
"[[0,0,2],[1,1,0],[2,0,1]]",7,10.914373462290815,10.914373462290826,1.0658141036401503e-14,0.6,0.6,11.298317366548035,11.298317366548035,False,False
"[[0,0,2],[1,1,0],[1,0,2]]",7,11.75731371205596,11.75731371205597,8.881784197001252e-15,0.6,0.6,11.298317366548035,11.298317366548035,True,True
"[[0,0,1],[1,1,0],[1,0,3]]",7,7.328010232888567,7.328010232888577,9.769962616701378e-15,0.6,0.6,11.087596335232384,11.087596335232384,False,False
"[[0,0,1],[1,1,0],[0,0,4]]",7,10.420291061128946,10.420291061128955,8.881784197001252e-15,0.6,0.6,11.087596335232384,11.087596335232384,False,False
"[[4,0,0],[1,2,0],[0,0,0]]",7,0.4075375117878002,0.40753751178777714,2.3037127760971998e-14,0.6,0.6,10.722953221644474,10.722953221644474,False,False
"[[3,0,1],[1,2,0],[0,0,0]]",7,3.447702338889166,3.4477023388891417,2.4424906541753444e-14,0.6,0.6,10.722953221644474,10.722953221644474,False,False
"[[2,0,1],[1,2,0],[1,0,0]]",7,4.144560162714814,4.144560162714791,2.3092638912203256e-14,0.6,0.6,11.169240324272893,11.169240324272893,False,False
"[[2,0,1],[1,2,0],[0,0,1]]",7,4.987500412479961,4.987500412479935,2.5757174171303632e-14,0.6,0.6,11.169240324272893,11.169240324272893,False,False
"[[1,0,2],[1,2,0],[1,0,0]]",7,9.434065568291413,9.434065568291388,2.4868995751603507e-14,0.6,0.6,11.169240324272893,11.169240324272893,False,False
"[[1,0,1],[1,2,0],[1,0,1]]",7,4.48151394535947,4.481513945359447,2.3092638912203256e-14,0.6,0.6,11.298317366548035,11.298317366548035,False,False
"[[1,0,1],[1,2,0],[0,0,2]]",7,6.710748556244509,6.710748556244482,2.6645352591003757e-14,0.6,0.6,11.298317366548035,11.298317366548035,False,False
"[[0,0,2],[1,2,0],[2,0,0]]",7,11.700667823410706,11.700667823410681,2.4868995751603507e-14,0.6,0.6,11.298317366548035,11.298317366548035,True,True
"[[0,0,2],[1,2,0],[1,0,1]]",7,11.157313712055961,11.157313712055936,2.4868995751603507e-14,0.6,0.6,11.298317366548035,11.298317366548035,False,False
"[[0,0,1],[1,2,0],[1,0,2]]",7,6.544560162714814,6.544560162714789,2.4868995751603507e-14,0.6,0.6,11.169240324272893,11.169240324272893,False,False
"[[0,0,1],[1,2,0],[0,0,3]]",7,9.297042917364399,9.297042917364372,2.6645352591003757e-14,0.6,0.6,11.169240324272893,11.169240324272893,False,False
"[[3,0,0],[1,3,0],[0,0,0]]",7,0.6677394381970054,0.6677394381969474,5.806466418789569e-14,0.6,0.6,10.722953221644474,10.722953221644474,False,False
"[[2,0,1],[1,3,0],[0,0,0]]",7,4.047702338889165,4.047702338889106,5.861977570020827e-14,0.6,0.6,10.722953221644474,10.722953221644474,False,False
"[[1,0,1],[1,3,0],[1,0,0]]",7,4.928010232888567,4.928010232888509,5.773159728050814e-14,0.6,0.6,11.087596335232384,11.087596335232384,False,False
"[[1,0,1],[1,3,0],[0,0,1]]",7,5.770950482653713,5.770950482653653,5.950795411990839e-14,0.6,0.6,11.087596335232384,11.087596335232384,False,False
"[[0,0,2],[1,3,0],[1,0,0]]",7,11.603809999585057,11.603809999584998,5.861977570020827e-14,0.6,0.6,11.087596335232384,11.087596335232384,True,True
"[[0,0,1],[1,3,0],[1,0,1]]",7,6.128010232888566,6.128010232888508,5.773159728050814e-14,0.6,0.6,11.087596335232384,11.087596335232384,False,False
"[[0,0,1],[1,3,0],[0,0,2]]",7,8.357244843773604,8.357244843773543,6.039613253960852e-14,0.6,0.6,11.087596335232384,11.087596335232384,False,False
"[[2,0,0],[1,4,0],[0,0,0]]",7,1.0150678989812993,1.0150678989812068,9.259260025373806e-14,0.6,0.6,10.584967478670572,10.584967478670572,False,False
"[[1,0,1],[1,4,0],[0,0,0]]",7,4.918278943438007,4.9182789434379135,9.325873406851315e-14,0.6,0.6,10.584967478670572,10.584967478670572,False,False
"[[0,0,1],[1,4,0],[1,0,0]]",7,6.661633054792751,6.6616330547926585,9.237055564881302e-14,0.6,0.6,10.82053354998334,10.82053354998334,False,False
"[[0,0,1],[1,4,0],[0,0,1]]",7,7.504573304557897,7.504573304557804,9.325873406851315e-14,0.6,0.6,10.82053354998334,10.82053354998334,False,False
"[[1,0,0],[1,5,0],[0,0,0]]",7,1.4137127634744102,1.4137127634742828,1.2745360322696797e-13,0.6,0.6,10.276666119016054,10.276666119016054,False,False
"[[0,0,1],[1,5,0],[0,0,0]]",7,6.703218169051008,6.7032181690508805,1.2789769243681803e-13,0.6,0.6,10.276666119016054,10.276666119016054,False,False
"[[0,0,0],[1,6,0],[0,0,0]]",7,1.8462657886533744,1.846265788653211,1.6342482922482304e-13,0.6,0.6,9.701301974112495,9.701301974112495,False,False
"[[0,0,0],[0,7,0],[0,0,0]]",7,4.351845724282368,4.351845724282132,2.362554596402333e-13,0.6,0.6,9.701301974112495,9.701301974112495,False,False
"[[0,0,0],[0,6,1],[0,0,0]]",7,3.264570183322083,3.264570183321918,1.6475709685437323e-13,0.6,0.6,9.701301974112495,9.701301974112495,False,False
"[[0,0,0],[0,5,1],[1,0,0]]",7,3.189076908377972,3.1890769083778436,1.283417816466681e-13,0.6,0.6,10.276666119016054,10.276666119016054,False,False
"[[0,0,0],[0,5,1],[0,1,0]]",7,6.695043626895992,6.695043626895791,2.007283228522283e-13,0.6,0.6,10.276666119016054,10.276666119016054,False,False
"[[0,0,0],[0,5,1],[0,0,1]]",7,4.032017158143119,4.032017158142988,1.305622276959184e-13,0.6,0.6,10.276666119016054,10.276666119016054,False,False
"[[1,0,0],[0,4,1],[1,0,0]]",7,2.790432043884861,2.790432043884768,9.325873406851315e-14,0.6,0.6,10.82053354998334,10.82053354998334,False,False
"[[0,0,1],[0,4,1],[1,0,0]]",7,8.079937449461461,8.079937449461365,9.592326932761353e-14,0.6,0.6,10.82053354998334,10.82053354998334,False,False
"[[0,0,0],[1,4,1],[0,1,0]]",7,4.558265801594924,4.5582658015947946,1.2967404927621828e-13,0.6,0.6,10.276666119016054,10.276666119016054,False,False
"[[0,0,0],[0,4,2],[0,1,0]]",7,7.362864557383523,7.362864557383393,1.305622276959184e-13,0.6,0.6,10.276666119016054,10.276666119016054,False,False
"[[0,0,0],[0,4,1],[1,0,1]]",7,2.6041376827649705,2.6041376827648763,9.414691248821327e-14,0.6,0.6,10.584967478670572,10.584967478670572,False,False
"[[0,0,0],[0,4,1],[0,1,1]]",7,6.1101044012829915,6.110104401282824,1.6786572132332367e-13,0.6,0.6,10.584967478670572,10.584967478670572,False,False
"[[0,0,0],[0,4,1],[0,0,2]]",7,4.833372293650007,4.833372293649912,9.50350909079134e-14,0.6,0.6,10.584967478670572,10.584967478670572,False,False
"[[2,0,0],[0,3,1],[1,0,0]]",7,2.4431035831005676,2.4431035831005086,5.906386491005833e-14,0.6,0.6,11.087596335232384,11.087596335232384,False,False
"[[1,0,1],[0,3,1],[1,0,0]]",7,6.346314627557276,6.3463146275572155,6.039613253960852e-14,0.6,0.6,11.087596335232384,11.087596335232384,False,False
"[[0,1,0],[0,3,2],[1,0,0]]",7,7.792255377009681,7.792255377009584,9.681144774731365e-14,0.6,0.6,10.82053354998334,10.82053354998334,False,False
"[[0,0,1],[0,3,1],[2,0,0]]",7,8.089668738912021,8.08966873891196,6.039613253960852e-14,0.6,0.6,11.087596335232384,11.087596335232384,False,False
"[[0,0,1],[0,3,1],[1,0,1]]",7,7.546314627557275,7.546314627557215,6.039613253960852e-14,0.6,0.6,11.087596335232384,11.087596335232384,False,False
"[[1,0,0],[1,3,1],[0,1,0]]",7,4.4122924763175195,4.412292476317425,9.414691248821327e-14,0.6,0.6,10.82053354998334,10.82053354998334,False,False
"[[0,0,0],[0,3,2],[1,1,0]]",7,6.187656621221082,6.187656621220986,9.592326932761353e-14,0.6,0.6,10.584967478670572,10.584967478670572,False,False
"[[0,0,0],[0,3,2],[0,2,0]]",7,11.079917700858992,11.079917700858825,1.6697754290362354e-13,0.6,0.6,10.584967478670572,10.584967478670572,True,True
"[[0,0,0],[0,3,2],[0,1,1]]",7,7.030596870986228,7.030596870986131,9.681144774731365e-14,0.6,0.6,10.584967478670572,10.584967478670572,False,False
"[[1,0,0],[0,3,1],[1,0,1]]",7,2.256809221980677,2.256809221980617,5.995204332975845e-14,0.6,0.6,11.087596335232384,11.087596335232384,False,False
"[[0,0,0],[1,3,1],[0,1,1]]",7,4.225998115197628,4.225998115197534,9.414691248821327e-14,0.6,0.6,10.584967478670572,10.584967478670572,False,False
"[[0,0,0],[0,3,1],[1,0,2]]",7,2.933561078216128,2.9335610782160684,5.950795411990839e-14,0.6,0.6,10.722953221644474,10.722953221644474,False,False
"[[0,0,0],[0,3,1],[0,1,2]]",7,6.439527796734149,6.439527796734016,1.3322676295501878e-13,0.6,0.6,10.722953221644474,10.722953221644474,False,False
"[[0,0,0],[0,3,1],[0,0,3]]",7,5.686043832865713,5.686043832865652,6.128431095930864e-14,0.6,0.6,10.722953221644474,10.722953221644474,False,False
"[[3,0,0],[0,2,1],[1,0,0]]",7,2.1829016566913624,2.182901656691339,2.353672812205332e-14,0.6,0.6,11.169240324272893,11.169240324272893,False,False
"[[2,0,1],[0,2,1],[1,0,0]]",7,5.562864557383523,5.562864557383498,2.4868995751603507e-14,0.6,0.6,11.169240324272893,11.169240324272893,False,False
"[[1,1,0],[0,2,2],[1,0,0]]",7,6.398430628696292,6.3984306286962305,6.128431095930864e-14,0.6,0.6,11.087596335232384,11.087596335232384,False,False
"[[1,0,1],[0,2,1],[2,0,0]]",7,6.4431724513829245,6.4431724513829005,2.398081733190338e-14,0.6,0.6,11.298317366548035,11.298317366548035,False,False
"[[1,0,1],[0,2,1],[1,0,1]]",7,5.89981834002818,5.899818340028154,2.5757174171303632e-14,0.6,0.6,11.298317366548035,11.298317366548035,False,False
"[[0,1,0],[0,2,2],[2,0,0]]",7,8.141784740051035,8.141784740050975,6.039613253960852e-14,0.6,0.6,11.087596335232384,11.087596335232384,False,False
"[[0,1,0],[0,2,2],[1,0,1]]",7,7.598430628696291,7.598430628696229,6.217248937900877e-14,0.6,0.6,11.087596335232384,11.087596335232384,False,False
"[[0,0,2],[0,2,1],[2,0,0]]",7,13.118972218079415,13.118972218079389,2.6645352591003757e-14,0.6,0.6,11.298317366548035,11.298317366548035,True,True
"[[0,0,1],[0,2,2],[1,1,0]]",7,11.46963163960418,11.46963163960412,6.039613253960852e-14,0.6,0.6,11.087596335232384,11.087596335232384,True,True
"[[0,0,1],[0,2,1],[2,0,1]]",7,7.119924307618377,7.119924307618351,2.5757174171303632e-14,0.6,0.6,11.169240324272893,11.169240324272893,False,False
"[[0,0,1],[0,2,1],[1,0,2]]",7,7.962864557383523,7.9628645573834955,2.7533531010703882e-14,0.6,0.6,11.169240324272893,11.169240324272893,False,False
"[[2,0,0],[1,2,1],[0,1,0]]",7,4.404762089124021,4.4047620891239605,6.039613253960852e-14,0.6,0.6,11.087596335232384,11.087596335232384,False,False
"[[1,0,0],[0,2,2],[1,1,0]]",7,6.1801262340275835,6.180126234027522,6.128431095930864e-14,0.6,0.6,11.087596335232384,11.087596335232384,False,False
"[[0,0,0],[1,2,2],[0,2,0]]",7,9.535609488364424,9.53560948836433,9.414691248821327e-14,0.6,0.6,10.584967478670572,10.584967478670572,False,False
"[[0,0,0],[0,2,3],[0,2,0]]",7,12.86345638791757,12.863456387917475,9.414691248821327e-14,0.6,0.6,10.584967478670572,10.584967478670572,True,True
"[[0,0,0],[0,2,2],[1,1,1]]",7,5.470583729143144,5.470583729143083,6.039613253960852e-14,0.6,0.6,10.722953221644474,10.722953221644474,False,False
"[[0,0,0],[0,2,2],[0,2,1]]",7,10.362844808781055,10.36284480878092,1.3500311979441904e-13,0.6,0.6,10.722953221644474,10.722953221644474,False,False
"[[0,0,0],[0,2,2],[0,1,2]]",7,7.69981834002818,7.699818340028118,6.217248937900877e-14,0.6,0.6,10.722953221644474,10.722953221644474,False,False
"[[2,0,0],[0,2,1],[1,0,1]]",7,1.9966072955714722,1.9966072955714471,2.5091040356528538e-14,0.6,0.6,11.298317366548035,11.298317366548035,False,False
"[[1,0,0],[1,2,1],[0,1,1]]",7,4.218467728004129,4.218467728004069,6.039613253960852e-14,0.6,0.6,11.087596335232384,11.087596335232384,False,False
"[[1,0,0],[0,2,1],[1,0,2]]",7,2.673359151806923,2.673359151806898,2.4868995751603507e-14,0.6,0.6,11.169240324272893,11.169240324272893,False,False
"[[0,0,0],[1,2,1],[0,1,2]]",7,4.89521958423958,4.89521958423952,6.039613253960852e-14,0.6,0.6,10.722953221644474,10.722953221644474,False,False
"[[0,0,0],[0,2,1],[1,0,3]]",7,3.5335610782161275,3.5335610782161027,2.4868995751603507e-14,0.6,0.6,10.722953221644476,10.722953221644474,False,False
"[[0,0,0],[0,2,1],[0,1,3]]",7,7.0395277967341485,7.03952779673405,9.85878045867139e-14,0.6,0.6,10.722953221644476,10.722953221644474,False,False
"[[0,0,0],[0,2,1],[0,0,4]]",7,6.625841906456509,6.625841906456481,2.842170943040401e-14,0.6,0.6,10.722953221644476,10.722953221644474,False,False
"[[4,0,0],[0,1,1],[1,0,0]]",7,2.1061498004559107,2.106149800455922,1.1102230246251565e-14,0.6,0.6,11.087596335232384,11.087596335232384,False,False
"[[3,0,1],[0,1,1],[1,0,0]]",7,5.146314627557277,5.146314627557286,9.769962616701378e-15,0.6,0.6,11.087596335232384,11.087596335232384,False,False
"[[2,1,0],[0,1,2],[1,0,0]]",7,6.138228702287086,6.13822870228706,2.5757174171303632e-14,0.6,0.6,11.169240324272893,11.169240324272893,False,False
"[[2,0,1],[0,1,1],[2,0,0]]",7,5.843172451382925,5.8431724513829355,1.0658141036401503e-14,0.6,0.6,11.298317366548035,11.298317366548035,False,False
"[[2,0,1],[0,1,1],[1,0,1]]",7,5.29981834002818,5.29981834002819,9.769962616701378e-15,0.6,0.6,11.298317366548035,11.298317366548035,False,False
"[[1,1,0],[0,1,2],[2,0,0]]",7,7.018536596286488,7.018536596286462,2.5757174171303632e-14,0.6,0.6,11.298317366548035,11.298317366548035,False,False
"[[1,1,0],[0,1,2],[1,0,1]]",7,6.475182484931743,6.475182484931716,2.6645352591003757e-14,0.6,0.6,11.298317366548035,11.298317366548035,False,False
"[[1,0,2],[0,1,1],[2,0,0]]",7,11.132677856959525,11.132677856959532,7.105427357601002e-15,0.6,0.6,11.298317366548035,11.298317366548035,False,False
"[[1,0,1],[0,1,2],[1,1,0]]",7,10.346383495839634,10.346383495839607,2.6645352591003757e-14,0.6,0.6,11.298317366548035,11.298317366548035,False,False
"[[1,0,1],[0,1,1],[2,0,1]]",7,5.656878090263033,5.656878090263044,1.0658141036401503e-14,0.6,0.6,11.298317366548035,11.298317366548035,False,False
"[[1,0,1],[0,1,1],[1,0,2]]",7,6.499818340028181,6.499818340028188,7.105427357601002e-15,0.6,0.6,11.298317366548035,11.298317366548035,False,False
"[[0,1,1],[0,1,2],[2,0,0]]",7,12.308042001863086,12.30804200186306,2.6645352591003757e-14,0.6,0.6,11.298317366548035,11.298317366548035,True,True
"[[0,1,0],[0,1,3],[1,1,0]]",7,12.568243928272288,12.56824392827223,5.861977570020827e-14,0.6,0.6,11.087596335232384,11.087596335232384,True,True
"[[0,1,0],[0,1,2],[2,0,1]]",7,7.695288452521939,7.695288452521913,2.5757174171303632e-14,0.6,0.6,11.169240324272893,11.169240324272893,False,False
"[[0,1,0],[0,1,2],[1,0,2]]",7,8.538228702287086,8.538228702287057,2.842170943040401e-14,0.6,0.6,11.169240324272893,11.169240324272893,False,False
"[[0,0,2],[0,1,1],[3,0,0]]",7,13.399280112078817,13.399280112078827,1.0658141036401503e-14,0.6,0.6,11.298317366548035,11.298317366548035,True,True
"[[0,0,2],[0,1,1],[2,0,1]]",7,12.332677856959524,12.332677856959533,8.881784197001252e-15,0.6,0.6,11.298317366548035,11.298317366548035,True,True
"[[0,0,1],[0,1,2],[2,1,0]]",7,11.566489463429829,11.566489463429804,2.4868995751603507e-14,0.6,0.6,11.169240324272893,11.169240324272893,True,True
"[[0,0,1],[0,1,2],[1,1,1]]",7,11.023135352075087,11.023135352075059,2.842170943040401e-14,0.6,0.6,11.169240324272893,11.169240324272893,False,False
"[[0,0,1],[0,1,1],[2,0,2]]",7,7.380126234027583,7.380126234027591,7.993605777301127e-15,0.6,0.6,11.087596335232384,11.087596335232384,False,False
"[[0,0,1],[0,1,1],[1,0,3]]",7,8.746314627557275,8.746314627557284,8.881784197001252e-15,0.6,0.6,11.087596335232384,11.087596335232384,False,False
"[[3,0,0],[1,1,1],[0,1,0]]",7,4.667808306479363,4.667808306479339,2.398081733190338e-14,0.6,0.6,11.169240324272893,11.169240324272893,False,False
"[[2,0,0],[0,1,2],[1,1,0]]",7,6.4431724513829245,6.4431724513829005,2.398081733190338e-14,0.6,0.6,11.298317366548035,11.298317366548035,False,False
"[[1,0,0],[1,1,2],[0,2,0]]",7,10.051327244935472,10.051327244935413,5.861977570020827e-14,0.6,0.6,11.087596335232384,11.087596335232384,False,False
"[[0,0,0],[0,1,3],[1,2,0]]",7,11.826691389839034,11.826691389838974,6.039613253960852e-14,0.6,0.6,10.722953221644474,10.722953221644474,True,True
"[[0,0,0],[0,1,3],[0,3,0]]",7,17.242200613241494,17.24220061324136,1.3500311979441904e-13,0.6,0.6,10.722953221644474,10.722953221644474,True,True
"[[0,0,0],[0,1,3],[0,2,1]]",7,12.66963163960418,12.669631639604118,6.217248937900877e-14,0.6,0.6,10.722953221644474,10.722953221644474,True,True
"[[1,0,0],[0,1,2],[1,1,1]]",7,5.733629946498487,5.733629946498461,2.6645352591003757e-14,0.6,0.6,11.169240324272893,11.169240324272893,False,False
"[[0,0,0],[1,1,2],[0,2,1]]",7,9.341784740051033,9.341784740050972,6.039613253960852e-14,0.6,0.6,10.722953221644474,10.722953221644474,False,False
"[[0,0,0],[0,1,2],[1,1,2]]",7,6.070583729143143,6.0705837291431175,2.5757174171303632e-14,0.6,0.6,10.722953221644476,10.722953221644474,False,False
"[[0,0,0],[0,1,2],[0,2,2]]",7,10.962844808781055,10.962844808780956,9.947598300641403e-14,0.6,0.6,10.722953221644476,10.722953221644474,True,True
"[[0,0,0],[0,1,2],[0,1,3]]",7,8.823066483792728,8.8230664837927,2.6645352591003757e-14,0.6,0.6,10.722953221644476,10.722953221644474,False,False
"[[3,0,0],[0,1,1],[1,0,1]]",7,1.9198554393360205,1.9198554393360303,9.769962616701378e-15,0.6,0.6,11.298317366548035,11.298317366548035,False,False
"[[2,0,0],[1,1,1],[0,1,1]]",7,4.481513945359472,4.481513945359447,2.4868995751603507e-14,0.6,0.6,11.298317366548035,11.298317366548035,False,False
"[[2,0,0],[0,1,1],[1,0,2]]",7,2.596607295571472,2.596607295571481,9.325873406851315e-15,0.6,0.6,11.298317366548035,11.298317366548035,False,False
"[[1,0,0],[1,1,1],[0,1,2]]",7,5.158265801594926,5.158265801594898,2.7533531010703882e-14,0.6,0.6,11.169240324272893,11.169240324272893,False,False
"[[1,0,0],[0,1,1],[1,0,3]]",7,3.4568092219806763,3.456809221980686,9.769962616701378e-15,0.6,0.6,11.087596335232384,11.087596335232384,False,False
"[[0,0,0],[1,1,1],[0,1,3]]",7,6.01846772800413,6.018467728004103,2.7533531010703882e-14,0.6,0.6,10.722953221644476,10.722953221644474,False,False
"[[0,0,0],[0,1,1],[1,0,4]]",7,4.404137682764971,4.404137682764979,7.993605777301127e-15,0.6,0.6,10.584967478670572,10.584967478670572,False,False
"[[0,0,0],[0,1,1],[0,1,4]]",7,7.910104401282992,7.910104401282927,6.483702463810914e-14,0.6,0.6,10.584967478670572,10.584967478670572,False,False
"[[0,0,0],[0,1,1],[0,0,5]]",7,7.7490900502210565,7.749090050221063,6.217248937900877e-15,0.6,0.6,10.584967478670572,10.584967478670572,False,False
"[[5,0,0],[0,0,1],[1,0,0]]",7,2.8924441615758014,2.8924441615758476,4.618527782440651e-14,0.6,0.6,10.82053354998334,10.82053354998334,False,False
"[[4,0,1],[0,0,1],[1,0,0]]",7,5.679937449461462,5.679937449461507,4.529709940470639e-14,0.6,0.6,10.82053354998334,10.82053354998334,False,False
"[[3,1,0],[0,0,2],[1,0,0]]",7,7.107973133580729,7.107973133580739,9.769962616701378e-15,0.6,0.6,11.087596335232384,11.087596335232384,False,False
"[[3,0,1],[0,0,1],[2,0,0]]",7,6.289668738912021,6.2896687389120665,4.529709940470639e-14,0.6,0.6,11.087596335232384,11.087596335232384,False,False
"[[3,0,1],[0,0,1],[1,0,1]]",7,5.746314627557276,5.746314627557321,4.440892098500626e-14,0.6,0.6,11.087596335232384,11.087596335232384,False,False
"[[2,1,0],[0,0,2],[2,0,0]]",7,7.804830957406379,7.804830957406389,9.769962616701378e-15,0.6,0.6,11.298317366548035,11.298317366548035,False,False
"[[2,1,0],[0,0,2],[1,0,1]]",7,7.261476846051634,7.261476846051643,8.881784197001252e-15,0.6,0.6,11.298317366548035,11.298317366548035,False,False
"[[2,0,2],[0,0,1],[2,0,0]]",7,11.055926000724073,11.055926000724115,4.263256414560601e-14,0.6,0.6,11.087596335232384,11.087596335232384,False,False
"[[2,0,1],[0,0,2],[1,1,0]]",7,11.132677856959525,11.132677856959534,8.881784197001252e-15,0.6,0.6,11.298317366548035,11.298317366548035,False,False
"[[2,0,1],[0,0,1],[2,0,1]]",7,5.919924307618376,5.919924307618421,4.529709940470639e-14,0.6,0.6,11.169240324272893,11.169240324272893,False,False
"[[2,0,1],[0,0,1],[1,0,2]]",7,6.762864557383524,6.762864557383566,4.263256414560601e-14,0.6,0.6,11.169240324272893,11.169240324272893,False,False
"[[1,1,1],[0,0,2],[2,0,0]]",7,11.708042001863086,11.708042001863095,8.881784197001252e-15,0.6,0.6,11.298317366548035,11.298317366548035,True,True
"[[1,1,0],[0,0,3],[1,1,0]]",7,12.831290145627632,12.831290145627609,2.3092638912203256e-14,0.6,0.6,11.298317366548035,11.298317366548035,True,True
"[[1,1,0],[0,0,2],[2,0,1]]",7,7.6185365962864875,7.618536596286496,8.881784197001252e-15,0.6,0.6,11.298317366548035,11.298317366548035,False,False
"[[1,1,0],[0,0,2],[1,0,2]]",7,8.461476846051633,8.46147684605164,7.105427357601002e-15,0.6,0.6,11.298317366548035,11.298317366548035,False,False
"[[1,0,2],[0,0,1],[3,0,0]]",7,12.27603196831427,12.276031968314312,4.263256414560601e-14,0.6,0.6,11.169240324272893,11.169240324272893,True,True
"[[1,0,2],[0,0,1],[2,0,1]]",7,11.209429713194975,11.209429713195018,4.263256414560601e-14,0.6,0.6,11.169240324272893,11.169240324272893,True,True
"[[1,0,1],[0,0,2],[2,1,0]]",7,11.489737607194378,11.489737607194387,8.881784197001252e-15,0.6,0.6,11.298317366548035,11.298317366548035,True,True
"[[1,0,1],[0,0,2],[1,1,1]]",7,10.946383495839633,10.946383495839642,8.881784197001252e-15,0.6,0.6,11.298317366548035,11.298317366548035,False,False
"[[1,0,1],[0,0,1],[2,0,2]]",7,6.780126234027583,6.780126234027626,4.263256414560601e-14,0.6,0.6,11.087596335232384,11.087596335232384,False,False
"[[1,0,1],[0,0,1],[1,0,3]]",7,8.146314627557278,8.146314627557318,4.085620730620576e-14,0.6,0.6,11.087596335232384,11.087596335232384,False,False
"[[0,2,0],[0,0,3],[2,0,0]]",7,16.179243012770975,16.17924301277095,2.4868995751603507e-14,0.6,0.6,11.298317366548035,11.298317366548035,True,True
"[[0,1,1],[0,0,2],[3,0,0]]",7,13.97464425698238,13.974644256982387,7.105427357601002e-15,0.6,0.6,11.298317366548035,11.298317366548035,True,True
"[[0,1,1],[0,0,2],[2,0,1]]",7,12.908042001863087,12.908042001863095,7.105427357601002e-15,0.6,0.6,11.298317366548035,11.298317366548035,True,True
"[[0,1,0],[0,0,3],[2,1,0]]",7,14.05139611321783,14.051396113217805,2.4868995751603507e-14,0.6,0.6,11.169240324272893,11.169240324272893,True,True
"[[0,1,0],[0,0,3],[1,1,1]]",7,13.508042001863085,13.50804200186306,2.4868995751603507e-14,0.6,0.6,11.169240324272893,11.169240324272893,True,True
"[[0,1,0],[0,0,2],[2,0,2]]",7,9.341784740051036,9.341784740051043,7.105427357601002e-15,0.6,0.6,11.087596335232384,11.087596335232384,False,False
"[[0,1,0],[0,0,2],[1,0,3]]",7,10.70797313358073,10.707973133580737,7.105427357601002e-15,0.6,0.6,11.087596335232384,11.087596335232384,False,False
"[[0,0,3],[0,0,1],[3,0,0]]",7,19.475079878775304,19.47507987877535,4.618527782440651e-14,0.6,0.6,11.169240324272893,11.169240324272893,True,True
"[[0,0,2],[0,0,2],[2,1,0]]",7,18.165537373890867,18.165537373890878,1.0658141036401503e-14,0.6,0.6,11.298317366548035,11.298317366548035,True,True
"[[0,0,2],[0,0,1],[3,0,1]]",7,13.136233894723475,13.136233894723517,4.263256414560601e-14,0.6,0.6,11.087596335232384,11.087596335232384,True,True
"[[0,0,2],[0,0,1],[2,0,2]]",7,13.455926000724073,13.455926000724114,4.085620730620576e-14,0.6,0.6,11.087596335232384,11.087596335232384,True,True
"[[0,0,1],[0,0,3],[1,2,0]]",7,18.76553737389087,18.76553737389084,2.842170943040401e-14,0.6,0.6,11.169240324272893,11.169240324272893,True,True
"[[0,0,1],[0,0,2],[2,1,1]]",7,11.826691389839034,11.826691389839045,1.0658141036401503e-14,0.6,0.6,11.087596335232384,11.087596335232384,True,True
"[[0,0,1],[0,0,2],[1,1,2]]",7,12.66963163960418,12.669631639604189,8.881784197001252e-15,0.6,0.6,11.087596335232384,11.087596335232384,True,True
"[[0,0,1],[0,0,1],[2,0,3]]",7,8.773950982340972,8.773950982341015,4.263256414560601e-14,0.6,0.6,10.82053354998334,10.82053354998334,False,False
"[[0,0,1],[0,0,1],[1,0,4]]",7,10.47993744946146,10.479937449461502,4.263256414560601e-14,0.6,0.6,10.82053354998334,10.82053354998334,False,False
"[[4,0,0],[1,0,1],[0,1,0]]",7,5.977350811363801,5.977350811363812,1.0658141036401503e-14,0.6,0.6,11.087596335232384,11.087596335232384,False,False
"[[3,0,0],[0,0,2],[1,1,0]]",7,7.752714956267363,7.752714956267374,1.0658141036401503e-14,0.6,0.6,11.298317366548035,11.298317366548035,False,False
"[[2,0,0],[1,0,2],[0,2,0]]",7,11.700667823410706,11.700667823410681,2.4868995751603507e-14,0.6,0.6,11.298317366548035,11.298317366548035,True,True
"[[1,0,0],[0,0,3],[1,2,0]]",7,13.476031968314267,13.476031968314244,2.3092638912203256e-14,0.6,0.6,11.169240324272893,11.169240324272893,True,True
"[[0,0,0],[1,0,3],[0,3,0]]",7,17.607434905631365,17.6074349056313,6.394884621840902e-14,0.6,0.6,10.722953221644474,10.722953221644474,True,True
"[[0,0,0],[0,0,4],[0,3,0]]",7,21.27507987877531,21.275079878775244,6.394884621840902e-14,0.6,0.6,10.722953221644474,10.722953221644474,True,True
"[[0,0,0],[0,0,3],[1,2,1]]",7,12.426691389839032,12.426691389839009,2.3092638912203256e-14,0.6,0.6,10.722953221644476,10.722953221644474,True,True
"[[0,0,0],[0,0,3],[0,3,1]]",7,17.842200613241495,17.842200613241396,9.947598300641403e-14,0.6,0.6,10.722953221644476,10.722953221644474,True,True
"[[0,0,0],[0,0,3],[0,2,2]]",7,14.655926000724069,14.655926000724044,2.4868995751603507e-14,0.6,0.6,10.722953221644476,10.722953221644474,True,True
"[[2,0,0],[0,0,2],[1,1,1]]",7,7.043172451382926,7.043172451382935,8.881784197001252e-15,0.6,0.6,11.298317366548035,11.298317366548035,False,False
"[[1,0,0],[1,0,2],[0,2,1]]",7,10.991125318526265,10.991125318526242,2.3092638912203256e-14,0.6,0.6,11.169240324272893,11.169240324272893,False,False
"[[1,0,0],[0,0,2],[1,1,2]]",7,7.380126234027583,7.380126234027591,7.993605777301127e-15,0.6,0.6,11.087596335232384,11.087596335232384,False,False
"[[0,0,0],[1,0,2],[0,2,2]]",7,11.328079101170925,11.3280791011709,2.4868995751603507e-14,0.6,0.6,10.722953221644476,10.722953221644474,True,True
"[[0,0,0],[0,0,2],[1,1,3]]",7,7.987656621221081,7.987656621221089,7.993605777301127e-15,0.6,0.6,10.584967478670572,10.584967478670572,False,False
"[[0,0,0],[0,0,2],[0,2,3]]",7,12.879917700858993,12.879917700858929,6.394884621840902e-14,0.6,0.6,10.584967478670572,10.584967478670572,True,True
"[[0,0,0],[0,0,2],[0,1,4]]",7,11.079937449461461,11.079937449461468,7.105427357601002e-15,0.6,0.6,10.584967478670572,10.584967478670572,True,True
"[[4,0,0],[0,0,1],[1,0,1]]",7,2.7061498004559104,2.706149800455956,4.574118861455645e-14,0.6,0.6,11.087596335232384,11.087596335232384,False,False
"[[3,0,0],[1,0,1],[0,1,1]]",7,5.791056450243911,5.791056450243921,9.769962616701378e-15,0.6,0.6,11.298317366548035,11.298317366548035,False,False
"[[3,0,0],[0,0,1],[1,0,2]]",7,3.3829016566913626,3.382901656691407,4.440892098500626e-14,0.6,0.6,11.169240324272893,11.169240324272893,False,False
"[[2,0,0],[1,0,1],[0,1,2]]",7,6.467808306479363,6.467808306479371,8.881784197001252e-15,0.6,0.6,11.298317366548035,11.298317366548035,False,False
"[[2,0,0],[0,0,1],[1,0,3]]",7,4.2431035831005675,4.243103583100612,4.440892098500626e-14,0.6,0.6,11.087596335232384,11.087596335232384,False,False
"[[1,0,0],[1,0,1],[0,1,3]]",7,7.328010232888567,7.328010232888576,8.881784197001252e-15,0.6,0.6,11.087596335232384,11.087596335232384,False,False
"[[1,0,0],[0,0,1],[1,0,4]]",7,5.190432043884862,5.190432043884905,4.263256414560601e-14,0.6,0.6,10.82053354998334,10.82053354998334,False,False
"[[0,0,0],[1,0,1],[0,1,4]]",7,8.275338693672861,8.27533869367287,8.881784197001252e-15,0.6,0.6,10.584967478670572,10.584967478670572,False,False
"[[0,0,0],[0,0,1],[1,0,5]]",7,6.189076908377973,6.189076908378016,4.3520742565306136e-14,0.6,0.6,10.276666119016054,10.276666119016054,False,False
"[[0,0,0],[0,0,1],[0,1,5]]",7,9.695043626895995,9.695043626895963,3.197442310920451e-14,0.6,0.6,10.276666119016054,10.276666119016054,False,False
"[[0,0,0],[0,0,1],[0,0,6]]",7,9.735384411340947,9.735384411340988,4.085620730620576e-14,0.6,0.6,10.276666119016054,10.276666119016054,False,False
"[[0,0,0],[0,0,0],[1,0,0]]",1,0.1569169275937438,0.15691692759374412,3.3306690738754696e-16,1.0,1.0,7.504077396776275,7.504077396776275,False,False
"[[0,0,0],[0,0,0],[0,1,0]]",1,3.8847187150789275,3.884718715078856,7.149836278586008e-14,0.6,0.6,7.504077396776275,7.504077396776275,False,False
"[[0,0,0],[0,0,0],[0,0,1]]",1,1.2216922463260527,1.221692246326053,4.440892098500626e-16,0.6,0.6,7.504077396776275,7.504077396776275,False,False
"[[1,0,0],[0,0,0],[1,0,0]]",2,0.16602982881521555,0.16602982881521633,7.771561172376096e-16,1.0,1.0,8.315007612992604,8.315007612992602,False,False
"[[0,1,0],[0,0,0],[1,0,0]]",2,4.481775106308542,4.481775106308472,7.016609515630989e-14,0.6,0.6,8.315007612992604,8.315007612992602,False,False
"[[0,0,0],[1,0,0],[0,1,0]]",2,4.87164525379485,4.871645253794818,3.197442310920451e-14,0.6,0.6,8.315007612992604,8.315007612992602,False,False
"[[0,0,0],[0,1,0],[0,1,0]]",2,4.50641096140498,4.506410961404875,1.056932319443149e-13,0.6,0.6,8.315007612992604,8.315007612992602,False,False
"[[0,0,0],[0,0,0],[1,0,1]]",2,0.21414988176706884,0.214149881767071,2.1649348980190553e-15,0.6,0.6,8.079441541679836,8.079441541679836,False,False
"[[0,0,0],[0,0,0],[0,1,1]]",2,3.720116600285089,3.7201166002850186,7.061018436615996e-14,0.6,0.6,8.079441541679836,8.079441541679836,False,False
"[[0,0,0],[0,0,0],[0,0,2]]",2,2.4433844926521053,2.443384492652106,8.881784197001252e-16,0.6,0.6,8.079441541679836,8.079441541679836,False,False
"[[2,0,0],[0,0,0],[1,0,0]]",3,0.17514273003668734,0.17514273003668854,1.1934897514720433e-15,1.0,1.0,8.890371757896165,8.890371757896164,False,False
"[[1,1,0],[0,0,0],[1,0,0]]",3,3.117172991514704,3.1171729915146353,6.88338275267597e-14,0.6,0.6,8.890371757896165,8.890371757896164,False,False
"[[0,1,0],[1,0,0],[1,0,0]]",3,5.468701455067515,5.468701455067484,3.019806626980426e-14,0.6003640911636885,0.6003640938304255,9.125937829208931,9.125937829208931,False,False
"[[0,1,0],[0,1,0],[1,0,0]]",3,5.103467352634595,5.103467352634491,1.0391687510491465e-13,0.6,0.6,9.125937829208931,9.125937829208931,False,False
"[[0,0,1],[0,0,0],[2,0,0]]",3,6.068701645024465,6.068701645024468,3.552713678800501e-15,0.6,0.6,8.890371757896165,8.890371757896164,False,False
"[[0,0,1],[0,0,0],[1,1,0]]",3,8.188374002422595,8.188374002422526,6.927791673660977e-14,0.6,0.6,8.890371757896165,8.890371757896164,False,False
"[[1,0,0],[1,0,0],[0,1,0]]",3,4.893337310163953,4.893337310163922,3.108624468950438e-14,0.6003641179093726,0.6003640938996371,9.125937829208931,9.125937829208931,False,False
"[[0,1,0],[1,0,0],[0,1,0]]",3,8.974668363542484,8.974668363542381,1.0302869668521453e-13,0.6,0.6,9.125937829208931,9.125937829208931,False,False
"[[0,0,0],[1,1,0],[0,1,0]]",3,4.107043139001012,4.107043139000947,6.483702463810914e-14,0.6,0.6,8.890371757896165,8.890371757896164,False,False
"[[0,0,0],[0,2,0],[0,1,0]]",3,5.128103207731033,5.128103207730893,1.3944401189291966e-13,0.6,0.6,8.890371757896165,8.890371757896164,False,False
"[[0,0,0],[0,0,1],[1,1,0]]",3,5.282407283904575,5.2824072839045435,3.108624468950438e-14,0.6,0.6,8.890371757896165,8.890371757896164,False,False
"[[0,0,0],[0,0,1],[0,2,0]]",3,10.174668363542485,10.17466836354238,1.0480505352461478e-13,0.6,0.6,8.890371757896165,8.890371757896164,True,True
"[[1,0,0],[0,0,0],[1,0,1]]",3,0.23584212809312155,0.235842128093125,3.4416913763379853e-15,0.6,0.6,8.890371757896165,8.890371757896164,False,False
"[[0,1,0],[0,0,0],[1,0,1]]",3,4.317172991514704,4.317172991514634,7.016609515630989e-14,0.6,0.6,8.890371757896165,8.890371757896164,False,False
"[[0,0,0],[1,0,0],[0,1,1]]",3,4.707043139001012,4.707043139000981,3.108624468950438e-14,0.6,0.6,8.890371757896165,8.890371757896164,False,False
"[[0,0,0],[0,1,0],[0,1,1]]",3,4.341808846611142,4.341808846611038,1.0480505352461478e-13,0.6,0.6,8.890371757896165,8.890371757896164,False,False
"[[0,0,0],[0,0,0],[1,0,2]]",3,0.9125939843285731,0.912593984328576,2.886579864025407e-15,0.6,0.6,8.525728644308256,8.525728644308256,False,False
"[[0,0,0],[0,0,0],[0,1,2]]",3,4.4185607028465945,4.4185607028465235,7.105427357601002e-14,0.6,0.6,8.525728644308256,8.525728644308256,False,False
"[[0,0,0],[0,0,0],[0,0,3]]",3,3.6650767389781578,3.6650767389781596,1.7763568394002505e-15,0.6,0.6,8.525728644308256,8.525728644308256,False,False
"[[3,0,0],[0,0,0],[1,0,0]]",4,0.1842556312581591,0.18425563125816075,1.6375789613221059e-15,1.0,1.0,9.336658860524585,9.336658860524585,False,False
"[[2,1,0],[0,0,0],[1,0,0]]",4,2.615617094076209,2.615617094076142,6.705747068735946e-14,0.6,0.6,9.336658860524585,9.336658860524585,False,False
"[[1,1,0],[1,0,0],[1,0,0]]",4,4.103544768063612,4.1035447680635855,2.6645352591003757e-14,0.6194305709522185,0.6194305932965483,9.701301974112493,9.701301974112493,False,False
"[[1,1,0],[0,1,0],[1,0,0]]",4,3.7388652378407565,3.7388652378406544,1.021405182655144e-13,0.6,0.6,9.701301974112493,9.701301974112493,False,False
"[[1,0,1],[0,0,0],[2,0,0]]",4,4.704099530230627,4.704099530230632,5.329070518200751e-15,0.6,0.6,9.465735902799727,9.465735902799727,False,False
"[[1,0,1],[0,0,0],[1,1,0]]",4,6.823771887628757,6.8237718876286895,6.750155989720952e-14,0.6,0.6,9.465735902799727,9.465735902799727,False,False
"[[0,2,0],[1,0,0],[1,0,0]]",4,9.571724754772099,9.571724754771997,1.0125233984581428e-13,0.6,0.6,9.701301974112493,9.701301974112493,False,False
"[[0,1,0],[1,1,0],[1,0,0]]",4,4.704099530230627,4.704099530230562,6.483702463810914e-14,0.6,0.6,9.701301974112493,9.701301974112493,False,False
"[[0,1,0],[0,2,0],[1,0,0]]",4,5.725159598960647,5.725159598960509,1.376676550535194e-13,0.6,0.6,9.701301974112493,9.701301974112493,False,False
"[[0,1,0],[0,0,1],[2,0,0]]",4,7.26575803625408,7.2657580362540495,3.019806626980426e-14,0.6,0.6,9.701301974112493,9.701301974112493,False,False
"[[0,1,0],[0,0,1],[1,1,0]]",4,9.385430393652209,9.385430393652106,1.0302869668521453e-13,0.6,0.6,9.701301974112493,9.701301974112493,False,False
"[[0,1,1],[0,0,0],[2,0,0]]",4,8.78543039365221,8.785430393652142,6.750155989720952e-14,0.6,0.6,9.465735902799727,9.465735902799727,False,False
"[[0,0,1],[1,0,0],[1,1,0]]",4,9.175300541138519,9.175300541138489,3.019806626980426e-14,0.6,0.6,9.701301974112493,9.701301974112493,False,False
"[[0,0,1],[0,1,0],[1,1,0]]",4,8.810066248748647,8.810066248748544,1.0302869668521453e-13,0.6,0.6,9.701301974112493,9.701301974112493,False,False
"[[0,0,1],[0,0,0],[2,0,1]]",4,5.3808513864660785,5.380851386466083,4.440892098500626e-15,0.6,0.6,9.336658860524585,9.336658860524585,False,False
"[[0,0,1],[0,0,0],[1,1,1]]",4,7.5005237438642105,7.50052374386414,7.016609515630989e-14,0.6,0.6,9.336658860524585,9.336658860524585,False,False
"[[2,0,0],[1,0,0],[0,1,0]]",4,4.9144749842799405,4.914474984279914,2.6645352591003757e-14,0.6194305837901479,0.619430584097383,9.701301974112493,9.701301974112493,False,False
"[[1,1,0],[1,0,0],[0,1,0]]",4,7.610066248748646,7.610066248748545,1.0125233984581428e-13,0.6,0.6,9.701301974112493,9.701301974112493,False,False
"[[0,1,0],[2,0,0],[0,1,0]]",4,9.961594902258408,9.961594902258344,6.394884621840902e-14,0.6,0.6,9.701301974112493,9.701301974112493,True,True
"[[0,1,0],[1,1,0],[0,1,0]]",4,8.210066248748646,8.21006624874851,1.3677947663381929e-13,0.6,0.6,9.701301974112493,9.701301974112493,False,False
"[[0,0,1],[1,0,0],[0,2,0]]",4,14.06756162077643,14.067561620776326,1.0480505352461478e-13,0.6,0.6,9.701301974112493,9.701301974112493,True,True
"[[1,0,0],[1,1,0],[0,1,0]]",4,4.128735385327064,4.128735385327,6.394884621840902e-14,0.6,0.6,9.701301974112493,9.701301974112493,False,False
"[[0,0,0],[1,2,0],[0,1,0]]",4,4.205487241562517,4.205487241562417,1.0036416142611415e-13,0.6,0.6,9.336658860524585,9.336658860524585,False,False
"[[0,0,0],[0,3,0],[0,1,0]]",4,5.749795454057085,5.749795454056913,1.723066134218243e-13,0.6,0.6,9.336658860524585,9.336658860524585,False,False
"[[0,0,0],[0,1,1],[1,1,0]]",4,4.517805169110737,4.517805169110671,6.572520305780927e-14,0.6,0.6,9.465735902799727,9.465735902799727,False,False
"[[0,0,0],[0,1,1],[0,2,0]]",4,9.410066248748647,9.41006624874851,1.3677947663381929e-13,0.6,0.6,9.465735902799727,9.465735902799727,False,False
"[[1,0,0],[0,0,1],[1,1,0]]",4,5.304099530230627,5.304099530230597,3.019806626980426e-14,0.6,0.6,9.701301974112493,9.701301974112493,False,False
"[[0,0,0],[1,0,1],[0,2,0]]",4,9.775300541138517,9.775300541138453,6.394884621840902e-14,0.6,0.6,9.465735902799727,9.465735902799727,True,True
"[[0,0,0],[0,0,1],[1,1,1]]",4,4.594557025346189,4.594557025346157,3.197442310920451e-14,0.6,0.6,9.336658860524585,9.336658860524585,False,False
"[[0,0,0],[0,0,1],[0,2,1]]",4,9.4868181049841,9.486818104983994,1.0480505352461478e-13,0.6,0.6,9.336658860524585,9.336658860524585,True,True
"[[2,0,0],[0,0,0],[1,0,1]]",4,0.25753437441917426,0.257534374419179,4.718447854656915e-15,0.6,0.6,9.465735902799727,9.465735902799727,False,False
"[[1,1,0],[0,0,0],[1,0,1]]",4,2.9525708767208667,2.952570876720798,6.88338275267597e-14,0.6,0.6,9.465735902799727,9.465735902799727,False,False
"[[0,1,0],[1,0,0],[1,0,1]]",4,5.304099530230626,5.304099530230596,3.019806626980426e-14,0.6,0.6,9.701301974112493,9.701301974112493,False,False
"[[0,1,0],[0,1,0],[1,0,1]]",4,4.938865237840757,4.938865237840653,1.0391687510491465e-13,0.6,0.6,9.701301974112493,9.701301974112493,False,False
"[[1,0,0],[1,0,0],[0,1,1]]",4,4.728735385327065,4.728735385327035,3.019806626980426e-14,0.6,0.6,9.701301974112493,9.701301974112493,False,False
"[[0,1,0],[1,0,0],[0,1,1]]",4,8.810066248748646,8.810066248748544,1.0125233984581428e-13,0.6,0.6,9.701301974112493,9.701301974112493,False,False
"[[0,0,0],[1,1,0],[0,1,1]]",4,3.942441024207174,3.942441024207109,6.52811138479592e-14,0.6,0.6,9.465735902799727,9.465735902799727,False,False
"[[0,0,0],[0,2,0],[0,1,1]]",4,4.963501092937195,4.963501092937056,1.3855583347321954e-13,0.6,0.6,9.465735902799727,9.465735902799727,False,False
"[[1,0,0],[0,0,0],[1,0,2]]",4,0.9342862306546258,0.93428623065463,4.218847493575595e-15,0.6,0.6,9.336658860524585,9.336658860524585,False,False
"[[0,1,0],[0,0,0],[1,0,2]]",4,5.015617094076209,5.0156170940761395,6.927791673660977e-14,0.6,0.6,9.336658860524585,9.336658860524585,False,False
"[[0,0,0],[1,0,0],[0,1,2]]",4,5.405487241562517,5.4054872415624855,3.108624468950438e-14,0.6,0.6,9.336658860524585,9.336658860524585,False,False
"[[0,0,0],[0,1,0],[0,1,2]]",4,5.040252949172647,5.040252949172542,1.0480505352461478e-13,0.6,0.6,9.336658860524585,9.336658860524585,False,False
"[[0,0,0],[0,0,0],[1,0,3]]",4,1.7944881570638316,1.7944881570638347,3.1086244689504383e-15,0.6,0.6,8.890371757896164,8.890371757896164,False,False
"[[0,0,0],[0,0,0],[0,1,3]]",4,5.300454875581852,5.3004548755817815,7.016609515630989e-14,0.6,0.6,8.890371757896164,8.890371757896164,False,False
"[[0,0,0],[0,0,0],[0,0,4]]",4,4.886768985304211,4.886768985304212,1.7763568394002505e-15,0.6,0.6,8.890371757896164,8.890371757896164,False,False
"[[4,0,0],[0,0,0],[1,0,0]]",5,0.19336853247963087,0.19336853247963295,2.0816681711721685e-15,1.0,1.0,9.701301974112493,9.701301974112493,False,False
"[[3,1,0],[0,0,0],[1,0,0]]",5,2.2975112668114672,2.2975112668114006,6.661338147750939e-14,0.6,0.6,9.701301974112493,9.701301974112493,False,False
"[[2,1,0],[1,0,0],[1,0,0]]",5,3.6004609249227646,3.60046092492274,2.4424906541753444e-14,0.6372322827415223,0.6372323171650247,10.147589076740912,10.147589076740912,False,False
"[[2,1,0],[0,1,0],[1,0,0]]",5,3.2373093404022613,3.237309340402161,1.0036416142611415e-13,0.6,0.6,10.147589076740912,10.147589076740912,False,False
"[[2,0,1],[0,0,0],[2,0,0]]",5,4.202543632792132,4.202543632792138,6.217248937900877e-15,0.6,0.6,9.912023005428146,9.912023005428145,False,False
"[[2,0,1],[0,0,0],[1,1,0]]",5,6.322215990190262,6.322215990190195,6.750155989720952e-14,0.6,0.6,9.912023005428146,9.912023005428145,False,False
"[[1,2,0],[1,0,0],[1,0,0]]",5,7.683874496213713,7.683874496213614,9.947598300641403e-14,0.6,0.6,10.147589076740912,10.147589076740912,False,False
"[[1,1,0],[1,1,0],[1,0,0]]",5,3.339497415436789,3.3394974154367256,6.350475700855895e-14,0.6,0.6,10.276666119016054,10.276666119016054,False,False
"[[1,1,0],[0,2,0],[1,0,0]]",5,4.360557484166809,4.360557484166673,1.3589129821411916e-13,0.6,0.6,10.276666119016054,10.276666119016054,False,False
"[[1,1,0],[0,0,1],[2,0,0]]",5,5.901155921460242,5.901155921460213,2.842170943040401e-14,0.6,0.6,10.276666119016054,10.276666119016054,False,False
"[[1,1,0],[0,0,1],[1,1,0]]",5,8.020828278858371,8.02082827885827,1.0125233984581428e-13,0.6,0.6,10.276666119016054,10.276666119016054,False,False
"[[1,1,1],[0,0,0],[2,0,0]]",5,6.897580135093824,6.897580135093757,6.661338147750939e-14,0.6,0.6,9.912023005428146,9.912023005428145,False,False
"[[1,0,1],[1,0,0],[1,1,0]]",5,7.810698426344679,7.8106984263446515,2.7533531010703882e-14,0.6,0.6,10.276666119016054,10.276666119016054,False,False
"[[1,0,1],[0,1,0],[1,1,0]]",5,7.445464133954809,7.445464133954708,1.0125233984581428e-13,0.6,0.6,10.276666119016054,10.276666119016054,False,False
"[[1,0,1],[0,0,0],[2,0,1]]",5,4.016249271672241,4.016249271672247,5.329070518200751e-15,0.6,0.6,9.912023005428146,9.912023005428145,False,False
"[[1,0,1],[0,0,0],[1,1,1]]",5,6.135921629070372,6.135921629070303,6.927791673660977e-14,0.6,0.6,9.912023005428146,9.912023005428145,False,False
"[[0,2,0],[2,0,0],[1,0,0]]",5,10.558651293488023,10.558651293487959,6.394884621840902e-14,0.6,0.6,10.276666119016054,10.276666119016054,True,True
"[[0,2,0],[1,1,0],[1,0,0]]",5,8.80712263997826,8.807122639978125,1.3500311979441904e-13,0.6,0.6,10.276666119016054,10.276666119016054,False,False
"[[0,1,1],[1,0,0],[2,0,0]]",5,9.772356932368133,9.772356932368103,3.019806626980426e-14,0.6,0.6,10.276666119016054,10.276666119016054,False,False
"[[0,1,1],[1,0,0],[1,1,0]]",5,11.892029289766262,11.89202928976616,1.0125233984581428e-13,0.6,0.6,10.276666119016054,10.276666119016054,True,True
"[[0,1,0],[1,2,0],[1,0,0]]",5,4.802543632792132,4.802543632792033,9.85878045867139e-14,0.6,0.6,10.147589076740912,10.147589076740912,False,False
"[[0,1,0],[0,3,0],[1,0,0]]",5,6.3468518452867,6.346851845286528,1.723066134218243e-13,0.6,0.6,10.147589076740912,10.147589076740912,False,False
"[[0,1,0],[0,1,1],[2,0,0]]",5,6.501155921460242,6.501155921460177,6.483702463810914e-14,0.6,0.6,10.276666119016054,10.276666119016054,False,False
"[[0,1,0],[0,1,1],[1,1,0]]",5,8.620828278858372,8.620828278858234,1.3855583347321954e-13,0.6,0.6,10.276666119016054,10.276666119016054,False,False
"[[0,2,0],[0,0,1],[2,0,0]]",5,11.368781146001716,11.368781146001613,1.0302869668521453e-13,0.6,0.6,10.276666119016054,10.276666119016054,True,True
"[[0,1,0],[1,0,1],[1,1,0]]",5,8.986062571248242,8.986062571248178,6.394884621840902e-14,0.6,0.6,10.276666119016054,10.276666119016054,False,False
"[[0,1,0],[0,0,1],[2,0,1]]",5,6.577907777695694,6.577907777695664,3.019806626980426e-14,0.6,0.6,10.147589076740912,10.147589076740912,False,False
"[[0,1,0],[0,0,1],[1,1,1]]",5,8.697580135093824,8.697580135093721,1.0302869668521453e-13,0.6,0.6,10.147589076740912,10.147589076740912,False,False
"[[0,1,1],[0,1,0],[2,0,0]]",5,9.407122639978262,9.40712263997816,1.0125233984581428e-13,0.6,0.6,10.276666119016054,10.276666119016054,False,False
"[[0,0,2],[0,0,0],[3,0,0]]",5,11.758651293488024,11.758651293488029,5.329070518200751e-15,0.6,0.6,9.912023005428146,9.912023005428145,True,True
"[[0,0,2],[0,0,0],[2,1,0]]",5,13.355075507121606,13.355075507121537,6.927791673660977e-14,0.6,0.6,9.912023005428146,9.912023005428145,True,True
"[[0,0,1],[1,1,0],[1,1,0]]",5,8.41069842634468,8.410698426344617,6.394884621840902e-14,0.6,0.6,10.276666119016054,10.276666119016054,False,False
"[[0,0,1],[0,2,0],[1,1,0]]",5,9.4317584950747,9.431758495074563,1.3677947663381929e-13,0.6,0.6,10.276666119016054,10.276666119016054,False,False
"[[0,0,1],[0,0,1],[2,1,0]]",5,10.449108788603585,10.449108788603555,3.019806626980426e-14,0.6,0.6,10.147589076740912,10.147589076740912,True,True
"[[0,0,1],[0,0,1],[1,2,0]]",5,13.955075507121606,13.955075507121503,1.0302869668521453e-13,0.6,0.6,10.147589076740912,10.147589076740912,True,True
"[[0,1,1],[0,0,0],[2,0,1]]",5,8.097580135093825,8.097580135093756,6.927791673660977e-14,0.6,0.6,9.912023005428146,9.912023005428145,False,False
"[[0,0,1],[1,0,0],[1,1,1]]",5,8.487450282580133,8.487450282580102,3.019806626980426e-14,0.6,0.6,10.147589076740912,10.147589076740912,False,False
"[[0,0,1],[0,1,0],[1,1,1]]",5,8.122215990190263,8.12221599019016,1.0302869668521453e-13,0.6,0.6,10.147589076740912,10.147589076740912,False,False
"[[0,0,1],[0,0,0],[2,0,2]]",5,5.739497415436789,5.7394974154367935,4.440892098500626e-15,0.6,0.6,9.701301974112495,9.701301974112493,False,False
"[[0,0,1],[0,0,0],[1,1,2]]",5,7.85916977283492,7.859169772834851,6.927791673660977e-14,0.6,0.6,9.701301974112495,9.701301974112493,False,False
"[[3,0,0],[1,0,0],[0,1,0]]",5,4.934639284903642,4.934639284903616,2.5757174171303632e-14,0.637232328916504,0.6372323078230334,10.147589076740912,10.147589076740912,False,False
"[[2,1,0],[1,0,0],[0,1,0]]",5,7.1085103513101515,7.108510351310052,9.947598300641403e-14,0.6,0.6,10.147589076740912,10.147589076740912,False,False
"[[1,1,0],[2,0,0],[0,1,0]]",5,8.59699278746457,8.596992787464508,6.217248937900877e-14,0.6,0.6,10.276666119016054,10.276666119016054,False,False
"[[1,1,0],[1,1,0],[0,1,0]]",5,6.845464133954808,6.845464133954674,1.341149413747189e-13,0.6,0.6,10.276666119016054,10.276666119016054,False,False
"[[1,0,1],[1,0,0],[0,2,0]]",5,12.70295950598259,12.70295950598249,1.0125233984581428e-13,0.6,0.6,10.276666119016054,10.276666119016054,True,True
"[[0,2,0],[2,0,0],[0,1,0]]",5,14.064618012006044,14.064618012005907,1.3677947663381929e-13,0.6,0.6,10.276666119016054,10.276666119016054,True,True
"[[0,1,0],[2,1,0],[0,1,0]]",5,8.673744643700022,8.673744643699923,9.947598300641403e-14,0.6,0.6,10.147589076740912,10.147589076740912,False,False
"[[0,1,0],[1,2,0],[0,1,0]]",5,8.30851035131015,8.30851035130998,1.7053025658242404e-13,0.6,0.6,10.147589076740912,10.147589076740912,False,False
"[[0,1,0],[1,0,1],[0,2,0]]",5,13.878323650886152,13.878323650886015,1.3677947663381929e-13,0.6,0.6,10.276666119016054,10.276666119016054,True,True
"[[0,0,1],[2,0,0],[0,2,0]]",5,15.054488159492351,15.054488159492289,6.217248937900877e-14,0.6,0.6,10.276666119016054,10.276666119016054,True,True
"[[0,0,1],[1,1,0],[0,2,0]]",5,13.302959505982592,13.302959505982454,1.3855583347321954e-13,0.6,0.6,10.276666119016054,10.276666119016054,True,True
"[[0,0,1],[1,0,0],[0,2,1]]",5,13.379711362218044,13.37971136221794,1.0480505352461478e-13,0.6,0.6,10.147589076740912,10.147589076740912,True,True
"[[2,0,0],[1,1,0],[0,1,0]]",5,4.150427631653117,4.150427631653054,6.306066779870889e-14,0.6,0.6,10.276666119016054,10.276666119016054,False,False
"[[1,0,0],[1,2,0],[0,1,0]]",5,4.22717948788857,4.227179487888471,9.85878045867139e-14,0.6,0.6,10.147589076740912,10.147589076740912,False,False
"[[0,0,0],[1,3,0],[0,1,0]]",5,4.487381414297775,4.487381414297642,1.3322676295501878e-13,0.6,0.6,9.701301974112493,9.701301974112493,False,False
"[[0,0,0],[0,4,0],[0,1,0]]",5,6.371487700383138,6.371487700382931,2.0694557179012918e-13,0.6,0.6,9.701301974112493,9.701301974112493,False,False
"[[0,0,0],[0,2,1],[1,1,0]]",5,4.616249271672241,4.616249271672142,9.85878045867139e-14,0.6,0.6,9.912023005428146,9.912023005428145,False,False
"[[0,0,0],[0,2,1],[0,2,0]]",5,9.508510351310152,9.50851035130998,1.723066134218243e-13,0.6,0.6,9.912023005428146,9.912023005428145,False,False
"[[1,0,0],[0,1,1],[1,1,0]]",5,4.53949741543679,4.539497415436725,6.483702463810914e-14,0.6,0.6,10.276666119016054,10.276666119016054,False,False
"[[0,0,0],[1,1,1],[0,2,0]]",5,8.48745028258013,8.487450282580033,9.769962616701378e-14,0.6,0.6,9.912023005428146,9.912023005428145,False,False
"[[0,0,0],[0,1,1],[1,1,1]]",5,3.8299549105523507,3.829954910552286,6.483702463810914e-14,0.6,0.6,9.912023005428146,9.912023005428145,False,False
"[[0,0,0],[0,1,1],[0,2,1]]",5,8.72221599019026,8.722215990190122,1.3855583347321954e-13,0.6,0.6,9.912023005428146,9.912023005428145,False,False
"[[2,0,0],[0,0,1],[1,1,0]]",5,5.32579177655668,5.325791776556651,2.930988785010413e-14,0.6,0.6,10.276666119016054,10.276666119016054,False,False
"[[1,0,0],[1,0,1],[0,2,0]]",5,9.79699278746457,9.796992787464506,6.394884621840902e-14,0.6,0.6,10.276666119016054,10.276666119016054,False,False
"[[0,0,0],[0,0,2],[1,2,0]]",5,11.049108788603585,11.049108788603519,6.572520305780927e-14,0.6,0.6,9.912023005428146,9.912023005428145,True,True
"[[0,0,0],[0,0,2],[0,3,0]]",5,16.464618012006046,16.464618012005907,1.3855583347321954e-13,0.6,0.6,9.912023005428146,9.912023005428145,True,True
"[[1,0,0],[0,0,1],[1,1,1]]",5,4.616249271672242,4.616249271672212,3.019806626980426e-14,0.6,0.6,10.147589076740912,10.147589076740912,False,False
"[[0,0,0],[1,0,1],[0,2,1]]",5,9.08745028258013,9.087450282580066,6.394884621840902e-14,0.6,0.6,9.912023005428146,9.912023005428145,False,False
"[[0,0,0],[0,0,1],[1,1,2]]",5,4.953203054316899,4.953203054316868,3.108624468950438e-14,0.6,0.6,9.701301974112495,9.701301974112493,False,False
"[[0,0,0],[0,0,1],[0,2,2]]",5,9.84546413395481,9.845464133954707,1.0302869668521453e-13,0.6,0.6,9.701301974112495,9.701301974112493,True,True
"[[3,0,0],[0,0,0],[1,0,1]]",5,0.27922662074522697,0.27922662074523297,5.995204332975845e-15,0.6,0.6,9.912023005428146,9.912023005428145,False,False
"[[2,1,0],[0,0,0],[1,0,1]]",5,2.4510149792823714,2.4510149792823044,6.705747068735946e-14,0.6,0.6,9.912023005428146,9.912023005428145,False,False
"[[1,1,0],[1,0,0],[1,0,1]]",5,3.9394974154367888,3.9394974154367604,2.842170943040401e-14,0.6,0.6,10.276666119016054,10.276666119016054,False,False
"[[1,1,0],[0,1,0],[1,0,1]]",5,3.574263123046919,3.574263123046817,1.021405182655144e-13,0.6,0.6,10.276666119016054,10.276666119016054,False,False
"[[0,2,0],[1,0,0],[1,0,1]]",5,9.407122639978262,9.40712263997816,1.0125233984581428e-13,0.6,0.6,10.276666119016054,10.276666119016054,False,False
"[[0,1,0],[1,1,0],[1,0,1]]",5,4.53949741543679,4.539497415436725,6.483702463810914e-14,0.6,0.6,10.276666119016054,10.276666119016054,False,False
"[[0,1,0],[0,2,0],[1,0,1]]",5,5.560557484166809,5.560557484166672,1.3677947663381929e-13,0.6,0.6,10.276666119016054,10.276666119016054,False,False
"[[2,0,0],[1,0,0],[0,1,1]]",5,4.7504276316531175,4.750427631653089,2.842170943040401e-14,0.6,0.6,10.276666119016054,10.276666119016054,False,False
"[[1,1,0],[1,0,0],[0,1,1]]",5,7.4454641339548076,7.445464133954708,9.947598300641403e-14,0.6,0.6,10.276666119016054,10.276666119016054,False,False
"[[0,1,0],[2,0,0],[0,1,1]]",5,9.79699278746457,9.796992787464506,6.394884621840902e-14,0.6,0.6,10.276666119016054,10.276666119016054,False,False
"[[0,1,0],[1,1,0],[0,1,1]]",5,8.045464133954809,8.045464133954672,1.3677947663381929e-13,0.6,0.6,10.276666119016054,10.276666119016054,False,False
"[[1,0,0],[1,1,0],[0,1,1]]",5,3.964133270533227,3.964133270533163,6.394884621840902e-14,0.6,0.6,10.276666119016054,10.276666119016054,False,False
"[[0,0,0],[1,2,0],[0,1,1]]",5,4.0408851267686785,4.04088512676858,9.85878045867139e-14,0.6,0.6,9.912023005428146,9.912023005428145,False,False
"[[0,0,0],[0,3,0],[0,1,1]]",5,5.585193339263247,5.585193339263075,1.723066134218243e-13,0.6,0.6,9.912023005428146,9.912023005428145,False,False
"[[2,0,0],[0,0,0],[1,0,2]]",5,0.9559784769806785,0.9559784769806839,5.440092820663267e-15,0.6,0.6,9.912023005428146,9.912023005428145,False,False
"[[1,1,0],[0,0,0],[1,0,2]]",5,3.6510149792823707,3.6510149792823032,6.750155989720952e-14,0.6,0.6,9.912023005428146,9.912023005428145,False,False
"[[0,1,0],[1,0,0],[1,0,2]]",5,6.002543632792131,6.002543632792102,2.930988785010413e-14,0.6,0.6,10.147589076740912,10.147589076740912,False,False
"[[0,1,0],[0,1,0],[1,0,2]]",5,5.637309340402261,5.637309340402158,1.0302869668521453e-13,0.6,0.6,10.147589076740912,10.147589076740912,False,False
"[[1,0,0],[1,0,0],[0,1,2]]",5,5.427179487888569,5.42717948788854,2.930988785010413e-14,0.6,0.6,10.147589076740912,10.147589076740912,False,False
"[[0,1,0],[1,0,0],[0,1,2]]",5,9.508510351310152,9.508510351310049,1.0302869668521453e-13,0.6,0.6,10.147589076740912,10.147589076740912,False,False
"[[0,0,0],[1,1,0],[0,1,2]]",5,4.640885126768679,4.640885126768614,6.483702463810914e-14,0.6,0.6,9.912023005428146,9.912023005428145,False,False
"[[0,0,0],[0,2,0],[0,1,2]]",5,5.661945195498699,5.661945195498561,1.3855583347321954e-13,0.6,0.6,9.912023005428146,9.912023005428145,False,False
"[[1,0,0],[0,0,0],[1,0,3]]",5,1.8161804033898843,1.8161804033898887,4.440892098500626e-15,0.6,0.6,9.701301974112495,9.701301974112493,False,False
"[[0,1,0],[0,0,0],[1,0,3]]",5,5.897511266811468,5.897511266811398,7.016609515630989e-14,0.6,0.6,9.701301974112495,9.701301974112493,False,False
"[[0,0,0],[1,0,0],[0,1,3]]",5,6.287381414297774,6.2873814142977436,3.019806626980426e-14,0.6,0.6,9.701301974112495,9.701301974112493,False,False
"[[0,0,0],[0,1,0],[0,1,3]]",5,5.922147121907904,5.9221471219078,1.0391687510491465e-13,0.6,0.6,9.701301974112495,9.701301974112493,False,False
"[[0,0,0],[0,0,0],[1,0,4]]",5,2.7635088641741783,2.763508864174182,3.552713678800501e-15,0.6,0.6,9.198673117550682,9.198673117550682,False,False
"[[0,0,0],[0,0,0],[0,1,4]]",5,6.269475582692199,6.26947558269213,6.927791673660977e-14,0.6,0.6,9.198673117550682,9.198673117550682,False,False
"[[0,0,0],[0,0,0],[0,0,5]]",5,6.1084612316302636,6.108461231630265,1.7763568394002505e-15,0.6,0.6,9.198673117550682,9.198673117550682,False,False
"[[5,0,0],[0,0,0],[1,0,0]]",6,0.20248143370110266,0.20248143370110516,2.4980018054066022e-15,1.0,1.0,10.00960333376701,10.00960333376701,False,False
"[[4,1,0],[0,0,0],[1,0,0]]",6,2.0665319739218138,2.066531973921749,6.483702463810914e-14,0.6,0.6,10.00960333376701,10.00960333376701,False,False
"[[3,1,0],[1,0,0],[1,0,0]]",6,3.2799726404417227,3.2799726404416982,2.4424906541753444e-14,0.6539763455471108,0.6539763412608259,10.512232190328822,10.512232190328822,False,False
"[[3,1,0],[0,1,0],[1,0,0]]",6,2.9192035131375196,2.9192035131374197,9.992007221626409e-14,0.6,0.6,10.512232190328822,10.512232190328822,False,False
"[[3,0,1],[0,0,0],[2,0,0]]",6,3.88443780552739,3.8844378055273974,7.549516567451064e-15,0.6,0.6,10.276666119016054,10.276666119016054,False,False
"[[3,0,1],[0,0,0],[1,1,0]]",6,6.00411016292552,6.004110162925454,6.572520305780927e-14,0.6,0.6,10.276666119016054,10.276666119016054,False,False
"[[2,2,0],[1,0,0],[1,0,0]]",6,6.8425205251844226,6.842520525184325,9.769962616701378e-14,0.6,0.6,10.512232190328822,10.512232190328822,False,False
"[[2,1,0],[1,1,0],[1,0,0]]",6,2.837941517998294,2.8379415179982326,6.128431095930864e-14,0.6,0.6,10.722953221644474,10.722953221644474,False,False
"[[2,1,0],[0,2,0],[1,0,0]]",6,3.8590015867283136,3.8590015867281795,1.341149413747189e-13,0.6,0.6,10.722953221644474,10.722953221644474,False,False
"[[2,1,0],[0,0,1],[2,0,0]]",6,5.399600024021746,5.399600024021719,2.6645352591003757e-14,0.6,0.6,10.722953221644474,10.722953221644474,False,False
"[[2,1,0],[0,0,1],[1,1,0]]",6,7.519272381419876,7.519272381419777,9.947598300641403e-14,0.6,0.6,10.722953221644474,10.722953221644474,False,False
"[[2,1,1],[0,0,0],[2,0,0]]",6,6.056226164064534,6.056226164064468,6.572520305780927e-14,0.6,0.6,10.276666119016054,10.276666119016054,False,False
"[[2,0,1],[1,0,0],[1,1,0]]",6,7.309142528906186,7.309142528906158,2.842170943040401e-14,0.6,0.6,10.722953221644474,10.722953221644474,False,False
"[[2,0,1],[0,1,0],[1,1,0]]",6,6.9439082365163145,6.943908236516214,1.0036416142611415e-13,0.6,0.6,10.722953221644474,10.722953221644474,False,False
"[[2,0,1],[0,0,0],[2,0,1]]",6,3.5146933742337456,3.5146933742337527,7.105427357601002e-15,0.6,0.6,10.358310108056566,10.358310108056566,False,False
"[[2,0,1],[0,0,0],[1,1,1]]",6,5.634365731631878,5.63436573163181,6.750155989720952e-14,0.6,0.6,10.358310108056566,10.358310108056566,False,False
"[[1,2,0],[2,0,0],[1,0,0]]",6,8.670801034929637,8.670801034929575,6.217248937900877e-14,0.6,0.6,10.722953221644474,10.722953221644474,False,False
"[[1,2,0],[1,1,0],[1,0,0]]",6,6.919272381419876,6.919272381419741,1.3500311979441904e-13,0.6,0.6,10.722953221644474,10.722953221644474,False,False
"[[1,1,1],[1,0,0],[2,0,0]]",6,7.884506673809746,7.884506673809719,2.6645352591003757e-14,0.6,0.6,10.722953221644474,10.722953221644474,False,False
"[[1,1,1],[1,0,0],[1,1,0]]",6,10.004179031207876,10.004179031207777,9.947598300641403e-14,0.6,0.6,10.722953221644474,10.722953221644474,False,False
"[[1,1,0],[1,2,0],[1,0,0]]",6,3.4379415179982935,3.4379415179981967,9.681144774731365e-14,0.6,0.6,10.722953221644474,10.722953221644474,False,False
"[[1,1,0],[0,3,0],[1,0,0]]",6,4.982249730492862,4.982249730492692,1.7053025658242404e-13,0.6,0.6,10.722953221644474,10.722953221644474,False,False
"[[1,1,0],[0,1,1],[2,0,0]]",6,5.136553806666404,5.136553806666341,6.306066779870889e-14,0.6,0.6,10.852030263919616,10.852030263919616,False,False
"[[1,1,0],[0,1,1],[1,1,0]]",6,7.256226164064533,7.256226164064398,1.3500311979441904e-13,0.6,0.6,10.852030263919616,10.852030263919616,False,False
"[[1,2,0],[0,0,1],[2,0,0]]",6,9.48093088744333,9.480930887443229,1.0125233984581428e-13,0.6,0.6,10.722953221644474,10.722953221644474,False,False
"[[1,1,0],[1,0,1],[1,1,0]]",6,7.621460456454405,7.621460456454342,6.306066779870889e-14,0.6,0.6,10.852030263919616,10.852030263919616,False,False
"[[1,1,0],[0,0,1],[2,0,1]]",6,5.213305662901856,5.213305662901828,2.842170943040401e-14,0.6,0.6,10.722953221644474,10.722953221644474,False,False
"[[1,1,0],[0,0,1],[1,1,1]]",6,7.332978020299986,7.332978020299885,1.0125233984581428e-13,0.6,0.6,10.722953221644474,10.722953221644474,False,False
"[[1,1,1],[0,1,0],[2,0,0]]",6,7.519272381419876,7.519272381419777,9.947598300641403e-14,0.6,0.6,10.722953221644474,10.722953221644474,False,False
"[[1,0,2],[0,0,0],[3,0,0]]",6,9.870801034929638,9.870801034929643,5.329070518200751e-15,0.6,0.6,10.358310108056566,10.358310108056566,False,False
"[[1,0,2],[0,0,0],[2,1,0]]",6,11.46722524856322,11.467225248563153,6.750155989720952e-14,0.6,0.6,10.358310108056566,10.358310108056566,True,True
"[[1,0,1],[1,1,0],[1,1,0]]",6,7.0460963115508415,7.046096311550779,6.217248937900877e-14,0.6,0.6,10.852030263919616,10.852030263919616,False,False
"[[1,0,1],[0,2,0],[1,1,0]]",6,8.067156380280862,8.067156380280727,1.3500311979441904e-13,0.6,0.6,10.852030263919616,10.852030263919616,False,False
"[[1,0,1],[0,0,1],[2,1,0]]",6,9.084506673809747,9.084506673809718,2.842170943040401e-14,0.6,0.6,10.722953221644474,10.722953221644474,False,False
"[[1,0,1],[0,0,1],[1,2,0]]",6,12.590473392327768,12.590473392327667,1.0125233984581428e-13,0.6,0.6,10.722953221644474,10.722953221644474,True,True
"[[1,1,1],[0,0,0],[2,0,1]]",6,6.209729876535437,6.209729876535372,6.572520305780927e-14,0.6,0.6,10.358310108056566,10.358310108056566,False,False
"[[1,0,1],[1,0,0],[1,1,1]]",6,7.1228481677862945,7.122848167786266,2.842170943040401e-14,0.6,0.6,10.722953221644474,10.722953221644474,False,False
"[[1,0,1],[0,1,0],[1,1,1]]",6,6.757613875396425,6.757613875396323,1.021405182655144e-13,0.6,0.6,10.722953221644474,10.722953221644474,False,False
"[[1,0,1],[0,0,0],[2,0,2]]",6,4.374895300642952,4.374895300642957,5.329070518200751e-15,0.6,0.6,10.276666119016054,10.276666119016054,False,False
"[[1,0,1],[0,0,0],[1,1,2]]",6,6.494567658041082,6.494567658041014,6.838973831690964e-14,0.6,0.6,10.276666119016054,10.276666119016054,False,False
"[[0,3,0],[2,0,0],[1,0,0]]",6,14.661674403235658,14.661674403235521,1.3677947663381929e-13,0.6,0.6,10.722953221644474,10.722953221644474,True,True
"[[0,2,0],[2,1,0],[1,0,0]]",6,9.270801034929637,9.270801034929539,9.769962616701378e-14,0.6,0.6,10.722953221644474,10.722953221644474,False,False
"[[0,2,0],[1,2,0],[1,0,0]]",6,8.905566742539767,8.905566742539596,1.7053025658242404e-13,0.6,0.6,10.722953221644474,10.722953221644474,False,False
"[[0,2,0],[1,0,1],[2,0,0]]",6,10.969413323597747,10.969413323597683,6.394884621840902e-14,0.6,0.6,10.852030263919616,10.852030263919616,True,True
"[[0,2,0],[1,0,1],[1,1,0]]",6,13.089085680995877,13.08908568099574,1.3677947663381929e-13,0.6,0.6,10.852030263919616,10.852030263919616,True,True
"[[0,2,1],[1,0,0],[2,0,0]]",6,13.35213189835122,13.352131898351118,1.0125233984581428e-13,0.6,0.6,10.722953221644474,10.722953221644474,True,True
"[[0,1,1],[2,0,0],[1,1,0]]",6,12.878955828482185,12.878955828482123,6.217248937900877e-14,0.6,0.6,10.852030263919616,10.852030263919616,True,True
"[[0,1,1],[1,1,0],[1,1,0]]",6,11.127427174972425,11.127427174972288,1.3677947663381929e-13,0.6,0.6,10.852030263919616,10.852030263919616,True,True
"[[0,1,1],[1,0,0],[2,0,1]]",6,9.084506673809747,9.084506673809718,2.842170943040401e-14,0.6,0.6,10.722953221644474,10.722953221644474,False,False
"[[0,1,1],[1,0,0],[1,1,1]]",6,11.204179031207875,11.204179031207776,9.947598300641403e-14,0.6,0.6,10.722953221644474,10.722953221644474,True,True
"[[0,1,1],[1,1,0],[2,0,0]]",6,9.007754817574295,9.00775481757423,6.394884621840902e-14,0.6,0.6,10.852030263919616,10.852030263919616,False,False
"[[0,1,0],[1,3,0],[1,0,0]]",6,5.084437805527389,5.084437805527257,1.3233858453531866e-13,0.6,0.6,10.512232190328822,10.512232190328822,False,False
"[[0,1,0],[0,4,0],[1,0,0]]",6,6.968544091612753,6.968544091612547,2.0516921495072893e-13,0.6,0.6,10.512232190328822,10.512232190328822,False,False
"[[0,1,0],[0,2,1],[2,0,0]]",6,6.599600024021747,6.599600024021648,9.85878045867139e-14,0.6,0.6,10.722953221644474,10.722953221644474,False,False
"[[0,1,0],[0,2,1],[1,1,0]]",6,8.719272381419877,8.719272381419705,1.723066134218243e-13,0.6,0.6,10.722953221644474,10.722953221644474,False,False
"[[0,2,0],[0,1,1],[2,0,0]]",6,10.604179031207877,10.60417903120774,1.3677947663381929e-13,0.6,0.6,10.852030263919616,10.852030263919616,False,False
"[[0,1,0],[1,1,1],[1,1,0]]",6,7.698212312689858,7.698212312689758,9.947598300641403e-14,0.6,0.6,10.722953221644474,10.722953221644474,False,False
"[[0,1,0],[0,1,1],[2,0,1]]",6,5.813305662901856,5.813305662901792,6.394884621840902e-14,0.6,0.6,10.722953221644474,10.722953221644474,False,False
"[[0,1,0],[0,1,1],[1,1,1]]",6,7.932978020299986,7.932978020299849,1.3677947663381929e-13,0.6,0.6,10.722953221644474,10.722953221644474,False,False
"[[0,1,1],[0,0,1],[3,0,0]]",6,11.569413323597747,11.569413323597718,2.842170943040401e-14,0.6,0.6,10.722953221644474,10.722953221644474,True,True
"[[0,1,1],[0,0,1],[2,1,0]]",6,13.16583753723133,13.165837537231228,1.0125233984581428e-13,0.6,0.6,10.722953221644474,10.722953221644474,True,True
"[[0,1,0],[0,0,2],[2,1,0]]",6,11.6461651798332,11.646165179833137,6.394884621840902e-14,0.6,0.6,10.722953221644474,10.722953221644474,True,True
"[[0,1,0],[0,0,2],[1,2,0]]",6,15.152131898351222,15.152131898351083,1.3855583347321954e-13,0.6,0.6,10.722953221644474,10.722953221644474,True,True
"[[0,2,0],[0,0,1],[2,0,1]]",6,10.68093088744333,10.680930887443226,1.0302869668521453e-13,0.6,0.6,10.722953221644474,10.722953221644474,False,False
"[[0,1,0],[1,0,1],[1,1,1]]",6,8.298212312689857,8.298212312689792,6.572520305780927e-14,0.6,0.6,10.722953221644474,10.722953221644474,False,False
"[[0,1,0],[0,0,1],[2,0,2]]",6,6.936553806666403,6.9365538066663746,2.842170943040401e-14,0.6,0.6,10.512232190328822,10.512232190328822,False,False
"[[0,1,0],[0,0,1],[1,1,2]]",6,9.056226164064533,9.056226164064432,1.0125233984581428e-13,0.6,0.6,10.512232190328822,10.512232190328822,False,False
"[[0,1,1],[0,2,0],[2,0,0]]",6,10.028814886304314,10.028814886304179,1.3500311979441904e-13,0.6,0.6,10.852030263919616,10.852030263919616,False,False
"[[0,1,2],[0,0,0],[3,0,0]]",6,13.95213189835122,13.952131898351153,6.750155989720952e-14,0.6,0.6,10.358310108056566,10.358310108056566,True,True
"[[0,0,2],[1,0,0],[2,1,0]]",6,14.342002045837528,14.3420020458375,2.842170943040401e-14,0.6,0.6,10.722953221644474,10.722953221644474,True,True
"[[0,0,2],[0,1,0],[2,1,0]]",6,13.976767753447659,13.976767753447557,1.0125233984581428e-13,0.6,0.6,10.722953221644474,10.722953221644474,True,True
"[[0,0,2],[0,0,0],[3,0,1]]",6,10.731002961338842,10.731002961338849,7.105427357601002e-15,0.6,0.6,10.276666119016054,10.276666119016054,True,True
"[[0,0,2],[0,0,0],[2,1,1]]",6,12.327427174972424,12.327427174972357,6.750155989720952e-14,0.6,0.6,10.276666119016054,10.276666119016054,True,True
"[[0,0,2],[1,0,0],[1,2,0]]",6,17.84796876435555,17.847968764355446,1.0302869668521453e-13,0.6,0.6,10.722953221644474,10.722953221644474,True,True
"[[0,0,1],[1,2,0],[1,1,0]]",6,8.509142528906185,8.509142528906088,9.769962616701378e-14,0.6,0.6,10.722953221644474,10.722953221644474,False,False
"[[0,0,1],[0,3,0],[1,1,0]]",6,10.053450741400752,10.053450741400582,1.7053025658242404e-13,0.6,0.6,10.722953221644474,10.722953221644474,False,False
"[[0,0,1],[0,1,1],[2,1,0]]",6,9.684506673809747,9.684506673809683,6.394884621840902e-14,0.6,0.6,10.722953221644474,10.722953221644474,False,False
"[[0,0,1],[0,1,1],[1,2,0]]",6,13.190473392327767,13.19047339232763,1.3677947663381929e-13,0.6,0.6,10.722953221644474,10.722953221644474,True,True
"[[0,0,1],[1,0,1],[1,2,0]]",6,13.555707684717639,13.555707684717573,6.572520305780927e-14,0.6,0.6,10.722953221644474,10.722953221644474,True,True
"[[0,0,1],[0,0,1],[2,1,1]]",6,9.421460456454405,9.421460456454374,3.019806626980426e-14,0.6,0.6,10.512232190328822,10.512232190328822,False,False
"[[0,0,1],[0,0,1],[1,2,1]]",6,12.927427174972426,12.927427174972323,1.0302869668521453e-13,0.6,0.6,10.512232190328822,10.512232190328822,True,True
"[[0,1,1],[0,1,0],[2,0,1]]",6,8.719272381419877,8.719272381419774,1.0302869668521453e-13,0.6,0.6,10.722953221644474,10.722953221644474,False,False
"[[0,0,1],[1,1,0],[1,1,1]]",6,7.722848167786294,7.722848167786231,6.306066779870889e-14,0.6,0.6,10.722953221644474,10.722953221644474,False,False
"[[0,0,1],[0,2,0],[1,1,1]]",6,8.743908236516313,8.743908236516178,1.3500311979441904e-13,0.6,0.6,10.722953221644474,10.722953221644474,False,False
"[[0,1,1],[0,0,0],[2,0,2]]",6,8.456226164064535,8.456226164064466,6.927791673660977e-14,0.6,0.6,10.276666119016054,10.276666119016054,False,False
"[[0,0,1],[1,0,0],[1,1,2]]",6,8.846096311550841,8.846096311550813,2.842170943040401e-14,0.6,0.6,10.512232190328822,10.512232190328822,False,False
"[[0,0,1],[0,1,0],[1,1,2]]",6,8.480862019160973,8.48086201916087,1.0302869668521453e-13,0.6,0.6,10.512232190328822,10.512232190328822,False,False
"[[0,0,1],[0,0,0],[2,0,3]]",6,6.368720048956341,6.368720048956346,5.329070518200751e-15,0.6,0.6,10.00960333376701,10.00960333376701,False,False
"[[0,0,1],[0,0,0],[1,1,3]]",6,8.488392406354471,8.488392406354404,6.750155989720952e-14,0.6,0.6,10.00960333376701,10.00960333376701,False,False
"[[4,0,0],[1,0,0],[0,1,0]]",6,4.953949074013395,4.953949074013369,2.5757174171303632e-14,0.6539763461984471,0.6539763615173361,10.512232190328822,10.512232190328822,False,False
"[[3,1,0],[1,0,0],[0,1,0]]",6,6.790404524045409,6.790404524045311,9.85878045867139e-14,0.6,0.6,10.512232190328822,10.512232190328822,False,False
"[[2,1,0],[2,0,0],[0,1,0]]",6,8.095436890026075,8.095436890026013,6.217248937900877e-14,0.6,0.6,10.722953221644474,10.722953221644474,False,False
"[[2,1,0],[1,1,0],[0,1,0]]",6,6.343908236516313,6.34390823651618,1.3322676295501878e-13,0.6,0.6,10.722953221644474,10.722953221644474,False,False
"[[2,0,1],[1,0,0],[0,2,0]]",6,12.201403608544098,12.201403608543995,1.0302869668521453e-13,0.6,0.6,10.722953221644474,10.722953221644474,True,True
"[[1,2,0],[2,0,0],[0,1,0]]",6,12.176767753447658,12.176767753447523,1.3500311979441904e-13,0.6,0.6,10.722953221644474,10.722953221644474,True,True
"[[1,1,0],[2,1,0],[0,1,0]]",6,7.309142528906184,7.309142528906087,9.681144774731365e-14,0.6,0.6,10.722953221644474,10.722953221644474,False,False
"[[1,1,0],[1,2,0],[0,1,0]]",6,6.943908236516313,6.943908236516144,1.687538997430238e-13,0.6,0.6,10.722953221644474,10.722953221644474,False,False
"[[1,1,0],[1,0,1],[0,2,0]]",6,12.513721536092314,12.513721536092179,1.3500311979441904e-13,0.6,0.6,10.852030263919616,10.852030263919616,True,True
"[[1,0,1],[2,0,0],[0,2,0]]",6,13.689886044698515,13.68988604469845,6.394884621840902e-14,0.6,0.6,10.852030263919616,10.852030263919616,True,True
"[[1,0,1],[1,1,0],[0,2,0]]",6,11.938357391188752,11.938357391188617,1.3500311979441904e-13,0.6,0.6,10.852030263919616,10.852030263919616,True,True
"[[1,0,1],[1,0,0],[0,2,1]]",6,12.015109247424206,12.015109247424103,1.0302869668521453e-13,0.6,0.6,10.722953221644474,10.722953221644474,True,True
"[[0,2,0],[3,0,0],[0,1,0]]",6,15.051544550721967,15.05154455072187,9.769962616701378e-14,0.6,0.6,10.722953221644474,10.722953221644474,True,True
"[[0,2,0],[2,1,0],[0,1,0]]",6,12.776767753447658,12.776767753447487,1.7053025658242404e-13,0.6,0.6,10.722953221644474,10.722953221644474,True,True
"[[0,1,1],[2,0,0],[0,2,0]]",6,17.771216908120095,17.77121690811996,1.3500311979441904e-13,0.6,0.6,10.852030263919616,10.852030263919616,True,True
"[[0,1,0],[2,2,0],[0,1,0]]",6,8.432390672670731,8.4323906726706,1.3145040611561853e-13,0.6,0.6,10.512232190328822,10.512232190328822,False,False
"[[0,1,0],[1,3,0],[0,1,0]]",6,8.590404524045407,8.590404524045205,2.0250467969162855e-13,0.6,0.6,10.512232190328822,10.512232190328822,False,False
"[[0,1,0],[1,1,1],[0,2,0]]",6,12.590473392327766,12.590473392327596,1.7053025658242404e-13,0.6,0.6,10.722953221644474,10.722953221644474,True,True
"[[0,1,0],[2,0,1],[0,2,0]]",6,14.342002045837528,14.342002045837429,9.947598300641403e-14,0.6,0.6,10.722953221644474,10.722953221644474,True,True
"[[0,1,0],[1,0,1],[0,2,1]]",6,13.190473392327767,13.190473392327629,1.3855583347321954e-13,0.6,0.6,10.722953221644474,10.722953221644474,True,True
"[[0,0,1],[2,1,0],[0,2,0]]",6,13.766637900933965,13.766637900933869,9.592326932761353e-14,0.6,0.6,10.722953221644474,10.722953221644474,True,True
"[[0,0,1],[1,2,0],[0,2,0]]",6,13.401403608544097,13.401403608543925,1.723066134218243e-13,0.6,0.6,10.722953221644474,10.722953221644474,True,True
"[[0,0,1],[1,0,1],[0,3,0]]",6,18.9712169081201,18.97121690811996,1.3855583347321954e-13,0.6,0.6,10.722953221644474,10.722953221644474,True,True
"[[0,0,1],[2,0,0],[0,2,1]]",6,14.366637900933966,14.366637900933902,6.394884621840902e-14,0.6,0.6,10.722953221644474,10.722953221644474,True,True
"[[0,0,1],[1,1,0],[0,2,1]]",6,12.615109247424206,12.615109247424067,1.3855583347321954e-13,0.6,0.6,10.722953221644474,10.722953221644474,True,True
"[[0,0,1],[1,0,0],[0,2,2]]",6,13.738357391188753,13.738357391188652,1.0125233984581428e-13,0.6,0.6,10.512232190328822,10.512232190328822,True,True
"[[3,0,0],[1,1,0],[0,1,0]]",6,4.17211987797917,4.172119877979108,6.128431095930864e-14,0.6,0.6,10.722953221644474,10.722953221644474,False,False
"[[2,0,0],[1,2,0],[0,1,0]]",6,4.248871734214623,4.248871734214525,9.769962616701378e-14,0.6,0.6,10.722953221644474,10.722953221644474,False,False
"[[1,0,0],[1,3,0],[0,1,0]]",6,4.5090736606238275,4.509073660623695,1.3233858453531866e-13,0.6,0.6,10.512232190328822,10.512232190328822,False,False
"[[0,0,0],[1,4,0],[0,1,0]]",6,4.856402121408121,4.856402121407955,1.6608936448392342e-13,0.6,0.6,10.00960333376701,10.00960333376701,False,False
"[[0,0,0],[0,5,0],[0,1,0]]",6,6.993179946709191,6.99317994670895,2.4069635173873394e-13,0.6,0.6,10.00960333376701,10.00960333376701,False,False
"[[0,0,0],[0,3,1],[1,1,0]]",6,4.898143444407499,4.898143444407366,1.3322676295501878e-13,0.6,0.6,10.276666119016054,10.276666119016054,False,False
"[[0,0,0],[0,3,1],[0,2,0]]",6,9.79040452404541,9.790404524045204,2.0605739337042905e-13,0.6,0.6,10.276666119016054,10.276666119016054,False,False
"[[1,0,0],[0,2,1],[1,1,0]]",6,4.637941517998294,4.637941517998196,9.769962616701378e-14,0.6,0.6,10.722953221644474,10.722953221644474,False,False
"[[0,0,0],[1,2,1],[0,2,0]]",6,8.24609631155084,8.246096311550708,1.3145040611561853e-13,0.6,0.6,10.276666119016054,10.276666119016054,False,False
"[[0,0,0],[0,2,1],[1,1,1]]",6,3.9283990131138555,3.928399013113757,9.85878045867139e-14,0.6,0.6,10.358310108056566,10.358310108056566,False,False
"[[0,0,0],[0,2,1],[0,2,1]]",6,8.820660092751766,8.820660092751593,1.723066134218243e-13,0.6,0.6,10.358310108056566,10.358310108056566,False,False
"[[2,0,0],[0,1,1],[1,1,0]]",6,4.5611896617628425,4.561189661762779,6.306066779870889e-14,0.6,0.6,10.852030263919616,10.852030263919616,False,False
"[[1,0,0],[1,1,1],[0,2,0]]",6,8.509142528906184,8.509142528906088,9.592326932761353e-14,0.6,0.6,10.722953221644474,10.722953221644474,False,False
"[[0,0,0],[0,1,2],[1,2,0]]",6,9.7612585300452,9.761258530045101,9.947598300641403e-14,0.6,0.6,10.358310108056566,10.358310108056566,False,False
"[[0,0,0],[0,1,2],[0,3,0]]",6,15.17676775344766,15.176767753447486,1.7408297026122455e-13,0.6,0.6,10.358310108056566,10.358310108056566,True,True
"[[1,0,0],[0,1,1],[1,1,1]]",6,3.8516471568784034,3.85164715687834,6.350475700855895e-14,0.6,0.6,10.722953221644474,10.722953221644474,False,False
"[[0,0,0],[1,1,1],[0,2,1]]",6,7.799600024021746,7.799600024021647,9.947598300641403e-14,0.6,0.6,10.358310108056566,10.358310108056566,False,False
"[[0,0,0],[0,1,1],[1,1,2]]",6,4.18860093952306,4.188600939522996,6.394884621840902e-14,0.6,0.6,10.276666119016054,10.276666119016054,False,False
"[[0,0,0],[0,1,1],[0,2,2]]",6,9.080862019160971,9.080862019160834,1.3677947663381929e-13,0.6,0.6,10.276666119016054,10.276666119016054,False,False
"[[3,0,0],[0,0,1],[1,1,0]]",6,5.347484022882733,5.347484022882705,2.7533531010703882e-14,0.6,0.6,10.722953221644474,10.722953221644474,False,False
"[[2,0,0],[1,0,1],[0,2,0]]",6,9.818685033790622,9.81868503379056,6.217248937900877e-14,0.6,0.6,10.852030263919616,10.852030263919616,False,False
"[[1,0,0],[0,0,2],[1,2,0]]",6,11.070801034929637,11.070801034929573,6.394884621840902e-14,0.6,0.6,10.722953221644474,10.722953221644474,True,True
"[[0,0,0],[1,0,2],[0,3,0]]",6,15.542002045837531,15.54200204583743,1.0125233984581428e-13,0.6,0.6,10.358310108056566,10.358310108056566,True,True
"[[0,0,0],[0,0,2],[1,2,1]]",6,10.021460456454406,10.021460456454339,6.750155989720952e-14,0.6,0.6,10.276666119016054,10.276666119016054,False,False
"[[0,0,0],[0,0,2],[0,3,1]]",6,15.436969679856865,15.436969679856727,1.3855583347321954e-13,0.6,0.6,10.276666119016054,10.276666119016054,True,True
"[[2,0,0],[0,0,1],[1,1,1]]",6,4.637941517998295,4.637941517998265,2.930988785010413e-14,0.6,0.6,10.722953221644474,10.722953221644474,False,False
"[[1,0,0],[1,0,1],[0,2,1]]",6,9.109142528906183,9.10914252890612,6.394884621840902e-14,0.6,0.6,10.722953221644474,10.722953221644474,False,False
"[[1,0,0],[0,0,1],[1,1,2]]",6,4.9748953006429515,4.974895300642922,2.930988785010413e-14,0.6,0.6,10.512232190328822,10.512232190328822,False,False
"[[0,0,0],[1,0,1],[0,2,2]]",6,9.446096311550843,9.446096311550777,6.572520305780927e-14,0.6,0.6,10.276666119016054,10.276666119016054,False,False
"[[0,0,0],[0,0,1],[1,1,3]]",6,5.5824256878364515,5.58242568783642,3.197442310920451e-14,0.6,0.6,10.00960333376701,10.00960333376701,False,False
"[[0,0,0],[0,0,1],[0,2,3]]",6,10.474686767474362,10.474686767474259,1.0302869668521453e-13,0.6,0.6,10.00960333376701,10.00960333376701,True,True
"[[4,0,0],[0,0,0],[1,0,1]]",6,0.3009188670712797,0.30091886707128696,7.271960811294775e-15,0.6,0.6,10.276666119016054,10.276666119016054,False,False
"[[3,1,0],[0,0,0],[1,0,1]]",6,2.1329091520176293,2.132909152017563,6.616929226765933e-14,0.6,0.6,10.276666119016054,10.276666119016054,False,False
"[[2,1,0],[1,0,0],[1,0,1]]",6,3.4379415179982935,3.437941517998267,2.6645352591003757e-14,0.6,0.6,10.722953221644474,10.722953221644474,False,False
"[[2,1,0],[0,1,0],[1,0,1]]",6,3.072707225608424,3.0727072256083234,1.0036416142611415e-13,0.6,0.6,10.722953221644474,10.722953221644474,False,False
"[[1,2,0],[1,0,0],[1,0,1]]",6,7.519272381419876,7.519272381419776,1.0036416142611415e-13,0.6,0.6,10.722953221644474,10.722953221644474,False,False
"[[1,1,0],[1,1,0],[1,0,1]]",6,3.1748953006429517,3.1748953006428886,6.306066779870889e-14,0.6,0.6,10.852030263919616,10.852030263919616,False,False
"[[1,1,0],[0,2,0],[1,0,1]]",6,4.195955369372971,4.195955369372836,1.3500311979441904e-13,0.6,0.6,10.852030263919616,10.852030263919616,False,False
"[[0,2,0],[2,0,0],[1,0,1]]",6,10.394049178694186,10.394049178694122,6.394884621840902e-14,0.6,0.6,10.852030263919616,10.852030263919616,False,False
"[[0,2,0],[1,1,0],[1,0,1]]",6,8.642520525184423,8.642520525184288,1.3500311979441904e-13,0.6,0.6,10.852030263919616,10.852030263919616,False,False
"[[0,1,0],[1,2,0],[1,0,1]]",6,4.637941517998294,4.637941517998195,9.85878045867139e-14,0.6,0.6,10.722953221644474,10.722953221644474,False,False
"[[0,1,0],[0,3,0],[1,0,1]]",6,6.182249730492861,6.182249730492691,1.7053025658242404e-13,0.6,0.6,10.722953221644474,10.722953221644474,False,False
"[[3,0,0],[1,0,0],[0,1,1]]",6,4.77211987797917,4.772119877979143,2.7533531010703882e-14,0.6,0.6,10.722953221644474,10.722953221644474,False,False
"[[2,1,0],[1,0,0],[0,1,1]]",6,6.943908236516313,6.943908236516214,9.85878045867139e-14,0.6,0.6,10.722953221644474,10.722953221644474,False,False
"[[1,1,0],[2,0,0],[0,1,1]]",6,8.432390672670731,8.43239067267067,6.217248937900877e-14,0.6,0.6,10.852030263919616,10.852030263919616,False,False
"[[1,1,0],[1,1,0],[0,1,1]]",6,6.68086201916097,6.680862019160836,1.341149413747189e-13,0.6,0.6,10.852030263919616,10.852030263919616,False,False
"[[0,2,0],[2,0,0],[0,1,1]]",6,13.900015897212205,13.90001589721207,1.3500311979441904e-13,0.6,0.6,10.852030263919616,10.852030263919616,True,True
"[[0,1,0],[2,1,0],[0,1,1]]",6,8.509142528906185,8.509142528906086,9.947598300641403e-14,0.6,0.6,10.722953221644474,10.722953221644474,False,False
"[[0,1,0],[1,2,0],[0,1,1]]",6,8.143908236516314,8.143908236516143,1.7053025658242404e-13,0.6,0.6,10.722953221644474,10.722953221644474,False,False
"[[2,0,0],[1,1,0],[0,1,1]]",6,3.9858255168592795,3.985825516859217,6.261657858885883e-14,0.6,0.6,10.852030263919616,10.852030263919616,False,False
"[[1,0,0],[1,2,0],[0,1,1]]",6,4.062577373094731,4.0625773730946335,9.769962616701378e-14,0.6,0.6,10.722953221644474,10.722953221644474,False,False
"[[0,0,0],[1,3,0],[0,1,1]]",6,4.322779299503936,4.322779299503804,1.3233858453531866e-13,0.6,0.6,10.276666119016054,10.276666119016054,False,False
"[[0,0,0],[0,4,0],[0,1,1]]",6,6.2068855855892995,6.206885585589093,2.0605739337042905e-13,0.6,0.6,10.276666119016054,10.276666119016054,False,False
"[[3,0,0],[0,0,0],[1,0,2]]",6,0.9776707233067312,0.977670723306738,6.772360450213455e-15,0.6,0.6,10.358310108056566,10.358310108056566,False,False
"[[2,1,0],[0,0,0],[1,0,2]]",6,3.149459081843875,3.1494590818438093,6.572520305780927e-14,0.6,0.6,10.358310108056566,10.358310108056566,False,False
"[[1,1,0],[1,0,0],[1,0,2]]",6,4.637941517998294,4.637941517998265,2.842170943040401e-14,0.6,0.6,10.722953221644474,10.722953221644474,False,False
"[[1,1,0],[0,1,0],[1,0,2]]",6,4.272707225608423,4.272707225608322,1.0125233984581428e-13,0.6,0.6,10.722953221644474,10.722953221644474,False,False
"[[0,2,0],[1,0,0],[1,0,2]]",6,10.105566742539766,10.105566742539665,1.0125233984581428e-13,0.6,0.6,10.722953221644474,10.722953221644474,False,False
"[[0,1,0],[1,1,0],[1,0,2]]",6,5.237941517998294,5.237941517998229,6.483702463810914e-14,0.6,0.6,10.722953221644474,10.722953221644474,False,False
"[[0,1,0],[0,2,0],[1,0,2]]",6,6.2590015867283135,6.259001586728177,1.3677947663381929e-13,0.6,0.6,10.722953221644474,10.722953221644474,False,False
"[[2,0,0],[1,0,0],[0,1,2]]",6,5.448871734214622,5.448871734214594,2.842170943040401e-14,0.6,0.6,10.722953221644474,10.722953221644474,False,False
"[[1,1,0],[1,0,0],[0,1,2]]",6,8.143908236516314,8.143908236516213,1.0125233984581428e-13,0.6,0.6,10.722953221644474,10.722953221644474,False,False
"[[0,1,0],[2,0,0],[0,1,2]]",6,10.495436890026076,10.495436890026012,6.394884621840902e-14,0.6,0.6,10.722953221644474,10.722953221644474,False,False
"[[0,1,0],[1,1,0],[0,1,2]]",6,8.743908236516313,8.743908236516177,1.3677947663381929e-13,0.6,0.6,10.722953221644474,10.722953221644474,False,False
"[[1,0,0],[1,1,0],[0,1,2]]",6,4.662577373094732,4.662577373094668,6.394884621840902e-14,0.6,0.6,10.722953221644474,10.722953221644474,False,False
"[[0,0,0],[1,2,0],[0,1,2]]",6,4.739329229330184,4.739329229330084,9.947598300641403e-14,0.6,0.6,10.358310108056566,10.358310108056566,False,False
"[[0,0,0],[0,3,0],[0,1,2]]",6,6.283637441824752,6.28363744182458,1.7141843500212417e-13,0.6,0.6,10.358310108056566,10.358310108056566,False,False
"[[2,0,0],[0,0,0],[1,0,3]]",6,1.837872649715937,1.8378726497159428,5.773159728050814e-15,0.6,0.6,10.276666119016054,10.276666119016054,False,False
"[[1,1,0],[0,0,0],[1,0,3]]",6,4.532909152017628,4.532909152017561,6.661338147750939e-14,0.6,0.6,10.276666119016054,10.276666119016054,False,False
"[[0,1,0],[1,0,0],[1,0,3]]",6,6.88443780552739,6.8844378055273605,2.930988785010413e-14,0.6,0.6,10.512232190328822,10.512232190328822,False,False
"[[0,1,0],[0,1,0],[1,0,3]]",6,6.51920351313752,6.519203513137417,1.0302869668521453e-13,0.6,0.6,10.512232190328822,10.512232190328822,False,False
"[[1,0,0],[1,0,0],[0,1,3]]",6,6.309073660623828,6.309073660623798,3.019806626980426e-14,0.6,0.6,10.512232190328822,10.512232190328822,False,False
"[[0,1,0],[1,0,0],[0,1,3]]",6,10.390404524045408,10.390404524045307,1.0125233984581428e-13,0.6,0.6,10.512232190328822,10.512232190328822,False,False
"[[0,0,0],[1,1,0],[0,1,3]]",6,5.522779299503935,5.522779299503872,6.306066779870889e-14,0.6,0.6,10.276666119016054,10.276666119016054,False,False
"[[0,0,0],[0,2,0],[0,1,3]]",6,6.543839368233956,6.543839368233819,1.376676550535194e-13,0.6,0.6,10.276666119016054,10.276666119016054,False,False
"[[1,0,0],[0,0,0],[1,0,4]]",6,2.785201110500231,2.785201110500236,4.884981308350689e-15,0.6,0.6,10.00960333376701,10.00960333376701,False,False
"[[0,1,0],[0,0,0],[1,0,4]]",6,6.866531973921814,6.866531973921745,6.838973831690964e-14,0.6,0.6,10.00960333376701,10.00960333376701,False,False
"[[0,0,0],[1,0,0],[0,1,4]]",6,7.256402121408121,7.256402121408092,2.930988785010413e-14,0.6,0.6,10.00960333376701,10.00960333376701,False,False
"[[0,0,0],[0,1,0],[0,1,4]]",6,6.891167829018252,6.891167829018149,1.0302869668521453e-13,0.6,0.6,10.00960333376701,10.00960333376701,False,False
"[[0,0,0],[0,0,0],[1,0,5]]",6,3.7838459749933424,3.783845974993347,4.440892098500626e-15,0.6,0.6,9.465735902799727,9.465735902799727,False,False
"[[0,0,0],[0,0,0],[0,1,5]]",6,7.2898126935113625,7.289812693511294,6.838973831690964e-14,0.6,0.6,9.465735902799727,9.465735902799727,False,False
"[[0,0,0],[0,0,0],[0,0,6]]",6,7.3301534779563156,7.330153477956319,3.552713678800501e-15,0.6,0.6,9.465735902799727,9.465735902799727,False,False
"[[6,0,0],[0,0,0],[1,0,0]]",7,0.21159433492257443,0.2115943349225774,2.9698465908722937e-15,1.0,1.0,10.276666119016054,10.276666119016054,False,False
"[[5,1,0],[0,0,0],[1,0,0]]",7,1.8868690847409777,1.8868690847409146,6.306066779870889e-14,0.6,0.6,10.276666119016054,10.276666119016054,False,False
"[[4,1,0],[1,0,0],[1,0,0]]",7,3.0458517572663375,3.0458517572663117,2.5757174171303632e-14,0.6698194226456897,0.6698194153717666,10.82053354998334,10.82053354998334,False,False
"[[4,1,0],[0,1,0],[1,0,0]]",7,2.688224220247866,2.688224220247768,9.814371537686384e-14,0.6,0.6,10.82053354998334,10.82053354998334,False,False
"[[4,0,1],[0,0,0],[2,0,0]]",7,3.6534585126377364,3.653458512637746,9.769962616701378e-15,0.6,0.6,10.584967478670572,10.584967478670572,False,False
"[[4,0,1],[0,0,0],[1,1,0]]",7,5.773130870035867,5.7731308700358035,6.306066779870889e-14,0.6,0.6,10.584967478670572,10.584967478670572,False,False
"[[3,2,0],[1,0,0],[1,0,0]]",7,6.271743158703975,6.271743158703879,9.592326932761353e-14,0.6,0.6,10.82053354998334,10.82053354998334,False,False
"[[3,1,0],[1,1,0],[1,0,0]]",7,2.5198356907335517,2.5198356907334913,6.039613253960852e-14,0.6,0.6,11.087596335232384,11.087596335232384,False,False
"[[3,1,0],[0,2,0],[1,0,0]]",7,3.540895759463572,3.5408957594634383,1.3367085216486885e-13,0.6,0.6,11.087596335232384,11.087596335232384,False,False
"[[3,1,0],[0,0,1],[2,0,0]]",7,5.0814941967570055,5.081494196756978,2.7533531010703882e-14,0.6,0.6,11.087596335232384,11.087596335232384,False,False
"[[3,1,0],[0,0,1],[1,1,0]]",7,7.201166554155134,7.201166554155035,9.85878045867139e-14,0.6,0.6,11.087596335232384,11.087596335232384,False,False
"[[3,1,1],[0,0,0],[2,0,0]]",7,5.485448797584086,5.485448797584023,6.306066779870889e-14,0.6,0.6,10.584967478670572,10.584967478670572,False,False
"[[3,0,1],[1,0,0],[1,1,0]]",7,6.991036701641442,6.991036701641416,2.5757174171303632e-14,0.6,0.6,11.087596335232384,11.087596335232384,False,False
"[[3,0,1],[0,1,0],[1,1,0]]",7,6.625802409251572,6.625802409251473,9.947598300641403e-14,0.6,0.6,11.087596335232384,11.087596335232384,False,False
"[[3,0,1],[0,0,0],[2,0,1]]",7,3.1965875469690035,3.1965875469690115,7.993605777301127e-15,0.6,0.6,10.722953221644474,10.722953221644474,False,False
"[[3,0,1],[0,0,0],[1,1,1]]",7,5.3162599043671355,5.316259904367069,6.661338147750939e-14,0.6,0.6,10.722953221644474,10.722953221644474,False,False
"[[2,2,0],[2,0,0],[1,0,0]]",7,7.829447063900346,7.829447063900287,5.950795411990839e-14,0.6,0.6,11.087596335232384,11.087596335232384,False,False
"[[2,2,0],[1,1,0],[1,0,0]]",7,6.077918410390585,6.077918410390453,1.3233858453531866e-13,0.6,0.6,11.087596335232384,11.087596335232384,False,False
"[[2,1,1],[1,0,0],[2,0,0]]",7,7.043152702780458,7.04315270278043,2.7533531010703882e-14,0.6,0.6,11.087596335232384,11.087596335232384,False,False
"[[2,1,1],[1,0,0],[1,1,0]]",7,9.162825060178587,9.162825060178488,9.947598300641403e-14,0.6,0.6,11.087596335232384,11.087596335232384,False,False
"[[2,1,0],[1,2,0],[1,0,0]]",7,2.936385620559798,2.936385620559703,9.459100169806334e-14,0.6,0.6,11.169240324272893,11.169240324272893,False,False
"[[2,1,0],[0,3,0],[1,0,0]]",7,4.480693833054367,4.4806938330541985,1.687538997430238e-13,0.6,0.6,11.169240324272893,11.169240324272893,False,False
"[[2,1,0],[0,1,1],[2,0,0]]",7,4.634997909227909,4.634997909227848,6.128431095930864e-14,0.6,0.6,11.298317366548035,11.298317366548035,False,False
"[[2,1,0],[0,1,1],[1,1,0]]",7,6.754670266626039,6.754670266625904,1.3500311979441904e-13,0.6,0.6,11.298317366548035,11.298317366548035,False,False
"[[2,2,0],[0,0,1],[2,0,0]]",7,8.63957691641404,8.63957691641394,9.947598300641403e-14,0.6,0.6,11.087596335232384,11.087596335232384,False,False
"[[2,1,0],[1,0,1],[1,1,0]]",7,7.119904559015909,7.119904559015848,6.128431095930864e-14,0.6,0.6,11.298317366548035,11.298317366548035,False,False
"[[2,1,0],[0,0,1],[2,0,1]]",7,4.71174976546336,4.711749765463334,2.6645352591003757e-14,0.6,0.6,11.169240324272893,11.169240324272893,False,False
"[[2,1,0],[0,0,1],[1,1,1]]",7,6.8314221228614915,6.831422122861391,1.0036416142611415e-13,0.6,0.6,11.169240324272893,11.169240324272893,False,False
"[[2,1,1],[0,1,0],[2,0,0]]",7,6.677918410390586,6.677918410390488,9.85878045867139e-14,0.6,0.6,11.087596335232384,11.087596335232384,False,False
"[[2,0,2],[0,0,0],[3,0,0]]",7,9.029447063900347,9.029447063900356,8.881784197001252e-15,0.6,0.6,10.722953221644474,10.722953221644474,False,False
"[[2,0,2],[0,0,0],[2,1,0]]",7,10.62587127753393,10.625871277533864,6.572520305780927e-14,0.6,0.6,10.722953221644474,10.722953221644474,False,False
"[[2,0,1],[1,1,0],[1,1,0]]",7,6.5445404141123475,6.544540414112285,6.217248937900877e-14,0.6,0.6,11.298317366548035,11.298317366548035,False,False
"[[2,0,1],[0,2,0],[1,1,0]]",7,7.565600482842367,7.565600482842233,1.341149413747189e-13,0.6,0.6,11.298317366548035,11.298317366548035,False,False
"[[2,0,1],[0,0,1],[2,1,0]]",7,8.582950776371252,8.582950776371224,2.842170943040401e-14,0.6,0.6,11.169240324272893,11.169240324272893,False,False
"[[2,0,1],[0,0,1],[1,2,0]]",7,12.088917494889273,12.088917494889172,1.0125233984581428e-13,0.6,0.6,11.169240324272893,11.169240324272893,True,True
"[[2,1,1],[0,0,0],[2,0,1]]",7,5.368375905506149,5.368375905506083,6.572520305780927e-14,0.6,0.6,10.722953221644474,10.722953221644474,False,False
"[[2,0,1],[1,0,0],[1,1,1]]",7,6.6212922703478,6.621292270347772,2.7533531010703882e-14,0.6,0.6,11.169240324272893,11.169240324272893,False,False
"[[2,0,1],[0,1,0],[1,1,1]]",7,6.25605797795793,6.256057977957829,1.0125233984581428e-13,0.6,0.6,11.169240324272893,11.169240324272893,False,False
"[[2,0,1],[0,0,0],[2,0,2]]",7,3.873339403204456,3.8733394032044632,7.105427357601002e-15,0.6,0.6,10.722953221644476,10.722953221644474,False,False
"[[2,0,1],[0,0,0],[1,1,2]]",7,5.993011760602586,5.993011760602521,6.572520305780927e-14,0.6,0.6,10.722953221644476,10.722953221644474,False,False
"[[1,3,0],[2,0,0],[1,0,0]]",7,12.434026071086478,12.434026071086343,1.3500311979441904e-13,0.6,0.6,11.087596335232384,11.087596335232384,True,True
"[[1,2,0],[2,1,0],[1,0,0]]",7,7.382950776371252,7.382950776371156,9.592326932761353e-14,0.6,0.6,11.169240324272893,11.169240324272893,False,False
"[[1,2,0],[1,2,0],[1,0,0]]",7,7.01771648398138,7.0177164839812125,1.6786572132332367e-13,0.6,0.6,11.169240324272893,11.169240324272893,False,False
"[[1,2,0],[1,0,1],[2,0,0]]",7,9.081563065039362,9.0815630650393,6.217248937900877e-14,0.6,0.6,11.298317366548035,11.298317366548035,False,False
"[[1,2,0],[1,0,1],[1,1,0]]",7,11.201235422437492,11.201235422437357,1.3500311979441904e-13,0.6,0.6,11.298317366548035,11.298317366548035,False,False
"[[1,2,1],[1,0,0],[2,0,0]]",7,11.124483566202038,11.12448356620194,9.769962616701378e-14,0.6,0.6,11.087596335232384,11.087596335232384,True,True
"[[1,1,1],[2,0,0],[1,1,0]]",7,10.9911055699238,10.99110556992374,6.039613253960852e-14,0.6,0.6,11.298317366548035,11.298317366548035,False,False
"[[1,1,1],[1,1,0],[1,1,0]]",7,9.239576916414038,9.239576916413904,1.3322676295501878e-13,0.6,0.6,11.298317366548035,11.298317366548035,False,False
"[[1,1,1],[1,0,0],[2,0,1]]",7,7.196656415251361,7.196656415251334,2.7533531010703882e-14,0.6,0.6,11.169240324272893,11.169240324272893,False,False
"[[1,1,1],[1,0,0],[1,1,1]]",7,9.316328772649491,9.316328772649392,9.947598300641403e-14,0.6,0.6,11.169240324272893,11.169240324272893,False,False
"[[1,1,1],[1,1,0],[2,0,0]]",7,7.119904559015907,7.119904559015848,5.950795411990839e-14,0.6,0.6,11.298317366548035,11.298317366548035,False,False
"[[1,1,0],[1,3,0],[1,0,0]]",7,3.719835690733551,3.719835690733421,1.3011813848606835e-13,0.6,0.6,11.087596335232384,11.087596335232384,False,False
"[[1,1,0],[0,4,0],[1,0,0]]",7,5.6039419768189145,5.603941976818711,2.0339285811132868e-13,0.6,0.6,11.087596335232384,11.087596335232384,False,False
"[[1,1,0],[0,2,1],[2,0,0]]",7,5.234997909227909,5.234997909227812,9.681144774731365e-14,0.6,0.6,11.298317366548035,11.298317366548035,False,False
"[[1,1,0],[0,2,1],[1,1,0]]",7,7.354670266626039,7.354670266625869,1.6964207816272392e-13,0.6,0.6,11.298317366548035,11.298317366548035,False,False
"[[1,2,0],[0,1,1],[2,0,0]]",7,8.716328772649492,8.716328772649357,1.3500311979441904e-13,0.6,0.6,11.298317366548035,11.298317366548035,False,False
"[[1,1,0],[1,1,1],[1,1,0]]",7,6.333610197896018,6.333610197895922,9.592326932761353e-14,0.6,0.6,11.298317366548035,11.298317366548035,False,False
"[[1,1,0],[0,1,1],[2,0,1]]",7,4.448703548108018,4.4487035481079555,6.217248937900877e-14,0.6,0.6,11.298317366548035,11.298317366548035,False,False
"[[1,1,0],[0,1,1],[1,1,1]]",7,6.568375905506148,6.568375905506013,1.3500311979441904e-13,0.6,0.6,11.298317366548035,11.298317366548035,False,False
"[[1,1,1],[0,0,1],[3,0,0]]",7,9.681563065039363,9.681563065039335,2.842170943040401e-14,0.6,0.6,11.169240324272893,11.169240324272893,False,False
"[[1,1,1],[0,0,1],[2,1,0]]",7,11.277987278672942,11.277987278672844,9.769962616701378e-14,0.6,0.6,11.169240324272893,11.169240324272893,True,True
"[[1,1,0],[0,0,2],[2,1,0]]",7,10.281563065039363,10.2815630650393,6.217248937900877e-14,0.6,0.6,11.298317366548035,11.298317366548035,False,False
"[[1,1,0],[0,0,2],[1,2,0]]",7,13.787529783557382,13.787529783557247,1.3500311979441904e-13,0.6,0.6,11.298317366548035,11.298317366548035,True,True
"[[1,2,0],[0,0,1],[2,0,1]]",7,8.793080628884944,8.793080628884843,1.0125233984581428e-13,0.6,0.6,11.169240324272893,11.169240324272893,False,False
"[[1,1,0],[1,0,1],[1,1,1]]",7,6.933610197896019,6.9336101978959555,6.394884621840902e-14,0.6,0.6,11.298317366548035,11.298317366548035,False,False
"[[1,1,0],[0,0,1],[2,0,2]]",7,5.571951691872568,5.571951691872538,2.930988785010413e-14,0.6,0.6,11.087596335232384,11.087596335232384,False,False
"[[1,1,0],[0,0,1],[1,1,2]]",7,7.691624049270696,7.691624049270596,1.0036416142611415e-13,0.6,0.6,11.087596335232384,11.087596335232384,False,False
"[[1,1,1],[0,2,0],[2,0,0]]",7,8.14096462774593,8.140964627745795,1.3500311979441904e-13,0.6,0.6,11.298317366548035,11.298317366548035,False,False
"[[1,1,2],[0,0,0],[3,0,0]]",7,11.72448356620204,11.724483566201975,6.394884621840902e-14,0.6,0.6,10.722953221644474,10.722953221644474,True,True
"[[1,0,2],[1,0,0],[2,1,0]]",7,12.454151787279145,12.454151787279114,3.019806626980426e-14,0.6,0.6,11.169240324272893,11.169240324272893,True,True
"[[1,0,2],[0,1,0],[2,1,0]]",7,12.088917494889273,12.088917494889172,1.0125233984581428e-13,0.6,0.6,11.169240324272893,11.169240324272893,True,True
"[[1,0,2],[0,0,0],[3,0,1]]",7,8.843152702780456,8.843152702780463,7.105427357601002e-15,0.6,0.6,10.722953221644476,10.722953221644474,False,False
"[[1,0,2],[0,0,0],[2,1,1]]",7,10.43957691641404,10.439576916413973,6.750155989720952e-14,0.6,0.6,10.722953221644476,10.722953221644474,False,False
"[[1,0,2],[1,0,0],[1,2,0]]",7,15.960118505797162,15.960118505797062,9.947598300641403e-14,0.6,0.6,11.169240324272893,11.169240324272893,True,True
"[[1,0,1],[1,2,0],[1,1,0]]",7,7.144540414112345,7.14454041411225,9.50350909079134e-14,0.6,0.6,11.298317366548035,11.298317366548035,False,False
"[[1,0,1],[0,3,0],[1,1,0]]",7,8.688848626606914,8.688848626606745,1.687538997430238e-13,0.6,0.6,11.298317366548035,11.298317366548035,False,False
"[[1,0,1],[0,1,1],[2,1,0]]",7,8.319904559015908,8.319904559015846,6.217248937900877e-14,0.6,0.6,11.298317366548035,11.298317366548035,False,False
"[[1,0,1],[0,1,1],[1,2,0]]",7,11.825871277533931,11.825871277533794,1.3677947663381929e-13,0.6,0.6,11.298317366548035,11.298317366548035,True,True
"[[1,0,1],[1,0,1],[1,2,0]]",7,12.1911055699238,12.191105569923737,6.217248937900877e-14,0.6,0.6,11.298317366548035,11.298317366548035,True,True
"[[1,0,1],[0,0,1],[2,1,1]]",7,8.056858341660565,8.056858341660538,2.6645352591003757e-14,0.6,0.6,11.087596335232384,11.087596335232384,False,False
"[[1,0,1],[0,0,1],[1,2,1]]",7,11.562825060178586,11.562825060178486,9.947598300641403e-14,0.6,0.6,11.087596335232384,11.087596335232384,True,True
"[[1,1,1],[0,1,0],[2,0,1]]",7,6.83142212286149,6.83142212286139,9.947598300641403e-14,0.6,0.6,11.169240324272893,11.169240324272893,False,False
"[[1,0,1],[1,1,0],[1,1,1]]",7,6.358246052992456,6.358246052992394,6.217248937900877e-14,0.6,0.6,11.298317366548035,11.298317366548035,False,False
"[[1,0,1],[0,2,0],[1,1,1]]",7,7.379306121722475,7.379306121722341,1.341149413747189e-13,0.6,0.6,11.298317366548035,11.298317366548035,False,False
"[[1,1,1],[0,0,0],[2,0,2]]",7,6.568375905506148,6.568375905506082,6.572520305780927e-14,0.6,0.6,10.722953221644476,10.722953221644474,False,False
"[[1,0,1],[1,0,0],[1,1,2]]",7,7.481494196757006,7.481494196756977,2.930988785010413e-14,0.6,0.6,11.087596335232384,11.087596335232384,False,False
"[[1,0,1],[0,1,0],[1,1,2]]",7,7.116259904367134,7.116259904367033,1.0125233984581428e-13,0.6,0.6,11.087596335232384,11.087596335232384,False,False
"[[1,0,1],[0,0,0],[2,0,3]]",7,5.004117934162503,5.004117934162509,6.217248937900877e-15,0.6,0.6,10.584967478670572,10.584967478670572,False,False
"[[1,0,1],[0,0,0],[1,1,3]]",7,7.123790291560633,7.1237902915605655,6.750155989720952e-14,0.6,0.6,10.584967478670572,10.584967478670572,False,False
"[[0,3,0],[3,0,0],[1,0,0]]",7,15.64860094195158,15.648600941951484,9.592326932761353e-14,0.6,0.6,11.169240324272893,11.169240324272893,True,True
"[[0,3,0],[2,1,0],[1,0,0]]",7,13.373824144677272,13.373824144677101,1.7053025658242404e-13,0.6,0.6,11.169240324272893,11.169240324272893,True,True
"[[0,2,1],[2,0,0],[2,0,0]]",7,14.339058437067141,14.33905843706708,6.039613253960852e-14,0.6,0.6,11.298317366548035,11.298317366548035,True,True
"[[0,2,1],[2,0,0],[1,1,0]]",7,16.458730794465275,16.458730794465136,1.3855583347321954e-13,0.6,0.6,11.298317366548035,11.298317366548035,True,True
"[[0,2,0],[2,2,0],[1,0,0]]",7,9.029447063900347,9.029447063900216,1.3145040611561853e-13,0.6,0.6,11.087596335232384,11.087596335232384,False,False
"[[0,2,0],[1,3,0],[1,0,0]]",7,9.187460915275025,9.187460915274821,2.042810365310288e-13,0.6,0.6,11.087596335232384,11.087596335232384,False,False
"[[0,2,0],[1,1,1],[2,0,0]]",7,9.681563065039361,9.681563065039265,9.592326932761353e-14,0.6,0.6,11.298317366548035,11.298317366548035,False,False
"[[0,2,0],[1,1,1],[1,1,0]]",7,11.801235422437493,11.80123542243732,1.723066134218243e-13,0.6,0.6,11.298317366548035,11.298317366548035,True,True
"[[0,3,0],[1,0,1],[2,0,0]]",7,15.07243643334538,15.072436433345246,1.3500311979441904e-13,0.6,0.6,11.298317366548035,11.298317366548035,True,True
"[[0,2,0],[2,0,1],[1,1,0]]",7,13.552764075947252,13.552764075947156,9.592326932761353e-14,0.6,0.6,11.298317366548035,11.298317366548035,True,True
"[[0,2,0],[1,0,1],[2,0,1]]",7,10.28156306503936,10.281563065039299,6.217248937900877e-14,0.6,0.6,11.298317366548035,11.298317366548035,False,False
"[[0,2,0],[1,0,1],[1,1,1]]",7,12.401235422437491,12.401235422437356,1.3500311979441904e-13,0.6,0.6,11.298317366548035,11.298317366548035,True,True
"[[0,2,1],[1,1,0],[2,0,0]]",7,12.58752978355738,12.587529783557246,1.3500311979441904e-13,0.6,0.6,11.298317366548035,11.298317366548035,True,True
"[[0,1,2],[1,0,0],[3,0,0]]",7,14.939058437067143,14.939058437067116,2.6645352591003757e-14,0.6,0.6,11.169240324272893,11.169240324272893,True,True
"[[0,1,2],[1,0,0],[2,1,0]]",7,16.535482650700725,16.535482650700626,9.947598300641403e-14,0.6,0.6,11.169240324272893,11.169240324272893,True,True
"[[0,1,1],[2,1,0],[1,1,0]]",7,11.591105569923801,11.591105569923702,9.947598300641403e-14,0.6,0.6,11.298317366548035,11.298317366548035,True,True
"[[0,1,1],[1,2,0],[1,1,0]]",7,11.225871277533928,11.22587127753376,1.687538997430238e-13,0.6,0.6,11.298317366548035,11.298317366548035,False,False
"[[0,1,1],[1,0,1],[2,1,0]]",7,12.766469714827362,12.766469714827299,6.394884621840902e-14,0.6,0.6,11.298317366548035,11.298317366548035,True,True
"[[0,1,1],[1,0,1],[1,2,0]]",7,16.27243643334538,16.272436433345245,1.3500311979441904e-13,0.6,0.6,11.298317366548035,11.298317366548035,True,True
"[[0,2,1],[1,0,0],[2,0,1]]",7,12.664281639792833,12.664281639792733,9.947598300641403e-14,0.6,0.6,11.169240324272893,11.169240324272893,True,True
"[[0,1,1],[2,0,0],[1,1,1]]",7,12.1911055699238,12.191105569923737,6.217248937900877e-14,0.6,0.6,11.298317366548035,11.298317366548035,True,True
"[[0,1,1],[1,1,0],[1,1,1]]",7,10.439576916414037,10.439576916413904,1.3322676295501878e-13,0.6,0.6,11.298317366548035,11.298317366548035,False,False
"[[0,1,1],[1,0,0],[2,0,2]]",7,9.443152702780456,9.443152702780429,2.6645352591003757e-14,0.6,0.6,11.087596335232384,11.087596335232384,False,False
"[[0,1,1],[1,0,0],[1,1,2]]",7,11.562825060178586,11.562825060178486,9.947598300641403e-14,0.6,0.6,11.087596335232384,11.087596335232384,True,True
"[[0,1,1],[1,1,0],[2,0,1]]",7,8.319904559015908,8.319904559015846,6.217248937900877e-14,0.6,0.6,11.298317366548035,11.298317366548035,False,False
"[[0,1,1],[1,2,0],[2,0,0]]",7,9.1061989201358,9.106198920135702,9.769962616701378e-14,0.6,0.6,11.298317366548035,11.298317366548035,False,False
"[[0,1,0],[1,4,0],[1,0,0]]",7,5.453458512637735,5.45345851263757,1.652011860642233e-13,0.6,0.6,10.82053354998334,10.82053354998334,False,False
"[[0,1,0],[0,5,0],[1,0,0]]",7,7.590236337938805,7.590236337938566,2.389199948993337e-13,0.6,0.6,10.82053354998334,10.82053354998334,False,False
"[[0,1,0],[0,3,1],[2,0,0]]",7,6.8814941967570045,6.881494196756872,1.3233858453531866e-13,0.6,0.6,11.087596335232384,11.087596335232384,False,False
"[[0,1,0],[0,3,1],[1,1,0]]",7,9.001166554155134,9.00116655415493,2.042810365310288e-13,0.6,0.6,11.087596335232384,11.087596335232384,False,False
"[[0,2,0],[0,2,1],[2,0,0]]",7,10.702623133769382,10.702623133769212,1.7053025658242404e-13,0.6,0.6,11.298317366548035,11.298317366548035,False,False
"[[0,1,0],[1,2,1],[1,1,0]]",7,7.456858341660568,7.456858341660434,1.341149413747189e-13,0.6,0.6,11.087596335232384,11.087596335232384,False,False
"[[0,1,0],[0,2,1],[2,0,1]]",7,5.9117497654633615,5.911749765463263,9.85878045867139e-14,0.6,0.6,11.169240324272893,11.169240324272893,False,False
"[[0,1,0],[0,2,1],[1,1,1]]",7,8.03142212286149,8.03142212286132,1.7053025658242404e-13,0.6,0.6,11.169240324272893,11.169240324272893,False,False
"[[0,1,1],[0,1,1],[3,0,0]]",7,10.804811208803908,10.804811208803848,6.039613253960852e-14,0.6,0.6,11.298317366548035,11.298317366548035,False,False
"[[0,1,1],[0,1,1],[2,1,0]]",7,12.401235422437491,12.401235422437356,1.3500311979441904e-13,0.6,0.6,11.298317366548035,11.298317366548035,True,True
"[[0,1,0],[0,1,2],[2,1,0]]",7,10.358314921274815,10.358314921274715,9.947598300641403e-14,0.6,0.6,11.169240324272893,11.169240324272893,False,False
"[[0,1,0],[0,1,2],[1,2,0]]",7,13.864281639792836,13.864281639792663,1.723066134218243e-13,0.6,0.6,11.169240324272893,11.169240324272893,True,True
"[[0,2,0],[0,1,1],[2,0,1]]",7,9.916328772649491,9.916328772649356,1.3500311979441904e-13,0.6,0.6,11.298317366548035,11.298317366548035,False,False
"[[0,1,0],[1,1,1],[1,1,1]]",7,7.0103620541314715,7.010362054131373,9.85878045867139e-14,0.6,0.6,11.169240324272893,11.169240324272893,False,False
"[[0,1,0],[0,1,1],[2,0,2]]",7,6.171951691872565,6.171951691872502,6.306066779870889e-14,0.6,0.6,11.087596335232384,11.087596335232384,False,False
"[[0,1,0],[0,1,1],[1,1,2]]",7,8.291624049270695,8.29162404927056,1.3500311979441904e-13,0.6,0.6,11.087596335232384,11.087596335232384,False,False
"[[0,2,0],[0,0,2],[3,0,0]]",7,14.152764075947253,14.15276407594719,6.394884621840902e-14,0.6,0.6,11.298317366548035,11.298317366548035,True,True
"[[0,2,0],[0,0,2],[2,1,0]]",7,15.749188289580836,15.7491882895807,1.3677947663381929e-13,0.6,0.6,11.298317366548035,11.298317366548035,True,True
"[[0,2,1],[0,0,1],[3,0,0]]",7,15.149188289580835,15.149188289580733,1.0125233984581428e-13,0.6,0.6,11.169240324272893,11.169240324272893,True,True
"[[0,1,1],[0,0,1],[3,0,1]]",7,10.541764991448566,10.541764991448538,2.842170943040401e-14,0.6,0.6,11.087596335232384,11.087596335232384,False,False
"[[0,1,1],[0,0,1],[2,1,1]]",7,12.13818920508215,12.138189205082048,1.0125233984581428e-13,0.6,0.6,11.087596335232384,11.087596335232384,True,True
"[[0,1,0],[1,0,2],[1,2,0]]",7,14.229515932182707,14.229515932182608,9.947598300641403e-14,0.6,0.6,11.169240324272893,11.169240324272893,True,True
"[[0,1,0],[0,0,2],[2,1,1]]",7,10.61851684768402,10.618516847683956,6.394884621840902e-14,0.6,0.6,11.087596335232384,11.087596335232384,False,False
"[[0,1,0],[0,0,2],[1,2,1]]",7,14.124483566202038,14.124483566201903,1.3500311979441904e-13,0.6,0.6,11.087596335232384,11.087596335232384,True,True
"[[0,2,0],[0,0,1],[2,0,2]]",7,11.039576916414038,11.039576916413937,1.0125233984581428e-13,0.6,0.6,11.087596335232384,11.087596335232384,False,False
"[[0,1,0],[1,0,1],[1,1,2]]",7,8.656858341660566,8.656858341660502,6.394884621840902e-14,0.6,0.6,11.087596335232384,11.087596335232384,False,False
"[[0,1,0],[0,0,1],[2,0,3]]",7,7.565776440185957,7.565776440185926,3.019806626980426e-14,0.6,0.6,10.82053354998334,10.82053354998334,False,False
"[[0,1,0],[0,0,1],[1,1,3]]",7,9.685448797584087,9.685448797583984,1.0302869668521453e-13,0.6,0.6,10.82053354998334,10.82053354998334,False,False
"[[0,1,1],[0,3,0],[2,0,0]]",7,10.650507132630366,10.650507132630198,1.687538997430238e-13,0.6,0.6,11.298317366548035,11.298317366548035,False,False
"[[0,1,2],[0,1,0],[3,0,0]]",7,14.573824144677271,14.573824144677172,9.947598300641403e-14,0.6,0.6,11.169240324272893,11.169240324272893,True,True
"[[0,0,3],[0,0,0],[4,0,0]]",7,17.448600941951582,17.44860094195159,7.105427357601002e-15,0.6,0.6,10.722953221644476,10.722953221644474,True,True
"[[0,0,3],[0,0,0],[3,1,0]]",7,18.70522708199437,18.705227081994302,6.750155989720952e-14,0.6,0.6,10.722953221644476,10.722953221644474,True,True
"[[0,0,2],[1,1,0],[2,1,0]]",7,13.57739993104369,13.577399931043628,6.217248937900877e-14,0.6,0.6,11.298317366548035,11.298317366548035,True,True
"[[0,0,2],[0,2,0],[2,1,0]]",7,14.598459999773713,14.598459999773576,1.3677947663381929e-13,0.6,0.6,11.298317366548035,11.298317366548035,True,True
"[[0,0,2],[0,0,1],[3,1,0]]",7,15.79926036347635,15.79926036347632,3.019806626980426e-14,0.6,0.6,11.087596335232384,11.087596335232384,True,True
"[[0,0,2],[0,0,1],[2,2,0]]",7,18.78197893822982,18.78197893822972,9.947598300641403e-14,0.6,0.6,11.087596335232384,11.087596335232384,True,True
"[[0,1,2],[0,0,0],[3,0,1]]",7,12.924483566202039,12.924483566201973,6.572520305780927e-14,0.6,0.6,10.722953221644476,10.722953221644474,True,True
"[[0,0,2],[1,0,0],[2,1,1]]",7,13.314353713688348,13.31435371368832,2.842170943040401e-14,0.6,0.6,11.087596335232384,11.087596335232384,True,True
"[[0,0,2],[0,1,0],[2,1,1]]",7,12.949119421298477,12.949119421298377,9.947598300641403e-14,0.6,0.6,11.087596335232384,11.087596335232384,True,True
"[[0,0,2],[0,0,0],[3,0,2]]",7,10.836977451093848,10.836977451093853,5.329070518200751e-15,0.6,0.6,10.584967478670572,10.584967478670572,True,True
"[[0,0,2],[0,0,0],[2,1,2]]",7,12.43340166472743,12.433401664727363,6.750155989720952e-14,0.6,0.6,10.584967478670572,10.584967478670572,True,True
"[[0,0,2],[2,0,0],[1,2,0]]",7,18.834895303071473,18.83489530307141,6.394884621840902e-14,0.6,0.6,11.298317366548035,11.298317366548035,True,True
"[[0,0,2],[1,1,0],[1,2,0]]",7,17.08336664956171,17.083366649561576,1.3500311979441904e-13,0.6,0.6,11.298317366548035,11.298317366548035,True,True
"[[0,0,2],[1,0,0],[1,2,1]]",7,16.82032043220637,16.820320432206266,1.0302869668521453e-13,0.6,0.6,11.087596335232384,11.087596335232384,True,True
"[[0,0,1],[1,3,0],[1,1,0]]",7,8.791036701641442,8.79103670164131,1.3145040611561853e-13,0.6,0.6,11.087596335232384,11.087596335232384,False,False
"[[0,0,1],[0,4,0],[1,1,0]]",7,10.675142987726804,10.675142987726602,2.0250467969162855e-13,0.6,0.6,11.087596335232384,11.087596335232384,False,False
"[[0,0,1],[0,2,1],[2,1,0]]",7,9.782950776371251,9.782950776371154,9.769962616701378e-14,0.6,0.6,11.169240324272893,11.169240324272893,False,False
"[[0,0,1],[0,2,1],[1,2,0]]",7,13.288917494889272,13.288917494889102,1.7053025658242404e-13,0.6,0.6,11.169240324272893,11.169240324272893,True,True
"[[0,0,1],[1,1,1],[1,2,0]]",7,12.26785742615925,12.267857426159154,9.592326932761353e-14,0.6,0.6,11.169240324272893,11.169240324272893,True,True
"[[0,0,1],[0,1,1],[2,1,1]]",7,8.656858341660566,8.656858341660502,6.394884621840902e-14,0.6,0.6,11.087596335232384,11.087596335232384,False,False
"[[0,0,1],[0,1,1],[1,2,1]]",7,12.162825060178587,12.16282506017845,1.3677947663381929e-13,0.6,0.6,11.087596335232384,11.087596335232384,True,True
"[[0,0,1],[0,0,2],[2,2,0]]",7,15.8760122197118,15.876012219711738,6.217248937900877e-14,0.6,0.6,11.087596335232384,11.087596335232384,True,True
"[[0,0,1],[0,0,2],[1,3,0]]",7,19.90522708199437,19.905227081994234,1.3500311979441904e-13,0.6,0.6,11.087596335232384,11.087596335232384,True,True
"[[0,0,1],[1,0,1],[1,2,1]]",7,12.528059352568455,12.528059352568393,6.217248937900877e-14,0.6,0.6,11.087596335232384,11.087596335232384,True,True
"[[0,0,1],[0,0,1],[2,1,2]]",7,9.527434946209409,9.527434946209379,3.019806626980426e-14,0.6,0.6,10.82053354998334,10.82053354998334,False,False
"[[0,0,1],[0,0,1],[1,2,2]]",7,13.033401664727428,13.033401664727327,1.0125233984581428e-13,0.6,0.6,10.82053354998334,10.82053354998334,True,True
"[[0,1,1],[0,2,0],[2,0,1]]",7,9.34096462774593,9.340964627745793,1.3677947663381929e-13,0.6,0.6,11.298317366548035,11.298317366548035,False,False
"[[0,0,1],[1,2,0],[1,1,1]]",7,7.821292270347797,7.821292270347701,9.592326932761353e-14,0.6,0.6,11.169240324272893,11.169240324272893,False,False
"[[0,0,1],[0,3,0],[1,1,1]]",7,9.365600482842366,9.365600482842197,1.687538997430238e-13,0.6,0.6,11.169240324272893,11.169240324272893,False,False
"[[0,1,1],[0,1,0],[2,0,2]]",7,9.077918410390588,9.077918410390485,1.0302869668521453e-13,0.6,0.6,11.087596335232384,11.087596335232384,False,False
"[[0,0,1],[1,1,0],[1,1,2]]",7,8.081494196757003,8.08149419675694,6.217248937900877e-14,0.6,0.6,11.087596335232384,11.087596335232384,False,False
"[[0,0,1],[0,2,0],[1,1,2]]",7,9.102554265487026,9.102554265486889,1.3677947663381929e-13,0.6,0.6,11.087596335232384,11.087596335232384,False,False
"[[0,1,1],[0,0,0],[2,0,3]]",7,9.085448797584085,9.085448797584018,6.750155989720952e-14,0.6,0.6,10.584967478670572,10.584967478670572,False,False
"[[0,0,1],[1,0,0],[1,1,3]]",7,9.475318945070395,9.475318945070365,3.019806626980426e-14,0.6,0.6,10.82053354998334,10.82053354998334,False,False
"[[0,0,1],[0,1,0],[1,1,3]]",7,9.110084652680523,9.110084652680422,1.0125233984581428e-13,0.6,0.6,10.82053354998334,10.82053354998334,False,False
"[[0,0,1],[0,0,0],[2,0,4]]",7,7.136385620559799,7.136385620559803,4.440892098500626e-15,0.6,0.6,10.276666119016054,10.276666119016054,False,False
"[[0,0,1],[0,0,0],[1,1,4]]",7,9.256057977957928,9.25605797795786,6.750155989720952e-14,0.6,0.6,10.276666119016054,10.276666119016054,False,False
"[[5,0,0],[1,0,0],[0,1,0]]",7,4.972499730053715,4.972499730053689,2.6645352591003757e-14,0.6698194125686147,0.6698194254394467,10.82053354998334,10.82053354998334,False,False
"[[4,1,0],[1,0,0],[0,1,0]]",7,6.559425231155756,6.559425231155659,9.681144774731365e-14,0.6,0.6,10.82053354998334,10.82053354998334,False,False
"[[3,1,0],[2,0,0],[0,1,0]]",7,7.777331062761333,7.777331062761273,6.039613253960852e-14,0.6,0.6,11.087596335232384,11.087596335232384,False,False
"[[3,1,0],[1,1,0],[0,1,0]]",7,6.025802409251571,6.025802409251439,1.3233858453531866e-13,0.6,0.6,11.087596335232384,11.087596335232384,False,False
"[[3,0,1],[1,0,0],[0,2,0]]",7,11.883297781279353,11.883297781279255,9.769962616701378e-14,0.6,0.6,11.087596335232384,11.087596335232384,True,True
"[[2,2,0],[2,0,0],[0,1,0]]",7,11.335413782418367,11.335413782418234,1.3322676295501878e-13,0.6,0.6,11.087596335232384,11.087596335232384,True,True
"[[2,1,0],[2,1,0],[0,1,0]]",7,6.8075866314676885,6.8075866314675935,9.50350909079134e-14,0.6,0.6,11.169240324272893,11.169240324272893,False,False
"[[2,1,0],[1,2,0],[0,1,0]]",7,6.442352339077817,6.442352339077651,1.6608936448392342e-13,0.6,0.6,11.169240324272893,11.169240324272893,False,False
"[[2,1,0],[1,0,1],[0,2,0]]",7,12.01216563865382,12.012165638653686,1.3322676295501878e-13,0.6,0.6,11.298317366548035,11.298317366548035,True,True
"[[2,0,1],[2,0,0],[0,2,0]]",7,13.188330147260018,13.188330147259958,6.039613253960852e-14,0.6,0.6,11.298317366548035,11.298317366548035,True,True
"[[2,0,1],[1,1,0],[0,2,0]]",7,11.43680149375026,11.436801493750124,1.3500311979441904e-13,0.6,0.6,11.298317366548035,11.298317366548035,True,True
"[[2,0,1],[1,0,0],[0,2,1]]",7,11.51355334998571,11.513553349985608,1.0125233984581428e-13,0.6,0.6,11.169240324272893,11.169240324272893,True,True
"[[1,2,0],[3,0,0],[0,1,0]]",7,13.163694292163582,13.163694292163486,9.592326932761353e-14,0.6,0.6,11.169240324272893,11.169240324272893,True,True
"[[1,2,0],[2,1,0],[0,1,0]]",7,10.88891749488927,10.888917494889103,1.6697754290362354e-13,0.6,0.6,11.169240324272893,11.169240324272893,False,False
"[[1,1,1],[2,0,0],[0,2,0]]",7,15.883366649561712,15.883366649561577,1.3500311979441904e-13,0.6,0.6,11.298317366548035,11.298317366548035,True,True
"[[1,1,0],[2,2,0],[0,1,0]]",7,7.067788557876894,7.067788557876764,1.305622276959184e-13,0.6,0.6,11.087596335232384,11.087596335232384,False,False
"[[1,1,0],[1,3,0],[0,1,0]]",7,7.22580240925157,7.225802409251369,2.0161650127192843e-13,0.6,0.6,11.087596335232384,11.087596335232384,False,False
"[[1,1,0],[1,1,1],[0,2,0]]",7,11.225871277533928,11.22587127753376,1.687538997430238e-13,0.6,0.6,11.298317366548035,11.298317366548035,False,False
"[[1,1,0],[2,0,1],[0,2,0]]",7,12.977399931043692,12.977399931043593,9.947598300641403e-14,0.6,0.6,11.298317366548035,11.298317366548035,True,True
"[[1,1,0],[1,0,1],[0,2,1]]",7,11.825871277533928,11.825871277533793,1.3500311979441904e-13,0.6,0.6,11.298317366548035,11.298317366548035,True,True
"[[1,0,1],[2,1,0],[0,2,0]]",7,12.402035786140129,12.402035786140031,9.769962616701378e-14,0.6,0.6,11.298317366548035,11.298317366548035,True,True
"[[1,0,1],[1,2,0],[0,2,0]]",7,12.036801493750259,12.036801493750088,1.7053025658242404e-13,0.6,0.6,11.298317366548035,11.298317366548035,True,True
"[[1,0,1],[1,0,1],[0,3,0]]",7,17.60661479332626,17.606614793326123,1.3500311979441904e-13,0.6,0.6,11.298317366548035,11.298317366548035,True,True
"[[1,0,1],[2,0,0],[0,2,1]]",7,13.002035786140127,13.002035786140064,6.217248937900877e-14,0.6,0.6,11.298317366548035,11.298317366548035,True,True
"[[1,0,1],[1,1,0],[0,2,1]]",7,11.250507132630368,11.250507132630231,1.3677947663381929e-13,0.6,0.6,11.298317366548035,11.298317366548035,False,False
"[[1,0,1],[1,0,0],[0,2,2]]",7,12.373755276394913,12.373755276394814,9.947598300641403e-14,0.6,0.6,11.087596335232384,11.087596335232384,True,True
"[[0,3,0],[3,0,0],[0,1,0]]",7,19.154567660469603,19.154567660469432,1.7053025658242404e-13,0.6,0.6,11.169240324272893,11.169240324272893,True,True
"[[0,2,0],[3,1,0],[0,1,0]]",7,13.423896218572786,13.423896218572654,1.3145040611561853e-13,0.6,0.6,11.087596335232384,11.087596335232384,True,True
"[[0,2,0],[2,2,0],[0,1,0]]",7,12.535413782418367,12.535413782418164,2.0250467969162855e-13,0.6,0.6,11.087596335232384,11.087596335232384,True,True
"[[0,2,0],[2,0,1],[0,2,0]]",7,18.445025155585164,18.445025155584993,1.7053025658242404e-13,0.6,0.6,11.298317366548035,11.298317366548035,True,True
"[[0,1,1],[3,0,0],[0,2,0]]",7,18.75814344683602,18.758143446835923,9.592326932761353e-14,0.6,0.6,11.298317366548035,11.298317366548035,True,True
"[[0,1,1],[2,1,0],[0,2,0]]",7,16.48336664956171,16.48336664956154,1.7053025658242404e-13,0.6,0.6,11.298317366548035,11.298317366548035,True,True
"[[0,1,1],[2,0,0],[0,2,1]]",7,17.08336664956171,17.083366649561576,1.3500311979441904e-13,0.6,0.6,11.298317366548035,11.298317366548035,True,True
"[[0,1,0],[2,3,0],[0,1,0]]",7,8.461613306190284,8.461613306190118,1.652011860642233e-13,0.6,0.6,10.82053354998334,10.82053354998334,False,False
"[[0,1,0],[1,4,0],[0,1,0]]",7,8.959425231155755,8.959425231155517,2.3803181647963356e-13,0.6,0.6,10.82053354998334,10.82053354998334,False,False
"[[0,1,0],[1,2,1],[0,2,0]]",7,12.349119421298475,12.349119421298273,2.0250467969162855e-13,0.6,0.6,11.087596335232384,11.087596335232384,True,True
"[[0,1,0],[2,1,1],[0,2,0]]",7,12.714353713688347,12.714353713688215,1.3145040611561853e-13,0.6,0.6,11.087596335232384,11.087596335232384,True,True
"[[0,1,0],[1,1,1],[0,2,1]]",7,11.902623133769382,11.90262313376921,1.723066134218243e-13,0.6,0.6,11.169240324272893,11.169240324272893,True,True
"[[0,1,0],[1,0,2],[0,3,0]]",7,19.645025155585166,19.645025155584992,1.7408297026122455e-13,0.6,0.6,11.169240324272893,11.169240324272893,True,True
"[[0,1,0],[2,0,1],[0,2,1]]",7,13.654151787279144,13.654151787279044,9.947598300641403e-14,0.6,0.6,11.169240324272893,11.169240324272893,True,True
"[[0,1,0],[1,0,1],[0,2,2]]",7,13.549119421298474,13.549119421298341,1.3322676295501878e-13,0.6,0.6,11.087596335232384,11.087596335232384,True,True
"[[0,0,2],[2,0,0],[0,3,0]]",7,24.250404526473933,24.250404526473798,1.3500311979441904e-13,0.6,0.6,11.298317366548035,11.298317366548035,True,True
"[[0,0,1],[2,2,0],[0,2,0]]",7,13.525283929904674,13.525283929904544,1.2967404927621828e-13,0.6,0.6,11.087596335232384,11.087596335232384,True,True
"[[0,0,1],[1,3,0],[0,2,0]]",7,13.683297781279354,13.68329778127915,2.042810365310288e-13,0.6,0.6,11.087596335232384,11.087596335232384,True,True
"[[0,0,1],[1,1,1],[0,3,0]]",7,17.683366649561712,17.683366649561542,1.7053025658242404e-13,0.6,0.6,11.169240324272893,11.169240324272893,True,True
"[[0,0,1],[2,0,1],[0,3,0]]",7,19.434895303071475,19.434895303071375,9.947598300641403e-14,0.6,0.6,11.169240324272893,11.169240324272893,True,True
"[[0,0,1],[1,0,1],[0,3,1]]",7,17.943568575970918,17.943568575970783,1.3500311979441904e-13,0.6,0.6,11.087596335232384,11.087596335232384,True,True
"[[0,0,1],[2,1,0],[0,2,1]]",7,13.07878764237558,13.078787642375481,9.947598300641403e-14,0.6,0.6,11.169240324272893,11.169240324272893,True,True
"[[0,0,1],[1,2,0],[0,2,1]]",7,12.713553349985713,12.713553349985538,1.7408297026122455e-13,0.6,0.6,11.169240324272893,11.169240324272893,True,True
"[[0,0,1],[2,0,0],[0,2,2]]",7,14.725283929904677,14.725283929904613,6.394884621840902e-14,0.6,0.6,11.087596335232384,11.087596335232384,True,True
"[[0,0,1],[1,1,0],[0,2,2]]",7,12.973755276394915,12.97375527639478,1.3500311979441904e-13,0.6,0.6,11.087596335232384,11.087596335232384,True,True
"[[0,0,1],[1,0,0],[0,2,3]]",7,14.367580024708307,14.367580024708204,1.0302869668521453e-13,0.6,0.6,10.82053354998334,10.82053354998334,True,True
"[[4,0,0],[1,1,0],[0,1,0]]",7,4.193812124305222,4.193812124305162,6.039613253960852e-14,0.6,0.6,11.087596335232384,11.087596335232384,False,False
"[[3,0,0],[1,2,0],[0,1,0]]",7,4.270563980540675,4.2705639805405795,9.592326932761353e-14,0.6,0.6,11.169240324272893,11.169240324272893,False,False
"[[2,0,0],[1,3,0],[0,1,0]]",7,4.53076590694988,4.53076590694975,1.305622276959184e-13,0.6,0.6,11.087596335232384,11.087596335232384,False,False
"[[1,0,0],[1,4,0],[0,1,0]]",7,4.878094367734174,4.8780943677340085,1.652011860642233e-13,0.6,0.6,10.82053354998334,10.82053354998334,False,False
"[[0,0,0],[1,5,0],[0,1,0]]",7,5.276739232227285,5.276739232227085,1.9984014443252818e-13,0.6,0.6,10.276666119016054,10.276666119016054,False,False
"[[0,0,0],[0,6,0],[0,1,0]]",7,7.614872193035243,7.614872193034969,2.7355895326763857e-13,0.6,0.6,10.276666119016054,10.276666119016054,False,False
"[[0,0,0],[0,4,1],[1,1,0]]",7,5.267164151517846,5.2671641515176795,1.6608936448392342e-13,0.6,0.6,10.584967478670572,10.584967478670572,False,False
"[[0,0,0],[0,4,1],[0,2,0]]",7,10.159425231155758,10.159425231155517,2.4158453015843406e-13,0.6,0.6,10.584967478670572,10.584967478670572,False,False
"[[1,0,0],[0,3,1],[1,1,0]]",7,4.919835690733552,4.91983569073342,1.3233858453531866e-13,0.6,0.6,11.087596335232384,11.087596335232384,False,False
"[[0,0,0],[1,3,1],[0,2,0]]",7,8.275318945070392,8.275318945070227,1.652011860642233e-13,0.6,0.6,10.584967478670572,10.584967478670572,False,False
"[[0,0,0],[0,3,1],[1,1,1]]",7,4.210293185849113,4.210293185848981,1.3233858453531866e-13,0.6,0.6,10.722953221644474,10.722953221644474,False,False
"[[0,0,0],[0,3,1],[0,2,1]]",7,9.102554265487024,9.102554265486818,2.0605739337042905e-13,0.6,0.6,10.722953221644474,10.722953221644474,False,False
"[[2,0,0],[0,2,1],[1,1,0]]",7,4.659633764324346,4.6596337643242505,9.592326932761353e-14,0.6,0.6,11.298317366548035,11.298317366548035,False,False
"[[1,0,0],[1,2,1],[0,2,0]]",7,8.267788557876894,8.267788557876763,1.3145040611561853e-13,0.6,0.6,11.087596335232384,11.087596335232384,False,False
"[[0,0,0],[0,2,2],[1,2,0]]",7,9.51990455901591,9.519904559015776,1.3322676295501878e-13,0.6,0.6,10.722953221644474,10.722953221644474,False,False
"[[0,0,0],[0,2,2],[0,3,0]]",7,14.935413782418369,14.935413782418163,2.0605739337042905e-13,0.6,0.6,10.722953221644474,10.722953221644474,True,True
"[[1,0,0],[0,2,1],[1,1,1]]",7,3.9500912594399082,3.9500912594398105,9.769962616701378e-14,0.6,0.6,11.169240324272893,11.169240324272893,False,False
"[[0,0,0],[1,2,1],[0,2,1]]",7,7.558246052992455,7.558246052992322,1.3322676295501878e-13,0.6,0.6,10.722953221644474,10.722953221644474,False,False
"[[0,0,0],[0,2,1],[1,1,2]]",7,4.287045042084564,4.2870450420844675,9.681144774731365e-14,0.6,0.6,10.722953221644476,10.722953221644474,False,False
"[[0,0,0],[0,2,1],[0,2,2]]",7,9.179306121722476,9.179306121722306,1.7053025658242404e-13,0.6,0.6,10.722953221644476,10.722953221644474,False,False
"[[3,0,0],[0,1,1],[1,1,0]]",7,4.582881908088895,4.582881908088833,6.217248937900877e-14,0.6,0.6,11.298317366548035,11.298317366548035,False,False
"[[2,0,0],[1,1,1],[0,2,0]]",7,8.530834775232236,8.53083477523214,9.592326932761353e-14,0.6,0.6,11.298317366548035,11.298317366548035,False,False
"[[1,0,0],[0,1,2],[1,2,0]]",7,9.782950776371251,9.782950776371154,9.769962616701378e-14,0.6,0.6,11.169240324272893,11.169240324272893,False,False
"[[0,0,0],[1,1,2],[0,3,0]]",7,13.91435371368835,13.914353713688214,1.3500311979441904e-13,0.6,0.6,10.722953221644474,10.722953221644474,True,True
"[[0,0,0],[0,1,2],[1,2,1]]",7,8.733610197896018,8.73361019789592,9.769962616701378e-14,0.6,0.6,10.722953221644476,10.722953221644474,False,False
"[[0,0,0],[0,1,2],[0,3,1]]",7,14.14911942129848,14.149119421298309,1.7053025658242404e-13,0.6,0.6,10.722953221644476,10.722953221644474,True,True
"[[2,0,0],[0,1,1],[1,1,1]]",7,3.873339403204456,3.873339403204394,6.217248937900877e-14,0.6,0.6,11.298317366548035,11.298317366548035,False,False
"[[1,0,0],[1,1,1],[0,2,1]]",7,7.821292270347797,7.8212922703477,9.681144774731365e-14,0.6,0.6,11.169240324272893,11.169240324272893,False,False
"[[1,0,0],[0,1,1],[1,1,2]]",7,4.210293185849113,4.21029318584905,6.306066779870889e-14,0.6,0.6,11.087596335232384,11.087596335232384,False,False
"[[0,0,0],[1,1,1],[0,2,2]]",7,8.158246052992455,8.158246052992357,9.769962616701378e-14,0.6,0.6,10.722953221644476,10.722953221644474,False,False
"[[0,0,0],[0,1,1],[1,1,3]]",7,4.817823573042613,4.817823573042548,6.483702463810914e-14,0.6,0.6,10.584967478670572,10.584967478670572,False,False
"[[0,0,0],[0,1,1],[0,2,3]]",7,9.710084652680523,9.710084652680386,1.3677947663381929e-13,0.6,0.6,10.584967478670572,10.584967478670572,False,False
"[[4,0,0],[0,0,1],[1,1,0]]",7,5.369176269208785,5.369176269208759,2.6645352591003757e-14,0.6,0.6,11.087596335232384,11.087596335232384,False,False
"[[3,0,0],[1,0,1],[0,2,0]]",7,9.840377280116675,9.840377280116615,6.039613253960852e-14,0.6,0.6,11.298317366548035,11.298317366548035,False,False
"[[2,0,0],[0,0,2],[1,2,0]]",7,11.09249328125569,11.092493281255628,6.217248937900877e-14,0.6,0.6,11.298317366548035,11.298317366548035,False,False
"[[1,0,0],[1,0,2],[0,3,0]]",7,15.563694292163586,15.563694292163484,1.0125233984581428e-13,0.6,0.6,11.169240324272893,11.169240324272893,True,True
"[[0,0,0],[0,0,3],[1,3,0]]",7,16.99926036347635,16.999260363476253,9.592326932761353e-14,0.6,0.6,10.722953221644476,10.722953221644474,True,True
"[[0,0,0],[0,0,3],[0,4,0]]",7,22.754567660469604,22.754567660469434,1.7053025658242404e-13,0.6,0.6,10.722953221644476,10.722953221644474,True,True
"[[1,0,0],[0,0,2],[1,2,1]]",7,10.043152702780457,10.043152702780393,6.394884621840902e-14,0.6,0.6,11.087596335232384,11.087596335232384,False,False
"[[0,0,0],[1,0,2],[0,3,1]]",7,14.514353713688351,14.514353713688251,9.947598300641403e-14,0.6,0.6,10.722953221644476,10.722953221644474,True,True
"[[0,0,0],[0,0,2],[1,2,2]]",7,10.127434946209409,10.127434946209345,6.394884621840902e-14,0.6,0.6,10.584967478670572,10.584967478670572,False,False
"[[0,0,0],[0,0,2],[0,3,2]]",7,15.542944169611868,15.54294416961173,1.3855583347321954e-13,0.6,0.6,10.584967478670572,10.584967478670572,True,True
"[[3,0,0],[0,0,1],[1,1,1]]",7,4.659633764324347,4.65963376432432,2.7533531010703882e-14,0.6,0.6,11.169240324272893,11.169240324272893,False,False
"[[2,0,0],[1,0,1],[0,2,1]]",7,9.130834775232236,9.130834775232174,6.217248937900877e-14,0.6,0.6,11.298317366548035,11.298317366548035,False,False
"[[2,0,0],[0,0,1],[1,1,2]]",7,4.996587546969004,4.996587546968976,2.842170943040401e-14,0.6,0.6,11.087596335232384,11.087596335232384,False,False
"[[1,0,0],[1,0,1],[0,2,2]]",7,9.467788557876894,9.467788557876831,6.217248937900877e-14,0.6,0.6,11.087596335232384,11.087596335232384,False,False
"[[1,0,0],[0,0,1],[1,1,3]]",7,5.6041179341625025,5.604117934162474,2.842170943040401e-14,0.6,0.6,10.82053354998334,10.82053354998334,False,False
"[[0,0,0],[1,0,1],[0,2,3]]",7,10.075318945070393,10.07531894507033,6.217248937900877e-14,0.6,0.6,10.584967478670572,10.584967478670572,False,False
"[[0,0,0],[0,0,1],[1,1,4]]",7,6.350091259439909,6.3500912594398775,3.108624468950438e-14,0.6,0.6,10.276666119016054,10.276666119016054,False,False
"[[0,0,0],[0,0,1],[0,2,4]]",7,11.242352339077819,11.242352339077716,1.0302869668521453e-13,0.6,0.6,10.276666119016054,10.276666119016054,True,True
"[[5,0,0],[0,0,0],[1,0,1]]",7,0.3226111133973324,0.32261111339734094,8.548717289613705e-15,0.6,0.6,10.584967478670572,10.584967478670572,False,False
"[[4,1,0],[0,0,0],[1,0,1]]",7,1.9019298591279759,1.9019298591279117,6.417089082333405e-14,0.6,0.6,10.584967478670572,10.584967478670572,False,False
"[[3,1,0],[1,0,0],[1,0,1]]",7,3.1198356907335514,3.1198356907335256,2.5757174171303632e-14,0.6,0.6,11.087596335232384,11.087596335232384,False,False
"[[3,1,0],[0,1,0],[1,0,1]]",7,2.7546013983436817,2.754601398343582,9.947598300641403e-14,0.6,0.6,11.087596335232384,11.087596335232384,False,False
"[[2,2,0],[1,0,0],[1,0,1]]",7,6.677918410390586,6.677918410390487,9.947598300641403e-14,0.6,0.6,11.087596335232384,11.087596335232384,False,False
"[[2,1,0],[1,1,0],[1,0,1]]",7,2.673339403204456,2.6733394032043947,6.128431095930864e-14,0.6,0.6,11.298317366548035,11.298317366548035,False,False
"[[2,1,0],[0,2,0],[1,0,1]]",7,3.694399471934476,3.694399471934342,1.341149413747189e-13,0.6,0.6,11.298317366548035,11.298317366548035,False,False
"[[1,2,0],[2,0,0],[1,0,1]]",7,8.5061989201358,8.506198920135738,6.217248937900877e-14,0.6,0.6,11.298317366548035,11.298317366548035,False,False
"[[1,2,0],[1,1,0],[1,0,1]]",7,6.754670266626038,6.754670266625904,1.3322676295501878e-13,0.6,0.6,11.298317366548035,11.298317366548035,False,False
"[[1,1,0],[1,2,0],[1,0,1]]",7,3.2733394032044556,3.2733394032043592,9.636735853746359e-14,0.6,0.6,11.298317366548035,11.298317366548035,False,False
"[[1,1,0],[0,3,0],[1,0,1]]",7,4.817647615699023,4.817647615698855,1.687538997430238e-13,0.6,0.6,11.298317366548035,11.298317366548035,False,False
"[[0,3,0],[2,0,0],[1,0,1]]",7,14.49707228844182,14.497072288441684,1.3677947663381929e-13,0.6,0.6,11.298317366548035,11.298317366548035,True,True
"[[0,2,0],[2,1,0],[1,0,1]]",7,9.1061989201358,9.106198920135702,9.769962616701378e-14,0.6,0.6,11.298317366548035,11.298317366548035,False,False
"[[0,2,0],[1,2,0],[1,0,1]]",7,8.740964627745928,8.74096462774576,1.687538997430238e-13,0.6,0.6,11.298317366548035,11.298317366548035,False,False
"[[0,1,0],[1,3,0],[1,0,1]]",7,4.91983569073355,4.91983569073342,1.305622276959184e-13,0.6,0.6,11.087596335232384,11.087596335232384,False,False
"[[0,1,0],[0,4,0],[1,0,1]]",7,6.803941976818914,6.8039419768187095,2.042810365310288e-13,0.6,0.6,11.087596335232384,11.087596335232384,False,False
"[[4,0,0],[1,0,0],[0,1,1]]",7,4.793812124305223,4.793812124305196,2.6645352591003757e-14,0.6,0.6,11.087596335232384,11.087596335232384,False,False
"[[3,1,0],[1,0,0],[0,1,1]]",7,6.625802409251571,6.625802409251473,9.769962616701378e-14,0.6,0.6,11.087596335232384,11.087596335232384,False,False
"[[2,1,0],[2,0,0],[0,1,1]]",7,7.930834775232237,7.930834775232176,6.039613253960852e-14,0.6,0.6,11.298317366548035,11.298317366548035,False,False
"[[2,1,0],[1,1,0],[0,1,1]]",7,6.179306121722476,6.179306121722343,1.3322676295501878e-13,0.6,0.6,11.298317366548035,11.298317366548035,False,False
"[[1,2,0],[2,0,0],[0,1,1]]",7,12.01216563865382,12.012165638653686,1.3322676295501878e-13,0.6,0.6,11.298317366548035,11.298317366548035,True,True
"[[1,1,0],[2,1,0],[0,1,1]]",7,7.144540414112345,7.1445404141122495,9.592326932761353e-14,0.6,0.6,11.298317366548035,11.298317366548035,False,False
"[[1,1,0],[1,2,0],[0,1,1]]",7,6.779306121722474,6.779306121722307,1.6697754290362354e-13,0.6,0.6,11.298317366548035,11.298317366548035,False,False
"[[0,2,0],[3,0,0],[0,1,1]]",7,14.88694243592813,14.886942435928031,9.947598300641403e-14,0.6,0.6,11.298317366548035,11.298317366548035,True,True
"[[0,2,0],[2,1,0],[0,1,1]]",7,12.61216563865382,12.61216563865365,1.7053025658242404e-13,0.6,0.6,11.298317366548035,11.298317366548035,True,True
"[[0,1,0],[2,2,0],[0,1,1]]",7,8.267788557876894,8.267788557876763,1.3145040611561853e-13,0.6,0.6,11.087596335232384,11.087596335232384,False,False
"[[0,1,0],[1,3,0],[0,1,1]]",7,8.42580240925157,8.425802409251368,2.0250467969162855e-13,0.6,0.6,11.087596335232384,11.087596335232384,False,False
"[[3,0,0],[1,1,0],[0,1,1]]",7,4.007517763185332,4.0075177631852705,6.128431095930864e-14,0.6,0.6,11.298317366548035,11.298317366548035,False,False
"[[2,0,0],[1,2,0],[0,1,1]]",7,4.084269619420784,4.084269619420688,9.592326932761353e-14,0.6,0.6,11.298317366548035,11.298317366548035,False,False
"[[1,0,0],[1,3,0],[0,1,1]]",7,4.344471545829989,4.344471545829858,1.305622276959184e-13,0.6,0.6,11.087596335232384,11.087596335232384,False,False
"[[0,0,0],[1,4,0],[0,1,1]]",7,4.691800006614282,4.691800006614117,1.652011860642233e-13,0.6,0.6,10.584967478670572,10.584967478670572,False,False
"[[0,0,0],[0,5,0],[0,1,1]]",7,6.828577831915352,6.828577831915112,2.398081733190338e-13,0.6,0.6,10.584967478670572,10.584967478670572,False,False
"[[4,0,0],[0,0,0],[1,0,2]]",7,0.9993629696327839,0.9993629696327919,7.993605777301127e-15,0.6,0.6,10.722953221644474,10.722953221644474,False,False
"[[3,1,0],[0,0,0],[1,0,2]]",7,2.831353254579133,2.831353254579068,6.483702463810914e-14,0.6,0.6,10.722953221644474,10.722953221644474,False,False
"[[2,1,0],[1,0,0],[1,0,2]]",7,4.136385620559798,4.136385620559771,2.6645352591003757e-14,0.6,0.6,11.169240324272893,11.169240324272893,False,False
"[[2,1,0],[0,1,0],[1,0,2]]",7,3.7711513281699274,3.7711513281698283,9.903189379656396e-14,0.6,0.6,11.169240324272893,11.169240324272893,False,False
"[[1,2,0],[1,0,0],[1,0,2]]",7,8.21771648398138,8.217716483981281,9.947598300641403e-14,0.6,0.6,11.169240324272893,11.169240324272893,False,False
"[[1,1,0],[1,1,0],[1,0,2]]",7,3.873339403204456,3.8733394032043935,6.261657858885883e-14,0.6,0.6,11.298317366548035,11.298317366548035,False,False
"[[1,1,0],[0,2,0],[1,0,2]]",7,4.894399471934477,4.89439947193434,1.3677947663381929e-13,0.6,0.6,11.298317366548035,11.298317366548035,False,False
"[[0,2,0],[2,0,0],[1,0,2]]",7,11.09249328125569,11.092493281255628,6.217248937900877e-14,0.6,0.6,11.298317366548035,11.298317366548035,False,False
"[[0,2,0],[1,1,0],[1,0,2]]",7,9.340964627745928,9.340964627745793,1.3500311979441904e-13,0.6,0.6,11.298317366548035,11.298317366548035,False,False
"[[0,1,0],[1,2,0],[1,0,2]]",7,5.336385620559798,5.3363856205597004,9.769962616701378e-14,0.6,0.6,11.169240324272893,11.169240324272893,False,False
"[[0,1,0],[0,3,0],[1,0,2]]",7,6.880693833054366,6.880693833054195,1.7053025658242404e-13,0.6,0.6,11.169240324272893,11.169240324272893,False,False
"[[3,0,0],[1,0,0],[0,1,2]]",7,5.470563980540675,5.470563980540647,2.7533531010703882e-14,0.6,0.6,11.169240324272893,11.169240324272893,False,False
"[[2,1,0],[1,0,0],[0,1,2]]",7,7.642352339077818,7.6423523390777195,9.85878045867139e-14,0.6,0.6,11.169240324272893,11.169240324272893,False,False
"[[1,1,0],[2,0,0],[0,1,2]]",7,9.130834775232238,9.130834775232175,6.217248937900877e-14,0.6,0.6,11.298317366548035,11.298317366548035,False,False
"[[1,1,0],[1,1,0],[0,1,2]]",7,7.379306121722475,7.379306121722341,1.341149413747189e-13,0.6,0.6,11.298317366548035,11.298317366548035,False,False
"[[0,2,0],[2,0,0],[0,1,2]]",7,14.59845999977371,14.598459999773574,1.3500311979441904e-13,0.6,0.6,11.298317366548035,11.298317366548035,True,True
"[[0,1,0],[2,1,0],[0,1,2]]",7,9.207586631467688,9.207586631467592,9.592326932761353e-14,0.6,0.6,11.169240324272893,11.169240324272893,False,False
"[[0,1,0],[1,2,0],[0,1,2]]",7,8.842352339077816,8.842352339077648,1.687538997430238e-13,0.6,0.6,11.169240324272893,11.169240324272893,False,False
"[[2,0,0],[1,1,0],[0,1,2]]",7,4.6842696194207845,4.684269619420721,6.306066779870889e-14,0.6,0.6,11.298317366548035,11.298317366548035,False,False
"[[1,0,0],[1,2,0],[0,1,2]]",7,4.761021475656235,4.761021475656139,9.592326932761353e-14,0.6,0.6,11.169240324272893,11.169240324272893,False,False
"[[0,0,0],[1,3,0],[0,1,2]]",7,5.021223402065441,5.021223402065309,1.3233858453531866e-13,0.6,0.6,10.722953221644474,10.722953221644474,False,False
"[[0,0,0],[0,4,0],[0,1,2]]",7,6.905329688150804,6.905329688150599,2.0516921495072893e-13,0.6,0.6,10.722953221644474,10.722953221644474,False,False
"[[3,0,0],[0,0,0],[1,0,3]]",7,1.8595648960419897,1.8595648960419966,6.8833827526759706e-15,0.6,0.6,10.722953221644476,10.722953221644474,False,False
"[[2,1,0],[0,0,0],[1,0,3]]",7,4.031353254579134,4.031353254579068,6.572520305780927e-14,0.6,0.6,10.722953221644476,10.722953221644474,False,False
"[[1,1,0],[1,0,0],[1,0,3]]",7,5.519835690733552,5.519835690733524,2.7533531010703882e-14,0.6,0.6,11.087596335232384,11.087596335232384,False,False
"[[1,1,0],[0,1,0],[1,0,3]]",7,5.15460139834368,5.154601398343581,9.947598300641403e-14,0.6,0.6,11.087596335232384,11.087596335232384,False,False
"[[0,2,0],[1,0,0],[1,0,3]]",7,10.987460915275022,10.987460915274923,9.947598300641403e-14,0.6,0.6,11.087596335232384,11.087596335232384,False,False
"[[0,1,0],[1,1,0],[1,0,3]]",7,6.119835690733551,6.119835690733488,6.306066779870889e-14,0.6,0.6,11.087596335232384,11.087596335232384,False,False
"[[0,1,0],[0,2,0],[1,0,3]]",7,7.1408957594635725,7.140895759463436,1.3677947663381929e-13,0.6,0.6,11.087596335232384,11.087596335232384,False,False
"[[2,0,0],[1,0,0],[0,1,3]]",7,6.330765906949879,6.330765906949852,2.7533531010703882e-14,0.6,0.6,11.087596335232384,11.087596335232384,False,False
"[[1,1,0],[1,0,0],[0,1,3]]",7,9.025802409251572,9.02580240925147,1.0125233984581428e-13,0.6,0.6,11.087596335232384,11.087596335232384,False,False
"[[0,1,0],[2,0,0],[0,1,3]]",7,11.377331062761332,11.37733106276127,6.217248937900877e-14,0.6,0.6,11.087596335232384,11.087596335232384,True,True
"[[0,1,0],[1,1,0],[0,1,3]]",7,9.62580240925157,9.625802409251435,1.3500311979441904e-13,0.6,0.6,11.087596335232384,11.087596335232384,False,False
"[[1,0,0],[1,1,0],[0,1,3]]",7,5.54447154582999,5.544471545829926,6.394884621840902e-14,0.6,0.6,11.087596335232384,11.087596335232384,False,False
"[[0,0,0],[1,2,0],[0,1,3]]",7,5.621223402065439,5.621223402065342,9.681144774731365e-14,0.6,0.6,10.722953221644476,10.722953221644474,False,False
"[[0,0,0],[0,3,0],[0,1,3]]",7,7.1655316145600105,7.165531614559838,1.723066134218243e-13,0.6,0.6,10.722953221644476,10.722953221644474,False,False
"[[2,0,0],[0,0,0],[1,0,4]]",7,2.8068933568262837,2.80689335682629,6.217248937900877e-15,0.6,0.6,10.584967478670572,10.584967478670572,False,False
"[[1,1,0],[0,0,0],[1,0,4]]",7,5.5019298591279755,5.501929859127909,6.661338147750939e-14,0.6,0.6,10.584967478670572,10.584967478670572,False,False
"[[0,1,0],[1,0,0],[1,0,4]]",7,7.853458512637736,7.853458512637707,2.842170943040401e-14,0.6,0.6,10.82053354998334,10.82053354998334,False,False
"[[0,1,0],[0,1,0],[1,0,4]]",7,7.488224220247866,7.488224220247764,1.021405182655144e-13,0.6,0.6,10.82053354998334,10.82053354998334,False,False
"[[1,0,0],[1,0,0],[0,1,4]]",7,7.278094367734174,7.2780943677341465,2.7533531010703882e-14,0.6,0.6,10.82053354998334,10.82053354998334,False,False
"[[0,1,0],[1,0,0],[0,1,4]]",7,11.359425231155758,11.359425231155656,1.0125233984581428e-13,0.6,0.6,10.82053354998334,10.82053354998334,True,True
"[[0,0,0],[1,1,0],[0,1,4]]",7,6.491800006614283,6.491800006614221,6.217248937900877e-14,0.6,0.6,10.584967478670572,10.584967478670572,False,False
"[[0,0,0],[0,2,0],[0,1,4]]",7,7.512860075344304,7.512860075344168,1.3589129821411916e-13,0.6,0.6,10.584967478670572,10.584967478670572,False,False
"[[1,0,0],[0,0,0],[1,0,5]]",7,3.805538221319395,3.805538221319401,5.773159728050814e-15,0.6,0.6,10.276666119016054,10.276666119016054,False,False
"[[0,1,0],[0,0,0],[1,0,5]]",7,7.886869084740977,7.88686908474091,6.661338147750939e-14,0.6,0.6,10.276666119016054,10.276666119016054,False,False
"[[0,0,0],[1,0,0],[0,1,5]]",7,8.276739232227285,8.276739232227257,2.842170943040401e-14,0.6,0.6,10.276666119016054,10.276666119016054,False,False
"[[0,0,0],[0,1,0],[0,1,5]]",7,7.911504939837415,7.911504939837313,1.021405182655144e-13,0.6,0.6,10.276666119016054,10.276666119016054,False,False
"[[0,0,0],[0,0,0],[1,0,6]]",7,4.838091246498359,4.838091246498363,4.440892098500626e-15,0.6,0.6,9.701301974112495,9.701301974112495,False,False
"[[0,0,0],[0,0,0],[0,1,6]]",7,8.344057965016379,8.344057965016312,6.750155989720952e-14,0.6,0.6,9.701301974112495,9.701301974112495,False,False
"[[0,0,0],[0,0,0],[0,0,7]]",7,8.55184572428237,8.551845724282371,1.7763568394002505e-15,0.6,0.6,9.701301974112495,9.701301974112495,False,False
